ISO-10303-21;
HEADER;
FILE_DESCRIPTION(('Open CASCADE Model'),'2;1');
FILE_NAME('Open CASCADE Shape Model','2026-05-26T16:27:33',('Author'),(
    'Open CASCADE'),'Open CASCADE STEP processor 7.8','Open CASCADE 7.8'
  ,'Unknown');
FILE_SCHEMA(('AUTOMOTIVE_DESIGN { 1 0 10303 214 1 1 1 1 }'));
ENDSEC;
DATA;
#1 = APPLICATION_PROTOCOL_DEFINITION('international standard',
  'automotive_design',2000,#2);
#2 = APPLICATION_CONTEXT(
  'core data for automotive mechanical design processes');
#3 = SHAPE_DEFINITION_REPRESENTATION(#4,#10);
#4 = PRODUCT_DEFINITION_SHAPE('','',#5);
#5 = PRODUCT_DEFINITION('design','',#6,#9);
#6 = PRODUCT_DEFINITION_FORMATION('','',#7);
#7 = PRODUCT('cc717b3b-591f-11f1-8832-87fd74a6ed04',
  'cc717b3b-591f-11f1-8832-87fd74a6ed04','',(#8));
#8 = PRODUCT_CONTEXT('',#2,'mechanical');
#9 = PRODUCT_DEFINITION_CONTEXT('part definition',#2,'design');
#10 = SHAPE_REPRESENTATION('',(#11,#15,#19,#23),#27);
#11 = AXIS2_PLACEMENT_3D('',#12,#13,#14);
#12 = CARTESIAN_POINT('',(0.,0.,0.));
#13 = DIRECTION('',(0.,0.,1.));
#14 = DIRECTION('',(1.,0.,-0.));
#15 = AXIS2_PLACEMENT_3D('',#16,#17,#18);
#16 = CARTESIAN_POINT('',(0.,0.,0.));
#17 = DIRECTION('',(0.,0.,1.));
#18 = DIRECTION('',(1.,0.,-0.));
#19 = AXIS2_PLACEMENT_3D('',#20,#21,#22);
#20 = CARTESIAN_POINT('',(0.,0.,0.));
#21 = DIRECTION('',(0.,0.,1.));
#22 = DIRECTION('',(1.,0.,-0.));
#23 = AXIS2_PLACEMENT_3D('',#24,#25,#26);
#24 = CARTESIAN_POINT('',(0.,0.,0.));
#25 = DIRECTION('',(0.,0.,1.));
#26 = DIRECTION('',(1.,0.,-0.));
#27 = ( GEOMETRIC_REPRESENTATION_CONTEXT(3) 
GLOBAL_UNCERTAINTY_ASSIGNED_CONTEXT((#31)) GLOBAL_UNIT_ASSIGNED_CONTEXT(
(#28,#29,#30)) REPRESENTATION_CONTEXT('Context #1',
  '3D Context with UNIT and UNCERTAINTY') );
#28 = ( LENGTH_UNIT() NAMED_UNIT(*) SI_UNIT(.MILLI.,.METRE.) );
#29 = ( NAMED_UNIT(*) PLANE_ANGLE_UNIT() SI_UNIT($,.RADIAN.) );
#30 = ( NAMED_UNIT(*) SI_UNIT($,.STERADIAN.) SOLID_ANGLE_UNIT() );
#31 = UNCERTAINTY_MEASURE_WITH_UNIT(LENGTH_MEASURE(2.E-06),#28,
  'distance_accuracy_value','confusion accuracy');
#32 = PRODUCT_RELATED_PRODUCT_CATEGORY('part',$,(#7));
#33 = SHAPE_DEFINITION_REPRESENTATION(#34,#40);
#34 = PRODUCT_DEFINITION_SHAPE('','',#35);
#35 = PRODUCT_DEFINITION('design','',#36,#39);
#36 = PRODUCT_DEFINITION_FORMATION('','',#37);
#37 = PRODUCT('HexBolt','HexBolt','',(#38));
#38 = PRODUCT_CONTEXT('',#2,'mechanical');
#39 = PRODUCT_DEFINITION_CONTEXT('part definition',#2,'design');
#40 = ADVANCED_BREP_SHAPE_REPRESENTATION('',(#11,#41),#6768);
#41 = MANIFOLD_SOLID_BREP('',#42);
#42 = CLOSED_SHELL('',(#43,#163,#239,#315,#393,#1734,#1761,#1788,#1795,
    #1851,#6418,#6445,#6472,#6499,#6526,#6553,#6580,#6607,#6634,#6661,
    #6688,#6738,#6762));
#43 = ADVANCED_FACE('',(#44),#58,.F.);
#44 = FACE_BOUND('',#45,.F.);
#45 = EDGE_LOOP('',(#46,#81,#109,#137));
#46 = ORIENTED_EDGE('',*,*,#47,.T.);
#47 = EDGE_CURVE('',#48,#50,#52,.T.);
#48 = VERTEX_POINT('',#49);
#49 = CARTESIAN_POINT('',(12.,0.,0.));
#50 = VERTEX_POINT('',#51);
#51 = CARTESIAN_POINT('',(12.,0.,9.));
#52 = SURFACE_CURVE('',#53,(#57,#69),.PCURVE_S1.);
#53 = LINE('',#54,#55);
#54 = CARTESIAN_POINT('',(12.,0.,0.));
#55 = VECTOR('',#56,1.);
#56 = DIRECTION('',(0.,0.,1.));
#57 = PCURVE('',#58,#63);
#58 = PLANE('',#59);
#59 = AXIS2_PLACEMENT_3D('',#60,#61,#62);
#60 = CARTESIAN_POINT('',(12.,0.,0.));
#61 = DIRECTION('',(-0.866025403784,-0.5,0.));
#62 = DIRECTION('',(-0.5,0.866025403784,0.));
#63 = DEFINITIONAL_REPRESENTATION('',(#64),#68);
#64 = LINE('',#65,#66);
#65 = CARTESIAN_POINT('',(0.,0.));
#66 = VECTOR('',#67,1.);
#67 = DIRECTION('',(0.,-1.));
#68 = ( GEOMETRIC_REPRESENTATION_CONTEXT(2) 
PARAMETRIC_REPRESENTATION_CONTEXT() REPRESENTATION_CONTEXT('2D SPACE',''
  ) );
#69 = PCURVE('',#70,#75);
#70 = PLANE('',#71);
#71 = AXIS2_PLACEMENT_3D('',#72,#73,#74);
#72 = CARTESIAN_POINT('',(6.,-10.39230484541,0.));
#73 = DIRECTION('',(-0.866025403784,0.5,0.));
#74 = DIRECTION('',(0.5,0.866025403784,0.));
#75 = DEFINITIONAL_REPRESENTATION('',(#76),#80);
#76 = LINE('',#77,#78);
#77 = CARTESIAN_POINT('',(12.,0.));
#78 = VECTOR('',#79,1.);
#79 = DIRECTION('',(0.,-1.));
#80 = ( GEOMETRIC_REPRESENTATION_CONTEXT(2) 
PARAMETRIC_REPRESENTATION_CONTEXT() REPRESENTATION_CONTEXT('2D SPACE',''
  ) );
#81 = ORIENTED_EDGE('',*,*,#82,.T.);
#82 = EDGE_CURVE('',#50,#83,#85,.T.);
#83 = VERTEX_POINT('',#84);
#84 = CARTESIAN_POINT('',(6.,10.392304845413,9.));
#85 = SURFACE_CURVE('',#86,(#90,#97),.PCURVE_S1.);
#86 = LINE('',#87,#88);
#87 = CARTESIAN_POINT('',(12.,0.,9.));
#88 = VECTOR('',#89,1.);
#89 = DIRECTION('',(-0.5,0.866025403784,0.));
#90 = PCURVE('',#58,#91);
#91 = DEFINITIONAL_REPRESENTATION('',(#92),#96);
#92 = LINE('',#93,#94);
#93 = CARTESIAN_POINT('',(0.,-9.));
#94 = VECTOR('',#95,1.);
#95 = DIRECTION('',(1.,0.));
#96 = ( GEOMETRIC_REPRESENTATION_CONTEXT(2) 
PARAMETRIC_REPRESENTATION_CONTEXT() REPRESENTATION_CONTEXT('2D SPACE',''
  ) );
#97 = PCURVE('',#98,#103);
#98 = PLANE('',#99);
#99 = AXIS2_PLACEMENT_3D('',#100,#101,#102);
#100 = CARTESIAN_POINT('',(-5.921189464668E-16,5.921189464668E-16,9.));
#101 = DIRECTION('',(0.,0.,1.));
#102 = DIRECTION('',(1.,0.,-0.));
#103 = DEFINITIONAL_REPRESENTATION('',(#104),#108);
#104 = LINE('',#105,#106);
#105 = CARTESIAN_POINT('',(12.,-5.921189464668E-16));
#106 = VECTOR('',#107,1.);
#107 = DIRECTION('',(-0.5,0.866025403784));
#108 = ( GEOMETRIC_REPRESENTATION_CONTEXT(2) 
PARAMETRIC_REPRESENTATION_CONTEXT() REPRESENTATION_CONTEXT('2D SPACE',''
  ) );
#109 = ORIENTED_EDGE('',*,*,#110,.F.);
#110 = EDGE_CURVE('',#111,#83,#113,.T.);
#111 = VERTEX_POINT('',#112);
#112 = CARTESIAN_POINT('',(6.,10.392304845413,0.));
#113 = SURFACE_CURVE('',#114,(#118,#125),.PCURVE_S1.);
#114 = LINE('',#115,#116);
#115 = CARTESIAN_POINT('',(6.,10.392304845413,0.));
#116 = VECTOR('',#117,1.);
#117 = DIRECTION('',(0.,0.,1.));
#118 = PCURVE('',#58,#119);
#119 = DEFINITIONAL_REPRESENTATION('',(#120),#124);
#120 = LINE('',#121,#122);
#121 = CARTESIAN_POINT('',(12.,0.));
#122 = VECTOR('',#123,1.);
#123 = DIRECTION('',(0.,-1.));
#124 = ( GEOMETRIC_REPRESENTATION_CONTEXT(2) 
PARAMETRIC_REPRESENTATION_CONTEXT() REPRESENTATION_CONTEXT('2D SPACE',''
  ) );
#125 = PCURVE('',#126,#131);
#126 = PLANE('',#127);
#127 = AXIS2_PLACEMENT_3D('',#128,#129,#130);
#128 = CARTESIAN_POINT('',(6.,10.392304845413,0.));
#129 = DIRECTION('',(0.,-1.,0.));
#130 = DIRECTION('',(-1.,0.,0.));
#131 = DEFINITIONAL_REPRESENTATION('',(#132),#136);
#132 = LINE('',#133,#134);
#133 = CARTESIAN_POINT('',(0.,-0.));
#134 = VECTOR('',#135,1.);
#135 = DIRECTION('',(0.,-1.));
#136 = ( GEOMETRIC_REPRESENTATION_CONTEXT(2) 
PARAMETRIC_REPRESENTATION_CONTEXT() REPRESENTATION_CONTEXT('2D SPACE',''
  ) );
#137 = ORIENTED_EDGE('',*,*,#138,.F.);
#138 = EDGE_CURVE('',#48,#111,#139,.T.);
#139 = SURFACE_CURVE('',#140,(#144,#151),.PCURVE_S1.);
#140 = LINE('',#141,#142);
#141 = CARTESIAN_POINT('',(12.,0.,0.));
#142 = VECTOR('',#143,1.);
#143 = DIRECTION('',(-0.5,0.866025403784,0.));
#144 = PCURVE('',#58,#145);
#145 = DEFINITIONAL_REPRESENTATION('',(#146),#150);
#146 = LINE('',#147,#148);
#147 = CARTESIAN_POINT('',(0.,0.));
#148 = VECTOR('',#149,1.);
#149 = DIRECTION('',(1.,0.));
#150 = ( GEOMETRIC_REPRESENTATION_CONTEXT(2) 
PARAMETRIC_REPRESENTATION_CONTEXT() REPRESENTATION_CONTEXT('2D SPACE',''
  ) );
#151 = PCURVE('',#152,#157);
#152 = PLANE('',#153);
#153 = AXIS2_PLACEMENT_3D('',#154,#155,#156);
#154 = CARTESIAN_POINT('',(-5.921189464668E-16,5.921189464668E-16,0.));
#155 = DIRECTION('',(0.,0.,1.));
#156 = DIRECTION('',(1.,0.,-0.));
#157 = DEFINITIONAL_REPRESENTATION('',(#158),#162);
#158 = LINE('',#159,#160);
#159 = CARTESIAN_POINT('',(12.,-5.921189464668E-16));
#160 = VECTOR('',#161,1.);
#161 = DIRECTION('',(-0.5,0.866025403784));
#162 = ( GEOMETRIC_REPRESENTATION_CONTEXT(2) 
PARAMETRIC_REPRESENTATION_CONTEXT() REPRESENTATION_CONTEXT('2D SPACE',''
  ) );
#163 = ADVANCED_FACE('',(#164),#70,.F.);
#164 = FACE_BOUND('',#165,.F.);
#165 = EDGE_LOOP('',(#166,#196,#217,#218));
#166 = ORIENTED_EDGE('',*,*,#167,.T.);
#167 = EDGE_CURVE('',#168,#170,#172,.T.);
#168 = VERTEX_POINT('',#169);
#169 = CARTESIAN_POINT('',(6.,-10.39230484541,0.));
#170 = VERTEX_POINT('',#171);
#171 = CARTESIAN_POINT('',(6.,-10.39230484541,9.));
#172 = SURFACE_CURVE('',#173,(#177,#184),.PCURVE_S1.);
#173 = LINE('',#174,#175);
#174 = CARTESIAN_POINT('',(6.,-10.39230484541,0.));
#175 = VECTOR('',#176,1.);
#176 = DIRECTION('',(0.,0.,1.));
#177 = PCURVE('',#70,#178);
#178 = DEFINITIONAL_REPRESENTATION('',(#179),#183);
#179 = LINE('',#180,#181);
#180 = CARTESIAN_POINT('',(0.,0.));
#181 = VECTOR('',#182,1.);
#182 = DIRECTION('',(0.,-1.));
#183 = ( GEOMETRIC_REPRESENTATION_CONTEXT(2) 
PARAMETRIC_REPRESENTATION_CONTEXT() REPRESENTATION_CONTEXT('2D SPACE',''
  ) );
#184 = PCURVE('',#185,#190);
#185 = PLANE('',#186);
#186 = AXIS2_PLACEMENT_3D('',#187,#188,#189);
#187 = CARTESIAN_POINT('',(-6.,-10.39230484541,0.));
#188 = DIRECTION('',(5.921189464668E-16,1.,-0.));
#189 = DIRECTION('',(1.,-5.921189464668E-16,0.));
#190 = DEFINITIONAL_REPRESENTATION('',(#191),#195);
#191 = LINE('',#192,#193);
#192 = CARTESIAN_POINT('',(12.,0.));
#193 = VECTOR('',#194,1.);
#194 = DIRECTION('',(0.,-1.));
#195 = ( GEOMETRIC_REPRESENTATION_CONTEXT(2) 
PARAMETRIC_REPRESENTATION_CONTEXT() REPRESENTATION_CONTEXT('2D SPACE',''
  ) );
#196 = ORIENTED_EDGE('',*,*,#197,.T.);
#197 = EDGE_CURVE('',#170,#50,#198,.T.);
#198 = SURFACE_CURVE('',#199,(#203,#210),.PCURVE_S1.);
#199 = LINE('',#200,#201);
#200 = CARTESIAN_POINT('',(6.,-10.39230484541,9.));
#201 = VECTOR('',#202,1.);
#202 = DIRECTION('',(0.5,0.866025403784,0.));
#203 = PCURVE('',#70,#204);
#204 = DEFINITIONAL_REPRESENTATION('',(#205),#209);
#205 = LINE('',#206,#207);
#206 = CARTESIAN_POINT('',(0.,-9.));
#207 = VECTOR('',#208,1.);
#208 = DIRECTION('',(1.,0.));
#209 = ( GEOMETRIC_REPRESENTATION_CONTEXT(2) 
PARAMETRIC_REPRESENTATION_CONTEXT() REPRESENTATION_CONTEXT('2D SPACE',''
  ) );
#210 = PCURVE('',#98,#211);
#211 = DEFINITIONAL_REPRESENTATION('',(#212),#216);
#212 = LINE('',#213,#214);
#213 = CARTESIAN_POINT('',(6.,-10.39230484541));
#214 = VECTOR('',#215,1.);
#215 = DIRECTION('',(0.5,0.866025403784));
#216 = ( GEOMETRIC_REPRESENTATION_CONTEXT(2) 
PARAMETRIC_REPRESENTATION_CONTEXT() REPRESENTATION_CONTEXT('2D SPACE',''
  ) );
#217 = ORIENTED_EDGE('',*,*,#47,.F.);
#218 = ORIENTED_EDGE('',*,*,#219,.F.);
#219 = EDGE_CURVE('',#168,#48,#220,.T.);
#220 = SURFACE_CURVE('',#221,(#225,#232),.PCURVE_S1.);
#221 = LINE('',#222,#223);
#222 = CARTESIAN_POINT('',(6.,-10.39230484541,0.));
#223 = VECTOR('',#224,1.);
#224 = DIRECTION('',(0.5,0.866025403784,0.));
#225 = PCURVE('',#70,#226);
#226 = DEFINITIONAL_REPRESENTATION('',(#227),#231);
#227 = LINE('',#228,#229);
#228 = CARTESIAN_POINT('',(0.,0.));
#229 = VECTOR('',#230,1.);
#230 = DIRECTION('',(1.,0.));
#231 = ( GEOMETRIC_REPRESENTATION_CONTEXT(2) 
PARAMETRIC_REPRESENTATION_CONTEXT() REPRESENTATION_CONTEXT('2D SPACE',''
  ) );
#232 = PCURVE('',#152,#233);
#233 = DEFINITIONAL_REPRESENTATION('',(#234),#238);
#234 = LINE('',#235,#236);
#235 = CARTESIAN_POINT('',(6.,-10.39230484541));
#236 = VECTOR('',#237,1.);
#237 = DIRECTION('',(0.5,0.866025403784));
#238 = ( GEOMETRIC_REPRESENTATION_CONTEXT(2) 
PARAMETRIC_REPRESENTATION_CONTEXT() REPRESENTATION_CONTEXT('2D SPACE',''
  ) );
#239 = ADVANCED_FACE('',(#240),#126,.F.);
#240 = FACE_BOUND('',#241,.F.);
#241 = EDGE_LOOP('',(#242,#243,#266,#294));
#242 = ORIENTED_EDGE('',*,*,#110,.T.);
#243 = ORIENTED_EDGE('',*,*,#244,.T.);
#244 = EDGE_CURVE('',#83,#245,#247,.T.);
#245 = VERTEX_POINT('',#246);
#246 = CARTESIAN_POINT('',(-6.,10.392304845413,9.));
#247 = SURFACE_CURVE('',#248,(#252,#259),.PCURVE_S1.);
#248 = LINE('',#249,#250);
#249 = CARTESIAN_POINT('',(6.,10.392304845413,9.));
#250 = VECTOR('',#251,1.);
#251 = DIRECTION('',(-1.,0.,0.));
#252 = PCURVE('',#126,#253);
#253 = DEFINITIONAL_REPRESENTATION('',(#254),#258);
#254 = LINE('',#255,#256);
#255 = CARTESIAN_POINT('',(0.,-9.));
#256 = VECTOR('',#257,1.);
#257 = DIRECTION('',(1.,0.));
#258 = ( GEOMETRIC_REPRESENTATION_CONTEXT(2) 
PARAMETRIC_REPRESENTATION_CONTEXT() REPRESENTATION_CONTEXT('2D SPACE',''
  ) );
#259 = PCURVE('',#98,#260);
#260 = DEFINITIONAL_REPRESENTATION('',(#261),#265);
#261 = LINE('',#262,#263);
#262 = CARTESIAN_POINT('',(6.,10.392304845413));
#263 = VECTOR('',#264,1.);
#264 = DIRECTION('',(-1.,0.));
#265 = ( GEOMETRIC_REPRESENTATION_CONTEXT(2) 
PARAMETRIC_REPRESENTATION_CONTEXT() REPRESENTATION_CONTEXT('2D SPACE',''
  ) );
#266 = ORIENTED_EDGE('',*,*,#267,.F.);
#267 = EDGE_CURVE('',#268,#245,#270,.T.);
#268 = VERTEX_POINT('',#269);
#269 = CARTESIAN_POINT('',(-6.,10.392304845413,0.));
#270 = SURFACE_CURVE('',#271,(#275,#282),.PCURVE_S1.);
#271 = LINE('',#272,#273);
#272 = CARTESIAN_POINT('',(-6.,10.392304845413,0.));
#273 = VECTOR('',#274,1.);
#274 = DIRECTION('',(0.,0.,1.));
#275 = PCURVE('',#126,#276);
#276 = DEFINITIONAL_REPRESENTATION('',(#277),#281);
#277 = LINE('',#278,#279);
#278 = CARTESIAN_POINT('',(12.,0.));
#279 = VECTOR('',#280,1.);
#280 = DIRECTION('',(0.,-1.));
#281 = ( GEOMETRIC_REPRESENTATION_CONTEXT(2) 
PARAMETRIC_REPRESENTATION_CONTEXT() REPRESENTATION_CONTEXT('2D SPACE',''
  ) );
#282 = PCURVE('',#283,#288);
#283 = PLANE('',#284);
#284 = AXIS2_PLACEMENT_3D('',#285,#286,#287);
#285 = CARTESIAN_POINT('',(-6.,10.392304845413,0.));
#286 = DIRECTION('',(0.866025403784,-0.5,0.));
#287 = DIRECTION('',(-0.5,-0.866025403784,0.));
#288 = DEFINITIONAL_REPRESENTATION('',(#289),#293);
#289 = LINE('',#290,#291);
#290 = CARTESIAN_POINT('',(0.,0.));
#291 = VECTOR('',#292,1.);
#292 = DIRECTION('',(0.,-1.));
#293 = ( GEOMETRIC_REPRESENTATION_CONTEXT(2) 
PARAMETRIC_REPRESENTATION_CONTEXT() REPRESENTATION_CONTEXT('2D SPACE',''
  ) );
#294 = ORIENTED_EDGE('',*,*,#295,.F.);
#295 = EDGE_CURVE('',#111,#268,#296,.T.);
#296 = SURFACE_CURVE('',#297,(#301,#308),.PCURVE_S1.);
#297 = LINE('',#298,#299);
#298 = CARTESIAN_POINT('',(6.,10.392304845413,0.));
#299 = VECTOR('',#300,1.);
#300 = DIRECTION('',(-1.,0.,0.));
#301 = PCURVE('',#126,#302);
#302 = DEFINITIONAL_REPRESENTATION('',(#303),#307);
#303 = LINE('',#304,#305);
#304 = CARTESIAN_POINT('',(0.,-0.));
#305 = VECTOR('',#306,1.);
#306 = DIRECTION('',(1.,0.));
#307 = ( GEOMETRIC_REPRESENTATION_CONTEXT(2) 
PARAMETRIC_REPRESENTATION_CONTEXT() REPRESENTATION_CONTEXT('2D SPACE',''
  ) );
#308 = PCURVE('',#152,#309);
#309 = DEFINITIONAL_REPRESENTATION('',(#310),#314);
#310 = LINE('',#311,#312);
#311 = CARTESIAN_POINT('',(6.,10.392304845413));
#312 = VECTOR('',#313,1.);
#313 = DIRECTION('',(-1.,0.));
#314 = ( GEOMETRIC_REPRESENTATION_CONTEXT(2) 
PARAMETRIC_REPRESENTATION_CONTEXT() REPRESENTATION_CONTEXT('2D SPACE',''
  ) );
#315 = ADVANCED_FACE('',(#316),#152,.F.);
#316 = FACE_BOUND('',#317,.F.);
#317 = EDGE_LOOP('',(#318,#319,#320,#343,#371,#392));
#318 = ORIENTED_EDGE('',*,*,#138,.T.);
#319 = ORIENTED_EDGE('',*,*,#295,.T.);
#320 = ORIENTED_EDGE('',*,*,#321,.T.);
#321 = EDGE_CURVE('',#268,#322,#324,.T.);
#322 = VERTEX_POINT('',#323);
#323 = CARTESIAN_POINT('',(-12.,1.469576158977E-15,0.));
#324 = SURFACE_CURVE('',#325,(#329,#336),.PCURVE_S1.);
#325 = LINE('',#326,#327);
#326 = CARTESIAN_POINT('',(-6.,10.392304845413,0.));
#327 = VECTOR('',#328,1.);
#328 = DIRECTION('',(-0.5,-0.866025403784,0.));
#329 = PCURVE('',#152,#330);
#330 = DEFINITIONAL_REPRESENTATION('',(#331),#335);
#331 = LINE('',#332,#333);
#332 = CARTESIAN_POINT('',(-6.,10.392304845413));
#333 = VECTOR('',#334,1.);
#334 = DIRECTION('',(-0.5,-0.866025403784));
#335 = ( GEOMETRIC_REPRESENTATION_CONTEXT(2) 
PARAMETRIC_REPRESENTATION_CONTEXT() REPRESENTATION_CONTEXT('2D SPACE',''
  ) );
#336 = PCURVE('',#283,#337);
#337 = DEFINITIONAL_REPRESENTATION('',(#338),#342);
#338 = LINE('',#339,#340);
#339 = CARTESIAN_POINT('',(0.,0.));
#340 = VECTOR('',#341,1.);
#341 = DIRECTION('',(1.,0.));
#342 = ( GEOMETRIC_REPRESENTATION_CONTEXT(2) 
PARAMETRIC_REPRESENTATION_CONTEXT() REPRESENTATION_CONTEXT('2D SPACE',''
  ) );
#343 = ORIENTED_EDGE('',*,*,#344,.T.);
#344 = EDGE_CURVE('',#322,#345,#347,.T.);
#345 = VERTEX_POINT('',#346);
#346 = CARTESIAN_POINT('',(-6.,-10.39230484541,0.));
#347 = SURFACE_CURVE('',#348,(#352,#359),.PCURVE_S1.);
#348 = LINE('',#349,#350);
#349 = CARTESIAN_POINT('',(-12.,1.469576158977E-15,0.));
#350 = VECTOR('',#351,1.);
#351 = DIRECTION('',(0.5,-0.866025403784,0.));
#352 = PCURVE('',#152,#353);
#353 = DEFINITIONAL_REPRESENTATION('',(#354),#358);
#354 = LINE('',#355,#356);
#355 = CARTESIAN_POINT('',(-12.,8.774572125101E-16));
#356 = VECTOR('',#357,1.);
#357 = DIRECTION('',(0.5,-0.866025403784));
#358 = ( GEOMETRIC_REPRESENTATION_CONTEXT(2) 
PARAMETRIC_REPRESENTATION_CONTEXT() REPRESENTATION_CONTEXT('2D SPACE',''
  ) );
#359 = PCURVE('',#360,#365);
#360 = PLANE('',#361);
#361 = AXIS2_PLACEMENT_3D('',#362,#363,#364);
#362 = CARTESIAN_POINT('',(-12.,1.469576158977E-15,0.));
#363 = DIRECTION('',(0.866025403784,0.5,-0.));
#364 = DIRECTION('',(0.5,-0.866025403784,0.));
#365 = DEFINITIONAL_REPRESENTATION('',(#366),#370);
#366 = LINE('',#367,#368);
#367 = CARTESIAN_POINT('',(0.,0.));
#368 = VECTOR('',#369,1.);
#369 = DIRECTION('',(1.,0.));
#370 = ( GEOMETRIC_REPRESENTATION_CONTEXT(2) 
PARAMETRIC_REPRESENTATION_CONTEXT() REPRESENTATION_CONTEXT('2D SPACE',''
  ) );
#371 = ORIENTED_EDGE('',*,*,#372,.T.);
#372 = EDGE_CURVE('',#345,#168,#373,.T.);
#373 = SURFACE_CURVE('',#374,(#378,#385),.PCURVE_S1.);
#374 = LINE('',#375,#376);
#375 = CARTESIAN_POINT('',(-6.,-10.39230484541,0.));
#376 = VECTOR('',#377,1.);
#377 = DIRECTION('',(1.,-5.921189464668E-16,0.));
#378 = PCURVE('',#152,#379);
#379 = DEFINITIONAL_REPRESENTATION('',(#380),#384);
#380 = LINE('',#381,#382);
#381 = CARTESIAN_POINT('',(-6.,-10.39230484541));
#382 = VECTOR('',#383,1.);
#383 = DIRECTION('',(1.,-5.921189464668E-16));
#384 = ( GEOMETRIC_REPRESENTATION_CONTEXT(2) 
PARAMETRIC_REPRESENTATION_CONTEXT() REPRESENTATION_CONTEXT('2D SPACE',''
  ) );
#385 = PCURVE('',#185,#386);
#386 = DEFINITIONAL_REPRESENTATION('',(#387),#391);
#387 = LINE('',#388,#389);
#388 = CARTESIAN_POINT('',(0.,0.));
#389 = VECTOR('',#390,1.);
#390 = DIRECTION('',(1.,0.));
#391 = ( GEOMETRIC_REPRESENTATION_CONTEXT(2) 
PARAMETRIC_REPRESENTATION_CONTEXT() REPRESENTATION_CONTEXT('2D SPACE',''
  ) );
#392 = ORIENTED_EDGE('',*,*,#219,.T.);
#393 = ADVANCED_FACE('',(#394,#466),#98,.T.);
#394 = FACE_BOUND('',#395,.T.);
#395 = EDGE_LOOP('',(#396,#397,#398,#421,#444,#465));
#396 = ORIENTED_EDGE('',*,*,#82,.T.);
#397 = ORIENTED_EDGE('',*,*,#244,.T.);
#398 = ORIENTED_EDGE('',*,*,#399,.T.);
#399 = EDGE_CURVE('',#245,#400,#402,.T.);
#400 = VERTEX_POINT('',#401);
#401 = CARTESIAN_POINT('',(-12.,1.469576158977E-15,9.));
#402 = SURFACE_CURVE('',#403,(#407,#414),.PCURVE_S1.);
#403 = LINE('',#404,#405);
#404 = CARTESIAN_POINT('',(-6.,10.392304845413,9.));
#405 = VECTOR('',#406,1.);
#406 = DIRECTION('',(-0.5,-0.866025403784,0.));
#407 = PCURVE('',#98,#408);
#408 = DEFINITIONAL_REPRESENTATION('',(#409),#413);
#409 = LINE('',#410,#411);
#410 = CARTESIAN_POINT('',(-6.,10.392304845413));
#411 = VECTOR('',#412,1.);
#412 = DIRECTION('',(-0.5,-0.866025403784));
#413 = ( GEOMETRIC_REPRESENTATION_CONTEXT(2) 
PARAMETRIC_REPRESENTATION_CONTEXT() REPRESENTATION_CONTEXT('2D SPACE',''
  ) );
#414 = PCURVE('',#283,#415);
#415 = DEFINITIONAL_REPRESENTATION('',(#416),#420);
#416 = LINE('',#417,#418);
#417 = CARTESIAN_POINT('',(0.,-9.));
#418 = VECTOR('',#419,1.);
#419 = DIRECTION('',(1.,0.));
#420 = ( GEOMETRIC_REPRESENTATION_CONTEXT(2) 
PARAMETRIC_REPRESENTATION_CONTEXT() REPRESENTATION_CONTEXT('2D SPACE',''
  ) );
#421 = ORIENTED_EDGE('',*,*,#422,.T.);
#422 = EDGE_CURVE('',#400,#423,#425,.T.);
#423 = VERTEX_POINT('',#424);
#424 = CARTESIAN_POINT('',(-6.,-10.39230484541,9.));
#425 = SURFACE_CURVE('',#426,(#430,#437),.PCURVE_S1.);
#426 = LINE('',#427,#428);
#427 = CARTESIAN_POINT('',(-12.,1.469576158977E-15,9.));
#428 = VECTOR('',#429,1.);
#429 = DIRECTION('',(0.5,-0.866025403784,0.));
#430 = PCURVE('',#98,#431);
#431 = DEFINITIONAL_REPRESENTATION('',(#432),#436);
#432 = LINE('',#433,#434);
#433 = CARTESIAN_POINT('',(-12.,8.774572125101E-16));
#434 = VECTOR('',#435,1.);
#435 = DIRECTION('',(0.5,-0.866025403784));
#436 = ( GEOMETRIC_REPRESENTATION_CONTEXT(2) 
PARAMETRIC_REPRESENTATION_CONTEXT() REPRESENTATION_CONTEXT('2D SPACE',''
  ) );
#437 = PCURVE('',#360,#438);
#438 = DEFINITIONAL_REPRESENTATION('',(#439),#443);
#439 = LINE('',#440,#441);
#440 = CARTESIAN_POINT('',(0.,-9.));
#441 = VECTOR('',#442,1.);
#442 = DIRECTION('',(1.,0.));
#443 = ( GEOMETRIC_REPRESENTATION_CONTEXT(2) 
PARAMETRIC_REPRESENTATION_CONTEXT() REPRESENTATION_CONTEXT('2D SPACE',''
  ) );
#444 = ORIENTED_EDGE('',*,*,#445,.T.);
#445 = EDGE_CURVE('',#423,#170,#446,.T.);
#446 = SURFACE_CURVE('',#447,(#451,#458),.PCURVE_S1.);
#447 = LINE('',#448,#449);
#448 = CARTESIAN_POINT('',(-6.,-10.39230484541,9.));
#449 = VECTOR('',#450,1.);
#450 = DIRECTION('',(1.,-5.921189464668E-16,0.));
#451 = PCURVE('',#98,#452);
#452 = DEFINITIONAL_REPRESENTATION('',(#453),#457);
#453 = LINE('',#454,#455);
#454 = CARTESIAN_POINT('',(-6.,-10.39230484541));
#455 = VECTOR('',#456,1.);
#456 = DIRECTION('',(1.,-5.921189464668E-16));
#457 = ( GEOMETRIC_REPRESENTATION_CONTEXT(2) 
PARAMETRIC_REPRESENTATION_CONTEXT() REPRESENTATION_CONTEXT('2D SPACE',''
  ) );
#458 = PCURVE('',#185,#459);
#459 = DEFINITIONAL_REPRESENTATION('',(#460),#464);
#460 = LINE('',#461,#462);
#461 = CARTESIAN_POINT('',(0.,-9.));
#462 = VECTOR('',#463,1.);
#463 = DIRECTION('',(1.,0.));
#464 = ( GEOMETRIC_REPRESENTATION_CONTEXT(2) 
PARAMETRIC_REPRESENTATION_CONTEXT() REPRESENTATION_CONTEXT('2D SPACE',''
  ) );
#465 = ORIENTED_EDGE('',*,*,#197,.T.);
#466 = FACE_BOUND('',#467,.T.);
#467 = EDGE_LOOP('',(#468,#496,#525));
#468 = ORIENTED_EDGE('',*,*,#469,.F.);
#469 = EDGE_CURVE('',#470,#472,#474,.T.);
#470 = VERTEX_POINT('',#471);
#471 = CARTESIAN_POINT('',(7.,0.,9.));
#472 = VERTEX_POINT('',#473);
#473 = CARTESIAN_POINT('',(7.830662386292,1.108756650454E-17,9.));
#474 = SURFACE_CURVE('',#475,(#479,#485),.PCURVE_S1.);
#475 = LINE('',#476,#477);
#476 = CARTESIAN_POINT('',(3.500102975103,1.214776508723E-16,9.));
#477 = VECTOR('',#478,1.);
#478 = DIRECTION('',(1.,0.,0.));
#479 = PCURVE('',#98,#480);
#480 = DEFINITIONAL_REPRESENTATION('',(#481),#484);
#481 = B_SPLINE_CURVE_WITH_KNOTS('',1,(#482,#483),.UNSPECIFIED.,.F.,.F.,
  (2,2),(-7.395497241366E-02,4.799897024897),.PIECEWISE_BEZIER_KNOTS.);
#482 = CARTESIAN_POINT('',(3.426148002689,-4.706412955944E-16));
#483 = CARTESIAN_POINT('',(8.3,-4.706412955944E-16));
#484 = ( GEOMETRIC_REPRESENTATION_CONTEXT(2) 
PARAMETRIC_REPRESENTATION_CONTEXT() REPRESENTATION_CONTEXT('2D SPACE',''
  ) );
#485 = PCURVE('',#486,#491);
#486 = PLANE('',#487);
#487 = AXIS2_PLACEMENT_3D('',#488,#489,#490);
#488 = CARTESIAN_POINT('',(7.000205950205,1.214776508723E-16,10.));
#489 = DIRECTION('',(-0.,-1.,-0.));
#490 = DIRECTION('',(0.,0.,-1.));
#491 = DEFINITIONAL_REPRESENTATION('',(#492),#495);
#492 = B_SPLINE_CURVE_WITH_KNOTS('',1,(#493,#494),.UNSPECIFIED.,.F.,.F.,
  (2,2),(-7.395497241366E-02,4.799897024897),.PIECEWISE_BEZIER_KNOTS.);
#493 = CARTESIAN_POINT('',(1.,-3.574057947516));
#494 = CARTESIAN_POINT('',(1.,1.299794049795));
#495 = ( GEOMETRIC_REPRESENTATION_CONTEXT(2) 
PARAMETRIC_REPRESENTATION_CONTEXT() REPRESENTATION_CONTEXT('2D SPACE',''
  ) );
#496 = ORIENTED_EDGE('',*,*,#497,.F.);
#497 = EDGE_CURVE('',#498,#470,#500,.T.);
#498 = VERTEX_POINT('',#499);
#499 = CARTESIAN_POINT('',(6.237044816881,3.177935171179,9.));
#500 = SURFACE_CURVE('',#501,(#506,#513),.PCURVE_S1.);
#501 = CIRCLE('',#502,7.);
#502 = AXIS2_PLACEMENT_3D('',#503,#504,#505);
#503 = CARTESIAN_POINT('',(0.,0.,9.));
#504 = DIRECTION('',(0.,0.,1.));
#505 = DIRECTION('',(1.,0.,0.));
#506 = PCURVE('',#98,#507);
#507 = DEFINITIONAL_REPRESENTATION('',(#508),#512);
#508 = CIRCLE('',#509,7.);
#509 = AXIS2_PLACEMENT_2D('',#510,#511);
#510 = CARTESIAN_POINT('',(5.921189464668E-16,-5.921189464668E-16));
#511 = DIRECTION('',(1.,0.));
#512 = ( GEOMETRIC_REPRESENTATION_CONTEXT(2) 
PARAMETRIC_REPRESENTATION_CONTEXT() REPRESENTATION_CONTEXT('2D SPACE',''
  ) );
#513 = PCURVE('',#514,#519);
#514 = CYLINDRICAL_SURFACE('',#515,7.);
#515 = AXIS2_PLACEMENT_3D('',#516,#517,#518);
#516 = CARTESIAN_POINT('',(0.,0.,9.));
#517 = DIRECTION('',(-0.,-0.,-1.));
#518 = DIRECTION('',(1.,0.,0.));
#519 = DEFINITIONAL_REPRESENTATION('',(#520),#524);
#520 = LINE('',#521,#522);
#521 = CARTESIAN_POINT('',(-0.,0.));
#522 = VECTOR('',#523,1.);
#523 = DIRECTION('',(-1.,0.));
#524 = ( GEOMETRIC_REPRESENTATION_CONTEXT(2) 
PARAMETRIC_REPRESENTATION_CONTEXT() REPRESENTATION_CONTEXT('2D SPACE',''
  ) );
#525 = ORIENTED_EDGE('',*,*,#526,.T.);
#526 = EDGE_CURVE('',#498,#472,#527,.T.);
#527 = SURFACE_CURVE('',#528,(#608,#691),.PCURVE_S1.);
#528 = B_SPLINE_CURVE_WITH_KNOTS('',8,(#529,#530,#531,#532,#533,#534,
    #535,#536,#537,#538,#539,#540,#541,#542,#543,#544,#545,#546,#547,
    #548,#549,#550,#551,#552,#553,#554,#555,#556,#557,#558,#559,#560,
    #561,#562,#563,#564,#565,#566,#567,#568,#569,#570,#571,#572,#573,
    #574,#575,#576,#577,#578,#579,#580,#581,#582,#583,#584,#585,#586,
    #587,#588,#589,#590,#591,#592,#593,#594,#595,#596,#597,#598,#599,
    #600,#601,#602,#603,#604,#605,#606,#607),.UNSPECIFIED.,.F.,.F.,(9,7,
    7,7,7,7,7,7,7,7,7,9),(0.,0.180826948537,0.328630618139,
    0.435443913002,0.481810019996,0.518357595457,0.569112253835,
    0.594343908125,0.626679541167,0.689044625976,0.82267909207,1.),
  .UNSPECIFIED.);
#529 = CARTESIAN_POINT('',(6.169337613708,-1.051384244119E-15,9.));
#530 = CARTESIAN_POINT('',(6.186067767681,0.134673553964,9.));
#531 = CARTESIAN_POINT('',(6.200025597192,0.269673290137,9.));
#532 = CARTESIAN_POINT('',(6.211259042424,0.404918670257,9.));
#533 = CARTESIAN_POINT('',(6.219828558819,0.540334296197,9.));
#534 = CARTESIAN_POINT('',(6.225806779431,0.675849866294,9.));
#535 = CARTESIAN_POINT('',(6.229281887446,0.811399812211,9.));
#536 = CARTESIAN_POINT('',(6.230364698899,0.946922616318,9.));
#537 = CARTESIAN_POINT('',(6.228247013224,1.193062967141,9.));
#538 = CARTESIAN_POINT('',(6.225793154555,1.303711159133,9.));
#539 = CARTESIAN_POINT('',(6.221914887397,1.414272424902,9.));
#540 = CARTESIAN_POINT('',(6.2167098287,1.524718406075,9.));
#541 = CARTESIAN_POINT('',(6.210292790785,1.635024348547,9.));
#542 = CARTESIAN_POINT('',(6.202805650178,1.745168825754,9.));
#543 = CARTESIAN_POINT('',(6.194440498983,1.855133183283,9.));
#544 = CARTESIAN_POINT('',(6.178997760268,2.044226412152,9.));
#545 = CARTESIAN_POINT('',(6.172207715806,2.12343206231,9.));
#546 = CARTESIAN_POINT('',(6.165213981563,2.202528328816,9.));
#547 = CARTESIAN_POINT('',(6.158141272642,2.281515208843,9.));
#548 = CARTESIAN_POINT('',(6.151168895078,2.360379717616,9.));
#549 = CARTESIAN_POINT('',(6.1445241598,2.439096885229,9.));
#550 = CARTESIAN_POINT('',(6.138524295607,2.517628469129,9.));
#551 = CARTESIAN_POINT('',(6.131691684864,2.629896323885,9.));
#552 = CARTESIAN_POINT('',(6.129857462267,2.663820460517,9.));
#553 = CARTESIAN_POINT('',(6.128303903995,2.697688063044,9.));
#554 = CARTESIAN_POINT('',(6.127092018922,2.73149064629,9.));
#555 = CARTESIAN_POINT('',(6.126295120662,2.765210091948,9.));
#556 = CARTESIAN_POINT('',(6.12600521205,2.798817814768,9.));
#557 = CARTESIAN_POINT('',(6.126347744679,2.832272385284,9.));
#558 = CARTESIAN_POINT('',(6.128416753037,2.891719215749,9.));
#559 = CARTESIAN_POINT('',(6.12983298558,2.917738537677,9.));
#560 = CARTESIAN_POINT('',(6.131842989278,2.94359322092,9.));
#561 = CARTESIAN_POINT('',(6.134558143851,2.96925389697,9.));
#562 = CARTESIAN_POINT('',(6.138130188985,2.994632950888,9.));
#563 = CARTESIAN_POINT('',(6.142748997454,3.019586835533,9.));
#564 = CARTESIAN_POINT('',(6.148663009907,3.043909081218,9.));
#565 = CARTESIAN_POINT('',(6.166823863535,3.099767272348,9.));
#566 = CARTESIAN_POINT('',(6.181597067508,3.13337496002,9.));
#567 = CARTESIAN_POINT('',(6.201526101315,3.163190061358,9.));
#568 = CARTESIAN_POINT('',(6.227311663149,3.184951339078,9.));
#569 = CARTESIAN_POINT('',(6.258716535842,3.196351220252,9.));
#570 = CARTESIAN_POINT('',(6.293976135425,3.197390138544,9.));
#571 = CARTESIAN_POINT('',(6.330030694804,3.190555340237,9.));
#572 = CARTESIAN_POINT('',(6.378984804459,3.174875022362,9.));
#573 = CARTESIAN_POINT('',(6.395885690209,3.168296336505,9.));
#574 = CARTESIAN_POINT('',(6.413425139046,3.160333560504,9.));
#575 = CARTESIAN_POINT('',(6.431594516445,3.150974127511,9.));
#576 = CARTESIAN_POINT('',(6.450383406752,3.140205040038,9.));
#577 = CARTESIAN_POINT('',(6.469779613177,3.128012869961,9.));
#578 = CARTESIAN_POINT('',(6.4897691578,3.114383758515,9.));
#579 = CARTESIAN_POINT('',(6.536694084316,3.079977199849,9.));
#580 = CARTESIAN_POINT('',(6.562433342092,3.059416812385,9.));
#581 = CARTESIAN_POINT('',(6.587616371692,3.037872291635,9.));
#582 = CARTESIAN_POINT('',(6.612275923058,3.015508557045,9.));
#583 = CARTESIAN_POINT('',(6.636439528631,2.992449170138,9.));
#584 = CARTESIAN_POINT('',(6.660136118371,2.96878757251,9.));
#585 = CARTESIAN_POINT('',(6.68339575696,2.94458651186,9.));
#586 = CARTESIAN_POINT('',(6.750338358251,2.87224769298,9.));
#587 = CARTESIAN_POINT('',(6.792870602046,2.822814410515,9.));
#588 = CARTESIAN_POINT('',(6.834036683242,2.771950847171,9.));
#589 = CARTESIAN_POINT('',(6.873929295796,2.719882970355,9.));
#590 = CARTESIAN_POINT('',(6.912618871485,2.666778405254,9.));
#591 = CARTESIAN_POINT('',(6.950169551225,2.612763577007,9.));
#592 = CARTESIAN_POINT('',(6.986635258402,2.557919417318,9.));
#593 = CARTESIAN_POINT('',(7.098003904482,2.383110806063,9.));
#594 = CARTESIAN_POINT('',(7.16912601678,2.260483301508,9.));
#595 = CARTESIAN_POINT('',(7.23588202773,2.135079603863,9.));
#596 = CARTESIAN_POINT('',(7.298458716157,2.007323696126,9.));
#597 = CARTESIAN_POINT('',(7.35699516685,1.877547006311,9.));
#598 = CARTESIAN_POINT('',(7.411617547729,1.746011821132,9.));
#599 = CARTESIAN_POINT('',(7.46241568984,1.612895553848,9.));
#600 = CARTESIAN_POINT('',(7.571925619081,1.299754565125,9.));
#601 = CARTESIAN_POINT('',(7.627758265961,1.118724382839,9.));
#602 = CARTESIAN_POINT('',(7.677149019548,0.935626315119,9.));
#603 = CARTESIAN_POINT('',(7.720203915189,0.750803759376,9.));
#604 = CARTESIAN_POINT('',(7.757008856307,0.564565550195,9.));
#605 = CARTESIAN_POINT('',(7.787641912636,0.377190643037,9.));
#606 = CARTESIAN_POINT('',(7.812171690325,0.188928089035,9.));
#607 = CARTESIAN_POINT('',(7.830662386292,-2.156757244993E-15,9.));
#608 = PCURVE('',#98,#609);
#609 = DEFINITIONAL_REPRESENTATION('',(#610),#690);
#610 = B_SPLINE_CURVE_WITH_KNOTS('',8,(#611,#612,#613,#614,#615,#616,
    #617,#618,#619,#620,#621,#622,#623,#624,#625,#626,#627,#628,#629,
    #630,#631,#632,#633,#634,#635,#636,#637,#638,#639,#640,#641,#642,
    #643,#644,#645,#646,#647,#648,#649,#650,#651,#652,#653,#654,#655,
    #656,#657,#658,#659,#660,#661,#662,#663,#664,#665,#666,#667,#668,
    #669,#670,#671,#672,#673,#674,#675,#676,#677,#678,#679,#680,#681,
    #682,#683,#684,#685,#686,#687,#688,#689),.UNSPECIFIED.,.F.,.F.,(9,7,
    7,7,7,7,7,7,7,7,7,9),(0.,0.180826948537,0.328630618139,
    0.435443913002,0.481810019996,0.518357595457,0.569112253835,
    0.594343908125,0.626679541167,0.689044625976,0.82267909207,1.),
  .UNSPECIFIED.);
#611 = CARTESIAN_POINT('',(6.169337613708,-1.643503190585E-15));
#612 = CARTESIAN_POINT('',(6.186067767681,0.134673553964));
#613 = CARTESIAN_POINT('',(6.200025597192,0.269673290137));
#614 = CARTESIAN_POINT('',(6.211259042424,0.404918670257));
#615 = CARTESIAN_POINT('',(6.219828558819,0.540334296197));
#616 = CARTESIAN_POINT('',(6.225806779431,0.675849866294));
#617 = CARTESIAN_POINT('',(6.229281887446,0.811399812211));
#618 = CARTESIAN_POINT('',(6.230364698899,0.946922616318));
#619 = CARTESIAN_POINT('',(6.228247013224,1.193062967141));
#620 = CARTESIAN_POINT('',(6.225793154555,1.303711159133));
#621 = CARTESIAN_POINT('',(6.221914887397,1.414272424902));
#622 = CARTESIAN_POINT('',(6.2167098287,1.524718406075));
#623 = CARTESIAN_POINT('',(6.210292790785,1.635024348547));
#624 = CARTESIAN_POINT('',(6.202805650178,1.745168825754));
#625 = CARTESIAN_POINT('',(6.194440498983,1.855133183283));
#626 = CARTESIAN_POINT('',(6.178997760268,2.044226412152));
#627 = CARTESIAN_POINT('',(6.172207715806,2.12343206231));
#628 = CARTESIAN_POINT('',(6.165213981563,2.202528328816));
#629 = CARTESIAN_POINT('',(6.158141272642,2.281515208843));
#630 = CARTESIAN_POINT('',(6.151168895078,2.360379717616));
#631 = CARTESIAN_POINT('',(6.1445241598,2.439096885229));
#632 = CARTESIAN_POINT('',(6.138524295607,2.517628469129));
#633 = CARTESIAN_POINT('',(6.131691684864,2.629896323885));
#634 = CARTESIAN_POINT('',(6.129857462267,2.663820460517));
#635 = CARTESIAN_POINT('',(6.128303903995,2.697688063044));
#636 = CARTESIAN_POINT('',(6.127092018922,2.73149064629));
#637 = CARTESIAN_POINT('',(6.126295120662,2.765210091948));
#638 = CARTESIAN_POINT('',(6.12600521205,2.798817814768));
#639 = CARTESIAN_POINT('',(6.126347744679,2.832272385284));
#640 = CARTESIAN_POINT('',(6.128416753037,2.891719215749));
#641 = CARTESIAN_POINT('',(6.12983298558,2.917738537677));
#642 = CARTESIAN_POINT('',(6.131842989278,2.94359322092));
#643 = CARTESIAN_POINT('',(6.134558143851,2.96925389697));
#644 = CARTESIAN_POINT('',(6.138130188985,2.994632950888));
#645 = CARTESIAN_POINT('',(6.142748997454,3.019586835533));
#646 = CARTESIAN_POINT('',(6.148663009907,3.043909081218));
#647 = CARTESIAN_POINT('',(6.166823863535,3.099767272348));
#648 = CARTESIAN_POINT('',(6.181597067508,3.13337496002));
#649 = CARTESIAN_POINT('',(6.201526101315,3.163190061358));
#650 = CARTESIAN_POINT('',(6.227311663149,3.184951339078));
#651 = CARTESIAN_POINT('',(6.258716535842,3.196351220252));
#652 = CARTESIAN_POINT('',(6.293976135425,3.197390138544));
#653 = CARTESIAN_POINT('',(6.330030694804,3.190555340237));
#654 = CARTESIAN_POINT('',(6.378984804459,3.174875022362));
#655 = CARTESIAN_POINT('',(6.395885690209,3.168296336505));
#656 = CARTESIAN_POINT('',(6.413425139046,3.160333560504));
#657 = CARTESIAN_POINT('',(6.431594516445,3.150974127511));
#658 = CARTESIAN_POINT('',(6.450383406752,3.140205040038));
#659 = CARTESIAN_POINT('',(6.469779613177,3.128012869961));
#660 = CARTESIAN_POINT('',(6.4897691578,3.114383758515));
#661 = CARTESIAN_POINT('',(6.536694084316,3.079977199849));
#662 = CARTESIAN_POINT('',(6.562433342092,3.059416812385));
#663 = CARTESIAN_POINT('',(6.587616371692,3.037872291635));
#664 = CARTESIAN_POINT('',(6.612275923058,3.015508557045));
#665 = CARTESIAN_POINT('',(6.636439528631,2.992449170138));
#666 = CARTESIAN_POINT('',(6.660136118371,2.96878757251));
#667 = CARTESIAN_POINT('',(6.68339575696,2.94458651186));
#668 = CARTESIAN_POINT('',(6.750338358251,2.87224769298));
#669 = CARTESIAN_POINT('',(6.792870602046,2.822814410515));
#670 = CARTESIAN_POINT('',(6.834036683242,2.771950847171));
#671 = CARTESIAN_POINT('',(6.873929295796,2.719882970355));
#672 = CARTESIAN_POINT('',(6.912618871485,2.666778405254));
#673 = CARTESIAN_POINT('',(6.950169551225,2.612763577007));
#674 = CARTESIAN_POINT('',(6.986635258402,2.557919417318));
#675 = CARTESIAN_POINT('',(7.098003904482,2.383110806063));
#676 = CARTESIAN_POINT('',(7.16912601678,2.260483301508));
#677 = CARTESIAN_POINT('',(7.23588202773,2.135079603863));
#678 = CARTESIAN_POINT('',(7.298458716157,2.007323696126));
#679 = CARTESIAN_POINT('',(7.35699516685,1.877547006311));
#680 = CARTESIAN_POINT('',(7.411617547729,1.746011821132));
#681 = CARTESIAN_POINT('',(7.46241568984,1.612895553848));
#682 = CARTESIAN_POINT('',(7.571925619081,1.299754565125));
#683 = CARTESIAN_POINT('',(7.627758265961,1.118724382839));
#684 = CARTESIAN_POINT('',(7.677149019548,0.935626315119));
#685 = CARTESIAN_POINT('',(7.720203915189,0.750803759376));
#686 = CARTESIAN_POINT('',(7.757008856307,0.564565550195));
#687 = CARTESIAN_POINT('',(7.787641912636,0.377190643037));
#688 = CARTESIAN_POINT('',(7.812171690325,0.188928089035));
#689 = CARTESIAN_POINT('',(7.830662386292,-2.74887619146E-15));
#690 = ( GEOMETRIC_REPRESENTATION_CONTEXT(2) 
PARAMETRIC_REPRESENTATION_CONTEXT() REPRESENTATION_CONTEXT('2D SPACE',''
  ) );
#691 = PCURVE('',#692,#1652);
#692 = ( BOUNDED_SURFACE() B_SPLINE_SURFACE(6,9,(
    (#693,#694,#695,#696,#697,#698,#699,#700,#701,#702,#703,#704,#705
      ,#706,#707,#708,#709,#710,#711,#712,#713,#714,#715,#716,#717,#718
      ,#719,#720,#721,#722,#723,#724,#725,#726,#727,#728,#729,#730,#731
      ,#732,#733,#734,#735,#736,#737,#738,#739,#740,#741,#742,#743,#744
      ,#745,#746,#747,#748,#749,#750,#751,#752,#753,#754,#755,#756,#757
      ,#758,#759,#760,#761,#762,#763,#764,#765,#766,#767,#768,#769,#770
      ,#771,#772,#773,#774,#775,#776,#777,#778,#779,#780,#781,#782,#783
      ,#784,#785,#786,#787,#788,#789,#790,#791,#792,#793,#794,#795,#796
      ,#797,#798,#799,#800,#801,#802,#803,#804,#805,#806,#807,#808,#809
      ,#810,#811,#812,#813,#814,#815,#816,#817,#818,#819,#820,#821,#822
      ,#823,#824,#825,#826,#827,#828,#829)
    ,(#830,#831,#832,#833,#834,#835,#836,#837,#838,#839,#840,#841,#842
      ,#843,#844,#845,#846,#847,#848,#849,#850,#851,#852,#853,#854,#855
      ,#856,#857,#858,#859,#860,#861,#862,#863,#864,#865,#866,#867,#868
      ,#869,#870,#871,#872,#873,#874,#875,#876,#877,#878,#879,#880,#881
      ,#882,#883,#884,#885,#886,#887,#888,#889,#890,#891,#892,#893,#894
      ,#895,#896,#897,#898,#899,#900,#901,#902,#903,#904,#905,#906,#907
      ,#908,#909,#910,#911,#912,#913,#914,#915,#916,#917,#918,#919,#920
      ,#921,#922,#923,#924,#925,#926,#927,#928,#929,#930,#931,#932,#933
      ,#934,#935,#936,#937,#938,#939,#940,#941,#942,#943,#944,#945,#946
      ,#947,#948,#949,#950,#951,#952,#953,#954,#955,#956,#957,#958,#959
      ,#960,#961,#962,#963,#964,#965,#966)
    ,(#967,#968,#969,#970,#971,#972,#973,#974,#975,#976,#977,#978,#979
      ,#980,#981,#982,#983,#984,#985,#986,#987,#988,#989,#990,#991,#992
      ,#993,#994,#995,#996,#997,#998,#999,#1000,#1001,#1002,#1003,#1004
      ,#1005,#1006,#1007,#1008,#1009,#1010,#1011,#1012,#1013,#1014,#1015
      ,#1016,#1017,#1018,#1019,#1020,#1021,#1022,#1023,#1024,#1025,#1026
      ,#1027,#1028,#1029,#1030,#1031,#1032,#1033,#1034,#1035,#1036,#1037
      ,#1038,#1039,#1040,#1041,#1042,#1043,#1044,#1045,#1046,#1047,#1048
      ,#1049,#1050,#1051,#1052,#1053,#1054,#1055,#1056,#1057,#1058,#1059
      ,#1060,#1061,#1062,#1063,#1064,#1065,#1066,#1067,#1068,#1069,#1070
      ,#1071,#1072,#1073,#1074,#1075,#1076,#1077,#1078,#1079,#1080,#1081
      ,#1082,#1083,#1084,#1085,#1086,#1087,#1088,#1089,#1090,#1091,#1092
      ,#1093,#1094,#1095,#1096,#1097,#1098,#1099,#1100,#1101,#1102,#1103
      )
    ,(#1104,#1105,#1106,#1107,#1108,#1109,#1110,#1111,#1112,#1113,#1114
      ,#1115,#1116,#1117,#1118,#1119,#1120,#1121,#1122,#1123,#1124,#1125
      ,#1126,#1127,#1128,#1129,#1130,#1131,#1132,#1133,#1134,#1135,#1136
      ,#1137,#1138,#1139,#1140,#1141,#1142,#1143,#1144,#1145,#1146,#1147
      ,#1148,#1149,#1150,#1151,#1152,#1153,#1154,#1155,#1156,#1157,#1158
      ,#1159,#1160,#1161,#1162,#1163,#1164,#1165,#1166,#1167,#1168,#1169
      ,#1170,#1171,#1172,#1173,#1174,#1175,#1176,#1177,#1178,#1179,#1180
      ,#1181,#1182,#1183,#1184,#1185,#1186,#1187,#1188,#1189,#1190,#1191
      ,#1192,#1193,#1194,#1195,#1196,#1197,#1198,#1199,#1200,#1201,#1202
      ,#1203,#1204,#1205,#1206,#1207,#1208,#1209,#1210,#1211,#1212,#1213
      ,#1214,#1215,#1216,#1217,#1218,#1219,#1220,#1221,#1222,#1223,#1224
      ,#1225,#1226,#1227,#1228,#1229,#1230,#1231,#1232,#1233,#1234,#1235
      ,#1236,#1237,#1238,#1239,#1240)
    ,(#1241,#1242,#1243,#1244,#1245,#1246,#1247,#1248,#1249,#1250,#1251
      ,#1252,#1253,#1254,#1255,#1256,#1257,#1258,#1259,#1260,#1261,#1262
      ,#1263,#1264,#1265,#1266,#1267,#1268,#1269,#1270,#1271,#1272,#1273
      ,#1274,#1275,#1276,#1277,#1278,#1279,#1280,#1281,#1282,#1283,#1284
      ,#1285,#1286,#1287,#1288,#1289,#1290,#1291,#1292,#1293,#1294,#1295
      ,#1296,#1297,#1298,#1299,#1300,#1301,#1302,#1303,#1304,#1305,#1306
      ,#1307,#1308,#1309,#1310,#1311,#1312,#1313,#1314,#1315,#1316,#1317
      ,#1318,#1319,#1320,#1321,#1322,#1323,#1324,#1325,#1326,#1327,#1328
      ,#1329,#1330,#1331,#1332,#1333,#1334,#1335,#1336,#1337,#1338,#1339
      ,#1340,#1341,#1342,#1343,#1344,#1345,#1346,#1347,#1348,#1349,#1350
      ,#1351,#1352,#1353,#1354,#1355,#1356,#1357,#1358,#1359,#1360,#1361
      ,#1362,#1363,#1364,#1365,#1366,#1367,#1368,#1369,#1370,#1371,#1372
      ,#1373,#1374,#1375,#1376,#1377)
    ,(#1378,#1379,#1380,#1381,#1382,#1383,#1384,#1385,#1386,#1387,#1388
      ,#1389,#1390,#1391,#1392,#1393,#1394,#1395,#1396,#1397,#1398,#1399
      ,#1400,#1401,#1402,#1403,#1404,#1405,#1406,#1407,#1408,#1409,#1410
      ,#1411,#1412,#1413,#1414,#1415,#1416,#1417,#1418,#1419,#1420,#1421
      ,#1422,#1423,#1424,#1425,#1426,#1427,#1428,#1429,#1430,#1431,#1432
      ,#1433,#1434,#1435,#1436,#1437,#1438,#1439,#1440,#1441,#1442,#1443
      ,#1444,#1445,#1446,#1447,#1448,#1449,#1450,#1451,#1452,#1453,#1454
      ,#1455,#1456,#1457,#1458,#1459,#1460,#1461,#1462,#1463,#1464,#1465
      ,#1466,#1467,#1468,#1469,#1470,#1471,#1472,#1473,#1474,#1475,#1476
      ,#1477,#1478,#1479,#1480,#1481,#1482,#1483,#1484,#1485,#1486,#1487
      ,#1488,#1489,#1490,#1491,#1492,#1493,#1494,#1495,#1496,#1497,#1498
      ,#1499,#1500,#1501,#1502,#1503,#1504,#1505,#1506,#1507,#1508,#1509
      ,#1510,#1511,#1512,#1513,#1514)
    ,(#1515,#1516,#1517,#1518,#1519,#1520,#1521,#1522,#1523,#1524,#1525
      ,#1526,#1527,#1528,#1529,#1530,#1531,#1532,#1533,#1534,#1535,#1536
      ,#1537,#1538,#1539,#1540,#1541,#1542,#1543,#1544,#1545,#1546,#1547
      ,#1548,#1549,#1550,#1551,#1552,#1553,#1554,#1555,#1556,#1557,#1558
      ,#1559,#1560,#1561,#1562,#1563,#1564,#1565,#1566,#1567,#1568,#1569
      ,#1570,#1571,#1572,#1573,#1574,#1575,#1576,#1577,#1578,#1579,#1580
      ,#1581,#1582,#1583,#1584,#1585,#1586,#1587,#1588,#1589,#1590,#1591
      ,#1592,#1593,#1594,#1595,#1596,#1597,#1598,#1599,#1600,#1601,#1602
      ,#1603,#1604,#1605,#1606,#1607,#1608,#1609,#1610,#1611,#1612,#1613
      ,#1614,#1615,#1616,#1617,#1618,#1619,#1620,#1621,#1622,#1623,#1624
      ,#1625,#1626,#1627,#1628,#1629,#1630,#1631,#1632,#1633,#1634,#1635
      ,#1636,#1637,#1638,#1639,#1640,#1641,#1642,#1643,#1644,#1645,#1646
      ,#1647,#1648,#1649,#1650,#1651
)),.UNSPECIFIED.,.T.,.F.,.F.) B_SPLINE_SURFACE_WITH_KNOTS((1,6,6,1),(10,
    8,9,8,9,8,9,8,9,8,9,8,9,8,9,8,10),(-6.28318530718,0.,6.28318530718,
    12.566370614359),(0.,4.655239722796,9.310479445593,13.965719168389,
    18.620958891186,23.276198613982,27.931438336779,32.586678059575,
    37.241917782372,41.897157505168,46.552397227965,51.207636950761,
    55.862876673558,60.518116396354,65.173356119151,69.828595841947,
74.483835564743),.UNSPECIFIED.) GEOMETRIC_REPRESENTATION_ITEM() 
RATIONAL_B_SPLINE_SURFACE((
    (1.669078461068,1.669078461068,1.669078461068,1.669078461068
      ,1.669078461068,1.669078461068,1.669078461068,1.669078461068
      ,1.669078461068,1.669078461068,1.669078461068,1.669078461068
      ,1.669078461068,1.669078461068,1.669078461068,1.669078461068
      ,1.669078461068,1.669078461068,1.669078461068,1.669078461068
      ,1.669078461068,1.669078461068,1.669078461068,1.669078461068
      ,1.669078461068,1.669078461068,1.669078461068,1.669078461068
      ,1.669078461069,1.669078461068,1.669078461069,1.669078461068
      ,1.669078461068,1.669078461068,1.669078461068,1.669078461068
      ,1.669078461068,1.669078461068,1.669078461069,1.669078461068
      ,1.669078461069,1.669078461068,1.669078461068,1.669078461068
      ,1.669078461068,1.669078461068,1.669078461069,1.669078461068
      ,1.669078461068,1.669078461068,1.669078461068,1.669078461068
      ,1.669078461068,1.669078461068,1.669078461068,1.669078461068
      ,1.669078461068,1.669078461068,1.669078461068,1.669078461068
      ,1.669078461068,1.669078461068,1.669078461068,1.669078461069
      ,1.669078461068,1.669078461069,1.669078461068,1.669078461068
      ,1.669078461068,1.669078461068,1.669078461068,1.669078461068
      ,1.669078461068,1.669078461068,1.669078461068,1.669078461068
      ,1.669078461068,1.669078461068,1.669078461068,1.669078461068
      ,1.669078461068,1.669078461068,1.669078461068,1.669078461068
      ,1.669078461068,1.669078461068,1.669078461068,1.669078461068
      ,1.669078461068,1.669078461069,1.669078461068,1.669078461068
      ,1.669078461068,1.669078461068,1.669078461068,1.669078461068
      ,1.669078461068,1.669078461069,1.669078461068,1.669078461068
      ,1.669078461068,1.669078461068,1.669078461068,1.669078461068
      ,1.669078461068,1.669078461068,1.669078461069,1.669078461068
      ,1.669078461069,1.669078461068,1.669078461068,1.669078461068
      ,1.669078461068,1.669078461068,1.669078461068,1.669078461068
      ,1.669078461068,1.669078461068,1.669078461068,1.669078461068
      ,1.669078461068,1.669078461068,1.669078461068,1.669078461068
      ,1.669078461068,1.669078461068,1.669078461068,1.669078461068
      ,1.669078461068,1.669078461068,1.669078461068,1.669078461068
      ,1.669078461068,1.669078461068,1.669078461068,1.669078461068
      ,1.669078461068)
    ,(1.03672962321,1.03672962321,1.03672962321,1.036729623209
      ,1.03672962321,1.036729623209,1.03672962321,1.03672962321
      ,1.03672962321,1.03672962321,1.03672962321,1.03672962321
      ,1.03672962321,1.03672962321,1.03672962321,1.03672962321
      ,1.03672962321,1.03672962321,1.03672962321,1.03672962321
      ,1.03672962321,1.03672962321,1.03672962321,1.03672962321
      ,1.03672962321,1.03672962321,1.03672962321,1.036729623209
      ,1.03672962321,1.036729623209,1.03672962321,1.036729623209
      ,1.03672962321,1.03672962321,1.03672962321,1.03672962321
      ,1.03672962321,1.036729623209,1.03672962321,1.036729623209
      ,1.03672962321,1.03672962321,1.03672962321,1.03672962321
      ,1.03672962321,1.036729623209,1.03672962321,1.036729623209
      ,1.03672962321,1.03672962321,1.03672962321,1.03672962321
      ,1.03672962321,1.03672962321,1.03672962321,1.036729623209
      ,1.03672962321,1.036729623209,1.03672962321,1.03672962321
      ,1.03672962321,1.03672962321,1.036729623209,1.03672962321
      ,1.036729623209,1.03672962321,1.03672962321,1.03672962321
      ,1.03672962321,1.03672962321,1.03672962321,1.03672962321
      ,1.03672962321,1.036729623209,1.03672962321,1.03672962321
      ,1.03672962321,1.03672962321,1.03672962321,1.036729623209
      ,1.03672962321,1.036729623209,1.03672962321,1.03672962321
      ,1.03672962321,1.03672962321,1.03672962321,1.03672962321
      ,1.036729623209,1.03672962321,1.036729623209,1.03672962321
      ,1.03672962321,1.03672962321,1.03672962321,1.03672962321
      ,1.036729623209,1.03672962321,1.036729623209,1.03672962321
      ,1.03672962321,1.03672962321,1.03672962321,1.03672962321
      ,1.03672962321,1.036729623209,1.03672962321,1.036729623209
      ,1.03672962321,1.03672962321,1.03672962321,1.03672962321
      ,1.03672962321,1.03672962321,1.03672962321,1.03672962321
      ,1.03672962321,1.03672962321,1.03672962321,1.03672962321
      ,1.03672962321,1.03672962321,1.036729623209,1.03672962321
      ,1.036729623209,1.03672962321,1.03672962321,1.03672962321
      ,1.03672962321,1.03672962321,1.03672962321,1.03672962321
      ,1.03672962321,1.03672962321,1.03672962321,1.03672962321
      ,1.03672962321)
    ,(1.038346699848,1.038346699847,1.038346699848,1.038346699847
      ,1.038346699848,1.038346699847,1.038346699848,1.038346699847
      ,1.038346699848,1.038346699848,1.038346699848,1.038346699848
      ,1.038346699848,1.038346699847,1.038346699848,1.038346699847
      ,1.038346699848,1.038346699848,1.038346699848,1.038346699848
      ,1.038346699848,1.038346699847,1.038346699848,1.038346699847
      ,1.038346699848,1.038346699847,1.038346699848,1.038346699847
      ,1.038346699848,1.038346699847,1.038346699848,1.038346699847
      ,1.038346699848,1.038346699847,1.038346699848,1.038346699847
      ,1.038346699848,1.038346699847,1.038346699848,1.038346699847
      ,1.038346699848,1.038346699847,1.038346699848,1.038346699847
      ,1.038346699848,1.038346699847,1.038346699848,1.038346699847
      ,1.038346699848,1.038346699847,1.038346699848,1.038346699848
      ,1.038346699848,1.038346699847,1.038346699848,1.038346699847
      ,1.038346699848,1.038346699847,1.038346699848,1.038346699848
      ,1.038346699847,1.038346699848,1.038346699847,1.038346699848
      ,1.038346699847,1.038346699848,1.038346699847,1.038346699848
      ,1.038346699848,1.038346699848,1.038346699848,1.038346699847
      ,1.038346699848,1.038346699847,1.038346699848,1.038346699847
      ,1.038346699848,1.038346699848,1.038346699848,1.038346699847
      ,1.038346699848,1.038346699847,1.038346699848,1.038346699848
      ,1.038346699848,1.038346699848,1.038346699847,1.038346699848
      ,1.038346699847,1.038346699848,1.038346699847,1.038346699848
      ,1.038346699847,1.038346699848,1.038346699847,1.038346699848
      ,1.038346699847,1.038346699848,1.038346699847,1.038346699848
      ,1.038346699847,1.038346699848,1.038346699848,1.038346699847
      ,1.038346699848,1.038346699847,1.038346699848,1.038346699847
      ,1.038346699848,1.038346699847,1.038346699848,1.038346699847
      ,1.038346699848,1.038346699848,1.038346699848,1.038346699847
      ,1.038346699848,1.038346699848,1.038346699848,1.038346699848
      ,1.038346699847,1.038346699848,1.038346699847,1.038346699848
      ,1.038346699847,1.038346699848,1.038346699847,1.038346699848
      ,1.038346699847,1.038346699848,1.038346699847,1.038346699848
      ,1.038346699847,1.038346699848,1.038346699847,1.038346699848
      ,1.038346699848)
    ,(0.853534330196,0.853534330196,0.853534330196,0.853534330196
      ,0.853534330196,0.853534330196,0.853534330196,0.853534330196
      ,0.853534330196,0.853534330196,0.853534330196,0.853534330196
      ,0.853534330196,0.853534330196,0.853534330196,0.853534330196
      ,0.853534330196,0.853534330196,0.853534330196,0.853534330196
      ,0.853534330196,0.853534330196,0.853534330196,0.853534330196
      ,0.853534330196,0.853534330196,0.853534330196,0.853534330196
      ,0.853534330196,0.853534330196,0.853534330196,0.853534330196
      ,0.853534330196,0.853534330196,0.853534330196,0.853534330196
      ,0.853534330196,0.853534330196,0.853534330196,0.853534330196
      ,0.853534330196,0.853534330196,0.853534330196,0.853534330196
      ,0.853534330196,0.853534330196,0.853534330196,0.853534330196
      ,0.853534330196,0.853534330196,0.853534330196,0.853534330196
      ,0.853534330196,0.853534330196,0.853534330196,0.853534330196
      ,0.853534330196,0.853534330196,0.853534330196,0.853534330196
      ,0.853534330196,0.853534330196,0.853534330196,0.853534330196
      ,0.853534330196,0.853534330196,0.853534330196,0.853534330196
      ,0.853534330196,0.853534330196,0.853534330196,0.853534330196
      ,0.853534330196,0.853534330196,0.853534330196,0.853534330196
      ,0.853534330196,0.853534330196,0.853534330196,0.853534330196
      ,0.853534330196,0.853534330196,0.853534330196,0.853534330196
      ,0.853534330196,0.853534330196,0.853534330196,0.853534330196
      ,0.853534330196,0.853534330196,0.853534330196,0.853534330196
      ,0.853534330196,0.853534330196,0.853534330196,0.853534330196
      ,0.853534330196,0.853534330196,0.853534330196,0.853534330196
      ,0.853534330196,0.853534330196,0.853534330196,0.853534330196
      ,0.853534330196,0.853534330196,0.853534330196,0.853534330196
      ,0.853534330196,0.853534330196,0.853534330196,0.853534330196
      ,0.853534330196,0.853534330196,0.853534330196,0.853534330196
      ,0.853534330196,0.853534330196,0.853534330196,0.853534330196
      ,0.853534330196,0.853534330196,0.853534330196,0.853534330196
      ,0.853534330196,0.853534330196,0.853534330196,0.853534330196
      ,0.853534330196,0.853534330196,0.853534330196,0.853534330196
      ,0.853534330196,0.853534330196,0.853534330196,0.853534330196
      ,0.853534330196)
    ,(1.038346699848,1.038346699847,1.038346699848,1.038346699847
      ,1.038346699848,1.038346699847,1.038346699848,1.038346699847
      ,1.038346699848,1.038346699848,1.038346699848,1.038346699847
      ,1.038346699848,1.038346699847,1.038346699848,1.038346699847
      ,1.038346699848,1.038346699848,1.038346699848,1.038346699848
      ,1.038346699848,1.038346699847,1.038346699848,1.038346699847
      ,1.038346699848,1.038346699847,1.038346699848,1.038346699847
      ,1.038346699848,1.038346699847,1.038346699848,1.038346699847
      ,1.038346699848,1.038346699847,1.038346699848,1.038346699847
      ,1.038346699848,1.038346699847,1.038346699848,1.038346699847
      ,1.038346699848,1.038346699847,1.038346699848,1.038346699847
      ,1.038346699848,1.038346699847,1.038346699848,1.038346699847
      ,1.038346699848,1.038346699847,1.038346699848,1.038346699848
      ,1.038346699848,1.038346699847,1.038346699848,1.038346699847
      ,1.038346699848,1.038346699847,1.038346699848,1.038346699848
      ,1.038346699847,1.038346699848,1.038346699847,1.038346699848
      ,1.038346699847,1.038346699848,1.038346699847,1.038346699848
      ,1.038346699848,1.038346699848,1.038346699848,1.038346699847
      ,1.038346699848,1.038346699847,1.038346699848,1.038346699847
      ,1.038346699848,1.038346699848,1.038346699848,1.038346699847
      ,1.038346699848,1.038346699847,1.038346699848,1.038346699847
      ,1.038346699848,1.038346699848,1.038346699848,1.038346699848
      ,1.038346699847,1.038346699848,1.038346699848,1.038346699848
      ,1.038346699848,1.038346699848,1.038346699847,1.038346699848
      ,1.038346699847,1.038346699848,1.038346699847,1.038346699848
      ,1.038346699847,1.038346699848,1.038346699848,1.038346699847
      ,1.038346699848,1.038346699847,1.038346699848,1.038346699847
      ,1.038346699848,1.038346699847,1.038346699848,1.038346699847
      ,1.038346699848,1.038346699847,1.038346699848,1.038346699847
      ,1.038346699848,1.038346699847,1.038346699848,1.038346699848
      ,1.038346699848,1.038346699848,1.038346699847,1.038346699848
      ,1.038346699847,1.038346699848,1.038346699847,1.038346699848
      ,1.038346699847,1.038346699848,1.038346699847,1.038346699848
      ,1.038346699847,1.038346699848,1.038346699847,1.038346699848
      ,1.038346699848)
    ,(1.03672962321,1.03672962321,1.03672962321,1.03672962321
      ,1.03672962321,1.03672962321,1.03672962321,1.03672962321
      ,1.03672962321,1.03672962321,1.03672962321,1.03672962321
      ,1.03672962321,1.03672962321,1.03672962321,1.03672962321
      ,1.03672962321,1.03672962321,1.03672962321,1.03672962321
      ,1.03672962321,1.036729623209,1.03672962321,1.03672962321
      ,1.03672962321,1.03672962321,1.03672962321,1.036729623209
      ,1.03672962321,1.036729623209,1.03672962321,1.036729623209
      ,1.03672962321,1.03672962321,1.03672962321,1.03672962321
      ,1.03672962321,1.036729623209,1.03672962321,1.036729623209
      ,1.03672962321,1.03672962321,1.03672962321,1.03672962321
      ,1.03672962321,1.036729623209,1.03672962321,1.036729623209
      ,1.03672962321,1.03672962321,1.03672962321,1.03672962321
      ,1.03672962321,1.03672962321,1.03672962321,1.036729623209
      ,1.03672962321,1.036729623209,1.03672962321,1.03672962321
      ,1.03672962321,1.03672962321,1.036729623209,1.03672962321
      ,1.036729623209,1.03672962321,1.03672962321,1.03672962321
      ,1.03672962321,1.03672962321,1.03672962321,1.03672962321
      ,1.03672962321,1.036729623209,1.03672962321,1.03672962321
      ,1.03672962321,1.03672962321,1.03672962321,1.03672962321
      ,1.03672962321,1.03672962321,1.03672962321,1.03672962321
      ,1.03672962321,1.03672962321,1.03672962321,1.03672962321
      ,1.03672962321,1.03672962321,1.03672962321,1.03672962321
      ,1.03672962321,1.03672962321,1.03672962321,1.03672962321
      ,1.03672962321,1.03672962321,1.036729623209,1.03672962321
      ,1.03672962321,1.03672962321,1.03672962321,1.03672962321
      ,1.03672962321,1.036729623209,1.03672962321,1.036729623209
      ,1.03672962321,1.03672962321,1.03672962321,1.03672962321
      ,1.03672962321,1.03672962321,1.03672962321,1.03672962321
      ,1.03672962321,1.03672962321,1.03672962321,1.03672962321
      ,1.03672962321,1.03672962321,1.036729623209,1.03672962321
      ,1.036729623209,1.03672962321,1.03672962321,1.03672962321
      ,1.03672962321,1.03672962321,1.03672962321,1.03672962321
      ,1.03672962321,1.03672962321,1.03672962321,1.03672962321
      ,1.03672962321)
    ,(1.669078461068,1.669078461068,1.669078461068,1.669078461068
      ,1.669078461068,1.669078461068,1.669078461068,1.669078461068
      ,1.669078461068,1.669078461068,1.669078461068,1.669078461068
      ,1.669078461068,1.669078461068,1.669078461068,1.669078461068
      ,1.669078461068,1.669078461068,1.669078461068,1.669078461068
      ,1.669078461068,1.669078461068,1.669078461068,1.669078461068
      ,1.669078461068,1.669078461068,1.669078461068,1.669078461068
      ,1.669078461069,1.669078461068,1.669078461069,1.669078461068
      ,1.669078461068,1.669078461068,1.669078461068,1.669078461068
      ,1.669078461068,1.669078461068,1.669078461069,1.669078461068
      ,1.669078461069,1.669078461068,1.669078461068,1.669078461068
      ,1.669078461068,1.669078461068,1.669078461069,1.669078461068
      ,1.669078461068,1.669078461068,1.669078461068,1.669078461068
      ,1.669078461068,1.669078461068,1.669078461068,1.669078461068
      ,1.669078461068,1.669078461068,1.669078461068,1.669078461068
      ,1.669078461068,1.669078461068,1.669078461068,1.669078461069
      ,1.669078461068,1.669078461069,1.669078461068,1.669078461068
      ,1.669078461068,1.669078461068,1.669078461068,1.669078461068
      ,1.669078461068,1.669078461068,1.669078461068,1.669078461068
      ,1.669078461068,1.669078461068,1.669078461068,1.669078461068
      ,1.669078461068,1.669078461068,1.669078461068,1.669078461068
      ,1.669078461068,1.669078461068,1.669078461068,1.669078461068
      ,1.669078461068,1.669078461069,1.669078461068,1.669078461068
      ,1.669078461068,1.669078461068,1.669078461068,1.669078461068
      ,1.669078461068,1.669078461069,1.669078461068,1.669078461068
      ,1.669078461068,1.669078461068,1.669078461068,1.669078461068
      ,1.669078461068,1.669078461068,1.669078461069,1.669078461068
      ,1.669078461069,1.669078461068,1.669078461068,1.669078461068
      ,1.669078461068,1.669078461068,1.669078461068,1.669078461068
      ,1.669078461068,1.669078461068,1.669078461068,1.669078461068
      ,1.669078461068,1.669078461068,1.669078461068,1.669078461068
      ,1.669078461068,1.669078461068,1.669078461068,1.669078461068
      ,1.669078461068,1.669078461068,1.669078461068,1.669078461068
      ,1.669078461068,1.669078461068,1.669078461068,1.669078461068
,1.669078461068))) REPRESENTATION_ITEM('') SURFACE() );
#693 = CARTESIAN_POINT('',(8.3,6.071532165919E-16,10.));
#694 = CARTESIAN_POINT('',(8.300000000484,3.621563216922,10.277769138511
    ));
#695 = CARTESIAN_POINT('',(6.522198305127,7.243360782332,10.55557491276)
  );
#696 = CARTESIAN_POINT('',(2.967157908327,9.865933101884,10.833298701976
    ));
#697 = CARTESIAN_POINT('',(-1.714318273476,10.50138873171,
    11.111144703337));
#698 = CARTESIAN_POINT('',(-6.213408689035,8.63783116437,11.388863953757
    ));
#699 = CARTESIAN_POINT('',(-9.074353121672,4.878153298215,
    11.666675503416));
#700 = CARTESIAN_POINT('',(-9.733729811418,0.509948883446,
    11.944441261251));
#701 = CARTESIAN_POINT('',(-8.429814308118,-3.308158292475,
    12.222220821496));
#702 = CARTESIAN_POINT('',(-3.308158052025,-8.429814388058,
    12.777776849997));
#703 = CARTESIAN_POINT('',(0.509949052473,-9.733729809186,
    13.055555455592));
#704 = CARTESIAN_POINT('',(4.878153773179,-9.074352979229,
    13.333324503631));
#705 = CARTESIAN_POINT('',(8.637830903173,-6.213408471417,
    13.611129066061));
#706 = CARTESIAN_POINT('',(10.501389370082,-1.714317986028,
    13.888859296973));
#707 = CARTESIAN_POINT('',(9.865932370906,2.967158165535,14.166691756611
    ));
#708 = CARTESIAN_POINT('',(7.243361183175,6.522198499448,14.44442895382)
  );
#709 = CARTESIAN_POINT('',(3.621562593821,8.300000096188,14.722224015475
    ));
#710 = CARTESIAN_POINT('',(-2.6645352591E-15,8.3,15.000000000008));
#711 = CARTESIAN_POINT('',(-3.621563216921,8.300000000481,
    15.277769138495));
#712 = CARTESIAN_POINT('',(-7.243360782336,6.522198305135,
    15.555574912778));
#713 = CARTESIAN_POINT('',(-9.865933101878,2.967157908313,
    15.833298701961));
#714 = CARTESIAN_POINT('',(-10.50138873171,-1.714318273461,
    16.111144703347));
#715 = CARTESIAN_POINT('',(-8.637831164366,-6.213408689045,
    16.388863953752));
#716 = CARTESIAN_POINT('',(-4.878153298216,-9.074353121668,
    16.666675503418));
#717 = CARTESIAN_POINT('',(-0.509948883446,-9.733729811419,
    16.94444126125));
#718 = CARTESIAN_POINT('',(3.308158292475,-8.429814308118,
    17.222220821496));
#719 = CARTESIAN_POINT('',(8.429814388058,-3.308158052025,
    17.777776849996));
#720 = CARTESIAN_POINT('',(9.733729809185,0.509949052473,18.055555455596
    ));
#721 = CARTESIAN_POINT('',(9.074352979235,4.878153773175,18.333324503618
    ));
#722 = CARTESIAN_POINT('',(6.213408471404,8.637830903181,18.611129066084
    ));
#723 = CARTESIAN_POINT('',(1.714317986044,10.501389370073,
    18.888859296942));
#724 = CARTESIAN_POINT('',(-2.967158165546,9.865932370911,
    19.166691756641));
#725 = CARTESIAN_POINT('',(-6.522198499444,7.243361183175,
    19.444428953797));
#726 = CARTESIAN_POINT('',(-8.300000096189,3.62156259382,19.72222401549)
  );
#727 = CARTESIAN_POINT('',(-8.3,-6.635005045386E-13,20.));
#728 = CARTESIAN_POINT('',(-8.3,-3.621563216919,20.277769133221));
#729 = CARTESIAN_POINT('',(-6.522198307114,-7.243360782338,
    20.555574934525));
#730 = CARTESIAN_POINT('',(-2.967157903466,-9.865933101876,
    20.833298648666));
#731 = CARTESIAN_POINT('',(1.714318264859,-10.50138873171,
    21.111144797922));
#732 = CARTESIAN_POINT('',(6.213408700858,-8.637831164366,
    21.388863823885));
#733 = CARTESIAN_POINT('',(9.074353108763,-4.878153298217,
    21.666675645288));
#734 = CARTESIAN_POINT('',(9.733729822732,-0.509948883445,
    21.944441136866));
#735 = CARTESIAN_POINT('',(8.429814300201,3.308158292474,22.222220908549
    ));
#736 = CARTESIAN_POINT('',(3.3081580686,8.429814388058,22.777776667749)
  );
#737 = CARTESIAN_POINT('',(-0.509949141951,9.733729809185,
    23.055556439432));
#738 = CARTESIAN_POINT('',(-4.878153539202,9.074352979226,23.33332193101
    ));
#739 = CARTESIAN_POINT('',(-8.637831329393,6.213408471424,
    23.611133752413));
#740 = CARTESIAN_POINT('',(-10.50138877722,1.714317986021,
    23.888852778373));
#741 = CARTESIAN_POINT('',(-9.865933023097,-2.967158165536,
    24.166698927642));
#742 = CARTESIAN_POINT('',(-7.243360609112,-6.522198499443,
    24.444422641758));
#743 = CARTESIAN_POINT('',(-3.621562996494,-8.300000096194,
    24.72222844309));
#744 = CARTESIAN_POINT('',(2.20426103148E-07,-8.299999999998,
    24.999997576291));
#745 = CARTESIAN_POINT('',(3.621562814248,-8.300000000484,
    25.277773566109));
#746 = CARTESIAN_POINT('',(7.243361356391,-6.522198305134,25.55556860072
    ));
#747 = CARTESIAN_POINT('',(9.865932449702,-2.967157908313,
    25.833305872987));
#748 = CARTESIAN_POINT('',(10.501389324555,1.714318273461,
    26.111138184752));
#749 = CARTESIAN_POINT('',(8.637830738163,6.213408689044,26.388868640101
    ));
#750 = CARTESIAN_POINT('',(4.878153532184,9.074353121669,26.666672930799
    ));
#751 = CARTESIAN_POINT('',(0.509948793971,9.733729811418,26.944442245088
    ));
#752 = CARTESIAN_POINT('',(-3.3081582759,8.429814308118,27.222220639249)
  );
#753 = CARTESIAN_POINT('',(-8.429814395975,3.308158052025,
    27.777776937048));
#754 = CARTESIAN_POINT('',(-9.733729797876,-0.509949052471,
    28.05555533122));
#755 = CARTESIAN_POINT('',(-9.074352992118,-4.87815377319,
    28.333324645471));
#756 = CARTESIAN_POINT('',(-6.213408459636,-8.637830903147,
    28.611128936249));
#757 = CARTESIAN_POINT('',(-1.714317994592,-10.50138937011,
    28.888859391474));
#758 = CARTESIAN_POINT('',(2.967158170357,-9.865932370881,
    29.166691703388));
#759 = CARTESIAN_POINT('',(6.522198497477,-7.243361183183,
    29.444428975514));
#760 = CARTESIAN_POINT('',(8.300000096673,-3.621562593825,
    29.722224010231));
#761 = CARTESIAN_POINT('',(8.3,2.021664086138E-12,29.999999999987));
#762 = CARTESIAN_POINT('',(8.300000000001,3.621563216919,30.277769133251
    ));
#763 = CARTESIAN_POINT('',(6.522198307112,7.243360782337,30.555574934491
    ));
#764 = CARTESIAN_POINT('',(2.967157903469,9.865933101878,30.833298648693
    ));
#765 = CARTESIAN_POINT('',(-1.714318264864,10.501388731715,
    31.111144797908));
#766 = CARTESIAN_POINT('',(-6.213408700854,8.637831164366,31.38886382389
    ));
#767 = CARTESIAN_POINT('',(-9.074353108766,4.878153298216,
    31.666675645287));
#768 = CARTESIAN_POINT('',(-9.733729822731,0.509948883445,
    31.944441136867));
#769 = CARTESIAN_POINT('',(-8.429814300201,-3.308158292474,
    32.222220908549));
#770 = CARTESIAN_POINT('',(-3.3081580686,-8.429814388058,32.777776667749
    ));
#771 = CARTESIAN_POINT('',(0.509949141948,-9.733729809183,
    33.055556439432));
#772 = CARTESIAN_POINT('',(4.878153539214,-9.074352979237,
    33.333321931009));
#773 = CARTESIAN_POINT('',(8.637831329369,-6.213408471401,
    33.611133752417));
#774 = CARTESIAN_POINT('',(10.501388777251,-1.714317986052,
    33.888852778362));
#775 = CARTESIAN_POINT('',(9.865933023078,2.967158165559,34.166698927661
    ));
#776 = CARTESIAN_POINT('',(7.243360609118,6.522198499432,34.444422641732
    ));
#777 = CARTESIAN_POINT('',(3.621562996498,8.300000096196,34.722228443116
    ));
#778 = CARTESIAN_POINT('',(-2.204296478681E-07,8.299999999997,
    34.999997576271));
#779 = CARTESIAN_POINT('',(-3.621562814243,8.300000000004,
    35.277773560852));
#780 = CARTESIAN_POINT('',(-7.243361356401,6.52219830711,35.555568622401
    ));
#781 = CARTESIAN_POINT('',(-9.865932449688,2.967157903471,
    35.833305819826));
#782 = CARTESIAN_POINT('',(-10.50138932457,-1.714318264863,
    36.111138279164));
#783 = CARTESIAN_POINT('',(-8.637830738148,-6.213408700855,
    36.388868510367));
#784 = CARTESIAN_POINT('',(-4.878153532193,-9.074353108765,
    36.666673072593));
#785 = CARTESIAN_POINT('',(-0.509948793967,-9.733729822731,
    36.944442120735));
#786 = CARTESIAN_POINT('',(3.308158275899,-8.429814300201,
    37.222220726296));
#787 = CARTESIAN_POINT('',(8.429814395975,-3.3081580686,37.777776754805)
  );
#788 = CARTESIAN_POINT('',(9.733729797875,0.509949141945,38.055556315043
    ));
#789 = CARTESIAN_POINT('',(9.07435299212,4.87815353923,38.333322072889)
  );
#790 = CARTESIAN_POINT('',(6.213408459632,8.637831329332,38.611133622526
    ));
#791 = CARTESIAN_POINT('',(1.714317994599,10.501388777303,
    38.888852872993));
#792 = CARTESIAN_POINT('',(-2.967158170364,9.865933023031,
    39.166698874269));
#793 = CARTESIAN_POINT('',(-6.522198497472,7.243360609147,
    39.444422663598));
#794 = CARTESIAN_POINT('',(-8.300000096675,3.621562996487,
    39.722228437743));
#795 = CARTESIAN_POINT('',(-8.299999999996,-2.204275497478E-07,
    39.99999757631));
#796 = CARTESIAN_POINT('',(-8.300000000487,-3.621562814248,
    40.277773566059));
#797 = CARTESIAN_POINT('',(-6.522198305127,-7.243361356393,
    40.55556860076));
#798 = CARTESIAN_POINT('',(-2.967157908323,-9.865932449697,
    40.83330587299));
#799 = CARTESIAN_POINT('',(1.714318273468,-10.50138932456,
    41.111138184715));
#800 = CARTESIAN_POINT('',(6.213408689042,-8.637830738153,
    41.388868640141));
#801 = CARTESIAN_POINT('',(9.074353121669,-4.878153532191,
    41.666672930776));
#802 = CARTESIAN_POINT('',(9.733729811419,-0.509948793967,
    41.944442245097));
#803 = CARTESIAN_POINT('',(8.429814308118,3.308158275899,42.222220639248
    ));
#804 = CARTESIAN_POINT('',(3.308158052025,8.429814395975,42.777776937048
    ));
#805 = CARTESIAN_POINT('',(-0.509949052473,9.733729797876,
    43.055555331226));
#806 = CARTESIAN_POINT('',(-4.87815377318,9.074352992117,43.333324645454
    ));
#807 = CARTESIAN_POINT('',(-8.637830903167,6.213408459636,
    43.611128936276));
#808 = CARTESIAN_POINT('',(-10.50138937009,1.714317994592,43.88885939145
    ));
#809 = CARTESIAN_POINT('',(-9.865932370899,-2.967158170356,
    44.166691703397));
#810 = CARTESIAN_POINT('',(-7.243361183178,-6.522198497479,
    44.444428975522));
#811 = CARTESIAN_POINT('',(-3.621562593823,-8.30000009667,
    44.722224010219));
#812 = CARTESIAN_POINT('',(3.121058966826E-12,-8.3,44.999999999988));
#813 = CARTESIAN_POINT('',(3.621563216917,-8.299999999999,
    45.277769133239));
#814 = CARTESIAN_POINT('',(7.243360782339,-6.522198307119,
    45.555574934507));
#815 = CARTESIAN_POINT('',(9.865933101876,-2.967157903458,
    45.833298648681));
#816 = CARTESIAN_POINT('',(10.501388731716,1.714318264851,
    46.111144797913));
#817 = CARTESIAN_POINT('',(8.637831164366,6.213408700862,46.388863823889
    ));
#818 = CARTESIAN_POINT('',(4.878153298217,9.074353108762,46.666675645288
    ));
#819 = CARTESIAN_POINT('',(0.509948883445,9.733729822732,46.944441136866
    ));
#820 = CARTESIAN_POINT('',(-3.308158292474,8.429814300201,
    47.222220908549));
#821 = CARTESIAN_POINT('',(-8.429814388058,3.3081580686,47.777776667749)
  );
#822 = CARTESIAN_POINT('',(-9.733729809184,-0.509949141948,
    48.055556439432));
#823 = CARTESIAN_POINT('',(-9.074352979235,-4.878153539215,
    48.333321931009));
#824 = CARTESIAN_POINT('',(-6.213408471403,-8.637831329368,
    48.611133752415));
#825 = CARTESIAN_POINT('',(-1.714317986048,-10.50138877725,
    48.888852778365));
#826 = CARTESIAN_POINT('',(2.967158165556,-9.86593302308,49.16669892766)
  );
#827 = CARTESIAN_POINT('',(6.522198499433,-7.243360609116,
    49.444422641733));
#828 = CARTESIAN_POINT('',(8.300000096197,-3.621562996499,
    49.722228443112));
#829 = CARTESIAN_POINT('',(8.299999999997,2.204286814328E-07,
    49.999997576278));
#830 = CARTESIAN_POINT('',(8.3,-1.717376241217E-15,12.160005998242));
#831 = CARTESIAN_POINT('',(8.300014363783,3.621564086715,12.437775136753
    ));
#832 = CARTESIAN_POINT('',(6.522167144423,7.243361671026,12.715580910992
    ));
#833 = CARTESIAN_POINT('',(2.967209301678,9.865936553534,12.993304700243
    ));
#834 = CARTESIAN_POINT('',(-1.71436889754,10.501392239709,
    13.271150701543));
#835 = CARTESIAN_POINT('',(-6.213378126409,8.637830560855,
    13.548869952028));
#836 = CARTESIAN_POINT('',(-9.074367571142,4.878156612154,
    13.826681501644));
#837 = CARTESIAN_POINT('',(-9.733729872315,0.50994824894,14.104447259495
    ));
#838 = CARTESIAN_POINT('',(-8.429816483504,-3.308159042684,
    14.382226819737));
#839 = CARTESIAN_POINT('',(-3.30815876226,-8.429816605555,
    14.937782848239));
#840 = CARTESIAN_POINT('',(0.509949727742,-9.733732836313,
    15.215561453841));
#841 = CARTESIAN_POINT('',(4.878153061748,-9.074347207076,
    15.493330501831));
#842 = CARTESIAN_POINT('',(8.637835482017,-6.213434262151,
    15.771135064398));
#843 = CARTESIAN_POINT('',(10.501391114267,-1.714279024666,
    16.04886529508));
#844 = CARTESIAN_POINT('',(9.865933617662,2.967120126775,16.326697754971
    ));
#845 = CARTESIAN_POINT('',(7.243363844997,6.522222336935,16.604434951997
    ));
#846 = CARTESIAN_POINT('',(3.621563472403,8.299997116619,16.882230013734
    ));
#847 = CARTESIAN_POINT('',(1.00808250636E-12,8.299999999987,
    17.16000599825));
#848 = CARTESIAN_POINT('',(-3.621564086713,8.30001436381,17.437775136738
    ));
#849 = CARTESIAN_POINT('',(-7.243361671045,6.52216714439,17.715580911009
    ));
#850 = CARTESIAN_POINT('',(-9.865936553496,2.96720930171,17.99330470023)
  );
#851 = CARTESIAN_POINT('',(-10.50139223975,-1.714368897563,
    18.27115070155));
#852 = CARTESIAN_POINT('',(-8.637830560824,-6.213378126397,
    18.548869952026));
#853 = CARTESIAN_POINT('',(-4.878156612166,-9.074367571147,
    18.826681501644));
#854 = CARTESIAN_POINT('',(-0.509948248939,-9.733729872313,
    19.104447259495));
#855 = CARTESIAN_POINT('',(3.308159042685,-8.429816483504,
    19.382226819737));
#856 = CARTESIAN_POINT('',(8.429816605553,-3.30815876226,19.937782848238
    ));
#857 = CARTESIAN_POINT('',(9.73373283632,0.509949727741,20.215561453846)
  );
#858 = CARTESIAN_POINT('',(9.074347207065,4.878153061752,20.493330501817
    ));
#859 = CARTESIAN_POINT('',(6.213434262164,8.637835482009,20.771135064424
    ));
#860 = CARTESIAN_POINT('',(1.714279024648,10.501391114279,
    21.048865295048));
#861 = CARTESIAN_POINT('',(-2.967120126751,9.865933617649,
    21.326697755002));
#862 = CARTESIAN_POINT('',(-6.522222336961,7.243363845005,
    21.604434951974));
#863 = CARTESIAN_POINT('',(-8.299997116599,3.621563472401,
    21.882230013748));
#864 = CARTESIAN_POINT('',(-8.299999999999,-5.817117620932E-13,
    22.160005998243));
#865 = CARTESIAN_POINT('',(-8.300014363302,-3.621564095499,
    22.437775131464));
#866 = CARTESIAN_POINT('',(-6.522167146407,-7.243361634873,
    22.715580932756));
#867 = CARTESIAN_POINT('',(-2.967209296821,-9.865936642097,
    22.993304646935));
#868 = CARTESIAN_POINT('',(1.714368888928,-10.50139208256,
    23.271150796125));
#869 = CARTESIAN_POINT('',(6.213378138228,-8.637830776634,
    23.548869822158));
#870 = CARTESIAN_POINT('',(9.074367558236,-4.87815637643,23.826681643515
    ));
#871 = CARTESIAN_POINT('',(9.733729883628,-0.509948455609,
    24.104447135111));
#872 = CARTESIAN_POINT('',(8.429816475587,3.308159187328,24.382226906791
    ));
#873 = CARTESIAN_POINT('',(3.308158778835,8.429816302742,24.93778266599)
  );
#874 = CARTESIAN_POINT('',(-0.509949817221,9.733734471006,
    25.215562437683));
#875 = CARTESIAN_POINT('',(-4.878152827767,9.07434293255,25.493327929205
    ));
#876 = CARTESIAN_POINT('',(-8.637835908248,6.213442048741,25.77113975076
    ));
#877 = CARTESIAN_POINT('',(-10.50139052139,1.714268193714,
    26.048858776469));
#878 = CARTESIAN_POINT('',(-9.865934269864,-2.96710821179,
    26.326704926014));
#879 = CARTESIAN_POINT('',(-7.24336327093,-6.522232824696,
    26.604428639926));
#880 = CARTESIAN_POINT('',(-3.621563875078,-8.299989759953,
    26.882234441355));
#881 = CARTESIAN_POINT('',(2.204255800109E-07,-8.300004027095,
    27.16000357453));
#882 = CARTESIAN_POINT('',(3.62156368404,-8.300007007141,27.437779564358
    ));
#883 = CARTESIAN_POINT('',(7.243362245093,-6.522177632151,
    27.715574598941));
#884 = CARTESIAN_POINT('',(9.865935901337,-2.96719738673,27.993311871266
    ));
#885 = CARTESIAN_POINT('',(10.501392832572,1.714358066626,
    28.271144182946));
#886 = CARTESIAN_POINT('',(8.637830134636,6.213385912973,28.548874638381
    ));
#887 = CARTESIAN_POINT('',(4.878156846126,9.074363296629,28.826678929022
    ));
#888 = CARTESIAN_POINT('',(0.509948159466,9.733731507005,29.104448243335
    ));
#889 = CARTESIAN_POINT('',(-3.308159026112,8.429816180692,29.38222663749
    ));
#890 = CARTESIAN_POINT('',(-8.429816613468,3.308158906904,29.93778293529
    ));
#891 = CARTESIAN_POINT('',(-9.733732825024,-0.509949934409,
    30.215561329469));
#892 = CARTESIAN_POINT('',(-9.074347219914,-4.87815282604,
    30.493330643671));
#893 = CARTESIAN_POINT('',(-6.213434250459,-8.637835697758,
    30.771134934588));
#894 = CARTESIAN_POINT('',(-1.71427903311,-10.50139095717,31.04886538958
    ));
#895 = CARTESIAN_POINT('',(2.967120131472,-9.865933706184,
    31.326697701749));
#896 = CARTESIAN_POINT('',(6.522222335068,-7.243363808857,
    31.604434973691));
#897 = CARTESIAN_POINT('',(8.299997117036,-3.621563481193,
    31.882230008489));
#898 = CARTESIAN_POINT('',(8.300000000022,3.2597848032E-12,
    32.160005998229));
#899 = CARTESIAN_POINT('',(8.300014363249,3.6215640955,32.437775131493)
  );
#900 = CARTESIAN_POINT('',(6.522167146485,7.243361634847,32.715580932722
    ));
#901 = CARTESIAN_POINT('',(2.967209296738,9.865936642158,32.993304646961
    ));
#902 = CARTESIAN_POINT('',(-1.714368888863,10.501392082492,
    33.271150796111));
#903 = CARTESIAN_POINT('',(-6.213378138264,8.637830776689,
    33.548869822163));
#904 = CARTESIAN_POINT('',(-9.074367558224,4.878156376406,
    33.826681643514));
#905 = CARTESIAN_POINT('',(-9.73372988363,0.509948455614,34.104447135112
    ));
#906 = CARTESIAN_POINT('',(-8.429816475587,-3.308159187328,
    34.382226906791));
#907 = CARTESIAN_POINT('',(-3.308158778835,-8.429816302742,
    34.93778266599));
#908 = CARTESIAN_POINT('',(0.509949817223,-9.733734471006,
    35.215562437683));
#909 = CARTESIAN_POINT('',(4.878152827759,-9.074342932551,
    35.493327929205));
#910 = CARTESIAN_POINT('',(8.637835908269,-6.213442048745,
    35.771139750762));
#911 = CARTESIAN_POINT('',(10.501390521358,-1.714268193693,
    36.048858776459));
#912 = CARTESIAN_POINT('',(9.865934269903,2.967108211746,36.326704926033
    ));
#913 = CARTESIAN_POINT('',(7.243363270905,6.522232824753,36.6044286399)
  );
#914 = CARTESIAN_POINT('',(3.621563875087,8.2999897599,36.882234441381)
  );
#915 = CARTESIAN_POINT('',(-2.204235327596E-07,8.300004027131,
    37.16000357451));
#916 = CARTESIAN_POINT('',(-3.621563692816,8.300007006628,
    37.437779559101));
#917 = CARTESIAN_POINT('',(-7.243362209039,6.522177634178,
    37.715574620623));
#918 = CARTESIAN_POINT('',(-9.865935989674,2.967197381801,
    37.993311818105));
#919 = CARTESIAN_POINT('',(-10.5013926757,-1.714358057909,
    38.271144277359));
#920 = CARTESIAN_POINT('',(-8.637830350215,-6.213385924907,
    38.548874508646));
#921 = CARTESIAN_POINT('',(-4.878156610493,-9.074363283634,
    38.826679070816));
#922 = CARTESIAN_POINT('',(-0.509948366113,-9.733731518361,
    39.104448118981));
#923 = CARTESIAN_POINT('',(3.308159170752,-8.429816172765,
    39.382226724537));
#924 = CARTESIAN_POINT('',(8.429816310659,-3.308158923482,
    39.937782753047));
#925 = CARTESIAN_POINT('',(9.733734459689,0.509950023881,40.215562313294
    ));
#926 = CARTESIAN_POINT('',(9.074342945481,4.878152592108,40.493328071085
    ));
#927 = CARTESIAN_POINT('',(6.213442036851,8.637836123873,40.771139620872
    ));
#928 = CARTESIAN_POINT('',(1.714268202456,10.501390364457,
    41.048858871088));
#929 = CARTESIAN_POINT('',(-2.967108216813,9.865934358265,
    41.326704872641));
#930 = CARTESIAN_POINT('',(-6.522232822559,7.243363234841,
    41.604428661766));
#931 = CARTESIAN_POINT('',(-8.299989760531,3.62156388386,41.882234436009
    ));
#932 = CARTESIAN_POINT('',(-8.300004027068,-2.204249839183E-07,
    42.160003574549));
#933 = CARTESIAN_POINT('',(-8.30000700724,-3.621563684038,
    42.437779564308));
#934 = CARTESIAN_POINT('',(-6.522177632001,-7.243362245178,
    42.715574598981));
#935 = CARTESIAN_POINT('',(-2.96719738688,-9.865935901131,42.99331187127
    ));
#936 = CARTESIAN_POINT('',(1.714358066723,-10.50139283282,
    43.271144182908));
#937 = CARTESIAN_POINT('',(6.213385912942,-8.637830134452,43.54887463842
    ));
#938 = CARTESIAN_POINT('',(9.074363296621,-4.878156846207,
    43.826678928999));
#939 = CARTESIAN_POINT('',(9.733731507016,-0.509948159449,
    44.104448243343));
#940 = CARTESIAN_POINT('',(8.429816180689,3.308159026112,44.382226637489
    ));
#941 = CARTESIAN_POINT('',(3.308158906905,8.429816613465,44.93778293529)
  );
#942 = CARTESIAN_POINT('',(-0.509949934404,9.733732825033,
    45.215561329476));
#943 = CARTESIAN_POINT('',(-4.878152826069,9.074347219907,
    45.493330643653));
#944 = CARTESIAN_POINT('',(-8.637835697687,6.213434250447,
    45.771134934614));
#945 = CARTESIAN_POINT('',(-10.50139095727,1.714279033151,
    46.048865389556));
#946 = CARTESIAN_POINT('',(-9.865933706101,-2.967120131528,
    46.326697701757));
#947 = CARTESIAN_POINT('',(-7.243363808894,-6.522222335019,
    46.604434973699));
#948 = CARTESIAN_POINT('',(-3.621563481189,-8.29999711706,
    46.882230008477));
#949 = CARTESIAN_POINT('',(6.002309760333E-12,-8.300000000021,
    47.160005998231));
#950 = CARTESIAN_POINT('',(3.6215640955,-8.300014363265,47.437775131481)
  );
#951 = CARTESIAN_POINT('',(7.243361634854,-6.522167146456,
    47.715580932737));
#952 = CARTESIAN_POINT('',(9.865936642135,-2.967209296769,47.99330464695
    ));
#953 = CARTESIAN_POINT('',(10.501392082524,1.714368888887,
    48.271150796115));
#954 = CARTESIAN_POINT('',(8.637830776664,6.213378138251,48.548869822163
    ));
#955 = CARTESIAN_POINT('',(4.878156376417,9.074367558228,48.826681643514
    ));
#956 = CARTESIAN_POINT('',(0.509948455612,9.733729883629,49.104447135112
    ));
#957 = CARTESIAN_POINT('',(-3.308159187328,8.429816475587,49.38222690679
    ));
#958 = CARTESIAN_POINT('',(-8.429816302742,3.308158778835,49.93778266599
    ));
#959 = CARTESIAN_POINT('',(-9.733734471006,-0.509949817222,
    50.215562437683));
#960 = CARTESIAN_POINT('',(-9.074342932551,-4.878152827761,
    50.493327929205));
#961 = CARTESIAN_POINT('',(-6.213442048745,-8.637835908266,
    50.771139750761));
#962 = CARTESIAN_POINT('',(-1.714268193695,-10.50139052136,
    51.048858776461));
#963 = CARTESIAN_POINT('',(2.96710821175,-9.865934269895,51.326704926031
    ));
#964 = CARTESIAN_POINT('',(6.522232824744,-7.243363270912,
    51.604428639901));
#965 = CARTESIAN_POINT('',(8.299989759913,-3.621563875084,
    51.882234441378));
#966 = CARTESIAN_POINT('',(8.300004027115,2.204260341997E-07,
    52.160003574517));
#967 = CARTESIAN_POINT('',(5.629087352287,-3.469446951954E-18,
    12.470146098219));
#968 = CARTESIAN_POINT('',(5.629103777408,2.456148406362,12.747932986519
    ));
#969 = CARTESIAN_POINT('',(4.423342460636,4.912504701033,13.025681240661
    ));
#970 = CARTESIAN_POINT('',(2.012387389977,6.691046624955,13.30351595201)
  );
#971 = CARTESIAN_POINT('',(-1.16269823644,7.122163539051,13.581221784672
    ));
#972 = CARTESIAN_POINT('',(-4.213933857344,5.858137737112,
    13.859061282435));
#973 = CARTESIAN_POINT('',(-6.154265987463,3.308415274078,
    14.136803446093));
#974 = CARTESIAN_POINT('',(-6.601449099572,0.345842100775,
    14.414593899497));
#975 = CARTESIAN_POINT('',(-5.717130256816,-2.243604643136,
    14.692369797574));
#976 = CARTESIAN_POINT('',(-2.243604850988,-5.717130220674,
    15.247924854386));
#977 = CARTESIAN_POINT('',(0.345843420366,-6.601452494058,15.5257017592)
  );
#978 = CARTESIAN_POINT('',(3.308410169854,-6.154243012568,
    15.803488742851));
#979 = CARTESIAN_POINT('',(5.858143939028,-4.213998531585,
    16.081238275078));
#980 = CARTESIAN_POINT('',(7.122160848772,-1.16259609118,16.359066193058
    ));
#981 = CARTESIAN_POINT('',(6.691044874343,2.012284845677,16.636786306462
    ));
#982 = CARTESIAN_POINT('',(4.912506306033,4.423405150727,16.914606878202
    ));
#983 = CARTESIAN_POINT('',(2.456149073507,5.629083843465,17.192366429387
    ));
#984 = CARTESIAN_POINT('',(1.725730669477E-12,5.629087352272,
    17.470146098211));
#985 = CARTESIAN_POINT('',(-2.456148406364,5.629103777439,
    17.747932986539));
#986 = CARTESIAN_POINT('',(-4.912504701042,4.423342460594,
    18.025681240632));
#987 = CARTESIAN_POINT('',(-6.69104662493,2.01238739002,18.303515952042)
  );
#988 = CARTESIAN_POINT('',(-7.122163539084,-1.162698236474,
    18.581221784646));
#989 = CARTESIAN_POINT('',(-5.858137737089,-4.213933857325,
    18.859061282451));
#990 = CARTESIAN_POINT('',(-3.308415274087,-6.15426598747,
    19.136803446086));
#991 = CARTESIAN_POINT('',(-0.345842100774,-6.60144909957,
    19.414593899499));
#992 = CARTESIAN_POINT('',(2.243604643137,-5.717130256816,
    19.692369797573));
#993 = CARTESIAN_POINT('',(5.717130220672,-2.243604850987,
    20.247924854387));
#994 = CARTESIAN_POINT('',(6.601452494065,0.345843420363,20.525701759195
    ));
#995 = CARTESIAN_POINT('',(6.154243012558,3.308410169865,20.803488742862
    ));
#996 = CARTESIAN_POINT('',(4.213998531596,5.858143939005,21.081238275062
    ));
#997 = CARTESIAN_POINT('',(1.162596091167,7.122160848802,21.359066193079
    ));
#998 = CARTESIAN_POINT('',(-2.012284845655,6.691044874317,
    21.636786306441));
#999 = CARTESIAN_POINT('',(-4.423405150754,4.912506306047,21.91460687822
    ));
#1000 = CARTESIAN_POINT('',(-5.629083843441,2.456149073504,
    22.192366429374));
#1001 = CARTESIAN_POINT('',(-5.629087352286,9.768366671103E-13,
    22.470146098219));
#1002 = CARTESIAN_POINT('',(-5.629103777916,-2.456148416414,
    22.747932992097));
#1003 = CARTESIAN_POINT('',(-4.423342458549,-4.912504659674,
    23.025681217709));
#1004 = CARTESIAN_POINT('',(-2.01238739509,-6.691046726254,
    23.303516008228));
#1005 = CARTESIAN_POINT('',(1.162698245512,-7.122163359328,
    23.581221684929));
#1006 = CARTESIAN_POINT('',(4.213933844888,-5.858137983886,
    23.859061419392));
#1007 = CARTESIAN_POINT('',(6.154266001069,-3.308415004502,
    24.136803296481));
#1008 = CARTESIAN_POINT('',(6.601449087643,-0.345842337119,
    24.414594030666));
#1009 = CARTESIAN_POINT('',(5.717130265165,2.243604808548,
    24.692369705772));
#1010 = CARTESIAN_POINT('',(2.243604833509,5.717129874382,
    25.247925046575));
#1011 = CARTESIAN_POINT('',(-0.345843326011,6.601454363467,
    25.525700721695));
#1012 = CARTESIAN_POINT('',(-3.308410416575,6.154238124287,
    25.803491455801));
#1013 = CARTESIAN_POINT('',(-5.8581434896,4.214007436209,26.081233333099
    ));
#1014 = CARTESIAN_POINT('',(-7.122161473918,1.162583705072,
    26.35907306723));
#1015 = CARTESIAN_POINT('',(-6.691044186617,-2.012271219884,
    26.636778744272));
#1016 = CARTESIAN_POINT('',(-4.912506911394,-4.423417144366,
    26.914613534567));
#1017 = CARTESIAN_POINT('',(-2.456148648868,-5.629075430497,
    27.192361760261));
#1018 = CARTESIAN_POINT('',(-2.324524635E-07,-5.629091957609,
    27.470148654133));
#1019 = CARTESIAN_POINT('',(2.456148831003,-5.629095364469,
    27.747928317413));
#1020 = CARTESIAN_POINT('',(4.912504095664,-4.423354454228,
    28.025687896995));
#1021 = CARTESIAN_POINT('',(6.6910473127,-2.012373764246,28.303508389855
    ));
#1022 = CARTESIAN_POINT('',(7.122162913882,1.162685850394,
    28.581228658814));
#1023 = CARTESIAN_POINT('',(5.858138186559,4.213942761924,
    28.859056340474));
#1024 = CARTESIAN_POINT('',(3.308415027346,6.1542610992,29.136806159034)
  );
#1025 = CARTESIAN_POINT('',(0.345842195134,6.601450968977,
    29.414592861995));
#1026 = CARTESIAN_POINT('',(-2.243604660617,5.717129910525,
    29.692369989762));
#1027 = CARTESIAN_POINT('',(-5.717130212321,2.243605016399,
    30.247924762586));
#1028 = CARTESIAN_POINT('',(-6.601452506012,-0.345843656705,
    30.525701890357));
#1029 = CARTESIAN_POINT('',(-6.154242998891,-3.308409900303,
    30.803488593271));
#1030 = CARTESIAN_POINT('',(-4.21399854417,-5.858144185746,
    31.081238411979));
#1031 = CARTESIAN_POINT('',(-1.16259608194,-7.122160669127,
    31.359066093389));
#1032 = CARTESIAN_POINT('',(2.012284840399,-6.691044975571,
    31.636786362602));
#1033 = CARTESIAN_POINT('',(4.423405152939,-4.912506264715,
    31.914606855315));
#1034 = CARTESIAN_POINT('',(5.629083842885,-2.456149083547,
    32.192366434922));
#1035 = CARTESIAN_POINT('',(5.629087352312,-2.60895471893E-13,
    32.470146098232));
#1036 = CARTESIAN_POINT('',(5.629103777856,2.456148416417,
    32.747932992061));
#1037 = CARTESIAN_POINT('',(4.423342458635,4.912504659644,
    33.025681217763));
#1038 = CARTESIAN_POINT('',(2.012387394998,6.691046726322,
    33.303516008169));
#1039 = CARTESIAN_POINT('',(-1.16269824544,7.122163359246,
    33.581221684976));
#1040 = CARTESIAN_POINT('',(-4.213933844927,5.858137983945,
    33.859061419365));
#1041 = CARTESIAN_POINT('',(-6.154266001056,3.308415004476,
    34.136803296491));
#1042 = CARTESIAN_POINT('',(-6.601449087644,0.345842337125,
    34.414594030664));
#1043 = CARTESIAN_POINT('',(-5.717130265165,-2.243604808548,
    34.692369705772));
#1044 = CARTESIAN_POINT('',(-2.243604833509,-5.717129874382,
    35.247925046575));
#1045 = CARTESIAN_POINT('',(0.345843326013,-6.601454363468,
    35.525700721693));
#1046 = CARTESIAN_POINT('',(3.308410416565,-6.154238124282,
    35.80349145581));
#1047 = CARTESIAN_POINT('',(5.858143489624,-4.214007436225,
    36.081233333075));
#1048 = CARTESIAN_POINT('',(7.122161473879,-1.162583705035,
    36.359073067271));
#1049 = CARTESIAN_POINT('',(6.691044186656,2.012271219823,36.63677874422
    ));
#1050 = CARTESIAN_POINT('',(4.912506911371,4.423417144438,
    36.914613534617));
#1051 = CARTESIAN_POINT('',(2.456148648872,5.629075430433,
    37.192361760222));
#1052 = CARTESIAN_POINT('',(2.32460448224E-07,5.629091957651,
    37.470148654158));
#1053 = CARTESIAN_POINT('',(-2.45614884105,5.629095364936,
    37.747928322978));
#1054 = CARTESIAN_POINT('',(-4.912504054408,4.423354452212,
    38.025687874059));
#1055 = CARTESIAN_POINT('',(-6.691047413761,2.012373769234,
    38.303508446034));
#1056 = CARTESIAN_POINT('',(-7.122162734442,-1.1626858593,
    38.581228559133));
#1057 = CARTESIAN_POINT('',(-5.858138433129,-4.213942749631,
    38.859056477364));
#1058 = CARTESIAN_POINT('',(-3.308414757859,-6.154261112693,
    39.136806009474));
#1059 = CARTESIAN_POINT('',(-0.345842431459,-6.601450957099,
    39.414592993138));
#1060 = CARTESIAN_POINT('',(2.243604826027,-5.717129918863,
    39.692369897966));
#1061 = CARTESIAN_POINT('',(5.717129866033,-2.243604998926,
    40.24792495477));
#1062 = CARTESIAN_POINT('',(6.60145437539,0.345843562346,40.525700852872
    ));
#1063 = CARTESIAN_POINT('',(6.154238110721,3.308410147069,
    40.803491306163));
#1064 = CARTESIAN_POINT('',(4.214007448552,5.858143736207,
    41.081233470118));
#1065 = CARTESIAN_POINT('',(1.162583696191,7.122161294415,
    41.359072967382));
#1066 = CARTESIAN_POINT('',(-2.012271214995,6.691044287745,
    41.636778800616));
#1067 = CARTESIAN_POINT('',(-4.423417146263,4.912506870098,
    41.914613511504));
#1068 = CARTESIAN_POINT('',(-5.629075430102,2.456148658923,
    42.192361765903));
#1069 = CARTESIAN_POINT('',(-5.629091957579,2.324521341836E-07,
    42.470148654121));
#1070 = CARTESIAN_POINT('',(-5.629095364579,-2.456148830997,
    42.747928317481));
#1071 = CARTESIAN_POINT('',(-4.423354454073,-4.912504095758,
    43.025687896889));
#1072 = CARTESIAN_POINT('',(-2.012373764386,-6.69104731248,
    43.30350838996));
#1073 = CARTESIAN_POINT('',(1.162685850473,-7.122162914147,
    43.581228658741));
#1074 = CARTESIAN_POINT('',(4.21394276191,-5.858138186369,
    43.859056340507));
#1075 = CARTESIAN_POINT('',(6.154261099184,-3.308415027426,
    44.136806159028));
#1076 = CARTESIAN_POINT('',(6.601450968991,-0.345842195119,
    44.414592861992));
#1077 = CARTESIAN_POINT('',(5.717129910521,2.243604660619,
    44.692369989763));
#1078 = CARTESIAN_POINT('',(2.2436050164,5.717130212318,45.247924762587)
  );
#1079 = CARTESIAN_POINT('',(-0.345843656697,6.601452506022,
    45.525701890352));
#1080 = CARTESIAN_POINT('',(-3.308409900344,6.154242998886,
    45.803488593274));
#1081 = CARTESIAN_POINT('',(-5.858144185652,4.213998544148,
    46.081238411989));
#1082 = CARTESIAN_POINT('',(-7.122160669253,1.162596081999,
    46.359066093359));
#1083 = CARTESIAN_POINT('',(-6.691044975468,-2.012284840475,
    46.636786362646));
#1084 = CARTESIAN_POINT('',(-4.912506264758,-4.423405152877,
    46.914606855274));
#1085 = CARTESIAN_POINT('',(-2.456149083545,-5.629083842914,
    47.192366434943));
#1086 = CARTESIAN_POINT('',(1.358024803721E-12,-5.629087352312,
    47.470146098234));
#1087 = CARTESIAN_POINT('',(2.456148416422,-5.629103777875,
    47.747932992072));
#1088 = CARTESIAN_POINT('',(4.912504659642,-4.4233424586,48.02568121774)
  );
#1089 = CARTESIAN_POINT('',(6.691046726312,-2.012387395038,
    48.303516008196));
#1090 = CARTESIAN_POINT('',(7.122163359265,1.162698245472,
    48.581221684954));
#1091 = CARTESIAN_POINT('',(5.85813798393,4.213933844911,48.859061419378
    ));
#1092 = CARTESIAN_POINT('',(3.308415004483,6.154266001061,
    49.136803296486));
#1093 = CARTESIAN_POINT('',(0.345842337123,6.601449087644,
    49.414594030666));
#1094 = CARTESIAN_POINT('',(-2.243604808548,5.717130265165,
    49.692369705772));
#1095 = CARTESIAN_POINT('',(-5.717129874382,2.243604833509,
    50.247925046575));
#1096 = CARTESIAN_POINT('',(-6.601454363469,-0.345843326012,
    50.525700721693));
#1097 = CARTESIAN_POINT('',(-6.15423812428,-3.308410416571,
    50.803491455808));
#1098 = CARTESIAN_POINT('',(-4.214007436229,-5.858143489611,
    51.08123333308));
#1099 = CARTESIAN_POINT('',(-1.16258370503,-7.122161473901,
    51.359073067264));
#1100 = CARTESIAN_POINT('',(2.012271219823,-6.691044186631,
    51.636778744228));
#1101 = CARTESIAN_POINT('',(4.42341714443,-4.912506911391,
    51.914613534609));
#1102 = CARTESIAN_POINT('',(5.629075430448,-2.456148648865,
    52.192361760232));
#1103 = CARTESIAN_POINT('',(5.629091957633,-2.324566757868E-07,
    52.470148654146));
#1104 = CARTESIAN_POINT('',(3.426148002689,5.759281940243E-16,10.));
#1105 = CARTESIAN_POINT('',(3.426148001369,1.494925284777,10.27780152813
    ));
#1106 = CARTESIAN_POINT('',(2.692294291039,2.990038409439,
    10.555502340345));
#1107 = CARTESIAN_POINT('',(1.224795929328,4.072428006025,10.83342853897
    ));
#1108 = CARTESIAN_POINT('',(-0.707622460118,4.335008479221,
    11.111018762166));
#1109 = CARTESIAN_POINT('',(-2.564852805022,3.565478457452,
    11.388957438471));
#1110 = CARTESIAN_POINT('',(-3.745780111269,2.013705716412,
    11.666642373415));
#1111 = CARTESIAN_POINT('',(-4.01797832248,0.21048995705,11.944453195415
    ));
#1112 = CARTESIAN_POINT('',(-3.47973377378,-1.365570946563,
    12.222226072984));
#1113 = CARTESIAN_POINT('',(-1.365571607587,-3.479733554017,
    12.777780328356));
#1114 = CARTESIAN_POINT('',(0.210489492379,-4.017978328619,
    13.055555830369));
#1115 = CARTESIAN_POINT('',(2.013704410668,-3.745780502855,
    13.333357607218));
#1116 = CARTESIAN_POINT('',(3.565479175536,-2.564853403297,
    13.611061750851));
#1117 = CARTESIAN_POINT('',(4.335006724229,-0.707623250313,
    13.888970240533));
#1118 = CARTESIAN_POINT('',(4.072430015598,1.224795222193,
    14.166597691469));
#1119 = CARTESIAN_POINT('',(2.990037307456,2.692293756858,
    14.444487029988));
#1120 = CARTESIAN_POINT('',(1.494926997761,3.42614773825,14.722217292358
    ));
#1121 = CARTESIAN_POINT('',(1.032063323692E-12,3.426148002689,
    14.999999999978));
#1122 = CARTESIAN_POINT('',(-1.494925284784,3.426148001367,
    15.277801528179));
#1123 = CARTESIAN_POINT('',(-2.990038409423,2.692294291043,
    15.555502340276));
#1124 = CARTESIAN_POINT('',(-4.072428006048,1.224795929324,
    15.833428539042));
#1125 = CARTESIAN_POINT('',(-4.3350084792,-0.707622460117,
    16.111018762109));
#1126 = CARTESIAN_POINT('',(-3.565478457465,-2.564852805022,
    16.388957438506));
#1127 = CARTESIAN_POINT('',(-2.013705716406,-3.74578011127,16.6666423734
    ));
#1128 = CARTESIAN_POINT('',(-0.210489957051,-4.01797832248,
    16.94445319542));
#1129 = CARTESIAN_POINT('',(1.365570946563,-3.47973377378,
    17.222226072982));
#1130 = CARTESIAN_POINT('',(3.479733554017,-1.365571607587,
    17.777780328359));
#1131 = CARTESIAN_POINT('',(4.017978328616,0.210489492376,
    18.055555830355));
#1132 = CARTESIAN_POINT('',(3.745780502869,2.013704410677,
    18.333357607251));
#1133 = CARTESIAN_POINT('',(2.564853403268,3.56547917552,18.611061750799
    ));
#1134 = CARTESIAN_POINT('',(0.707623250348,4.335006724248,
    18.888970240599));
#1135 = CARTESIAN_POINT('',(-1.224795222219,4.072430015583,
    19.166597691405));
#1136 = CARTESIAN_POINT('',(-2.692293756846,2.990037307464,
    19.44448703004));
#1137 = CARTESIAN_POINT('',(-3.426147738252,1.494926997758,
    19.722217292322));
#1138 = CARTESIAN_POINT('',(-3.426148002689,2.156153727784E-12,
    19.999999999999));
#1139 = CARTESIAN_POINT('',(-3.42614800269,-1.494925284786,
    20.277801542672));
#1140 = CARTESIAN_POINT('',(-2.692294285598,-2.990038409421,
    20.55550228051));
#1141 = CARTESIAN_POINT('',(-1.224795942658,-4.072428006049,
    20.833428685526));
#1142 = CARTESIAN_POINT('',(0.70762248377,-4.335008479199,
    21.111018502143));
#1143 = CARTESIAN_POINT('',(2.564852772548,-3.565478457466,
    21.388957795506));
#1144 = CARTESIAN_POINT('',(3.745780146741,-2.013705716406,
    21.666641983389));
#1145 = CARTESIAN_POINT('',(4.017978291381,-0.210489957052,
    21.944453537363));
#1146 = CARTESIAN_POINT('',(3.479733795545,1.365570946563,
    22.222225833663));
#1147 = CARTESIAN_POINT('',(1.365571562021,3.479733554017,
    22.777780829377));
#1148 = CARTESIAN_POINT('',(-0.2104892464,4.017978328622,23.055553125676
    ));
#1149 = CARTESIAN_POINT('',(-2.013705053871,3.745780502841,
    23.333364679659));
#1150 = CARTESIAN_POINT('',(-3.565478003863,2.564853403327,
    23.611048867512));
#1151 = CARTESIAN_POINT('',(-4.335008354001,0.707623250274,
    23.888988160939));
#1152 = CARTESIAN_POINT('',(-4.072428222699,-1.22479522216,
    24.166577977456));
#1153 = CARTESIAN_POINT('',(-2.990038885602,-2.692293756878,
    24.444504382589));
#1154 = CARTESIAN_POINT('',(-1.494925890763,-3.426147738241,
    24.722205120326));
#1155 = CARTESIAN_POINT('',(-6.059806292313E-07,-3.426148002695,
    25.000006663059));
#1156 = CARTESIAN_POINT('',(1.494926391781,-3.426148001355,
    25.277789356149));
#1157 = CARTESIAN_POINT('',(2.990036831274,-2.692294291058,
    25.555519692871));
#1158 = CARTESIAN_POINT('',(4.072429798958,-1.22479592931,
    25.833408825039));
#1159 = CARTESIAN_POINT('',(4.335006849411,0.707622460107,
    26.111036682503));
#1160 = CARTESIAN_POINT('',(3.565479629153,2.564852805028,
    26.388944555176));
#1161 = CARTESIAN_POINT('',(2.013705073196,3.745780111266,
    26.666649445834));
#1162 = CARTESIAN_POINT('',(0.210490203032,4.017978322481,
    26.944450490731));
#1163 = CARTESIAN_POINT('',(-1.365570992129,3.47973377378,
    27.222226574001));
#1164 = CARTESIAN_POINT('',(-3.479733532252,1.365571607586,
    27.777780089042));
#1165 = CARTESIAN_POINT('',(-4.017978359719,-0.210489492375,
    28.055556172282));
#1166 = CARTESIAN_POINT('',(-3.745780467373,-2.013704410683,
    28.333357217278));
#1167 = CARTESIAN_POINT('',(-2.564853435792,-3.565479175506,
    28.611062107733));
#1168 = CARTESIAN_POINT('',(-0.707623226636,-4.335006724272,
    28.888969980715));
#1169 = CARTESIAN_POINT('',(1.224795208846,-4.072430015558,
    29.16659783781));
#1170 = CARTESIAN_POINT('',(2.692293762304,-2.990037307485,
    29.44448697033));
#1171 = CARTESIAN_POINT('',(3.426147736934,-1.494926997746,
    29.722217306784));
#1172 = CARTESIAN_POINT('',(3.426148002689,-4.736707553965E-12,
    30.000000000034));
#1173 = CARTESIAN_POINT('',(3.426148002692,1.494925284789,
    30.277801542582));
#1174 = CARTESIAN_POINT('',(2.692294285592,2.990038409419,
    30.555502280638));
#1175 = CARTESIAN_POINT('',(1.224795942668,4.072428006049,
    30.833428685396));
#1176 = CARTESIAN_POINT('',(-0.707622483779,4.335008479201,
    31.111018502241));
#1177 = CARTESIAN_POINT('',(-2.564852772542,3.565478457464,
    31.388957795452));
#1178 = CARTESIAN_POINT('',(-3.745780146744,2.013705716406,
    31.666641983409));
#1179 = CARTESIAN_POINT('',(-4.017978291381,0.210489957052,
    31.944453537359));
#1180 = CARTESIAN_POINT('',(-3.479733795545,-1.365570946563,
    32.222225833663));
#1181 = CARTESIAN_POINT('',(-1.365571562021,-3.479733554017,
    32.777780829377));
#1182 = CARTESIAN_POINT('',(0.210489246397,-4.017978328621,
    33.055553125672));
#1183 = CARTESIAN_POINT('',(2.013705053887,-3.745780502847,
    33.333364679677));
#1184 = CARTESIAN_POINT('',(3.565478003829,-2.564853403314,
    33.611048867464));
#1185 = CARTESIAN_POINT('',(4.335008354044,-0.70762325029,
    33.888988161023));
#1186 = CARTESIAN_POINT('',(4.072428222665,1.22479522217,34.166577977345
    ));
#1187 = CARTESIAN_POINT('',(2.99003888562,2.692293756877,34.444504382701
    ));
#1188 = CARTESIAN_POINT('',(1.494925890756,3.426147738238,
    34.722205120234));
#1189 = CARTESIAN_POINT('',(6.0598645657E-07,3.426148002695,
    35.000006663122));
#1190 = CARTESIAN_POINT('',(-1.494926391794,3.426148002671,
    35.27778937064));
#1191 = CARTESIAN_POINT('',(-2.990036831241,2.692294285642,
    35.555519633136));
#1192 = CARTESIAN_POINT('',(-4.072429799014,1.22479594259,
    35.833408971401));
#1193 = CARTESIAN_POINT('',(-4.335006849348,-0.7076224837,
    36.111036422735));
#1194 = CARTESIAN_POINT('',(-3.565479629202,-2.564852772595,
    36.388944911973));
#1195 = CARTESIAN_POINT('',(-2.01370507317,-3.745780146721,
    36.666649055967));
#1196 = CARTESIAN_POINT('',(-0.210490203041,-4.017978291386,
    36.944450832604));
#1197 = CARTESIAN_POINT('',(1.36557099213,-3.479733795544,
    37.222226334699));
#1198 = CARTESIAN_POINT('',(3.479733532251,-1.365571562021,
    37.777780590049));
#1199 = CARTESIAN_POINT('',(4.017978359721,0.210489246397,
    38.055553467641));
#1200 = CARTESIAN_POINT('',(3.745780467376,2.013705053888,
    38.333364289579));
#1201 = CARTESIAN_POINT('',(2.56485343578,3.565478003826,38.611049224674
    ));
#1202 = CARTESIAN_POINT('',(0.707623226651,4.335008354043,
    38.888987900693));
#1203 = CARTESIAN_POINT('',(-1.224795208851,4.072428222678,
    39.166578124296));
#1204 = CARTESIAN_POINT('',(-2.692293762313,2.990038885598,
    39.444504322489));
#1205 = CARTESIAN_POINT('',(-3.426147736919,1.494925890776,
    39.722205135031));
#1206 = CARTESIAN_POINT('',(-3.426148002693,6.059769548511E-07,
    40.000006663022));
#1207 = CARTESIAN_POINT('',(-3.426148001353,-1.494926391774,
    40.277789356313));
#1208 = CARTESIAN_POINT('',(-2.692294291078,-2.99003683127,
    40.555519692645));
#1209 = CARTESIAN_POINT('',(-1.224795929267,-4.07242979898,
    40.833408825227));
#1210 = CARTESIAN_POINT('',(0.707622460056,-4.335006849378,
    41.111036682404));
#1211 = CARTESIAN_POINT('',(2.564852805064,-3.56547962918,41.3889445552)
  );
#1212 = CARTESIAN_POINT('',(3.745780111251,-2.013705073183,
    41.666649445845));
#1213 = CARTESIAN_POINT('',(4.017978322484,-0.210490203036,
    41.944450490718));
#1214 = CARTESIAN_POINT('',(3.47973377378,1.365570992129,42.222226574004
    ));
#1215 = CARTESIAN_POINT('',(1.365571607586,3.479733532252,
    42.777780089043));
#1216 = CARTESIAN_POINT('',(-0.210489492374,4.017978359718,
    43.05555617227));
#1217 = CARTESIAN_POINT('',(-2.013704410683,3.74578046738,
    43.333357217296));
#1218 = CARTESIAN_POINT('',(-3.565479175508,2.564853435774,
    43.611062107733));
#1219 = CARTESIAN_POINT('',(-4.335006724265,0.707623226661,
    43.888969980675));
#1220 = CARTESIAN_POINT('',(-4.072430015564,-1.224795208867,
    44.166597837887));
#1221 = CARTESIAN_POINT('',(-2.99003730748,-2.692293762294,
    44.444486970248));
#1222 = CARTESIAN_POINT('',(-1.494926997748,-3.426147736933,
    44.722217306833));
#1223 = CARTESIAN_POINT('',(-6.106226635438E-12,-3.426148002689,
    45.000000000036));
#1224 = CARTESIAN_POINT('',(1.494925284796,-3.426148002692,
    45.277801542612));
#1225 = CARTESIAN_POINT('',(2.990038409402,-2.692294285594,
    45.555502280582));
#1226 = CARTESIAN_POINT('',(4.072428006078,-1.224795942663,
    45.833428685455));
#1227 = CARTESIAN_POINT('',(4.33500847917,0.707622483774,46.111018502197
    ));
#1228 = CARTESIAN_POINT('',(3.565478457485,2.564852772545,
    46.388957795477));
#1229 = CARTESIAN_POINT('',(2.013705716398,3.745780146743,
    46.666641983399));
#1230 = CARTESIAN_POINT('',(0.210489957053,4.017978291381,
    46.944453537361));
#1231 = CARTESIAN_POINT('',(-1.365570946563,3.479733795545,
    47.222225833663));
#1232 = CARTESIAN_POINT('',(-3.479733554017,1.365571562021,
    47.777780829377));
#1233 = CARTESIAN_POINT('',(-4.017978328622,-0.210489246395,
    48.055553125673));
#1234 = CARTESIAN_POINT('',(-3.745780502841,-2.013705053894,
    48.333364679671));
#1235 = CARTESIAN_POINT('',(-2.564853403326,-3.565478003812,
    48.611048867478));
#1236 = CARTESIAN_POINT('',(-0.707623250275,-4.335008354071,
    48.888988161004));
#1237 = CARTESIAN_POINT('',(1.224795222158,-4.072428222637,
    49.166577977364));
#1238 = CARTESIAN_POINT('',(2.692293756881,-2.990038885639,
    49.444504382684));
#1239 = CARTESIAN_POINT('',(3.426147738239,-1.494925890749,
    49.722205120255));
#1240 = CARTESIAN_POINT('',(3.426148002694,-6.059860060519E-07,
    50.000006663094));
#1241 = CARTESIAN_POINT('',(5.629087352287,1.693090112553E-15,
    7.529853901781));
#1242 = CARTESIAN_POINT('',(5.629070926157,2.456146417001,7.80764079008)
  );
#1243 = CARTESIAN_POINT('',(4.423413730337,4.912502668441,8.085389044249
    ));
#1244 = CARTESIAN_POINT('',(2.012269844852,6.69103873046,8.363223755512)
  );
#1245 = CARTESIAN_POINT('',(-1.1625824508,7.122155515675,8.640929588321)
  );
#1246 = CARTESIAN_POINT('',(-4.214003759146,5.858139117452,
    8.918769085928));
#1247 = CARTESIAN_POINT('',(-6.154232939122,3.308407694548,9.19651124969
    ));
#1248 = CARTESIAN_POINT('',(-6.601448960292,0.345843551994,
    9.474301703053));
#1249 = CARTESIAN_POINT('',(-5.717125281348,-2.243602927282,
    9.752077601138));
#1250 = CARTESIAN_POINT('',(-2.243603226562,-5.71712514889,
    10.307632657949));
#1251 = CARTESIAN_POINT('',(0.345841875913,-6.601445570515,
    10.585409562746));
#1252 = CARTESIAN_POINT('',(3.308411797014,-6.154256214437,
    10.863196546509));
#1253 = CARTESIAN_POINT('',(5.858133466451,-4.2139395439,11.140946078422
    ));
#1254 = CARTESIAN_POINT('',(7.122156859531,-1.162685202281,
    11.418773996928));
#1255 = CARTESIAN_POINT('',(6.691042022807,2.012371846633,
    11.696494109755));
#1256 = CARTESIAN_POINT('',(4.912500218004,4.423350630438,
    11.974314681912));
#1257 = CARTESIAN_POINT('',(2.456147064042,5.629090658233,
    12.252074232912));
#1258 = CARTESIAN_POINT('',(-5.950795411991E-13,5.629087352302,
    12.529853901773));
#1259 = CARTESIAN_POINT('',(-2.456146417005,5.629070926122,12.8076407901
    ));
#1260 = CARTESIAN_POINT('',(-4.912502668418,4.423413730391,
    13.085389044219));
#1261 = CARTESIAN_POINT('',(-6.691038730504,2.012269844793,
    13.363223755545));
#1262 = CARTESIAN_POINT('',(-7.122155515625,-1.162582450752,
    13.640929588295));
#1263 = CARTESIAN_POINT('',(-5.858139117486,-4.214003759172,
    13.918769085944));
#1264 = CARTESIAN_POINT('',(-3.308407694535,-6.154232939113,
    14.196511249683));
#1265 = CARTESIAN_POINT('',(-0.345843551996,-6.601448960293,
    14.474301703055));
#1266 = CARTESIAN_POINT('',(2.243602927281,-5.717125281348,
    14.752077601138));
#1267 = CARTESIAN_POINT('',(5.717125148892,-2.243603226562,
    15.30763265795));
#1268 = CARTESIAN_POINT('',(6.601445570504,0.345841875913,15.58540956274
    ));
#1269 = CARTESIAN_POINT('',(6.154256214467,3.30841179701,15.863196546521
    ));
#1270 = CARTESIAN_POINT('',(4.213939543846,5.858133466463,
    16.140946078403));
#1271 = CARTESIAN_POINT('',(1.162685202347,7.122156859514,
    16.418773996951));
#1272 = CARTESIAN_POINT('',(-2.012371846693,6.69104202282,
    16.696494109733));
#1273 = CARTESIAN_POINT('',(-4.423350630395,4.912500217999,
    16.97431468193));
#1274 = CARTESIAN_POINT('',(-5.629090658259,2.456147064042,
    17.252074232899));
#1275 = CARTESIAN_POINT('',(-5.629087352288,7.835086746066E-13,
    17.52985390178));
#1276 = CARTESIAN_POINT('',(-5.629070926661,-2.456146406956,
    17.807640795658));
#1277 = CARTESIAN_POINT('',(-4.423413728257,-4.912502709786,
    18.085389021296));
#1278 = CARTESIAN_POINT('',(-2.012269849957,-6.69103862918,
    18.363223811731));
#1279 = CARTESIAN_POINT('',(1.162582459863,-7.12215569538,
    18.640929488578));
#1280 = CARTESIAN_POINT('',(4.214003746695,-5.858138870691,
    18.918769222885));
#1281 = CARTESIAN_POINT('',(6.154232952726,-3.308407964119,
    19.196511100077));
#1282 = CARTESIAN_POINT('',(6.601448948363,-0.345843315651,
    19.474301834223));
#1283 = CARTESIAN_POINT('',(5.717125289696,2.24360276187,19.752077509336
    ));
#1284 = CARTESIAN_POINT('',(2.243603209083,5.717125495182,
    20.307632850138));
#1285 = CARTESIAN_POINT('',(-0.345841781556,6.601443701109,
    20.585408525236));
#1286 = CARTESIAN_POINT('',(-3.308412043745,6.154261102701,
    20.86319925947));
#1287 = CARTESIAN_POINT('',(-5.858133016999,4.213930639315,
    21.140941136422));
#1288 = CARTESIAN_POINT('',(-7.12215748471,1.16269758834,21.418780871127
    ));
#1289 = CARTESIAN_POINT('',(-6.691041335053,-2.01238547239,
    21.696486547536));
#1290 = CARTESIAN_POINT('',(-4.912500823376,-4.423338636816,
    21.9743213383));
#1291 = CARTESIAN_POINT('',(-2.456146639403,-5.629099071196,
    22.25206956377));
#1292 = CARTESIAN_POINT('',(-2.324512671237E-07,-5.629082746971,
    22.529856457703));
#1293 = CARTESIAN_POINT('',(2.456146841645,-5.629079339081,
    22.807636120959));
#1294 = CARTESIAN_POINT('',(4.912502063054,-4.423401736772,
    23.085395700605));
#1295 = CARTESIAN_POINT('',(6.691039418239,-2.012283470553,
    23.363216193332));
#1296 = CARTESIAN_POINT('',(7.122154890466,1.162594836822,
    23.640936462487));
#1297 = CARTESIAN_POINT('',(5.858139566926,4.213994854578,23.91876414395
    ));
#1298 = CARTESIAN_POINT('',(3.308407447809,6.15423782738,24.19651396264)
  );
#1299 = CARTESIAN_POINT('',(0.345843646351,6.601447090888,
    24.474300665547));
#1300 = CARTESIAN_POINT('',(-2.243602944759,5.717125627639,
    24.752077793326));
#1301 = CARTESIAN_POINT('',(-5.717125140546,2.24360306115,
    25.307632566149));
#1302 = CARTESIAN_POINT('',(-6.601445582424,-0.345841639568,
    25.585409693902));
#1303 = CARTESIAN_POINT('',(-6.154256200876,-3.308412066591,
    25.86319639693));
#1304 = CARTESIAN_POINT('',(-4.21393955628,-5.858133219677,
    26.14094621532));
#1305 = CARTESIAN_POINT('',(-1.162685193312,-7.122157039253,
    26.418773897262));
#1306 = CARTESIAN_POINT('',(2.012371841641,-6.691041921513,
    26.696494165893));
#1307 = CARTESIAN_POINT('',(4.423350632413,-4.912500259361,
    26.974314659025));
#1308 = CARTESIAN_POINT('',(5.629090657809,-2.45614705399,
    27.252074238447));
#1309 = CARTESIAN_POINT('',(5.629087352264,-3.102469670058E-12,
    27.529853901794));
#1310 = CARTESIAN_POINT('',(5.629070926723,2.456146406955,
    27.807640795623));
#1311 = CARTESIAN_POINT('',(4.423413728162,4.912502709813,
    28.085389021351));
#1312 = CARTESIAN_POINT('',(2.012269850062,6.691038629113,
    28.363223811672));
#1313 = CARTESIAN_POINT('',(-1.162582459951,7.122155695464,
    28.640929488625));
#1314 = CARTESIAN_POINT('',(-4.214003746644,5.858138870628,
    28.918769222858));
#1315 = CARTESIAN_POINT('',(-6.154232952746,3.308407964146,
    29.196511100088));
#1316 = CARTESIAN_POINT('',(-6.601448948359,0.345843315645,
    29.47430183422));
#1317 = CARTESIAN_POINT('',(-5.717125289697,-2.24360276187,
    29.752077509336));
#1318 = CARTESIAN_POINT('',(-2.243603209083,-5.717125495182,
    30.307632850138));
#1319 = CARTESIAN_POINT('',(0.345841781548,-6.601443701106,
    30.585408525234));
#1320 = CARTESIAN_POINT('',(3.308412043781,-6.154261102721,
    30.863199259479));
#1321 = CARTESIAN_POINT('',(5.858133016918,-4.213930639264,
    31.140941136398));
#1322 = CARTESIAN_POINT('',(7.122157484819,-1.162697588422,
    31.418780871168));
#1323 = CARTESIAN_POINT('',(6.691041334961,2.012385472483,
    31.696486547485));
#1324 = CARTESIAN_POINT('',(4.912500823424,4.423338636732,31.97432133835
    ));
#1325 = CARTESIAN_POINT('',(2.456146639394,5.629099071259,
    32.252069563731));
#1326 = CARTESIAN_POINT('',(2.324464656311E-07,5.629082746928,
    32.529856457728));
#1327 = CARTESIAN_POINT('',(-2.456146831607,5.629079339623,
    32.807636126524));
#1328 = CARTESIAN_POINT('',(-4.912502104283,4.423401734638,
    33.085395677669));
#1329 = CARTESIAN_POINT('',(-6.691039317224,2.012283475742,
    33.363216249511));
#1330 = CARTESIAN_POINT('',(-7.122155069855,-1.162594846002,
    33.640936362805));
#1331 = CARTESIAN_POINT('',(-5.858139320394,-4.213994842001,
    33.91876428084));
#1332 = CARTESIAN_POINT('',(-3.308407717278,-6.154237841082,
    34.19651381308));
#1333 = CARTESIAN_POINT('',(-0.345843410032,-6.601447078912,
    34.47430079669));
#1334 = CARTESIAN_POINT('',(2.24360277935,-5.717125635998,
    34.752077701531));
#1335 = CARTESIAN_POINT('',(5.717125486833,-2.243603043667,
    35.307632758333));
#1336 = CARTESIAN_POINT('',(6.601443713047,0.345841545212,
    35.585408656414));
#1337 = CARTESIAN_POINT('',(6.154261089052,3.308412313293,
    35.863199109831));
#1338 = CARTESIAN_POINT('',(4.21393065188,5.8581327703,36.140941273442)
  );
#1339 = CARTESIAN_POINT('',(1.162697579084,7.122157664327,
    36.418780771277));
#1340 = CARTESIAN_POINT('',(-2.012385467058,6.691041233844,
    36.696486603882));
#1341 = CARTESIAN_POINT('',(-4.423338639093,4.912500864698,
    36.974321315236));
#1342 = CARTESIAN_POINT('',(-5.629099070577,2.456146629355,
    37.252069569412));
#1343 = CARTESIAN_POINT('',(-5.629082746997,2.324462628593E-07,
    37.529856457691));
#1344 = CARTESIAN_POINT('',(-5.629079338972,-2.456146841643,
    37.807636121027));
#1345 = CARTESIAN_POINT('',(-4.423401736942,-4.912502062957,
    38.085395700498));
#1346 = CARTESIAN_POINT('',(-2.012283470375,-6.69103941848,
    38.363216193437));
#1347 = CARTESIAN_POINT('',(1.162594836695,-7.122154890172,
    38.640936462414));
#1348 = CARTESIAN_POINT('',(4.213994854629,-5.858139567138,
    38.918764143983));
#1349 = CARTESIAN_POINT('',(6.15423782738,-3.30840744772,39.196513962635
    ));
#1350 = CARTESIAN_POINT('',(6.601447090877,-0.345843646367,
    39.474300665545));
#1351 = CARTESIAN_POINT('',(5.717125627643,2.243602944757,
    39.752077793328));
#1352 = CARTESIAN_POINT('',(2.243603061148,5.717125140549,40.30763256615
    ));
#1353 = CARTESIAN_POINT('',(-0.345841639575,6.601445582413,
    40.585409693898));
#1354 = CARTESIAN_POINT('',(-3.308412066545,6.154256200889,
    40.863196396932));
#1355 = CARTESIAN_POINT('',(-5.858133219787,4.213939556283,
    41.140946215332));
#1356 = CARTESIAN_POINT('',(-7.122157039102,1.162685193281,
    41.418773897229));
#1357 = CARTESIAN_POINT('',(-6.691041921635,-2.012371841586,
    41.696494165938));
#1358 = CARTESIAN_POINT('',(-4.912500259309,-4.423350632467,
    41.974314658984));
#1359 = CARTESIAN_POINT('',(-2.456147053991,-5.629090657775,
    42.252074238468));
#1360 = CARTESIAN_POINT('',(-5.234035427293E-12,-5.629087352263,
    42.529853901795));
#1361 = CARTESIAN_POINT('',(2.456146406956,-5.629070926701,
    42.807640795634));
#1362 = CARTESIAN_POINT('',(4.912502709798,-4.423413728207,
    43.085389021328));
#1363 = CARTESIAN_POINT('',(6.691038629154,-2.012269850006,
    43.363223811697));
#1364 = CARTESIAN_POINT('',(7.12215569541,1.162582459901,43.640929488605
    ));
#1365 = CARTESIAN_POINT('',(5.858138870668,4.214003746674,
    43.918769222869));
#1366 = CARTESIAN_POINT('',(3.308407964129,6.154232952735,
    44.196511100084));
#1367 = CARTESIAN_POINT('',(0.345843315648,6.601448948362,
    44.474301834221));
#1368 = CARTESIAN_POINT('',(-2.24360276187,5.717125289697,
    44.752077509336));
#1369 = CARTESIAN_POINT('',(-5.717125495182,2.243603209083,
    45.307632850138));
#1370 = CARTESIAN_POINT('',(-6.601443701107,-0.345841781548,
    45.585408525235));
#1371 = CARTESIAN_POINT('',(-6.154261102715,-3.308412043784,
    45.863199259476));
#1372 = CARTESIAN_POINT('',(-4.213930639276,-5.858133016912,
    46.140941136405));
#1373 = CARTESIAN_POINT('',(-1.162697588406,-7.122157484826,
    46.418780871159));
#1374 = CARTESIAN_POINT('',(2.012385472468,-6.691041334957,
    46.696486547494));
#1375 = CARTESIAN_POINT('',(4.423338636745,-4.912500823422,
    46.974321338341));
#1376 = CARTESIAN_POINT('',(5.629099071245,-2.456146639394,
    47.252069563741));
#1377 = CARTESIAN_POINT('',(5.629082746945,-2.324506222923E-07,
    47.529856457716));
#1378 = CARTESIAN_POINT('',(8.3,-1.696559559505E-15,7.839994001758));
#1379 = CARTESIAN_POINT('',(8.299985637184,3.621562347129,8.117763140269
    ));
#1380 = CARTESIAN_POINT('',(6.522229465831,7.243359893637,8.395568914528
    ));
#1381 = CARTESIAN_POINT('',(2.967106514975,9.865929650234,8.673292703709
    ));
#1382 = CARTESIAN_POINT('',(-1.714267649409,10.501385223711,
    8.951138705132));
#1383 = CARTESIAN_POINT('',(-6.213439251663,8.637831767885,
    9.228857955487));
#1384 = CARTESIAN_POINT('',(-9.074338672199,4.878149984276,
    9.506669505187));
#1385 = CARTESIAN_POINT('',(-9.733729750522,0.509949517951,
    9.784435263007));
#1386 = CARTESIAN_POINT('',(-8.429812132732,-3.308157542265,
    10.062214823254));
#1387 = CARTESIAN_POINT('',(-3.30815734179,-8.429812170561,
    10.617770851755));
#1388 = CARTESIAN_POINT('',(0.509948377203,-9.733726782059,
    10.895549457342));
#1389 = CARTESIAN_POINT('',(4.87815448461,-9.07435875138,11.173318505432
    ));
#1390 = CARTESIAN_POINT('',(8.637826324329,-6.213382680686,
    11.451123067722));
#1391 = CARTESIAN_POINT('',(10.501387625897,-1.714356947389,
    11.728853298866));
#1392 = CARTESIAN_POINT('',(9.865931124151,2.967196204295,
    12.006685758251));
#1393 = CARTESIAN_POINT('',(7.243358521353,6.522174661961,
    12.284422955642));
#1394 = CARTESIAN_POINT('',(3.621561715238,8.300003075757,
    12.562218017217));
#1395 = CARTESIAN_POINT('',(-1.014299755298E-12,8.300000000013,
    12.839994001766));
#1396 = CARTESIAN_POINT('',(-3.621562347129,8.299985637152,
    13.117763140253));
#1397 = CARTESIAN_POINT('',(-7.243359893628,6.522229465881,
    13.395568914546));
#1398 = CARTESIAN_POINT('',(-9.865929650256,2.967106514916,
    13.673292703695));
#1399 = CARTESIAN_POINT('',(-10.50138522368,-1.714267649359,
    13.95113870514));
#1400 = CARTESIAN_POINT('',(-8.637831767904,-6.213439251693,
    14.228857955483));
#1401 = CARTESIAN_POINT('',(-4.878149984268,-9.074338672189,
    14.506669505189));
#1402 = CARTESIAN_POINT('',(-0.509949517952,-9.733729750524,
    14.784435263006));
#1403 = CARTESIAN_POINT('',(3.308157542264,-8.429812132733,
    15.062214823255));
#1404 = CARTESIAN_POINT('',(8.429812170562,-3.30815734179,
    15.617770851754));
#1405 = CARTESIAN_POINT('',(9.73372678205,0.509948377205,15.895549457347
    ));
#1406 = CARTESIAN_POINT('',(9.074358751404,4.878154484599,
    16.173318505419));
#1407 = CARTESIAN_POINT('',(6.213382680644,8.637826324353,
    16.451123067745));
#1408 = CARTESIAN_POINT('',(1.714356947441,10.501387625866,
    16.728853298837));
#1409 = CARTESIAN_POINT('',(-2.967196204342,9.865931124174,
    17.00668575828));
#1410 = CARTESIAN_POINT('',(-6.522174661926,7.243358521344,
    17.28442295562));
#1411 = CARTESIAN_POINT('',(-8.300003075779,3.621561715238,
    17.562218017231));
#1412 = CARTESIAN_POINT('',(-8.300000000001,-7.478948016448E-13,
    17.839994001758));
#1413 = CARTESIAN_POINT('',(-8.299985636699,-3.621562338339,
    18.117763134979));
#1414 = CARTESIAN_POINT('',(-6.522229467821,-7.243359929803,
    18.395568936294));
#1415 = CARTESIAN_POINT('',(-2.96710651011,-9.865929561655,
    18.673292650398));
#1416 = CARTESIAN_POINT('',(1.71426764079,-10.50138538086,
    18.951138799718));
#1417 = CARTESIAN_POINT('',(6.213439263488,-8.637831552097,
    19.228857825612));
#1418 = CARTESIAN_POINT('',(9.07433865929,-4.878150220004,
    19.506669647062));
#1419 = CARTESIAN_POINT('',(9.733729761836,-0.509949311281,
    19.784435138621));
#1420 = CARTESIAN_POINT('',(8.429812124815,3.308157397621,
    20.062214910308));
#1421 = CARTESIAN_POINT('',(3.308157358365,8.429812473374,
    20.617770669507));
#1422 = CARTESIAN_POINT('',(-0.50994846668,9.733725147365,
    20.895550441181));
#1423 = CARTESIAN_POINT('',(-4.878154250638,9.074363025901,
    21.173315932814));
#1424 = CARTESIAN_POINT('',(-8.637826750538,6.213374894109,
    21.451127754067));
#1425 = CARTESIAN_POINT('',(-10.50138703305,1.714367778328,
    21.728846780277));
#1426 = CARTESIAN_POINT('',(-9.86593177633,-2.967208119281,
    22.00669292927));
#1427 = CARTESIAN_POINT('',(-7.243357947295,-6.522164174189,
    22.284416643591));
#1428 = CARTESIAN_POINT('',(-3.621562117911,-8.300010432436,
    22.562222444825));
#1429 = CARTESIAN_POINT('',(2.204266262851E-07,-8.299995972901,
    22.839991578052));
#1430 = CARTESIAN_POINT('',(3.621561944457,-8.299992993827,
    23.11776756786));
#1431 = CARTESIAN_POINT('',(7.243360467689,-6.522218978117,
    23.395562602498));
#1432 = CARTESIAN_POINT('',(9.865928998067,-2.967118429896,
    23.673299874708));
#1433 = CARTESIAN_POINT('',(10.501385816539,1.714278480297,
    23.951132186557));
#1434 = CARTESIAN_POINT('',(8.63783134169,6.213431465114,24.228862641822
    ));
#1435 = CARTESIAN_POINT('',(4.878150218241,9.074342946711,
    24.506666932576));
#1436 = CARTESIAN_POINT('',(0.509949428475,9.733728115831,
    24.784436246842));
#1437 = CARTESIAN_POINT('',(-3.308157525689,8.429812435545,
    25.062214641008));
#1438 = CARTESIAN_POINT('',(-8.429812178481,3.308157197147,
    25.617770938806));
#1439 = CARTESIAN_POINT('',(-9.733726770729,-0.509948170534,
    25.89554933297));
#1440 = CARTESIAN_POINT('',(-9.07435876432,-4.878154720338,
    26.173318647272));
#1441 = CARTESIAN_POINT('',(-6.213382668816,-8.637826108538,
    26.45112293791));
#1442 = CARTESIAN_POINT('',(-1.714356956072,-10.50138778305,
    26.728853393368));
#1443 = CARTESIAN_POINT('',(2.967196209241,-9.86593103558,
    27.006685705027));
#1444 = CARTESIAN_POINT('',(6.522174659886,-7.243358557507,
    27.284422977337));
#1445 = CARTESIAN_POINT('',(8.30000307631,-3.621561706457,
    27.562218011972));
#1446 = CARTESIAN_POINT('',(8.299999999979,7.821937542118E-13,
    27.839994001744));
#1447 = CARTESIAN_POINT('',(8.299985636752,3.621562338337,
    28.117763135008));
#1448 = CARTESIAN_POINT('',(6.52222946774,7.243359929827,28.39556893626)
  );
#1449 = CARTESIAN_POINT('',(2.9671065102,9.865929561598,28.673292650425)
  );
#1450 = CARTESIAN_POINT('',(-1.714267640863,10.501385380938,
    28.951138799703));
#1451 = CARTESIAN_POINT('',(-6.213439263445,8.637831552044,
    29.228857825618));
#1452 = CARTESIAN_POINT('',(-9.074338659307,4.878150220027,
    29.50666964706));
#1453 = CARTESIAN_POINT('',(-9.733729761833,0.509949311276,
    29.784435138622));
#1454 = CARTESIAN_POINT('',(-8.429812124815,-3.308157397621,
    30.062214910308));
#1455 = CARTESIAN_POINT('',(-3.308157358365,-8.429812473374,
    30.617770669507));
#1456 = CARTESIAN_POINT('',(0.509948466673,-9.733725147361,
    30.895550441181));
#1457 = CARTESIAN_POINT('',(4.878154250669,-9.074363025923,
    31.173315932814));
#1458 = CARTESIAN_POINT('',(8.637826750468,-6.213374894056,
    31.451127754071));
#1459 = CARTESIAN_POINT('',(10.501387033145,-1.71436777841,
    31.728846780266));
#1460 = CARTESIAN_POINT('',(9.865931776253,2.967208119372,32.00669292929
    ));
#1461 = CARTESIAN_POINT('',(7.243357947332,6.522164174111,
    32.284416643565));
#1462 = CARTESIAN_POINT('',(3.621562117909,8.300010432493,
    32.562222444851));
#1463 = CARTESIAN_POINT('',(-2.204357585356E-07,8.299995972864,
    32.839991578032));
#1464 = CARTESIAN_POINT('',(-3.62156193567,8.299992993379,
    33.117767562603));
#1465 = CARTESIAN_POINT('',(-7.243360503764,6.522218980041,
    33.39556262418));
#1466 = CARTESIAN_POINT('',(-9.865928909699,2.967118425141,
    33.673299821547));
#1467 = CARTESIAN_POINT('',(-10.50138597344,-1.714278471819,
    33.95113228097));
#1468 = CARTESIAN_POINT('',(-8.637831126079,-6.213431476801,
    34.228862512088));
#1469 = CARTESIAN_POINT('',(-4.878150453895,-9.074342933898,
    34.50666707437));
#1470 = CARTESIAN_POINT('',(-0.50994922182,-9.733728127101,
    34.784436122489));
#1471 = CARTESIAN_POINT('',(3.308157381046,-8.429812427637,
    35.062214728055));
#1472 = CARTESIAN_POINT('',(8.429812481291,-3.308157213717,
    35.617770756563));
#1473 = CARTESIAN_POINT('',(9.733725136061,0.509948260009,
    35.895550316792));
#1474 = CARTESIAN_POINT('',(9.074363038759,4.878154486351,
    36.173316074694));
#1475 = CARTESIAN_POINT('',(6.213374882413,8.637826534794,36.45112762418
    ));
#1476 = CARTESIAN_POINT('',(1.714367786742,10.501387190146,
    36.728846874897));
#1477 = CARTESIAN_POINT('',(-2.967208123916,9.865931687797,
    37.006692875897));
#1478 = CARTESIAN_POINT('',(-6.522164172385,7.243357983452,
    37.284416665431));
#1479 = CARTESIAN_POINT('',(-8.300010432819,3.621562109114,
    37.562222439478));
#1480 = CARTESIAN_POINT('',(-8.299995972924,-2.204301173155E-07,
    37.839991578072));
#1481 = CARTESIAN_POINT('',(-8.299992993734,-3.621561944459,
    38.11776756781));
#1482 = CARTESIAN_POINT('',(-6.522218978252,-7.243360467606,
    38.395562602538));
#1483 = CARTESIAN_POINT('',(-2.967118429766,-9.865928998264,
    38.673299874712));
#1484 = CARTESIAN_POINT('',(1.714278480213,-10.5013858163,38.95113218652
    ));
#1485 = CARTESIAN_POINT('',(6.213431465142,-8.637831341856,
    39.228862641861));
#1486 = CARTESIAN_POINT('',(9.074342946716,-4.878150218174,
    39.506666932553));
#1487 = CARTESIAN_POINT('',(9.733728115821,-0.509949428486,
    39.784436246851));
#1488 = CARTESIAN_POINT('',(8.429812435548,3.308157525687,
    40.062214641007));
#1489 = CARTESIAN_POINT('',(3.308157197145,8.429812178484,
    40.617770938806));
#1490 = CARTESIAN_POINT('',(-0.509948170542,9.73372677072,
    40.895549332976));
#1491 = CARTESIAN_POINT('',(-4.878154720292,9.074358764327,
    41.173318647255));
#1492 = CARTESIAN_POINT('',(-8.637826108646,6.213382668826,
    41.451122937936));
#1493 = CARTESIAN_POINT('',(-10.5013877829,1.714356956032,
    41.728853393345));
#1494 = CARTESIAN_POINT('',(-9.865931035694,-2.967196209182,
    42.006685705035));
#1495 = CARTESIAN_POINT('',(-7.243358557462,-6.52217465994,
    42.284422977345));
#1496 = CARTESIAN_POINT('',(-3.621561706457,-8.300003076279,
    42.56221801196));
#1497 = CARTESIAN_POINT('',(2.353672812205E-13,-8.299999999979,
    42.839994001746));
#1498 = CARTESIAN_POINT('',(3.621562338334,-8.299985636732,
    43.117763134996));
#1499 = CARTESIAN_POINT('',(7.243359929824,-6.522229467781,
    43.395568936276));
#1500 = CARTESIAN_POINT('',(9.865929561619,-2.967106510147,
    43.673292650413));
#1501 = CARTESIAN_POINT('',(10.501385380908,1.714267640816,
    43.951138799708));
#1502 = CARTESIAN_POINT('',(8.637831552068,6.213439263472,
    44.228857825617));
#1503 = CARTESIAN_POINT('',(4.878150220017,9.074338659297,
    44.506669647061));
#1504 = CARTESIAN_POINT('',(0.509949311278,9.733729761834,
    44.784435138622));
#1505 = CARTESIAN_POINT('',(-3.308157397621,8.429812124815,
    45.062214910308));
#1506 = CARTESIAN_POINT('',(-8.429812473374,3.308157358365,
    45.617770669507));
#1507 = CARTESIAN_POINT('',(-9.733725147361,-0.509948466674,
    45.89555044118));
#1508 = CARTESIAN_POINT('',(-9.07436302592,-4.878154250668,
    46.173315932816));
#1509 = CARTESIAN_POINT('',(-6.213374894062,-8.637826750471,
    46.451127754065));
#1510 = CARTESIAN_POINT('',(-1.714367778401,-10.50138703313,
    46.728846780273));
#1511 = CARTESIAN_POINT('',(2.967208119362,-9.865931776265,
    47.006692929285));
#1512 = CARTESIAN_POINT('',(6.522164174121,-7.24335794732,
    47.284416643567));
#1513 = CARTESIAN_POINT('',(8.300010432481,-3.621562117914,
    47.562222444847));
#1514 = CARTESIAN_POINT('',(8.299995972879,2.20431320988E-07,
    47.83999157804));
#1515 = CARTESIAN_POINT('',(8.3,6.071532165919E-16,10.));
#1516 = CARTESIAN_POINT('',(8.300000000484,3.621563216922,
    10.277769138511));
#1517 = CARTESIAN_POINT('',(6.522198305127,7.243360782332,10.55557491276
    ));
#1518 = CARTESIAN_POINT('',(2.967157908327,9.865933101884,
    10.833298701976));
#1519 = CARTESIAN_POINT('',(-1.714318273476,10.50138873171,
    11.111144703337));
#1520 = CARTESIAN_POINT('',(-6.213408689035,8.63783116437,
    11.388863953757));
#1521 = CARTESIAN_POINT('',(-9.074353121672,4.878153298215,
    11.666675503416));
#1522 = CARTESIAN_POINT('',(-9.733729811418,0.509948883446,
    11.944441261251));
#1523 = CARTESIAN_POINT('',(-8.429814308118,-3.308158292475,
    12.222220821496));
#1524 = CARTESIAN_POINT('',(-3.308158052025,-8.429814388058,
    12.777776849997));
#1525 = CARTESIAN_POINT('',(0.509949052473,-9.733729809186,
    13.055555455592));
#1526 = CARTESIAN_POINT('',(4.878153773179,-9.074352979229,
    13.333324503631));
#1527 = CARTESIAN_POINT('',(8.637830903173,-6.213408471417,
    13.611129066061));
#1528 = CARTESIAN_POINT('',(10.501389370082,-1.714317986028,
    13.888859296973));
#1529 = CARTESIAN_POINT('',(9.865932370906,2.967158165535,
    14.166691756611));
#1530 = CARTESIAN_POINT('',(7.243361183175,6.522198499448,14.44442895382
    ));
#1531 = CARTESIAN_POINT('',(3.621562593821,8.300000096188,
    14.722224015475));
#1532 = CARTESIAN_POINT('',(-2.6645352591E-15,8.3,15.000000000008));
#1533 = CARTESIAN_POINT('',(-3.621563216921,8.300000000481,
    15.277769138495));
#1534 = CARTESIAN_POINT('',(-7.243360782336,6.522198305135,
    15.555574912778));
#1535 = CARTESIAN_POINT('',(-9.865933101878,2.967157908313,
    15.833298701961));
#1536 = CARTESIAN_POINT('',(-10.50138873171,-1.714318273461,
    16.111144703347));
#1537 = CARTESIAN_POINT('',(-8.637831164366,-6.213408689045,
    16.388863953752));
#1538 = CARTESIAN_POINT('',(-4.878153298216,-9.074353121668,
    16.666675503418));
#1539 = CARTESIAN_POINT('',(-0.509948883446,-9.733729811419,
    16.94444126125));
#1540 = CARTESIAN_POINT('',(3.308158292475,-8.429814308118,
    17.222220821496));
#1541 = CARTESIAN_POINT('',(8.429814388058,-3.308158052025,
    17.777776849996));
#1542 = CARTESIAN_POINT('',(9.733729809185,0.509949052473,
    18.055555455596));
#1543 = CARTESIAN_POINT('',(9.074352979235,4.878153773175,
    18.333324503618));
#1544 = CARTESIAN_POINT('',(6.213408471404,8.637830903181,
    18.611129066084));
#1545 = CARTESIAN_POINT('',(1.714317986044,10.501389370073,
    18.888859296942));
#1546 = CARTESIAN_POINT('',(-2.967158165546,9.865932370911,
    19.166691756641));
#1547 = CARTESIAN_POINT('',(-6.522198499444,7.243361183175,
    19.444428953797));
#1548 = CARTESIAN_POINT('',(-8.300000096189,3.62156259382,19.72222401549
    ));
#1549 = CARTESIAN_POINT('',(-8.3,-6.635005045386E-13,20.));
#1550 = CARTESIAN_POINT('',(-8.3,-3.621563216919,20.277769133221));
#1551 = CARTESIAN_POINT('',(-6.522198307114,-7.243360782338,
    20.555574934525));
#1552 = CARTESIAN_POINT('',(-2.967157903466,-9.865933101876,
    20.833298648666));
#1553 = CARTESIAN_POINT('',(1.714318264859,-10.50138873171,
    21.111144797922));
#1554 = CARTESIAN_POINT('',(6.213408700858,-8.637831164366,
    21.388863823885));
#1555 = CARTESIAN_POINT('',(9.074353108763,-4.878153298217,
    21.666675645288));
#1556 = CARTESIAN_POINT('',(9.733729822732,-0.509948883445,
    21.944441136866));
#1557 = CARTESIAN_POINT('',(8.429814300201,3.308158292474,
    22.222220908549));
#1558 = CARTESIAN_POINT('',(3.3081580686,8.429814388058,22.777776667749)
  );
#1559 = CARTESIAN_POINT('',(-0.509949141951,9.733729809185,
    23.055556439432));
#1560 = CARTESIAN_POINT('',(-4.878153539202,9.074352979226,
    23.33332193101));
#1561 = CARTESIAN_POINT('',(-8.637831329393,6.213408471424,
    23.611133752413));
#1562 = CARTESIAN_POINT('',(-10.50138877722,1.714317986021,
    23.888852778373));
#1563 = CARTESIAN_POINT('',(-9.865933023097,-2.967158165536,
    24.166698927642));
#1564 = CARTESIAN_POINT('',(-7.243360609112,-6.522198499443,
    24.444422641758));
#1565 = CARTESIAN_POINT('',(-3.621562996494,-8.300000096194,
    24.72222844309));
#1566 = CARTESIAN_POINT('',(2.20426103148E-07,-8.299999999998,
    24.999997576291));
#1567 = CARTESIAN_POINT('',(3.621562814248,-8.300000000484,
    25.277773566109));
#1568 = CARTESIAN_POINT('',(7.243361356391,-6.522198305134,
    25.55556860072));
#1569 = CARTESIAN_POINT('',(9.865932449702,-2.967157908313,
    25.833305872987));
#1570 = CARTESIAN_POINT('',(10.501389324555,1.714318273461,
    26.111138184752));
#1571 = CARTESIAN_POINT('',(8.637830738163,6.213408689044,
    26.388868640101));
#1572 = CARTESIAN_POINT('',(4.878153532184,9.074353121669,
    26.666672930799));
#1573 = CARTESIAN_POINT('',(0.509948793971,9.733729811418,
    26.944442245088));
#1574 = CARTESIAN_POINT('',(-3.3081582759,8.429814308118,27.222220639249
    ));
#1575 = CARTESIAN_POINT('',(-8.429814395975,3.308158052025,
    27.777776937048));
#1576 = CARTESIAN_POINT('',(-9.733729797876,-0.509949052471,
    28.05555533122));
#1577 = CARTESIAN_POINT('',(-9.074352992118,-4.87815377319,
    28.333324645471));
#1578 = CARTESIAN_POINT('',(-6.213408459636,-8.637830903147,
    28.611128936249));
#1579 = CARTESIAN_POINT('',(-1.714317994592,-10.50138937011,
    28.888859391474));
#1580 = CARTESIAN_POINT('',(2.967158170357,-9.865932370881,
    29.166691703388));
#1581 = CARTESIAN_POINT('',(6.522198497477,-7.243361183183,
    29.444428975514));
#1582 = CARTESIAN_POINT('',(8.300000096673,-3.621562593825,
    29.722224010231));
#1583 = CARTESIAN_POINT('',(8.3,2.021664086138E-12,29.999999999987));
#1584 = CARTESIAN_POINT('',(8.300000000001,3.621563216919,
    30.277769133251));
#1585 = CARTESIAN_POINT('',(6.522198307112,7.243360782337,
    30.555574934491));
#1586 = CARTESIAN_POINT('',(2.967157903469,9.865933101878,
    30.833298648693));
#1587 = CARTESIAN_POINT('',(-1.714318264864,10.501388731715,
    31.111144797908));
#1588 = CARTESIAN_POINT('',(-6.213408700854,8.637831164366,
    31.38886382389));
#1589 = CARTESIAN_POINT('',(-9.074353108766,4.878153298216,
    31.666675645287));
#1590 = CARTESIAN_POINT('',(-9.733729822731,0.509948883445,
    31.944441136867));
#1591 = CARTESIAN_POINT('',(-8.429814300201,-3.308158292474,
    32.222220908549));
#1592 = CARTESIAN_POINT('',(-3.3081580686,-8.429814388058,
    32.777776667749));
#1593 = CARTESIAN_POINT('',(0.509949141948,-9.733729809183,
    33.055556439432));
#1594 = CARTESIAN_POINT('',(4.878153539214,-9.074352979237,
    33.333321931009));
#1595 = CARTESIAN_POINT('',(8.637831329369,-6.213408471401,
    33.611133752417));
#1596 = CARTESIAN_POINT('',(10.501388777251,-1.714317986052,
    33.888852778362));
#1597 = CARTESIAN_POINT('',(9.865933023078,2.967158165559,
    34.166698927661));
#1598 = CARTESIAN_POINT('',(7.243360609118,6.522198499432,
    34.444422641732));
#1599 = CARTESIAN_POINT('',(3.621562996498,8.300000096196,
    34.722228443116));
#1600 = CARTESIAN_POINT('',(-2.204296478681E-07,8.299999999997,
    34.999997576271));
#1601 = CARTESIAN_POINT('',(-3.621562814243,8.300000000004,
    35.277773560852));
#1602 = CARTESIAN_POINT('',(-7.243361356401,6.52219830711,
    35.555568622401));
#1603 = CARTESIAN_POINT('',(-9.865932449688,2.967157903471,
    35.833305819826));
#1604 = CARTESIAN_POINT('',(-10.50138932457,-1.714318264863,
    36.111138279164));
#1605 = CARTESIAN_POINT('',(-8.637830738148,-6.213408700855,
    36.388868510367));
#1606 = CARTESIAN_POINT('',(-4.878153532193,-9.074353108765,
    36.666673072593));
#1607 = CARTESIAN_POINT('',(-0.509948793967,-9.733729822731,
    36.944442120735));
#1608 = CARTESIAN_POINT('',(3.308158275899,-8.429814300201,
    37.222220726296));
#1609 = CARTESIAN_POINT('',(8.429814395975,-3.3081580686,37.777776754805
    ));
#1610 = CARTESIAN_POINT('',(9.733729797875,0.509949141945,
    38.055556315043));
#1611 = CARTESIAN_POINT('',(9.07435299212,4.87815353923,38.333322072889)
  );
#1612 = CARTESIAN_POINT('',(6.213408459632,8.637831329332,
    38.611133622526));
#1613 = CARTESIAN_POINT('',(1.714317994599,10.501388777303,
    38.888852872993));
#1614 = CARTESIAN_POINT('',(-2.967158170364,9.865933023031,
    39.166698874269));
#1615 = CARTESIAN_POINT('',(-6.522198497472,7.243360609147,
    39.444422663598));
#1616 = CARTESIAN_POINT('',(-8.300000096675,3.621562996487,
    39.722228437743));
#1617 = CARTESIAN_POINT('',(-8.299999999996,-2.204275497478E-07,
    39.99999757631));
#1618 = CARTESIAN_POINT('',(-8.300000000487,-3.621562814248,
    40.277773566059));
#1619 = CARTESIAN_POINT('',(-6.522198305127,-7.243361356393,
    40.55556860076));
#1620 = CARTESIAN_POINT('',(-2.967157908323,-9.865932449697,
    40.83330587299));
#1621 = CARTESIAN_POINT('',(1.714318273468,-10.50138932456,
    41.111138184715));
#1622 = CARTESIAN_POINT('',(6.213408689042,-8.637830738153,
    41.388868640141));
#1623 = CARTESIAN_POINT('',(9.074353121669,-4.878153532191,
    41.666672930776));
#1624 = CARTESIAN_POINT('',(9.733729811419,-0.509948793967,
    41.944442245097));
#1625 = CARTESIAN_POINT('',(8.429814308118,3.308158275899,
    42.222220639248));
#1626 = CARTESIAN_POINT('',(3.308158052025,8.429814395975,
    42.777776937048));
#1627 = CARTESIAN_POINT('',(-0.509949052473,9.733729797876,
    43.055555331226));
#1628 = CARTESIAN_POINT('',(-4.87815377318,9.074352992117,
    43.333324645454));
#1629 = CARTESIAN_POINT('',(-8.637830903167,6.213408459636,
    43.611128936276));
#1630 = CARTESIAN_POINT('',(-10.50138937009,1.714317994592,
    43.88885939145));
#1631 = CARTESIAN_POINT('',(-9.865932370899,-2.967158170356,
    44.166691703397));
#1632 = CARTESIAN_POINT('',(-7.243361183178,-6.522198497479,
    44.444428975522));
#1633 = CARTESIAN_POINT('',(-3.621562593823,-8.30000009667,
    44.722224010219));
#1634 = CARTESIAN_POINT('',(3.121058966826E-12,-8.3,44.999999999988));
#1635 = CARTESIAN_POINT('',(3.621563216917,-8.299999999999,
    45.277769133239));
#1636 = CARTESIAN_POINT('',(7.243360782339,-6.522198307119,
    45.555574934507));
#1637 = CARTESIAN_POINT('',(9.865933101876,-2.967157903458,
    45.833298648681));
#1638 = CARTESIAN_POINT('',(10.501388731716,1.714318264851,
    46.111144797913));
#1639 = CARTESIAN_POINT('',(8.637831164366,6.213408700862,
    46.388863823889));
#1640 = CARTESIAN_POINT('',(4.878153298217,9.074353108762,
    46.666675645288));
#1641 = CARTESIAN_POINT('',(0.509948883445,9.733729822732,
    46.944441136866));
#1642 = CARTESIAN_POINT('',(-3.308158292474,8.429814300201,
    47.222220908549));
#1643 = CARTESIAN_POINT('',(-8.429814388058,3.3081580686,47.777776667749
    ));
#1644 = CARTESIAN_POINT('',(-9.733729809184,-0.509949141948,
    48.055556439432));
#1645 = CARTESIAN_POINT('',(-9.074352979235,-4.878153539215,
    48.333321931009));
#1646 = CARTESIAN_POINT('',(-6.213408471403,-8.637831329368,
    48.611133752415));
#1647 = CARTESIAN_POINT('',(-1.714317986048,-10.50138877725,
    48.888852778365));
#1648 = CARTESIAN_POINT('',(2.967158165556,-9.86593302308,49.16669892766
    ));
#1649 = CARTESIAN_POINT('',(6.522198499433,-7.243360609116,
    49.444422641733));
#1650 = CARTESIAN_POINT('',(8.300000096197,-3.621562996499,
    49.722228443112));
#1651 = CARTESIAN_POINT('',(8.299999999997,2.204286814328E-07,
    49.999997576278));
#1652 = DEFINITIONAL_REPRESENTATION('',(#1653),#1733);
#1653 = B_SPLINE_CURVE_WITH_KNOTS('',8,(#1654,#1655,#1656,#1657,#1658,
    #1659,#1660,#1661,#1662,#1663,#1664,#1665,#1666,#1667,#1668,#1669,
    #1670,#1671,#1672,#1673,#1674,#1675,#1676,#1677,#1678,#1679,#1680,
    #1681,#1682,#1683,#1684,#1685,#1686,#1687,#1688,#1689,#1690,#1691,
    #1692,#1693,#1694,#1695,#1696,#1697,#1698,#1699,#1700,#1701,#1702,
    #1703,#1704,#1705,#1706,#1707,#1708,#1709,#1710,#1711,#1712,#1713,
    #1714,#1715,#1716,#1717,#1718,#1719,#1720,#1721,#1722,#1723,#1724,
    #1725,#1726,#1727,#1728,#1729,#1730,#1731,#1732),.UNSPECIFIED.,.F.,
  .F.,(9,7,7,7,7,7,7,7,7,7,7,9),(0.,0.180826948537,0.328630618139,
    0.435443913002,0.481810019996,0.518357595457,0.569112253835,
    0.594343908125,0.626679541167,0.689044625976,0.82267909207,1.),
  .UNSPECIFIED.);
#1654 = CARTESIAN_POINT('',(4.019177741372,0.));
#1655 = CARTESIAN_POINT('',(4.03590355878,2.587775103707E-02));
#1656 = CARTESIAN_POINT('',(4.052950741615,5.165765806567E-02));
#1657 = CARTESIAN_POINT('',(4.07034854153,7.733432546808E-02));
#1658 = CARTESIAN_POINT('',(4.088132155769,0.102902077817));
#1659 = CARTESIAN_POINT('',(4.106343036425,0.128354804641));
#1660 = CARTESIAN_POINT('',(4.125031296199,0.153685423239));
#1661 = CARTESIAN_POINT('',(4.144260210674,0.17888495954));
#1662 = CARTESIAN_POINT('',(4.180339867912,0.224421663592));
#1663 = CARTESIAN_POINT('',(4.196984278604,0.244806741194));
#1664 = CARTESIAN_POINT('',(4.214090345944,0.265089964759));
#1665 = CARTESIAN_POINT('',(4.231715143021,0.285263314541));
#1666 = CARTESIAN_POINT('',(4.249926485649,0.305317448525));
#1667 = CARTESIAN_POINT('',(4.268809255552,0.325240671319));
#1668 = CARTESIAN_POINT('',(4.288480080338,0.345016689527));
#1669 = CARTESIAN_POINT('',(4.324019264232,0.378788713916));
#1670 = CARTESIAN_POINT('',(4.339425881778,0.392863608177));
#1671 = CARTESIAN_POINT('',(4.355400328532,0.406839412489));
#1672 = CARTESIAN_POINT('',(4.372021184237,0.420705993088));
#1673 = CARTESIAN_POINT('',(4.389398873144,0.434446128846));
#1674 = CARTESIAN_POINT('',(4.407670175036,0.448036173649));
#1675 = CARTESIAN_POINT('',(4.427024057946,0.461442384466));
#1676 = CARTESIAN_POINT('',(4.456845803252,0.480318042741));
#1677 = CARTESIAN_POINT('',(4.466141237056,0.485983508802));
#1678 = CARTESIAN_POINT('',(4.475735502279,0.491597272426));
#1679 = CARTESIAN_POINT('',(4.485665097136,0.497152796915));
#1680 = CARTESIAN_POINT('',(4.495971374138,0.502640965865));
#1681 = CARTESIAN_POINT('',(4.506704215702,0.508049488388));
#1682 = CARTESIAN_POINT('',(4.517930842064,0.513361419269));
#1683 = CARTESIAN_POINT('',(4.539065877243,0.522644838263));
#1684 = CARTESIAN_POINT('',(4.548731183241,0.526653703161));
#1685 = CARTESIAN_POINT('',(4.558809672827,0.530575387349));
#1686 = CARTESIAN_POINT('',(4.569364013073,0.534396244352));
#1687 = CARTESIAN_POINT('',(4.580463880949,0.538090396716));
#1688 = CARTESIAN_POINT('',(4.592183951548,0.541620470781));
#1689 = CARTESIAN_POINT('',(4.604614573833,0.544935307667));
#1690 = CARTESIAN_POINT('',(4.636369387817,0.552156429913));
#1691 = CARTESIAN_POINT('',(4.658169124757,0.556172043737));
#1692 = CARTESIAN_POINT('',(4.682235763622,0.559164975003));
#1693 = CARTESIAN_POINT('',(4.707505917767,0.560440728402));
#1694 = CARTESIAN_POINT('',(4.732892795988,0.559714369604));
#1695 = CARTESIAN_POINT('',(4.757345343661,0.55717247486));
#1696 = CARTESIAN_POINT('',(4.779734180405,0.553435701334));
#1697 = CARTESIAN_POINT('',(4.808072233828,0.547450761101));
#1698 = CARTESIAN_POINT('',(4.817480425387,0.545218610389));
#1699 = CARTESIAN_POINT('',(4.826887078723,0.542742016174));
#1700 = CARTESIAN_POINT('',(4.836292270612,0.540021386366));
#1701 = CARTESIAN_POINT('',(4.845696084888,0.53705716042));
#1702 = CARTESIAN_POINT('',(4.85509861244,0.533849809337));
#1703 = CARTESIAN_POINT('',(4.864499951213,0.530399835663));
#1704 = CARTESIAN_POINT('',(4.885947105417,0.521976210259));
#1705 = CARTESIAN_POINT('',(4.897276037894,0.51712838765));
#1706 = CARTESIAN_POINT('',(4.908021087771,0.512195390049));
#1707 = CARTESIAN_POINT('',(4.918264452022,0.507197868092));
#1708 = CARTESIAN_POINT('',(4.92806914252,0.502150802084));
#1709 = CARTESIAN_POINT('',(4.937488168395,0.497064736201));
#1710 = CARTESIAN_POINT('',(4.946564865803,0.491945755805));
#1711 = CARTESIAN_POINT('',(4.972261619545,0.476865176021));
#1712 = CARTESIAN_POINT('',(4.988036897442,0.46683407888));
#1713 = CARTESIAN_POINT('',(5.002925153625,0.45673694789));
#1714 = CARTESIAN_POINT('',(5.017069977428,0.446594980355));
#1715 = CARTESIAN_POINT('',(5.030577096808,0.436423007218));
#1716 = CARTESIAN_POINT('',(5.043533122681,0.426230791029));
#1717 = CARTESIAN_POINT('',(5.056003128115,0.416022710409));
#1718 = CARTESIAN_POINT('',(5.093851125387,0.383892230192));
#1719 = CARTESIAN_POINT('',(5.117666386766,0.36193832661));
#1720 = CARTESIAN_POINT('',(5.140025461319,0.339970272599));
#1721 = CARTESIAN_POINT('',(5.161189050561,0.318009623716));
#1722 = CARTESIAN_POINT('',(5.181345182531,0.296070664649));
#1723 = CARTESIAN_POINT('',(5.200647961249,0.274160735018));
#1724 = CARTESIAN_POINT('',(5.219203158726,0.252279574975));
#1725 = CARTESIAN_POINT('',(5.260868590512,0.201415304255));
#1726 = CARTESIAN_POINT('',(5.283470111587,0.172465801418));
#1727 = CARTESIAN_POINT('',(5.305122511563,0.143573362965));
#1728 = CARTESIAN_POINT('',(5.325961476038,0.114740245431));
#1729 = CARTESIAN_POINT('',(5.346089970829,8.596769401003E-02));
#1730 = CARTESIAN_POINT('',(5.365591576311,5.725531614195E-02));
#1731 = CARTESIAN_POINT('',(5.384532991766,2.860090922448E-02));
#1732 = CARTESIAN_POINT('',(5.402972023549,0.));
#1733 = ( GEOMETRIC_REPRESENTATION_CONTEXT(2) 
PARAMETRIC_REPRESENTATION_CONTEXT() REPRESENTATION_CONTEXT('2D SPACE',''
  ) );
#1734 = ADVANCED_FACE('',(#1735),#185,.F.);
#1735 = FACE_BOUND('',#1736,.F.);
#1736 = EDGE_LOOP('',(#1737,#1758,#1759,#1760));
#1737 = ORIENTED_EDGE('',*,*,#1738,.T.);
#1738 = EDGE_CURVE('',#345,#423,#1739,.T.);
#1739 = SURFACE_CURVE('',#1740,(#1744,#1751),.PCURVE_S1.);
#1740 = LINE('',#1741,#1742);
#1741 = CARTESIAN_POINT('',(-6.,-10.39230484541,0.));
#1742 = VECTOR('',#1743,1.);
#1743 = DIRECTION('',(0.,0.,1.));
#1744 = PCURVE('',#185,#1745);
#1745 = DEFINITIONAL_REPRESENTATION('',(#1746),#1750);
#1746 = LINE('',#1747,#1748);
#1747 = CARTESIAN_POINT('',(0.,0.));
#1748 = VECTOR('',#1749,1.);
#1749 = DIRECTION('',(0.,-1.));
#1750 = ( GEOMETRIC_REPRESENTATION_CONTEXT(2) 
PARAMETRIC_REPRESENTATION_CONTEXT() REPRESENTATION_CONTEXT('2D SPACE',''
  ) );
#1751 = PCURVE('',#360,#1752);
#1752 = DEFINITIONAL_REPRESENTATION('',(#1753),#1757);
#1753 = LINE('',#1754,#1755);
#1754 = CARTESIAN_POINT('',(12.,0.));
#1755 = VECTOR('',#1756,1.);
#1756 = DIRECTION('',(0.,-1.));
#1757 = ( GEOMETRIC_REPRESENTATION_CONTEXT(2) 
PARAMETRIC_REPRESENTATION_CONTEXT() REPRESENTATION_CONTEXT('2D SPACE',''
  ) );
#1758 = ORIENTED_EDGE('',*,*,#445,.T.);
#1759 = ORIENTED_EDGE('',*,*,#167,.F.);
#1760 = ORIENTED_EDGE('',*,*,#372,.F.);
#1761 = ADVANCED_FACE('',(#1762),#283,.F.);
#1762 = FACE_BOUND('',#1763,.F.);
#1763 = EDGE_LOOP('',(#1764,#1765,#1766,#1787));
#1764 = ORIENTED_EDGE('',*,*,#267,.T.);
#1765 = ORIENTED_EDGE('',*,*,#399,.T.);
#1766 = ORIENTED_EDGE('',*,*,#1767,.F.);
#1767 = EDGE_CURVE('',#322,#400,#1768,.T.);
#1768 = SURFACE_CURVE('',#1769,(#1773,#1780),.PCURVE_S1.);
#1769 = LINE('',#1770,#1771);
#1770 = CARTESIAN_POINT('',(-12.,1.469576158977E-15,0.));
#1771 = VECTOR('',#1772,1.);
#1772 = DIRECTION('',(0.,0.,1.));
#1773 = PCURVE('',#283,#1774);
#1774 = DEFINITIONAL_REPRESENTATION('',(#1775),#1779);
#1775 = LINE('',#1776,#1777);
#1776 = CARTESIAN_POINT('',(12.,0.));
#1777 = VECTOR('',#1778,1.);
#1778 = DIRECTION('',(0.,-1.));
#1779 = ( GEOMETRIC_REPRESENTATION_CONTEXT(2) 
PARAMETRIC_REPRESENTATION_CONTEXT() REPRESENTATION_CONTEXT('2D SPACE',''
  ) );
#1780 = PCURVE('',#360,#1781);
#1781 = DEFINITIONAL_REPRESENTATION('',(#1782),#1786);
#1782 = LINE('',#1783,#1784);
#1783 = CARTESIAN_POINT('',(0.,0.));
#1784 = VECTOR('',#1785,1.);
#1785 = DIRECTION('',(0.,-1.));
#1786 = ( GEOMETRIC_REPRESENTATION_CONTEXT(2) 
PARAMETRIC_REPRESENTATION_CONTEXT() REPRESENTATION_CONTEXT('2D SPACE',''
  ) );
#1787 = ORIENTED_EDGE('',*,*,#321,.F.);
#1788 = ADVANCED_FACE('',(#1789),#360,.F.);
#1789 = FACE_BOUND('',#1790,.F.);
#1790 = EDGE_LOOP('',(#1791,#1792,#1793,#1794));
#1791 = ORIENTED_EDGE('',*,*,#1767,.T.);
#1792 = ORIENTED_EDGE('',*,*,#422,.T.);
#1793 = ORIENTED_EDGE('',*,*,#1738,.F.);
#1794 = ORIENTED_EDGE('',*,*,#344,.F.);
#1795 = ADVANCED_FACE('',(#1796),#486,.F.);
#1796 = FACE_BOUND('',#1797,.F.);
#1797 = EDGE_LOOP('',(#1798,#1821,#1850));
#1798 = ORIENTED_EDGE('',*,*,#1799,.T.);
#1799 = EDGE_CURVE('',#470,#1800,#1802,.T.);
#1800 = VERTEX_POINT('',#1801);
#1801 = CARTESIAN_POINT('',(7.,-1.505952129272E-16,11.3));
#1802 = SURFACE_CURVE('',#1803,(#1807,#1814),.PCURVE_S1.);
#1803 = LINE('',#1804,#1805);
#1804 = CARTESIAN_POINT('',(7.,0.,9.));
#1805 = VECTOR('',#1806,1.);
#1806 = DIRECTION('',(0.,0.,1.));
#1807 = PCURVE('',#486,#1808);
#1808 = DEFINITIONAL_REPRESENTATION('',(#1809),#1813);
#1809 = LINE('',#1810,#1811);
#1810 = CARTESIAN_POINT('',(1.,-2.05950205328E-04));
#1811 = VECTOR('',#1812,1.);
#1812 = DIRECTION('',(-1.,0.));
#1813 = ( GEOMETRIC_REPRESENTATION_CONTEXT(2) 
PARAMETRIC_REPRESENTATION_CONTEXT() REPRESENTATION_CONTEXT('2D SPACE',''
  ) );
#1814 = PCURVE('',#514,#1815);
#1815 = DEFINITIONAL_REPRESENTATION('',(#1816),#1820);
#1816 = LINE('',#1817,#1818);
#1817 = CARTESIAN_POINT('',(-6.28318530718,0.));
#1818 = VECTOR('',#1819,1.);
#1819 = DIRECTION('',(-0.,-1.));
#1820 = ( GEOMETRIC_REPRESENTATION_CONTEXT(2) 
PARAMETRIC_REPRESENTATION_CONTEXT() REPRESENTATION_CONTEXT('2D SPACE',''
  ) );
#1821 = ORIENTED_EDGE('',*,*,#1822,.T.);
#1822 = EDGE_CURVE('',#1800,#472,#1823,.T.);
#1823 = SURFACE_CURVE('',#1824,(#1832,#1843),.PCURVE_S1.);
#1824 = ( BOUNDED_CURVE() B_SPLINE_CURVE(6,(#1825,#1826,#1827,#1828,
#1829,#1830,#1831),.UNSPECIFIED.,.T.,.F.) B_SPLINE_CURVE_WITH_KNOTS((1,6
    ,6,1),(-6.28318530718,0.,6.28318530718,12.566370614359),
.UNSPECIFIED.) CURVE() GEOMETRIC_REPRESENTATION_ITEM() 
RATIONAL_B_SPLINE_CURVE((1.669078461068,1.03672962321,1.038346699848,
    0.853534330196,1.038346699848,1.03672962321,1.669078461068)) 
REPRESENTATION_ITEM('') );
#1825 = CARTESIAN_POINT('',(8.3,6.071532165919E-16,10.));
#1826 = CARTESIAN_POINT('',(8.3,-1.717376241217E-15,12.160005998242));
#1827 = CARTESIAN_POINT('',(5.629087352287,-3.469446951954E-18,
    12.470146098219));
#1828 = CARTESIAN_POINT('',(3.426148002689,5.759281940243E-16,10.));
#1829 = CARTESIAN_POINT('',(5.629087352287,1.693090112553E-15,
    7.529853901781));
#1830 = CARTESIAN_POINT('',(8.3,-1.696559559505E-15,7.839994001758));
#1831 = CARTESIAN_POINT('',(8.3,6.071532165919E-16,10.));
#1832 = PCURVE('',#486,#1833);
#1833 = DEFINITIONAL_REPRESENTATION('',(#1834),#1842);
#1834 = ( BOUNDED_CURVE() B_SPLINE_CURVE(6,(#1835,#1836,#1837,#1838,
#1839,#1840,#1841),.UNSPECIFIED.,.T.,.F.) B_SPLINE_CURVE_WITH_KNOTS((1,6
    ,6,1),(-6.28318530718,0.,6.28318530718,12.566370614359),
.UNSPECIFIED.) CURVE() GEOMETRIC_REPRESENTATION_ITEM() 
RATIONAL_B_SPLINE_CURVE((1.669078461068,1.03672962321,1.038346699848,
    0.853534330196,1.038346699848,1.03672962321,1.669078461068)) 
REPRESENTATION_ITEM('') );
#1835 = CARTESIAN_POINT('',(1.7763568394E-15,1.299794049795));
#1836 = CARTESIAN_POINT('',(-2.160005998242,1.299794049795));
#1837 = CARTESIAN_POINT('',(-2.470146098219,-1.371118597918));
#1838 = CARTESIAN_POINT('',(-1.7763568394E-15,-3.574057947516));
#1839 = CARTESIAN_POINT('',(2.470146098219,-1.371118597918));
#1840 = CARTESIAN_POINT('',(2.160005998242,1.299794049795));
#1841 = CARTESIAN_POINT('',(1.7763568394E-15,1.299794049795));
#1842 = ( GEOMETRIC_REPRESENTATION_CONTEXT(2) 
PARAMETRIC_REPRESENTATION_CONTEXT() REPRESENTATION_CONTEXT('2D SPACE',''
  ) );
#1843 = PCURVE('',#692,#1844);
#1844 = DEFINITIONAL_REPRESENTATION('',(#1845),#1849);
#1845 = LINE('',#1846,#1847);
#1846 = CARTESIAN_POINT('',(0.,0.));
#1847 = VECTOR('',#1848,1.);
#1848 = DIRECTION('',(1.,0.));
#1849 = ( GEOMETRIC_REPRESENTATION_CONTEXT(2) 
PARAMETRIC_REPRESENTATION_CONTEXT() REPRESENTATION_CONTEXT('2D SPACE',''
  ) );
#1850 = ORIENTED_EDGE('',*,*,#469,.F.);
#1851 = ADVANCED_FACE('',(#1852),#692,.T.);
#1852 = FACE_BOUND('',#1853,.T.);
#1853 = EDGE_LOOP('',(#1854,#2068,#2069,#2070,#2258,#2488,#2702,#2916,
    #3151,#3365,#3579,#3793,#4028,#4242,#4278,#4492,#4706,#4894,#5103,
    #5312,#5521,#5709,#5960,#6190));
#1854 = ORIENTED_EDGE('',*,*,#1855,.F.);
#1855 = EDGE_CURVE('',#1800,#1856,#1858,.T.);
#1856 = VERTEX_POINT('',#1857);
#1857 = CARTESIAN_POINT('',(7.,0.,15.300000097559));
#1858 = SURFACE_CURVE('',#1859,(#1925,#1994),.PCURVE_S1.);
#1859 = B_SPLINE_CURVE_WITH_KNOTS('',8,(#1860,#1861,#1862,#1863,#1864,
    #1865,#1866,#1867,#1868,#1869,#1870,#1871,#1872,#1873,#1874,#1875,
    #1876,#1877,#1878,#1879,#1880,#1881,#1882,#1883,#1884,#1885,#1886,
    #1887,#1888,#1889,#1890,#1891,#1892,#1893,#1894,#1895,#1896,#1897,
    #1898,#1899,#1900,#1901,#1902,#1903,#1904,#1905,#1906,#1907,#1908,
    #1909,#1910,#1911,#1912,#1913,#1914,#1915,#1916,#1917,#1918,#1919,
    #1920,#1921,#1922,#1923,#1924),.UNSPECIFIED.,.F.,.F.,(9,7,7,7,7,7,7,
    7,7,9),(0.,0.118166182279,0.235091088745,0.373934766463,
    0.522834903424,0.592377492343,0.666140815361,0.750484588179,
    0.875311054123,1.),.UNSPECIFIED.);
#1860 = CARTESIAN_POINT('',(7.,-1.7763568394E-15,11.3));
#1861 = CARTESIAN_POINT('',(7.,0.649560803152,11.359074739967));
#1862 = CARTESIAN_POINT('',(6.931113540196,1.299448282576,
    11.418178271858));
#1863 = CARTESIAN_POINT('',(6.793219893996,1.940637077519,
    11.477266743261));
#1864 = CARTESIAN_POINT('',(6.587758730341,2.564611618424,
    11.536343150536));
#1865 = CARTESIAN_POINT('',(6.317252069037,3.163257439102,
    11.595419094342));
#1866 = CARTESIAN_POINT('',(5.985331822786,3.728895700684,
    11.654506827547));
#1867 = CARTESIAN_POINT('',(5.596691541593,4.254290264578,
    11.713610124337));
#1868 = CARTESIAN_POINT('',(4.722921517401,5.206451401462,
    11.831140856943));
#1869 = CARTESIAN_POINT('',(4.23844800081,5.634632169644,11.889622652968
    ));
#1870 = CARTESIAN_POINT('',(3.709891097765,6.01093371259,11.948089929292
    ));
#1871 = CARTESIAN_POINT('',(3.143833207994,6.330209059422,
    12.006546284403));
#1872 = CARTESIAN_POINT('',(2.547374819782,6.588288349029,12.06500335439
    ));
#1873 = CARTESIAN_POINT('',(1.928130396196,6.782025613001,
    12.123472372663));
#1874 = CARTESIAN_POINT('',(1.294194536724,6.909280960109,
    12.181955478298));
#1875 = CARTESIAN_POINT('',(-0.105598672095,7.04069240404,
    12.309820543724));
#1876 = CARTESIAN_POINT('',(-0.875078646775,7.017409995831,
    12.379297151002));
#1877 = CARTESIAN_POINT('',(-1.639300427105,6.897801422559,
    12.448736920111));
#1878 = CARTESIAN_POINT('',(-2.384294742424,6.683442488655,
    12.518152030955));
#1879 = CARTESIAN_POINT('',(-3.096741187569,6.377862529201,
    12.587566708915));
#1880 = CARTESIAN_POINT('',(-3.764097735973,5.986763658987,
    12.657005440531));
#1881 = CARTESIAN_POINT('',(-4.374560941981,5.517764577289,
    12.726481033229));
#1882 = CARTESIAN_POINT('',(-5.50020266321,4.406554021683,
    12.870332394465));
#1883 = CARTESIAN_POINT('',(-6.00656326971,3.752987227926,
    12.944862651594));
#1884 = CARTESIAN_POINT('',(-6.423188398714,3.033657001281,
    13.019339110066));
#1885 = CARTESIAN_POINT('',(-6.74077947622,2.263220925468,
    13.093783553405));
#1886 = CARTESIAN_POINT('',(-6.95247738692,1.457227367256,
    13.168227939502));
#1887 = CARTESIAN_POINT('',(-7.054363826886,0.632213802129,
    13.242704705579));
#1888 = CARTESIAN_POINT('',(-7.045005279477,-0.194511470967,
    13.31723546148));
#1889 = CARTESIAN_POINT('',(-6.872689339823,-1.382849469894,
    13.426440281681));
#1890 = CARTESIAN_POINT('',(-6.794212965459,-1.757767191321,
    13.461207380864));
#1891 = CARTESIAN_POINT('',(-6.692376773727,-2.127531184243,
    13.495975036685));
#1892 = CARTESIAN_POINT('',(-6.567581589737,-2.49043971165,
    13.530742826412));
#1893 = CARTESIAN_POINT('',(-6.420370348771,-2.844846019022,
    13.565510419144));
#1894 = CARTESIAN_POINT('',(-6.251428096285,-3.189158334324,
    13.600277575812));
#1895 = CARTESIAN_POINT('',(-6.061581987909,-3.521839868013,
    13.63504414918));
#1896 = CARTESIAN_POINT('',(-5.629288414038,-4.180373290546,
    13.706686060257));
#1897 = CARTESIAN_POINT('',(-5.384353180496,-4.504581654757,
    13.743558903274));
#1898 = CARTESIAN_POINT('',(-5.118130858493,-4.812317121989,
    13.780430749494));
#1899 = CARTESIAN_POINT('',(-4.831904487535,-5.10197850759,
    13.817303717425));
#1900 = CARTESIAN_POINT('',(-4.527098655771,-5.37207462925,13.8541796139
    ));
#1901 = CARTESIAN_POINT('',(-4.205282384731,-5.621230616953,
    13.891058705225));
#1902 = CARTESIAN_POINT('',(-3.868181119999,-5.848206129571,
    13.927937553074));
#1903 = CARTESIAN_POINT('',(-3.116941978362,-6.284865884597,
    14.006962594434));
#1904 = CARTESIAN_POINT('',(-2.698537882687,-6.487488501052,
    14.049121382095));
#1905 = CARTESIAN_POINT('',(-2.265218604901,-6.658198485415,
    14.09127656141));
#1906 = CARTESIAN_POINT('',(-1.819825280313,-6.795747896576,
    14.133428708066));
#1907 = CARTESIAN_POINT('',(-1.365289738361,-6.899191915996,
    14.175581542652));
#1908 = CARTESIAN_POINT('',(-0.904626001561,-6.967876946498,
    14.217738571149));
#1909 = CARTESIAN_POINT('',(-0.440930660464,-7.001460588204,
    14.259899513375));
#1910 = CARTESIAN_POINT('',(0.708632170068,-6.997747829809,
    14.364447729845));
#1911 = CARTESIAN_POINT('',(1.394839759758,-6.918692841824,
    14.426877986936));
#1912 = CARTESIAN_POINT('',(2.070532691476,-6.762664824688,
    14.489287974591));
#1913 = CARTESIAN_POINT('',(2.725690907752,-6.531508683027,
    14.551682641316));
#1914 = CARTESIAN_POINT('',(3.350811395551,-6.228384811867,
    14.614077116888));
#1915 = CARTESIAN_POINT('',(3.936967455456,-5.857827832232,
    14.676486597275));
#1916 = CARTESIAN_POINT('',(4.475806836373,-5.42566039486,
    14.738916228609));
#1917 = CARTESIAN_POINT('',(5.443471614438,-4.454011441112,
    14.863630630258));
#1918 = CARTESIAN_POINT('',(5.873018753802,-3.914044937214,
    14.925992884395));
#1919 = CARTESIAN_POINT('',(6.240890199574,-3.327118136328,
    14.988333564686));
#1920 = CARTESIAN_POINT('',(6.541322244766,-2.701588720834,
    15.050657796885));
#1921 = CARTESIAN_POINT('',(6.769836734432,-2.046374039737,
    15.112980653797));
#1922 = CARTESIAN_POINT('',(6.923329084924,-1.370946323033,
    15.175318341226));
#1923 = CARTESIAN_POINT('',(7.000000000189,-0.68528028462,
    15.237676730784));
#1924 = CARTESIAN_POINT('',(7.,-1.7763568394E-15,15.300000097559));
#1925 = PCURVE('',#692,#1926);
#1926 = DEFINITIONAL_REPRESENTATION('',(#1927),#1993);
#1927 = B_SPLINE_CURVE_WITH_KNOTS('',8,(#1928,#1929,#1930,#1931,#1932,
    #1933,#1934,#1935,#1936,#1937,#1938,#1939,#1940,#1941,#1942,#1943,
    #1944,#1945,#1946,#1947,#1948,#1949,#1950,#1951,#1952,#1953,#1954,
    #1955,#1956,#1957,#1958,#1959,#1960,#1961,#1962,#1963,#1964,#1965,
    #1966,#1967,#1968,#1969,#1970,#1971,#1972,#1973,#1974,#1975,#1976,
    #1977,#1978,#1979,#1980,#1981,#1982,#1983,#1984,#1985,#1986,#1987,
    #1988,#1989,#1990,#1991,#1992),.UNSPECIFIED.,.F.,.F.,(9,7,7,7,7,7,7,
    7,7,9),(0.,0.118166182279,0.235091088745,0.373934766463,
    0.522834903424,0.592377492343,0.666140815361,0.750484588179,
    0.875311054123,1.),.UNSPECIFIED.);
#1928 = CARTESIAN_POINT('',(1.571514235749,0.));
#1929 = CARTESIAN_POINT('',(1.57151564725,0.110002830443));
#1930 = CARTESIAN_POINT('',(1.571513649355,0.220059274207));
#1931 = CARTESIAN_POINT('',(1.571515608956,0.330087673903));
#1932 = CARTESIAN_POINT('',(1.571516266501,0.440093609034));
#1933 = CARTESIAN_POINT('',(1.571515633785,0.550098681143));
#1934 = CARTESIAN_POINT('',(1.571514492951,0.660125706238));
#1935 = CARTESIAN_POINT('',(1.571513648139,0.770181712228));
#1936 = CARTESIAN_POINT('',(1.571513128769,0.98903520626));
#1937 = CARTESIAN_POINT('',(1.571513443518,1.097933918226));
#1938 = CARTESIAN_POINT('',(1.571514614265,1.206805593113));
#1939 = CARTESIAN_POINT('',(1.571516511231,1.315656931644));
#1940 = CARTESIAN_POINT('',(1.571518145742,1.424509601384));
#1941 = CARTESIAN_POINT('',(1.571518846458,1.533384519954));
#1942 = CARTESIAN_POINT('',(1.571518574878,1.642285670537));
#1943 = CARTESIAN_POINT('',(1.571516500052,1.880382683216));
#1944 = CARTESIAN_POINT('',(1.571514417371,2.009754788013));
#1945 = CARTESIAN_POINT('',(1.571511881717,2.139058296602));
#1946 = CARTESIAN_POINT('',(1.57151006066,2.268315889216));
#1947 = CARTESIAN_POINT('',(1.571510388072,2.397572675657));
#1948 = CARTESIAN_POINT('',(1.571512224702,2.526874252325));
#1949 = CARTESIAN_POINT('',(1.571514410431,2.656244467878));
#1950 = CARTESIAN_POINT('',(1.571517992241,2.924109496289));
#1951 = CARTESIAN_POINT('',(1.571519319254,3.062891981714));
#1952 = CARTESIAN_POINT('',(1.571519149975,3.201574288895));
#1953 = CARTESIAN_POINT('',(1.571516830494,3.340196980722));
#1954 = CARTESIAN_POINT('',(1.571513745961,3.478819566093));
#1955 = CARTESIAN_POINT('',(1.571512890752,3.617502446035));
#1956 = CARTESIAN_POINT('',(1.57151333631,3.756285860209));
#1957 = CARTESIAN_POINT('',(1.571514428854,3.959635706976));
#1958 = CARTESIAN_POINT('',(1.571514875885,4.024375379439));
#1959 = CARTESIAN_POINT('',(1.571515230497,4.089116088418));
#1960 = CARTESIAN_POINT('',(1.571515382689,4.153857046743));
#1961 = CARTESIAN_POINT('',(1.571515304087,4.218597638243));
#1962 = CARTESIAN_POINT('',(1.571515047948,4.283337417751));
#1963 = CARTESIAN_POINT('',(1.571514749158,4.348076111099));
#1964 = CARTESIAN_POINT('',(1.571514491723,4.481480219204));
#1965 = CARTESIAN_POINT('',(1.571514440489,4.550140988606));
#1966 = CARTESIAN_POINT('',(1.571515416986,4.618799901875));
#1967 = CARTESIAN_POINT('',(1.571515802167,4.68746090388));
#1968 = CARTESIAN_POINT('',(1.571514906816,4.756127359114));
#1969 = CARTESIAN_POINT('',(1.571513960345,4.824799763464));
#1970 = CARTESIAN_POINT('',(1.571514593044,4.893471714439));
#1971 = CARTESIAN_POINT('',(1.571515061945,5.040623919093));
#1972 = CARTESIAN_POINT('',(1.57151537691,5.119127624288));
#1973 = CARTESIAN_POINT('',(1.571515375621,5.197624610395));
#1974 = CARTESIAN_POINT('',(1.57151497033,5.276115949399));
#1975 = CARTESIAN_POINT('',(1.571514319725,5.354608569398));
#1976 = CARTESIAN_POINT('',(1.571513720409,5.433108998861));
#1977 = CARTESIAN_POINT('',(1.571513436772,5.511616716064));
#1978 = CARTESIAN_POINT('',(1.571513517275,5.706295520168));
#1979 = CARTESIAN_POINT('',(1.57151428563,5.822546645251));
#1980 = CARTESIAN_POINT('',(1.571515942775,5.938760026691));
#1981 = CARTESIAN_POINT('',(1.571518038254,6.054944879112));
#1982 = CARTESIAN_POINT('',(1.571519192535,6.171129375608));
#1983 = CARTESIAN_POINT('',(1.571519002946,6.287341812464));
#1984 = CARTESIAN_POINT('',(1.571517831717,6.403591772322));
#1985 = CARTESIAN_POINT('',(1.571514707371,6.635821946938));
#1986 = CARTESIAN_POINT('',(1.571512782587,6.751946442786));
#1987 = CARTESIAN_POINT('',(1.571510882299,6.868030773251));
#1988 = CARTESIAN_POINT('',(1.571510458076,6.984084456659));
#1989 = CARTESIAN_POINT('',(1.571510893315,7.100135609141));
#1990 = CARTESIAN_POINT('',(1.571513005959,7.216214347707));
#1991 = CARTESIAN_POINT('',(1.571514820648,7.332331653722));
#1992 = CARTESIAN_POINT('',(1.571516323771,7.448383738795));
#1993 = ( GEOMETRIC_REPRESENTATION_CONTEXT(2) 
PARAMETRIC_REPRESENTATION_CONTEXT() REPRESENTATION_CONTEXT('2D SPACE',''
  ) );
#1994 = PCURVE('',#1995,#2000);
#1995 = CYLINDRICAL_SURFACE('',#1996,7.);
#1996 = AXIS2_PLACEMENT_3D('',#1997,#1998,#1999);
#1997 = CARTESIAN_POINT('',(0.,0.,9.));
#1998 = DIRECTION('',(-0.,-0.,-1.));
#1999 = DIRECTION('',(1.,0.,0.));
#2000 = DEFINITIONAL_REPRESENTATION('',(#2001),#2067);
#2001 = B_SPLINE_CURVE_WITH_KNOTS('',8,(#2002,#2003,#2004,#2005,#2006,
    #2007,#2008,#2009,#2010,#2011,#2012,#2013,#2014,#2015,#2016,#2017,
    #2018,#2019,#2020,#2021,#2022,#2023,#2024,#2025,#2026,#2027,#2028,
    #2029,#2030,#2031,#2032,#2033,#2034,#2035,#2036,#2037,#2038,#2039,
    #2040,#2041,#2042,#2043,#2044,#2045,#2046,#2047,#2048,#2049,#2050,
    #2051,#2052,#2053,#2054,#2055,#2056,#2057,#2058,#2059,#2060,#2061,
    #2062,#2063,#2064,#2065,#2066),.UNSPECIFIED.,.F.,.F.,(9,7,7,7,7,7,7,
    7,7,9),(0.,0.118166182279,0.235091088745,0.373934766463,
    0.522834903424,0.592377492343,0.666140815361,0.750484588179,
    0.875311054123,1.),.UNSPECIFIED.);
#2002 = CARTESIAN_POINT('',(0.,-2.3));
#2003 = CARTESIAN_POINT('',(-9.279440045033E-02,-2.359074739967));
#2004 = CARTESIAN_POINT('',(-0.185635426142,-2.418178271858));
#2005 = CARTESIAN_POINT('',(-0.278451658693,-2.477266743261));
#2006 = CARTESIAN_POINT('',(-0.371247943534,-2.536343150536));
#2007 = CARTESIAN_POINT('',(-0.464043412525,-2.595419094342));
#2008 = CARTESIAN_POINT('',(-0.556857617164,-2.654506827547));
#2009 = CARTESIAN_POINT('',(-0.649696592714,-2.713610124337));
#2010 = CARTESIAN_POINT('',(-0.834313398601,-2.831140856943));
#2011 = CARTESIAN_POINT('',(-0.926176613413,-2.889622652968));
#2012 = CARTESIAN_POINT('',(-1.018017199803,-2.948089929292));
#2013 = CARTESIAN_POINT('',(-1.109840600472,-3.006546284403));
#2014 = CARTESIAN_POINT('',(-1.201664920865,-3.06500335439));
#2015 = CARTESIAN_POINT('',(-1.293507844476,-3.123472372663));
#2016 = CARTESIAN_POINT('',(-1.385372802802,-3.181955478298));
#2017 = CARTESIAN_POINT('',(-1.58622252808,-3.309820543724));
#2018 = CARTESIAN_POINT('',(-1.695355956672,-3.379297151002));
#2019 = CARTESIAN_POINT('',(-1.80443159356,-3.44873692011));
#2020 = CARTESIAN_POINT('',(-1.913468678024,-3.518152030956));
#2021 = CARTESIAN_POINT('',(-2.022505148954,-3.587566708915));
#2022 = CARTESIAN_POINT('',(-2.131579266745,-3.657005440532));
#2023 = CARTESIAN_POINT('',(-2.240711170306,-3.726481033229));
#2024 = CARTESIAN_POINT('',(-2.466672074612,-3.870332394465));
#2025 = CARTESIAN_POINT('',(-2.583743738757,-3.944862651594));
#2026 = CARTESIAN_POINT('',(-2.700730969408,-4.019339110066));
#2027 = CARTESIAN_POINT('',(-2.817668141505,-4.093783553405));
#2028 = CARTESIAN_POINT('',(-2.934605763482,-4.168227939502));
#2029 = CARTESIAN_POINT('',(-3.051594204525,-4.242704705579));
#2030 = CARTESIAN_POINT('',(-3.168666926513,-4.31723546148));
#2031 = CARTESIAN_POINT('',(-3.340204985761,-4.426440281681));
#2032 = CARTESIAN_POINT('',(-3.394816755116,-4.461207380864));
#2033 = CARTESIAN_POINT('',(-3.449429336273,-4.495975036685));
#2034 = CARTESIAN_POINT('',(-3.50404211621,-4.530742826412));
#2035 = CARTESIAN_POINT('',(-3.558654627409,-4.565510419144));
#2036 = CARTESIAN_POINT('',(-3.61326654785,-4.600277575812));
#2037 = CARTESIAN_POINT('',(-3.667877701014,-4.63504414918));
#2038 = CARTESIAN_POINT('',(-3.780412865822,-4.706686060257));
#2039 = CARTESIAN_POINT('',(-3.838333206343,-4.743558903274));
#2040 = CARTESIAN_POINT('',(-3.89625145773,-4.780430749494));
#2041 = CARTESIAN_POINT('',(-3.954171360924,-4.817303717425));
#2042 = CARTESIAN_POINT('',(-4.012096196839,-4.8541796139));
#2043 = CARTESIAN_POINT('',(-4.070026264832,-4.891058705225));
#2044 = CARTESIAN_POINT('',(-4.12795566034,-4.927937553074));
#2045 = CARTESIAN_POINT('',(-4.252087912854,-5.006962594434));
#2046 = CARTESIAN_POINT('',(-4.318310534673,-5.049121382095));
#2047 = CARTESIAN_POINT('',(-4.384527289388,-5.09127656141));
#2048 = CARTESIAN_POINT('',(-4.450739253071,-5.133428708066));
#2049 = CARTESIAN_POINT('',(-4.516952416021,-5.175581542652));
#2050 = CARTESIAN_POINT('',(-4.583172337715,-5.217738571149));
#2051 = CARTESIAN_POINT('',(-4.649398546277,-5.259899513375));
#2052 = CARTESIAN_POINT('',(-4.81362266429,-5.364447729845));
#2053 = CARTESIAN_POINT('',(-4.911688217058,-5.426877986936));
#2054 = CARTESIAN_POINT('',(-5.009722042147,-5.489287974591));
#2055 = CARTESIAN_POINT('',(-5.107731648506,-5.551682641317));
#2056 = CARTESIAN_POINT('',(-5.205740684114,-5.614077116888));
#2057 = CARTESIAN_POINT('',(-5.303773152662,-5.676486597275));
#2058 = CARTESIAN_POINT('',(-5.401837239501,-5.738916228609));
#2059 = CARTESIAN_POINT('',(-5.597737923002,-5.863630630258));
#2060 = CARTESIAN_POINT('',(-5.695696230791,-5.925992884395));
#2061 = CARTESIAN_POINT('',(-5.793620736584,-5.988333564686));
#2062 = CARTESIAN_POINT('',(-5.891519511561,-6.050657796886));
#2063 = CARTESIAN_POINT('',(-5.989416114063,-6.112980653797));
#2064 = CARTESIAN_POINT('',(-6.087335905142,-6.175318341226));
#2065 = CARTESIAN_POINT('',(-6.185288123662,-6.237676730784));
#2066 = CARTESIAN_POINT('',(-6.28318530718,-6.300000097559));
#2067 = ( GEOMETRIC_REPRESENTATION_CONTEXT(2) 
PARAMETRIC_REPRESENTATION_CONTEXT() REPRESENTATION_CONTEXT('2D SPACE',''
  ) );
#2068 = ORIENTED_EDGE('',*,*,#1822,.T.);
#2069 = ORIENTED_EDGE('',*,*,#526,.F.);
#2070 = ORIENTED_EDGE('',*,*,#2071,.T.);
#2071 = EDGE_CURVE('',#498,#2072,#2074,.T.);
#2072 = VERTEX_POINT('',#2073);
#2073 = CARTESIAN_POINT('',(7.,0.,12.700000090854));
#2074 = SURFACE_CURVE('',#2075,(#2134,#2196),.PCURVE_S1.);
#2075 = B_SPLINE_CURVE_WITH_KNOTS('',8,(#2076,#2077,#2078,#2079,#2080,
    #2081,#2082,#2083,#2084,#2085,#2086,#2087,#2088,#2089,#2090,#2091,
    #2092,#2093,#2094,#2095,#2096,#2097,#2098,#2099,#2100,#2101,#2102,
    #2103,#2104,#2105,#2106,#2107,#2108,#2109,#2110,#2111,#2112,#2113,
    #2114,#2115,#2116,#2117,#2118,#2119,#2120,#2121,#2122,#2123,#2124,
    #2125,#2126,#2127,#2128,#2129,#2130,#2131,#2132,#2133),
  .UNSPECIFIED.,.F.,.F.,(9,7,7,7,7,7,7,7,9),(0.,0.141292682918,
    0.298003502764,0.46594668446,0.533414681196,0.616637609296,
    0.717927638758,0.831562813586,1.),.UNSPECIFIED.);
#2076 = CARTESIAN_POINT('',(6.237047811994,3.177929292936,8.9999994));
#2077 = CARTESIAN_POINT('',(5.9110285393,3.817779209025,9.065309706396)
  );
#2078 = CARTESIAN_POINT('',(5.509736010442,4.419904817729,9.130670938123
    ));
#2079 = CARTESIAN_POINT('',(5.038577819097,4.973188573756,9.196006580711
    ));
#2080 = CARTESIAN_POINT('',(4.504743221526,5.468385345636,9.261322667031
    ));
#2081 = CARTESIAN_POINT('',(3.91650343733,5.897525037843,9.326638074308)
  );
#2082 = CARTESIAN_POINT('',(3.283268170391,6.254028495153,9.391971548409
    ));
#2083 = CARTESIAN_POINT('',(2.615454458204,6.532623884039,9.457332121801
    ));
#2084 = CARTESIAN_POINT('',(1.159132786751,6.949165047609,9.595089417087
    ));
#2085 = CARTESIAN_POINT('',(0.363968990894,7.068856450308,9.667611378865
    ));
#2086 = CARTESIAN_POINT('',(-0.444185282391,7.084108881514,
    9.740087833294));
#2087 = CARTESIAN_POINT('',(-1.249365900198,6.993949653025,
    9.812535834971));
#2088 = CARTESIAN_POINT('',(-2.035963930707,6.799761323289,
    9.884983739137));
#2089 = CARTESIAN_POINT('',(-2.788856153213,6.505650564224,
    9.957460018093));
#2090 = CARTESIAN_POINT('',(-3.49340087694,6.11805737535,10.029981890613
    ));
#2091 = CARTESIAN_POINT('',(-4.824715770309,5.143034712214,
    10.18005800942));
#2092 = CARTESIAN_POINT('',(-5.44408493109,4.541959497232,
    10.257802053269));
#2093 = CARTESIAN_POINT('',(-5.976595101393,3.856310711312,
    10.33547905486));
#2094 = CARTESIAN_POINT('',(-6.409563849423,3.101181628353,
    10.413118265635));
#2095 = CARTESIAN_POINT('',(-6.732963830023,2.293038011332,
    10.490757263849));
#2096 = CARTESIAN_POINT('',(-6.940106906587,1.449962079419,
    10.56843381539));
#2097 = CARTESIAN_POINT('',(-7.027025549685,0.591263977958,
    10.646177908555));
#2098 = CARTESIAN_POINT('',(-6.98227991755,-0.604456326866,
    10.754999616496));
#2099 = CARTESIAN_POINT('',(-6.950268485668,-0.946451323579,
    10.786189730462));
#2100 = CARTESIAN_POINT('',(-6.89911218134,-1.286486354904,
    10.81738097687));
#2101 = CARTESIAN_POINT('',(-6.828955378909,-1.623312087224,
    10.84857336208));
#2102 = CARTESIAN_POINT('',(-6.740037811528,-1.955695428896,
    10.879767274372));
#2103 = CARTESIAN_POINT('',(-6.632694024312,-2.28242038668,
    10.910962683666));
#2104 = CARTESIAN_POINT('',(-6.507358673914,-2.602290027915,
    10.94215823696));
#2105 = CARTESIAN_POINT('',(-6.188454869302,-3.298788931418,
    11.011826130512));
#2106 = CARTESIAN_POINT('',(-5.985713840422,-3.671390613195,
    11.05031252722));
#2107 = CARTESIAN_POINT('',(-5.757362913807,-4.029664853561,
    11.088798497037));
#2108 = CARTESIAN_POINT('',(-5.504624836255,-4.371536107969,
    11.127278932814));
#2109 = CARTESIAN_POINT('',(-5.228893769977,-4.695096842963,
    11.165756183958));
#2110 = CARTESIAN_POINT('',(-4.93171277648,-4.998596009663,
    11.204234455207));
#2111 = CARTESIAN_POINT('',(-4.614766879528,-5.280437619741,
    11.2427153568));
#2112 = CARTESIAN_POINT('',(-3.872306647957,-5.85410429054,
    11.328045989977));
#2113 = CARTESIAN_POINT('',(-3.438181108169,-6.134797400525,
    11.374896140569));
#2114 = CARTESIAN_POINT('',(-2.980961953036,-6.378569887178,
    11.421742668706));
#2115 = CARTESIAN_POINT('',(-2.504329380428,-6.583251593228,
    11.46858551224));
#2116 = CARTESIAN_POINT('',(-2.012153124209,-6.747118647131,
    11.51542978732));
#2117 = CARTESIAN_POINT('',(-1.508473985731,-6.86887341141,
    11.562280077156));
#2118 = CARTESIAN_POINT('',(-0.997505783239,-6.947682247451,
    11.609134531952));
#2119 = CARTESIAN_POINT('',(9.281772372643E-02,-7.023197485687,
    11.708532366471));
#2120 = CARTESIAN_POINT('',(0.673207393207,-7.008746603985,
    11.761099269207));
#2121 = CARTESIAN_POINT('',(1.251291767202,-6.939442064951,
    11.81365790361));
#2122 = CARTESIAN_POINT('',(1.82103279292,-6.815727820757,
    11.866210284837));
#2123 = CARTESIAN_POINT('',(2.376571559901,-6.638793920926,
    11.918764084004));
#2124 = CARTESIAN_POINT('',(2.912223344671,-6.410521385934,
    11.971326322293));
#2125 = CARTESIAN_POINT('',(3.422504646656,-6.133543647319,
    12.02389669592));
#2126 = CARTESIAN_POINT('',(4.613301163679,-5.333953096307,
    12.154344143343));
#2127 = CARTESIAN_POINT('',(5.25871053755,-4.756307740737,
    12.232360463219));
#2128 = CARTESIAN_POINT('',(5.820149293737,-4.090000676918,
    12.310310866445));
#2129 = CARTESIAN_POINT('',(6.284170745584,-3.349804183802,
    12.388221689131));
#2130 = CARTESIAN_POINT('',(6.640001954953,-2.55195236255,
    12.466131931768));
#2131 = CARTESIAN_POINT('',(6.880216498419,-1.714431702567,
    12.544080093141));
#2132 = CARTESIAN_POINT('',(7.000000000268,-0.856543621263,
    12.622101049724));
#2133 = CARTESIAN_POINT('',(7.,-8.881784197001E-16,12.700000090854));
#2134 = PCURVE('',#692,#2135);
#2135 = DEFINITIONAL_REPRESENTATION('',(#2136),#2195);
#2136 = B_SPLINE_CURVE_WITH_KNOTS('',8,(#2137,#2138,#2139,#2140,#2141,
    #2142,#2143,#2144,#2145,#2146,#2147,#2148,#2149,#2150,#2151,#2152,
    #2153,#2154,#2155,#2156,#2157,#2158,#2159,#2160,#2161,#2162,#2163,
    #2164,#2165,#2166,#2167,#2168,#2169,#2170,#2171,#2172,#2173,#2174,
    #2175,#2176,#2177,#2178,#2179,#2180,#2181,#2182,#2183,#2184,#2185,
    #2186,#2187,#2188,#2189,#2190,#2191,#2192,#2193,#2194),
  .UNSPECIFIED.,.F.,.F.,(9,7,7,7,7,7,7,7,9),(0.,0.141292682918,
    0.298003502764,0.46594668446,0.533414681196,0.616637609296,
    0.717927638758,0.831562813586,1.),.UNSPECIFIED.);
#2137 = CARTESIAN_POINT('',(4.711672026982,0.558627649478));
#2138 = CARTESIAN_POINT('',(4.711672261367,0.680241702534));
#2139 = CARTESIAN_POINT('',(4.711672930651,0.80195058344));
#2140 = CARTESIAN_POINT('',(4.711674897265,0.923611814914));
#2141 = CARTESIAN_POINT('',(4.711674186537,1.045236630727));
#2142 = CARTESIAN_POINT('',(4.711673138468,1.166860182153));
#2143 = CARTESIAN_POINT('',(4.711670898676,1.28851737568));
#2144 = CARTESIAN_POINT('',(4.71166957178,1.410225030696));
#2145 = CARTESIAN_POINT('',(4.711668567417,1.666742323937));
#2146 = CARTESIAN_POINT('',(4.71166915714,1.801785170836));
#2147 = CARTESIAN_POINT('',(4.711671279032,1.936743278713));
#2148 = CARTESIAN_POINT('',(4.711674555515,2.071648404827));
#2149 = CARTESIAN_POINT('',(4.711676700823,2.20655334927));
#2150 = CARTESIAN_POINT('',(4.711676718769,2.3415111304));
#2151 = CARTESIAN_POINT('',(4.71167532549,2.476553811103));
#2152 = CARTESIAN_POINT('',(4.711671477617,2.756009935003));
#2153 = CARTESIAN_POINT('',(4.711668951479,2.900776799459));
#2154 = CARTESIAN_POINT('',(4.711667084321,3.045418824752));
#2155 = CARTESIAN_POINT('',(4.711667471244,3.189990479988));
#2156 = CARTESIAN_POINT('',(4.71167081047,3.334561739456));
#2157 = CARTESIAN_POINT('',(4.711673174152,3.479202926722));
#2158 = CARTESIAN_POINT('',(4.711673915384,3.623969883008));
#2159 = CARTESIAN_POINT('',(4.711673562454,3.826606338015));
#2160 = CARTESIAN_POINT('',(4.711673302407,3.884685321013));
#2161 = CARTESIAN_POINT('',(4.711672920973,3.942766412727));
#2162 = CARTESIAN_POINT('',(4.711672504982,4.000849624998));
#2163 = CARTESIAN_POINT('',(4.71167215728,4.058935680843));
#2164 = CARTESIAN_POINT('',(4.711671961741,4.117024524249));
#2165 = CARTESIAN_POINT('',(4.711671946569,4.175113635797));
#2166 = CARTESIAN_POINT('',(4.711672168453,4.304841933984));
#2167 = CARTESIAN_POINT('',(4.711672213611,4.376507295081));
#2168 = CARTESIAN_POINT('',(4.711673333408,4.448171861265));
#2169 = CARTESIAN_POINT('',(4.711673067404,4.519826122536));
#2170 = CARTESIAN_POINT('',(4.711671776976,4.591474453716));
#2171 = CARTESIAN_POINT('',(4.711671487259,4.66312468443));
#2172 = CARTESIAN_POINT('',(4.711672430163,4.734779813096));
#2173 = CARTESIAN_POINT('',(4.711672766555,4.89367363435));
#2174 = CARTESIAN_POINT('',(4.711672467487,4.980913107172));
#2175 = CARTESIAN_POINT('',(4.711671798373,5.068145834637));
#2176 = CARTESIAN_POINT('',(4.711671482207,5.155371701015));
#2177 = CARTESIAN_POINT('',(4.711671878096,5.242600233072));
#2178 = CARTESIAN_POINT('',(4.71167266683,5.329839965179));
#2179 = CARTESIAN_POINT('',(4.711673195189,5.417087452839));
#2180 = CARTESIAN_POINT('',(4.711673797434,5.602175751881));
#2181 = CARTESIAN_POINT('',(4.71167374787,5.70006036537));
#2182 = CARTESIAN_POINT('',(4.711673056466,5.797929582435));
#2183 = CARTESIAN_POINT('',(4.711671708649,5.895787155486));
#2184 = CARTESIAN_POINT('',(4.711670205164,5.993647368868));
#2185 = CARTESIAN_POINT('',(4.711669140315,6.091523296696));
#2186 = CARTESIAN_POINT('',(4.711668737733,6.189414373316));
#2187 = CARTESIAN_POINT('',(4.711669336426,6.432320028913));
#2188 = CARTESIAN_POINT('',(4.711671085906,6.577593896345));
#2189 = CARTESIAN_POINT('',(4.711674292103,6.722745027597));
#2190 = CARTESIAN_POINT('',(4.71167709675,6.867822436521));
#2191 = CARTESIAN_POINT('',(4.711677581775,7.012898797226));
#2192 = CARTESIAN_POINT('',(4.711675142881,7.158045733806));
#2193 = CARTESIAN_POINT('',(4.711672694809,7.303328242146));
#2194 = CARTESIAN_POINT('',(4.711670791945,7.448383726395));
#2195 = ( GEOMETRIC_REPRESENTATION_CONTEXT(2) 
PARAMETRIC_REPRESENTATION_CONTEXT() REPRESENTATION_CONTEXT('2D SPACE',''
  ) );
#2196 = PCURVE('',#514,#2197);
#2197 = DEFINITIONAL_REPRESENTATION('',(#2198),#2257);
#2198 = B_SPLINE_CURVE_WITH_KNOTS('',8,(#2199,#2200,#2201,#2202,#2203,
    #2204,#2205,#2206,#2207,#2208,#2209,#2210,#2211,#2212,#2213,#2214,
    #2215,#2216,#2217,#2218,#2219,#2220,#2221,#2222,#2223,#2224,#2225,
    #2226,#2227,#2228,#2229,#2230,#2231,#2232,#2233,#2234,#2235,#2236,
    #2237,#2238,#2239,#2240,#2241,#2242,#2243,#2244,#2245,#2246,#2247,
    #2248,#2249,#2250,#2251,#2252,#2253,#2254,#2255,#2256),
  .UNSPECIFIED.,.F.,.F.,(9,7,7,7,7,7,7,7,9),(0.,0.141292682918,
    0.298003502764,0.46594668446,0.533414681196,0.616637609296,
    0.717927638758,0.831562813586,1.),.UNSPECIFIED.);
#2199 = CARTESIAN_POINT('',(-0.471238223803,5.999999999062E-07));
#2200 = CARTESIAN_POINT('',(-0.573826809841,-6.530970639595E-02));
#2201 = CARTESIAN_POINT('',(-0.676495388638,-0.130670938122));
#2202 = CARTESIAN_POINT('',(-0.779124205538,-0.196006580712));
#2203 = CARTESIAN_POINT('',(-0.881722906312,-0.261322667031));
#2204 = CARTESIAN_POINT('',(-0.984320632913,-0.326638074308));
#2205 = CARTESIAN_POINT('',(-1.086946586911,-0.391971548409));
#2206 = CARTESIAN_POINT('',(-1.189614907332,-0.457332121801));
#2207 = CARTESIAN_POINT('',(-1.406003604823,-0.595089417087));
#2208 = CARTESIAN_POINT('',(-1.519920674018,-0.667611378865));
#2209 = CARTESIAN_POINT('',(-1.633766140348,-0.740087833293));
#2210 = CARTESIAN_POINT('',(-1.747567020177,-0.812535834971));
#2211 = CARTESIAN_POINT('',(-1.861368017379,-0.884983739137));
#2212 = CARTESIAN_POINT('',(-1.975213604114,-0.957460018093));
#2213 = CARTESIAN_POINT('',(-2.089130724803,-1.029981890613));
#2214 = CARTESIAN_POINT('',(-2.324869621308,-1.18005800942));
#2215 = CARTESIAN_POINT('',(-2.446989515795,-1.257802053268));
#2216 = CARTESIAN_POINT('',(-2.569004014325,-1.33547905486));
#2217 = CARTESIAN_POINT('',(-2.69095916194,-1.413118265635));
#2218 = CARTESIAN_POINT('',(-2.812914505847,-1.49075726385));
#2219 = CARTESIAN_POINT('',(-2.934929236546,-1.56843381539));
#2220 = CARTESIAN_POINT('',(-3.057049796503,-1.646177908555));
#2221 = CARTESIAN_POINT('',(-3.227986544499,-1.754999616496));
#2222 = CARTESIAN_POINT('',(-3.276979795477,-1.786189730462));
#2223 = CARTESIAN_POINT('',(-3.325974747173,-1.81738097687));
#2224 = CARTESIAN_POINT('',(-3.374971406806,-1.84857336208));
#2225 = CARTESIAN_POINT('',(-3.423970402241,-1.879767274372));
#2226 = CARTESIAN_POINT('',(-3.47297172723,-1.910962683666));
#2227 = CARTESIAN_POINT('',(-3.521973311749,-1.94215823696));
#2228 = CARTESIAN_POINT('',(-3.631406951988,-2.011826130512));
#2229 = CARTESIAN_POINT('',(-3.691861357348,-2.05031252722));
#2230 = CARTESIAN_POINT('',(-3.752314262915,-2.088798497037));
#2231 = CARTESIAN_POINT('',(-3.812760489368,-2.127278932814));
#2232 = CARTESIAN_POINT('',(-3.8732013752,-2.165756183958));
#2233 = CARTESIAN_POINT('',(-3.93364179658,-2.204234455207));
#2234 = CARTESIAN_POINT('',(-3.994088170927,-2.2427153568));
#2235 = CARTESIAN_POINT('',(-4.128125985013,-2.328045989977));
#2236 = CARTESIAN_POINT('',(-4.201718318808,-2.374896140569));
#2237 = CARTESIAN_POINT('',(-4.275304456451,-2.421742668706));
#2238 = CARTESIAN_POINT('',(-4.348884487916,-2.46858551224));
#2239 = CARTESIAN_POINT('',(-4.422466752817,-2.51542978732));
#2240 = CARTESIAN_POINT('',(-4.496058626079,-2.562280077156));
#2241 = CARTESIAN_POINT('',(-4.569657209126,-2.609134531952));
#2242 = CARTESIAN_POINT('',(-4.725790845048,-2.708532366471));
#2243 = CARTESIAN_POINT('',(-4.808362884374,-2.761099269207));
#2244 = CARTESIAN_POINT('',(-4.890922113717,-2.81365790361));
#2245 = CARTESIAN_POINT('',(-4.973471551859,-2.866210284837));
#2246 = CARTESIAN_POINT('',(-5.056023119299,-2.918764084004));
#2247 = CARTESIAN_POINT('',(-5.13858780026,-2.971326322293));
#2248 = CARTESIAN_POINT('',(-5.221165153756,-3.02389669592));
#2249 = CARTESIAN_POINT('',(-5.42607137393,-3.154344143343));
#2250 = CARTESIAN_POINT('',(-5.54861889273,-3.232360463219));
#2251 = CARTESIAN_POINT('',(-5.671062867743,-3.310310866444));
#2252 = CARTESIAN_POINT('',(-5.793444938679,-3.388221689132));
#2253 = CARTESIAN_POINT('',(-5.915826293209,-3.466131931767));
#2254 = CARTESIAN_POINT('',(-6.038267017262,-3.544080093142));
#2255 = CARTESIAN_POINT('',(-6.160821932713,-3.622101049724));
#2256 = CARTESIAN_POINT('',(-6.28318530718,-3.700000090854));
#2257 = ( GEOMETRIC_REPRESENTATION_CONTEXT(2) 
PARAMETRIC_REPRESENTATION_CONTEXT() REPRESENTATION_CONTEXT('2D SPACE',''
  ) );
#2258 = ORIENTED_EDGE('',*,*,#2259,.T.);
#2259 = EDGE_CURVE('',#2072,#2260,#2262,.T.);
#2260 = VERTEX_POINT('',#2261);
#2261 = CARTESIAN_POINT('',(7.,0.,16.700000429834));
#2262 = SURFACE_CURVE('',#2263,(#2336,#2412),.PCURVE_S1.);
#2263 = B_SPLINE_CURVE_WITH_KNOTS('',8,(#2264,#2265,#2266,#2267,#2268,
    #2269,#2270,#2271,#2272,#2273,#2274,#2275,#2276,#2277,#2278,#2279,
    #2280,#2281,#2282,#2283,#2284,#2285,#2286,#2287,#2288,#2289,#2290,
    #2291,#2292,#2293,#2294,#2295,#2296,#2297,#2298,#2299,#2300,#2301,
    #2302,#2303,#2304,#2305,#2306,#2307,#2308,#2309,#2310,#2311,#2312,
    #2313,#2314,#2315,#2316,#2317,#2318,#2319,#2320,#2321,#2322,#2323,
    #2324,#2325,#2326,#2327,#2328,#2329,#2330,#2331,#2332,#2333,#2334,
    #2335),.UNSPECIFIED.,.F.,.F.,(9,7,7,7,7,7,7,7,7,7,9),(0.,
    0.126555698418,0.195452066512,0.251480743556,0.317938181458,
    0.425489086565,0.552703915218,0.673333492323,0.82238424424,
    0.923827179269,1.),.UNSPECIFIED.);
#2264 = CARTESIAN_POINT('',(7.,0.,12.700000090854));
#2265 = CARTESIAN_POINT('',(7.,0.69541099696,12.763244797452));
#2266 = CARTESIAN_POINT('',(6.921045400588,1.391284388675,
    12.826531521489));
#2267 = CARTESIAN_POINT('',(6.762953256756,2.076458486769,
    12.889796654242));
#2268 = CARTESIAN_POINT('',(6.527644809309,2.740491427444,
    12.953045317505));
#2269 = CARTESIAN_POINT('',(6.218420963761,3.373490645093,
    13.016293727019));
#2270 = CARTESIAN_POINT('',(5.84003478205,3.966175343115,13.079558146509
    ));
#2271 = CARTESIAN_POINT('',(5.398582581486,4.509871118299,
    13.142845269156));
#2272 = CARTESIAN_POINT('',(4.631896524984,5.26202116775,13.240523464916
    ));
#2273 = CARTESIAN_POINT('',(4.345239238654,5.510459435149,
    13.274955086166));
#2274 = CARTESIAN_POINT('',(4.043406426366,5.741004202561,13.30938725622
    ));
#2275 = CARTESIAN_POINT('',(3.727704587679,5.952577849516,
    13.343820013517));
#2276 = CARTESIAN_POINT('',(3.399519892405,6.144225877785,13.37825318593
    ));
#2277 = CARTESIAN_POINT('',(3.060318180613,6.31511691138,13.412686390769
    ));
#2278 = CARTESIAN_POINT('',(2.711644962619,6.464542696552,
    13.447119034779));
#2279 = CARTESIAN_POINT('',(2.06519259784,6.695503757195,13.509550905247
    ));
#2280 = CARTESIAN_POINT('',(1.770027076293,6.784519780769,
    13.537553308044));
#2281 = CARTESIAN_POINT('',(1.470514659684,6.858655616466,
    13.565555647575));
#2282 = CARTESIAN_POINT('',(1.167543091896,6.917664575631,
    13.593556865517));
#2283 = CARTESIAN_POINT('',(0.862002055372,6.961363837001,
    13.621556720183));
#2284 = CARTESIAN_POINT('',(0.554783171111,6.989634446708,
    13.649555786521));
#2285 = CARTESIAN_POINT('',(0.246779998671,7.002421318275,
    13.677555456116));
#2286 = CARTESIAN_POINT('',(-0.426312644238,6.996544806717,
    13.738772591633));
#2287 = CARTESIAN_POINT('',(-0.791390516425,6.971579956137,
    13.771993085283));
#2288 = CARTESIAN_POINT('',(-1.154767567238,6.924838740413,
    13.805214041543));
#2289 = CARTESIAN_POINT('',(-1.514907432204,6.856467336406,
    13.838433591187));
#2290 = CARTESIAN_POINT('',(-1.870314130715,6.76673870051,
    13.871652068277));
#2291 = CARTESIAN_POINT('',(-2.219531703859,6.656041132609,
    13.904870896544));
#2292 = CARTESIAN_POINT('',(-2.561144754915,6.524874741769,13.9380916662
    ));
#2293 = CARTESIAN_POINT('',(-3.432097517259,6.129455443833,
    14.025082788031));
#2294 = CARTESIAN_POINT('',(-3.947073071376,5.832982006096,
    14.078875041691));
#2295 = CARTESIAN_POINT('',(-4.432479160187,5.487166127346,
    14.132658058357));
#2296 = CARTESIAN_POINT('',(-4.882826603957,5.095561256877,
    14.186430095997));
#2297 = CARTESIAN_POINT('',(-5.293232234363,4.662331557628,
    14.240198721124));
#2298 = CARTESIAN_POINT('',(-5.659367389908,4.192183570418,
    14.293973016766));
#2299 = CARTESIAN_POINT('',(-5.977502599381,3.69040041371,
    14.347756931985));
#2300 = CARTESIAN_POINT('',(-6.560671366461,2.539036144332,
    14.46513383696));
#2301 = CARTESIAN_POINT('',(-6.805638541834,1.878661036302,
    14.528777951887));
#2302 = CARTESIAN_POINT('',(-6.974287489428,1.191846506396,
    14.592398912112));
#2303 = CARTESIAN_POINT('',(-7.063581736947,0.488939738885,
    14.65600333563));
#2304 = CARTESIAN_POINT('',(-7.071987084864,-0.219570652678,
    14.719608128366));
#2305 = CARTESIAN_POINT('',(-6.999574094589,-0.923082631851,
    14.783230050367));
#2306 = CARTESIAN_POINT('',(-6.847921886637,-1.610921242165,
    14.846875333009));
#2307 = CARTESIAN_POINT('',(-6.405610485334,-2.899643052813,
    14.970790029246));
#2308 = CARTESIAN_POINT('',(-6.122312879931,-3.503884952287,
    15.031130935792));
#2309 = CARTESIAN_POINT('',(-5.773993043117,-4.076019904818,
    15.091454751679));
#2310 = CARTESIAN_POINT('',(-5.365060766167,-4.60800650001,
    15.151766831325));
#2311 = CARTESIAN_POINT('',(-4.900892294642,-5.092573095466,
    15.212080302709));
#2312 = CARTESIAN_POINT('',(-4.387857508414,-5.523289017566,
    15.272407818544));
#2313 = CARTESIAN_POINT('',(-3.833271550281,-5.894552655008,
    15.332751398029));
#2314 = CARTESIAN_POINT('',(-2.519802276937,-6.58193972847,
    15.467575133478));
#2315 = CARTESIAN_POINT('',(-1.742012779817,-6.865277131344,
    15.542195853874));
#2316 = CARTESIAN_POINT('',(-0.928855718904,-7.042813768389,
    15.616761869474));
#2317 = CARTESIAN_POINT('',(-9.724354338746E-02,-7.110163440955,
    15.691292902085));
#2318 = CARTESIAN_POINT('',(0.735841145729,-7.06555870349,
    15.765818889866));
#2319 = CARTESIAN_POINT('',(1.553401281171,-6.910353748947,
    15.840373986796));
#2320 = CARTESIAN_POINT('',(2.338520821332,-6.648522501725,
    15.914980197651));
#2321 = CARTESIAN_POINT('',(3.575749300248,-6.043597848461,
    16.04023059143));
#2322 = CARTESIAN_POINT('',(4.054642974345,-5.752919575975,
    16.090969549468));
#2323 = CARTESIAN_POINT('',(4.50628915643,-5.418971016469,
    16.141700155327));
#2324 = CARTESIAN_POINT('',(4.926161907985,-5.044811252317,
    16.192424456606));
#2325 = CARTESIAN_POINT('',(5.310192464969,-4.633968482996,
    16.243148952195));
#2326 = CARTESIAN_POINT('',(5.654772207818,-4.190427182179,
    16.293875649885));
#2327 = CARTESIAN_POINT('',(5.956753329425,-3.718622904713,
    16.34461125303));
#2328 = CARTESIAN_POINT('',(6.406452772281,-2.851798531907,
    16.43342277978));
#2329 = CARTESIAN_POINT('',(6.573866878072,-2.466914888758,
    16.471505490704));
#2330 = CARTESIAN_POINT('',(6.714803215916,-2.070916531201,
    16.509584522138));
#2331 = CARTESIAN_POINT('',(6.828430165813,-1.665898636116,
    16.54766300481));
#2332 = CARTESIAN_POINT('',(6.914103971273,-1.254027104891,
    16.585744280623));
#2333 = CARTESIAN_POINT('',(6.971373111959,-0.83753708582,
    16.623830103835));
#2334 = CARTESIAN_POINT('',(7.,-0.418734418466,16.661918378166));
#2335 = CARTESIAN_POINT('',(7.,1.7763568394E-15,16.700000429834));
#2336 = PCURVE('',#692,#2337);
#2337 = DEFINITIONAL_REPRESENTATION('',(#2338),#2411);
#2338 = B_SPLINE_CURVE_WITH_KNOTS('',8,(#2339,#2340,#2341,#2342,#2343,
    #2344,#2345,#2346,#2347,#2348,#2349,#2350,#2351,#2352,#2353,#2354,
    #2355,#2356,#2357,#2358,#2359,#2360,#2361,#2362,#2363,#2364,#2365,
    #2366,#2367,#2368,#2369,#2370,#2371,#2372,#2373,#2374,#2375,#2376,
    #2377,#2378,#2379,#2380,#2381,#2382,#2383,#2384,#2385,#2386,#2387,
    #2388,#2389,#2390,#2391,#2392,#2393,#2394,#2395,#2396,#2397,#2398,
    #2399,#2400,#2401,#2402,#2403,#2404,#2405,#2406,#2407,#2408,#2409,
    #2410),.UNSPECIFIED.,.F.,.F.,(9,7,7,7,7,7,7,7,7,7,9),(0.,
    0.126555698418,0.195452066512,0.251480743556,0.317938181458,
    0.425489086565,0.552703915218,0.673333492323,0.82238424424,
    0.923827179269,1.),.UNSPECIFIED.);
#2339 = CARTESIAN_POINT('',(4.711670776038,7.448383725652));
#2340 = CARTESIAN_POINT('',(4.711669230972,7.566151433812));
#2341 = CARTESIAN_POINT('',(4.711668125564,7.683997382469));
#2342 = CARTESIAN_POINT('',(4.711668058619,7.80180312608));
#2343 = CARTESIAN_POINT('',(4.711669374919,7.919578201969));
#2344 = CARTESIAN_POINT('',(4.711671587596,8.037352805319));
#2345 = CARTESIAN_POINT('',(4.711673230354,8.155157220768));
#2346 = CARTESIAN_POINT('',(4.711673909273,8.273003911681));
#2347 = CARTESIAN_POINT('',(4.711673811376,8.454890078463));
#2348 = CARTESIAN_POINT('',(4.711673505321,8.519005058849));
#2349 = CARTESIAN_POINT('',(4.711673062789,8.583121061162));
#2350 = CARTESIAN_POINT('',(4.711672593115,8.647238156976));
#2351 = CARTESIAN_POINT('',(4.711672179891,8.711356025776));
#2352 = CARTESIAN_POINT('',(4.711671880975,8.775473954956));
#2353 = CARTESIAN_POINT('',(4.711671728484,8.839590839819));
#2354 = CARTESIAN_POINT('',(4.711671729054,8.955844969167));
#2355 = CARTESIAN_POINT('',(4.711672069856,9.007988128302));
#2356 = CARTESIAN_POINT('',(4.711672273759,9.060131169629));
#2357 = CARTESIAN_POINT('',(4.711672101572,9.11227212245));
#2358 = CARTESIAN_POINT('',(4.711671552367,9.164410536718));
#2359 = CARTESIAN_POINT('',(4.711670863472,9.216547483045));
#2360 = CARTESIAN_POINT('',(4.711670510473,9.268685552694));
#2361 = CARTESIAN_POINT('',(4.711672033643,9.382677729083));
#2362 = CARTESIAN_POINT('',(4.711673017333,9.444537473743));
#2363 = CARTESIAN_POINT('',(4.711673298514,9.506398079829));
#2364 = CARTESIAN_POINT('',(4.711673008584,9.568256066658));
#2365 = CARTESIAN_POINT('',(4.711672549657,9.630112056292));
#2366 = CARTESIAN_POINT('',(4.711672189986,9.691968699849));
#2367 = CARTESIAN_POINT('',(4.711671975237,9.753828958457));
#2368 = CARTESIAN_POINT('',(4.711671923929,9.915814768808));
#2369 = CARTESIAN_POINT('',(4.711672371492,10.015981103215));
#2370 = CARTESIAN_POINT('',(4.711673393386,10.116130237452));
#2371 = CARTESIAN_POINT('',(4.711674198799,10.216258927684));
#2372 = CARTESIAN_POINT('',(4.711674171405,10.316381263497));
#2373 = CARTESIAN_POINT('',(4.711673314955,10.416514158362));
#2374 = CARTESIAN_POINT('',(4.711672135489,10.516664965793));
#2375 = CARTESIAN_POINT('',(4.711669682171,10.735232018017));
#2376 = CARTESIAN_POINT('',(4.711668438607,10.853743462782));
#2377 = CARTESIAN_POINT('',(4.711667954574,10.972211791263));
#2378 = CARTESIAN_POINT('',(4.711668930455,11.090649326845));
#2379 = CARTESIAN_POINT('',(4.711671153652,11.209087549955));
#2380 = CARTESIAN_POINT('',(4.711673398072,11.327557669352));
#2381 = CARTESIAN_POINT('',(4.711674924366,11.446071288509));
#2382 = CARTESIAN_POINT('',(4.711676027674,11.676812334965));
#2383 = CARTESIAN_POINT('',(4.711675702519,11.789172888992));
#2384 = CARTESIAN_POINT('',(4.711674319933,11.901501618585));
#2385 = CARTESIAN_POINT('',(4.711672098414,12.013808494187));
#2386 = CARTESIAN_POINT('',(4.711669928715,12.12611796128));
#2387 = CARTESIAN_POINT('',(4.711668692897,12.238453580508));
#2388 = CARTESIAN_POINT('',(4.711668498304,12.3508191118));
#2389 = CARTESIAN_POINT('',(4.711669745523,12.601873835346));
#2390 = CARTESIAN_POINT('',(4.711671602475,12.740824772051));
#2391 = CARTESIAN_POINT('',(4.711673934063,12.879673843172));
#2392 = CARTESIAN_POINT('',(4.711675723969,13.018457772562));
#2393 = CARTESIAN_POINT('',(4.711673786674,13.157232308089));
#2394 = CARTESIAN_POINT('',(4.71167190104,13.296061047581));
#2395 = CARTESIAN_POINT('',(4.711671760466,13.434984966119));
#2396 = CARTESIAN_POINT('',(4.711672347992,13.668213209484));
#2397 = CARTESIAN_POINT('',(4.711671889131,13.762694014664));
#2398 = CARTESIAN_POINT('',(4.711677356524,13.857159267284));
#2399 = CARTESIAN_POINT('',(4.711664646579,13.951612780181));
#2400 = CARTESIAN_POINT('',(4.711676078361,14.046066654891));
#2401 = CARTESIAN_POINT('',(4.711672444715,14.140524630127));
#2402 = CARTESIAN_POINT('',(4.711672497345,14.234999188177));
#2403 = CARTESIAN_POINT('',(4.711671959065,14.400374767045));
#2404 = CARTESIAN_POINT('',(4.711671799406,14.471288426503));
#2405 = CARTESIAN_POINT('',(4.711671926993,14.542195234397));
#2406 = CARTESIAN_POINT('',(4.711672338122,14.613101020446));
#2407 = CARTESIAN_POINT('',(4.711672886337,14.684012007589));
#2408 = CARTESIAN_POINT('',(4.711673368461,14.754931462423));
#2409 = CARTESIAN_POINT('',(4.711673619647,14.825855481478));
#2410 = CARTESIAN_POINT('',(4.711673617459,14.896767913338));
#2411 = ( GEOMETRIC_REPRESENTATION_CONTEXT(2) 
PARAMETRIC_REPRESENTATION_CONTEXT() REPRESENTATION_CONTEXT('2D SPACE',''
  ) );
#2412 = PCURVE('',#1995,#2413);
#2413 = DEFINITIONAL_REPRESENTATION('',(#2414),#2487);
#2414 = B_SPLINE_CURVE_WITH_KNOTS('',8,(#2415,#2416,#2417,#2418,#2419,
    #2420,#2421,#2422,#2423,#2424,#2425,#2426,#2427,#2428,#2429,#2430,
    #2431,#2432,#2433,#2434,#2435,#2436,#2437,#2438,#2439,#2440,#2441,
    #2442,#2443,#2444,#2445,#2446,#2447,#2448,#2449,#2450,#2451,#2452,
    #2453,#2454,#2455,#2456,#2457,#2458,#2459,#2460,#2461,#2462,#2463,
    #2464,#2465,#2466,#2467,#2468,#2469,#2470,#2471,#2472,#2473,#2474,
    #2475,#2476,#2477,#2478,#2479,#2480,#2481,#2482,#2483,#2484,#2485,
    #2486),.UNSPECIFIED.,.F.,.F.,(9,7,7,7,7,7,7,7,7,7,9),(0.,
    0.126555698418,0.195452066512,0.251480743556,0.317938181458,
    0.425489086565,0.552703915218,0.673333492323,0.82238424424,
    0.923827179269,1.),.UNSPECIFIED.);
#2415 = CARTESIAN_POINT('',(0.,-3.700000090854));
#2416 = CARTESIAN_POINT('',(-9.93444281372E-02,-3.763244797452));
#2417 = CARTESIAN_POINT('',(-0.198754832011,-3.826531521489));
#2418 = CARTESIAN_POINT('',(-0.298131363573,-3.889796654241));
#2419 = CARTESIAN_POINT('',(-0.397482173379,-3.953045317506));
#2420 = CARTESIAN_POINT('',(-0.496832867877,-4.016293727018));
#2421 = CARTESIAN_POINT('',(-0.59620884788,-4.079558146509));
#2422 = CARTESIAN_POINT('',(-0.695620345349,-4.142845269156));
#2423 = CARTESIAN_POINT('',(-0.849052987363,-4.240523464916));
#2424 = CARTESIAN_POINT('',(-0.903138005756,-4.274955086166));
#2425 = CARTESIAN_POINT('',(-0.957223787508,-4.30938725622));
#2426 = CARTESIAN_POINT('',(-1.01131039397,-4.343820013517));
#2427 = CARTESIAN_POINT('',(-1.065397577583,-4.37825318593));
#2428 = CARTESIAN_POINT('',(-1.119484781873,-4.412686390769));
#2429 = CARTESIAN_POINT('',(-1.173571141452,-4.447119034779));
#2430 = CARTESIAN_POINT('',(-1.271638555943,-4.509550905247));
#2431 = CARTESIAN_POINT('',(-1.315624559301,-4.537553308044));
#2432 = CARTESIAN_POINT('',(-1.359610584656,-4.565555647575));
#2433 = CARTESIAN_POINT('',(-1.403594973671,-4.593556865517));
#2434 = CARTESIAN_POINT('',(-1.447577317115,-4.621556720183));
#2435 = CARTESIAN_POINT('',(-1.491558454858,-4.649555786521));
#2436 = CARTESIAN_POINT('',(-1.535540475876,-4.677555456116));
#2437 = CARTESIAN_POINT('',(-1.631700232332,-4.738772591633));
#2438 = CARTESIAN_POINT('',(-1.683883339597,-4.771993085283));
#2439 = CARTESIAN_POINT('',(-1.736067140859,-4.805214041543));
#2440 = CARTESIAN_POINT('',(-1.788248524862,-4.838433591187));
#2441 = CARTESIAN_POINT('',(-1.84042800001,-4.871652068277));
#2442 = CARTESIAN_POINT('',(-1.892607857326,-4.904870896544));
#2443 = CARTESIAN_POINT('',(-1.944790664646,-4.9380916662));
#2444 = CARTESIAN_POINT('',(-2.081435230793,-5.025082788031));
#2445 = CARTESIAN_POINT('',(-2.165931330283,-5.078875041691));
#2446 = CARTESIAN_POINT('',(-2.250413090575,-5.132658058357));
#2447 = CARTESIAN_POINT('',(-2.334877971781,-5.186430095997));
#2448 = CARTESIAN_POINT('',(-2.419337774721,-5.240198721124));
#2449 = CARTESIAN_POINT('',(-2.50380656669,-5.293973016766));
#2450 = CARTESIAN_POINT('',(-2.588290449269,-5.347756931985));
#2451 = CARTESIAN_POINT('',(-2.772666146663,-5.46513383696));
#2452 = CARTESIAN_POINT('',(-2.872638237139,-5.528777951887));
#2453 = CARTESIAN_POINT('',(-2.972573748657,-5.592398912112));
#2454 = CARTESIAN_POINT('',(-3.072483103616,-5.65600333563));
#2455 = CARTESIAN_POINT('',(-3.172393070526,-5.719608128366));
#2456 = CARTESIAN_POINT('',(-3.272330059319,-5.783230050367));
#2457 = CARTESIAN_POINT('',(-3.372303828865,-5.846875333009));
#2458 = CARTESIAN_POINT('',(-3.566948627333,-5.970790029246));
#2459 = CARTESIAN_POINT('',(-3.661731953916,-6.031130935792));
#2460 = CARTESIAN_POINT('',(-3.756488415948,-6.091454751679));
#2461 = CARTESIAN_POINT('',(-3.851226356344,-6.151766831325));
#2462 = CARTESIAN_POINT('',(-3.945966358961,-6.212080302709));
#2463 = CARTESIAN_POINT('',(-4.040728413834,-6.272407818544));
#2464 = CARTESIAN_POINT('',(-4.135515798834,-6.332751398029));
#2465 = CARTESIAN_POINT('',(-4.347296515267,-6.467575133478));
#2466 = CARTESIAN_POINT('',(-4.464510711992,-6.542195853875));
#2467 = CARTESIAN_POINT('',(-4.581639232103,-6.61676186947));
#2468 = CARTESIAN_POINT('',(-4.698712928925,-6.691292902091));
#2469 = CARTESIAN_POINT('',(-4.815778374694,-6.765818889862));
#2470 = CARTESIAN_POINT('',(-4.932888327201,-6.840373986798));
#2471 = CARTESIAN_POINT('',(-5.050078553402,-6.914980197651));
#2472 = CARTESIAN_POINT('',(-5.246820803991,-7.04023059143));
#2473 = CARTESIAN_POINT('',(-5.326520981964,-7.090969549467));
#2474 = CARTESIAN_POINT('',(-5.406210242511,-7.141700155328));
#2475 = CARTESIAN_POINT('',(-5.485888175134,-7.192424456604));
#2476 = CARTESIAN_POINT('',(-5.565564011007,-7.243148952196));
#2477 = CARTESIAN_POINT('',(-5.64524818931,-7.293875649884));
#2478 = CARTESIAN_POINT('',(-5.724943083632,-7.34461125303));
#2479 = CARTESIAN_POINT('',(-5.864447606431,-7.43342277978));
#2480 = CARTESIAN_POINT('',(-5.924267488845,-7.471505490704));
#2481 = CARTESIAN_POINT('',(-5.984081492257,-7.509584522138));
#2482 = CARTESIAN_POINT('',(-6.043894648807,-7.54766300481));
#2483 = CARTESIAN_POINT('',(-6.10371229541,-7.585744280623));
#2484 = CARTESIAN_POINT('',(-6.163537217982,-7.623830103835));
#2485 = CARTESIAN_POINT('',(-6.223366104542,-7.661918378166));
#2486 = CARTESIAN_POINT('',(-6.28318530718,-7.700000429834));
#2487 = ( GEOMETRIC_REPRESENTATION_CONTEXT(2) 
PARAMETRIC_REPRESENTATION_CONTEXT() REPRESENTATION_CONTEXT('2D SPACE',''
  ) );
#2488 = ORIENTED_EDGE('',*,*,#2489,.T.);
#2489 = EDGE_CURVE('',#2260,#2490,#2492,.T.);
#2490 = VERTEX_POINT('',#2491);
#2491 = CARTESIAN_POINT('',(7.,0.,20.699999570825));
#2492 = SURFACE_CURVE('',#2493,(#2559,#2628),.PCURVE_S1.);
#2493 = B_SPLINE_CURVE_WITH_KNOTS('',8,(#2494,#2495,#2496,#2497,#2498,
    #2499,#2500,#2501,#2502,#2503,#2504,#2505,#2506,#2507,#2508,#2509,
    #2510,#2511,#2512,#2513,#2514,#2515,#2516,#2517,#2518,#2519,#2520,
    #2521,#2522,#2523,#2524,#2525,#2526,#2527,#2528,#2529,#2530,#2531,
    #2532,#2533,#2534,#2535,#2536,#2537,#2538,#2539,#2540,#2541,#2542,
    #2543,#2544,#2545,#2546,#2547,#2548,#2549,#2550,#2551,#2552,#2553,
    #2554,#2555,#2556,#2557,#2558),.UNSPECIFIED.,.F.,.F.,(9,7,7,7,7,7,7,
    7,7,9),(0.,0.111824259288,0.24682246638,0.39360937823,0.460824763204
    ,0.54325651303,0.646381822392,0.734429624413,0.863032846347,1.),
  .UNSPECIFIED.);
#2494 = CARTESIAN_POINT('',(7.,1.7763568394E-15,16.700000429834));
#2495 = CARTESIAN_POINT('',(7.,0.6147702208,16.755911074576));
#2496 = CARTESIAN_POINT('',(6.938294189969,1.229798797436,
    16.811845113201));
#2497 = CARTESIAN_POINT('',(6.81479753405,1.837503969402,16.867770111104
    ));
#2498 = CARTESIAN_POINT('',(6.630619230433,2.430641842664,16.92368695771
    ));
#2499 = CARTESIAN_POINT('',(6.387812390847,3.002288447119,
    16.979603931467));
#2500 = CARTESIAN_POINT('',(6.089286425555,3.545830800689,
    17.035529109018));
#2501 = CARTESIAN_POINT('',(5.738879280375,4.055014679853,17.09146240322
    ));
#2502 = CARTESIAN_POINT('',(4.861960961909,5.090389344314,
    17.214860352808));
#2503 = CARTESIAN_POINT('',(4.313297598704,5.599071726892,
    17.282411924389));
#2504 = CARTESIAN_POINT('',(3.704246461936,6.039501997155,17.34993282141
    ));
#2505 = CARTESIAN_POINT('',(3.044946464371,6.403650778885,
    17.417431479656));
#2506 = CARTESIAN_POINT('',(2.346367646892,6.68517026201,17.48492934601)
  );
#2507 = CARTESIAN_POINT('',(1.620357939072,6.879573701243,
    17.552447965347));
#2508 = CARTESIAN_POINT('',(0.87950895017,6.98407169244,17.619998626717)
  );
#2509 = CARTESIAN_POINT('',(-0.66930987685,7.014500252605,
    17.760884361917));
#2510 = CARTESIAN_POINT('',(-1.47913283397,6.924072607244,
    17.834358448296));
#2511 = CARTESIAN_POINT('',(-2.274149053609,6.72659348682,
    17.907782398908));
#2512 = CARTESIAN_POINT('',(-3.038079507653,6.425406455833,
    17.981176574557));
#2513 = CARTESIAN_POINT('',(-3.755633680712,6.026118081137,
    18.054570935273));
#2514 = CARTESIAN_POINT('',(-4.412768288031,5.536978783157,
    18.127996168468));
#2515 = CARTESIAN_POINT('',(-4.996546813596,4.968466738686,
    18.201470858786));
#2516 = CARTESIAN_POINT('',(-5.725077490126,4.044752271404,
    18.308463010126));
#2517 = CARTESIAN_POINT('',(-5.936404108915,3.740813416557,
    18.342067562455));
#2518 = CARTESIAN_POINT('',(-6.129250837774,3.424309347745,
    18.375672623331));
#2519 = CARTESIAN_POINT('',(-6.302751085004,3.096550834596,
    18.409278488178));
#2520 = CARTESIAN_POINT('',(-6.456156006191,2.758912678077,
    18.442884925001));
#2521 = CARTESIAN_POINT('',(-6.588834504203,2.412833710492,
    18.476491174386));
#2522 = CARTESIAN_POINT('',(-6.700273229192,2.059816795482,
    18.510095949501));
#2523 = CARTESIAN_POINT('',(-6.900209805298,1.261908214026,
    18.584905700213));
#2524 = CARTESIAN_POINT('',(-6.977825775975,0.814251454159,
    18.626112930867));
#2525 = CARTESIAN_POINT('',(-7.022221212674,0.36127881981,
    18.667316800528));
#2526 = CARTESIAN_POINT('',(-7.032998440101,-9.415804859488E-02,
    18.70852269602));
#2527 = CARTESIAN_POINT('',(-7.010041994011,-0.549184058342,
    18.749731943797));
#2528 = CARTESIAN_POINT('',(-6.95351843664,-1.000901693049,
    18.790944220555));
#2529 = CARTESIAN_POINT('',(-6.863904973716,-1.446394820121,
    18.832159084109));
#2530 = CARTESIAN_POINT('',(-6.589610266418,-2.428635836921,
    18.924907450772));
#2531 = CARTESIAN_POINT('',(-6.386615544633,-2.960556354114,
    18.976466067563));
#2532 = CARTESIAN_POINT('',(-6.134611508738,-3.472824236666,
    19.028018439457));
#2533 = CARTESIAN_POINT('',(-5.835882669381,-3.96021125959,
    19.079563658307));
#2534 = CARTESIAN_POINT('',(-5.493314670824,-4.417866094058,
    19.131109836196));
#2535 = CARTESIAN_POINT('',(-5.110345225075,-4.841300556329,
    19.18266463656));
#2536 = CARTESIAN_POINT('',(-4.691006150694,-5.226439243404,
    19.234225378414));
#2537 = CARTESIAN_POINT('',(-3.855038285752,-5.862834430764,
    19.329776119913));
#2538 = CARTESIAN_POINT('',(-3.446805154211,-6.125552269979,
    19.373789754286));
#2539 = CARTESIAN_POINT('',(-3.018243396875,-6.355703142656,
    19.417800705186));
#2540 = CARTESIAN_POINT('',(-2.572398597882,-6.551459107298,
    19.461808462945));
#2541 = CARTESIAN_POINT('',(-2.112469093707,-6.711351991409,
    19.505816573621));
#2542 = CARTESIAN_POINT('',(-1.641799416601,-6.834278171593,
    19.549828292751));
#2543 = CARTESIAN_POINT('',(-1.163873738011,-6.919503353649,
    19.593842239111));
#2544 = CARTESIAN_POINT('',(2.10669827935E-02,-7.035555412268,
    19.702123234661));
#2545 = CARTESIAN_POINT('',(0.732881413302,-7.023331225085,
    19.766443107577));
#2546 = CARTESIAN_POINT('',(1.441468399651,-6.928653947736,
    19.830738684876));
#2547 = CARTESIAN_POINT('',(2.135727719017,-6.752507637936,
    19.895016325736));
#2548 = CARTESIAN_POINT('',(2.805001977003,-6.497384479202,
    19.959293463263));
#2549 = CARTESIAN_POINT('',(3.439143953179,-6.167377731709,20.0235878221
    ));
#2550 = CARTESIAN_POINT('',(4.028515876646,-5.768062986308,
    20.087906462432));
#2551 = CARTESIAN_POINT('',(5.135040954842,-4.816422779645,
    20.220637964896));
#2552 = CARTESIAN_POINT('',(5.645904934869,-4.255060313764,
    20.289152926591));
#2553 = CARTESIAN_POINT('',(6.085925197537,-3.632253381925,
    20.357633597271));
#2554 = CARTESIAN_POINT('',(6.446860712887,-2.958653056947,
    20.426091800754));
#2555 = CARTESIAN_POINT('',(6.722222873269,-2.245775614771,
    20.494550084021));
#2556 = CARTESIAN_POINT('',(6.907504107658,-1.506049487145,
    20.563031284498));
#2557 = CARTESIAN_POINT('',(7.,-0.752685939633,20.631546098259));
#2558 = CARTESIAN_POINT('',(7.,-1.7763568394E-15,20.699999570825));
#2559 = PCURVE('',#692,#2560);
#2560 = DEFINITIONAL_REPRESENTATION('',(#2561),#2627);
#2561 = B_SPLINE_CURVE_WITH_KNOTS('',8,(#2562,#2563,#2564,#2565,#2566,
    #2567,#2568,#2569,#2570,#2571,#2572,#2573,#2574,#2575,#2576,#2577,
    #2578,#2579,#2580,#2581,#2582,#2583,#2584,#2585,#2586,#2587,#2588,
    #2589,#2590,#2591,#2592,#2593,#2594,#2595,#2596,#2597,#2598,#2599,
    #2600,#2601,#2602,#2603,#2604,#2605,#2606,#2607,#2608,#2609,#2610,
    #2611,#2612,#2613,#2614,#2615,#2616,#2617,#2618,#2619,#2620,#2621,
    #2622,#2623,#2624,#2625,#2626),.UNSPECIFIED.,.F.,.F.,(9,7,7,7,7,7,7,
    7,7,9),(0.,0.111824259288,0.24682246638,0.39360937823,0.460824763204
    ,0.54325651303,0.646381822392,0.734429624413,0.863032846347,1.),
  .UNSPECIFIED.);
#2562 = CARTESIAN_POINT('',(4.711673617459,14.896767913338));
#2563 = CARTESIAN_POINT('',(4.711673614248,15.00087889507));
#2564 = CARTESIAN_POINT('',(4.711673056695,15.105033438456));
#2565 = CARTESIAN_POINT('',(4.711671785758,15.209171147159));
#2566 = CARTESIAN_POINT('',(4.711670112962,15.313293677352));
#2567 = CARTESIAN_POINT('',(4.711668784568,15.417416444303));
#2568 = CARTESIAN_POINT('',(4.711668367929,15.521554487514));
#2569 = CARTESIAN_POINT('',(4.711668794523,15.625707644717));
#2570 = CARTESIAN_POINT('',(4.711671000983,15.855486459384));
#2571 = CARTESIAN_POINT('',(4.711673041591,15.981273963134));
#2572 = CARTESIAN_POINT('',(4.711675407108,16.107004347909));
#2573 = CARTESIAN_POINT('',(4.711677028402,16.232693321893));
#2574 = CARTESIAN_POINT('',(4.711676686069,16.358380821382));
#2575 = CARTESIAN_POINT('',(4.711674931105,16.484106964909));
#2576 = CARTESIAN_POINT('',(4.711672810429,16.609892773755));
#2577 = CARTESIAN_POINT('',(4.711669216345,16.872235522099));
#2578 = CARTESIAN_POINT('',(4.711667815174,17.009051316293));
#2579 = CARTESIAN_POINT('',(4.711667850043,17.145773752863));
#2580 = CARTESIAN_POINT('',(4.711670002614,17.282440745706));
#2581 = CARTESIAN_POINT('',(4.711673143595,17.419108083036));
#2582 = CARTESIAN_POINT('',(4.711674359684,17.555832907923));
#2583 = CARTESIAN_POINT('',(4.711674168144,17.69264982672));
#2584 = CARTESIAN_POINT('',(4.711673106986,17.891879471903));
#2585 = CARTESIAN_POINT('',(4.711672624151,17.954454370649));
#2586 = CARTESIAN_POINT('',(4.711672162108,18.017030216361));
#2587 = CARTESIAN_POINT('',(4.71167182944,18.079607559144));
#2588 = CARTESIAN_POINT('',(4.711671672986,18.142185967));
#2589 = CARTESIAN_POINT('',(4.711671677841,18.204764025829));
#2590 = CARTESIAN_POINT('',(4.711671767352,18.267339339426));
#2591 = CARTESIAN_POINT('',(4.711671846988,18.406642268693));
#2592 = CARTESIAN_POINT('',(4.711672808155,18.483374083497));
#2593 = CARTESIAN_POINT('',(4.711669209112,18.560099639808));
#2594 = CARTESIAN_POINT('',(4.711670031856,18.636828968408));
#2595 = CARTESIAN_POINT('',(4.711673361705,18.713564539286));
#2596 = CARTESIAN_POINT('',(4.711673457939,18.790305750423));
#2597 = CARTESIAN_POINT('',(4.711672912394,18.867051778417));
#2598 = CARTESIAN_POINT('',(4.711672112658,19.039758130701));
#2599 = CARTESIAN_POINT('',(4.711671503126,19.135765219074));
#2600 = CARTESIAN_POINT('',(4.71167168162,19.231760678855));
#2601 = CARTESIAN_POINT('',(4.711672536897,19.327742818979));
#2602 = CARTESIAN_POINT('',(4.711673494895,19.423726744922));
#2603 = CARTESIAN_POINT('',(4.711673984308,19.51972672674));
#2604 = CARTESIAN_POINT('',(4.711673766234,19.615737772189));
#2605 = CARTESIAN_POINT('',(4.71167258285,19.793662415141));
#2606 = CARTESIAN_POINT('',(4.711671698875,19.875620022776));
#2607 = CARTESIAN_POINT('',(4.711670614953,19.957572633519));
#2608 = CARTESIAN_POINT('',(4.711669572278,20.039519298326));
#2609 = CARTESIAN_POINT('',(4.711668831382,20.121466620297));
#2610 = CARTESIAN_POINT('',(4.711668589285,20.203420661559));
#2611 = CARTESIAN_POINT('',(4.711668896637,20.285378850143));
#2612 = CARTESIAN_POINT('',(4.711670565499,20.487008446836));
#2613 = CARTESIAN_POINT('',(4.711672387306,20.60677821779));
#2614 = CARTESIAN_POINT('',(4.711674668109,20.726502747972));
#2615 = CARTESIAN_POINT('',(4.711676526765,20.846193878735));
#2616 = CARTESIAN_POINT('',(4.711676826005,20.96588407229));
#2617 = CARTESIAN_POINT('',(4.711675692497,21.085606333596));
#2618 = CARTESIAN_POINT('',(4.711673889986,21.205373809362));
#2619 = CARTESIAN_POINT('',(4.711670259229,21.452532594457));
#2620 = CARTESIAN_POINT('',(4.711668434465,21.580114022966));
#2621 = CARTESIAN_POINT('',(4.711667522765,21.707631598292));
#2622 = CARTESIAN_POINT('',(4.711668338286,21.835107337602));
#2623 = CARTESIAN_POINT('',(4.711670787927,21.962583225476));
#2624 = CARTESIAN_POINT('',(4.711672780913,22.090101787346));
#2625 = CARTESIAN_POINT('',(4.711673670653,22.217682940394));
#2626 = CARTESIAN_POINT('',(4.711673698226,22.345149870254));
#2627 = ( GEOMETRIC_REPRESENTATION_CONTEXT(2) 
PARAMETRIC_REPRESENTATION_CONTEXT() REPRESENTATION_CONTEXT('2D SPACE',''
  ) );
#2628 = PCURVE('',#2629,#2634);
#2629 = CYLINDRICAL_SURFACE('',#2630,7.);
#2630 = AXIS2_PLACEMENT_3D('',#2631,#2632,#2633);
#2631 = CARTESIAN_POINT('',(0.,0.,9.));
#2632 = DIRECTION('',(-0.,-0.,-1.));
#2633 = DIRECTION('',(1.,0.,0.));
#2634 = DEFINITIONAL_REPRESENTATION('',(#2635),#2701);
#2635 = B_SPLINE_CURVE_WITH_KNOTS('',8,(#2636,#2637,#2638,#2639,#2640,
    #2641,#2642,#2643,#2644,#2645,#2646,#2647,#2648,#2649,#2650,#2651,
    #2652,#2653,#2654,#2655,#2656,#2657,#2658,#2659,#2660,#2661,#2662,
    #2663,#2664,#2665,#2666,#2667,#2668,#2669,#2670,#2671,#2672,#2673,
    #2674,#2675,#2676,#2677,#2678,#2679,#2680,#2681,#2682,#2683,#2684,
    #2685,#2686,#2687,#2688,#2689,#2690,#2691,#2692,#2693,#2694,#2695,
    #2696,#2697,#2698,#2699,#2700),.UNSPECIFIED.,.F.,.F.,(9,7,7,7,7,7,7,
    7,7,9),(0.,0.111824259288,0.24682246638,0.39360937823,0.460824763204
    ,0.54325651303,0.646381822392,0.734429624413,0.863032846347,1.),
  .UNSPECIFIED.);
#2636 = CARTESIAN_POINT('',(0.,-7.700000429834));
#2637 = CARTESIAN_POINT('',(-8.782431725719E-02,-7.755911074576));
#2638 = CARTESIAN_POINT('',(-0.175685573568,-7.811845113201));
#2639 = CARTESIAN_POINT('',(-0.263532736795,-7.867770111104));
#2640 = CARTESIAN_POINT('',(-0.351367014924,-7.92368695771));
#2641 = CARTESIAN_POINT('',(-0.439201317382,-7.979603931467));
#2642 = CARTESIAN_POINT('',(-0.527048356016,-8.035529109018));
#2643 = CARTESIAN_POINT('',(-0.614908071575,-8.09146240322));
#2644 = CARTESIAN_POINT('',(-0.808740864712,-8.214860352808));
#2645 = CARTESIAN_POINT('',(-0.914850462876,-8.28241192439));
#2646 = CARTESIAN_POINT('',(-1.020911953319,-8.349932821409));
#2647 = CARTESIAN_POINT('',(-1.126938675014,-8.417431479658));
#2648 = CARTESIAN_POINT('',(-1.232964212552,-8.484929346009));
#2649 = CARTESIAN_POINT('',(-1.339022230655,-8.552447965348));
#2650 = CARTESIAN_POINT('',(-1.445130472603,-8.619998626717));
#2651 = CARTESIAN_POINT('',(-1.666433001532,-8.760884361917));
#2652 = CARTESIAN_POINT('',(-1.781845640593,-8.834358448296));
#2653 = CARTESIAN_POINT('',(-1.897179582325,-8.907782398906));
#2654 = CARTESIAN_POINT('',(-2.012466961312,-8.981176574559));
#2655 = CARTESIAN_POINT('',(-2.127755137716,-9.054570935272));
#2656 = CARTESIAN_POINT('',(-2.243091835248,-9.127996168468));
#2657 = CARTESIAN_POINT('',(-2.358505761758,-9.201470858786));
#2658 = CARTESIAN_POINT('',(-2.52656827222,-9.308463010126));
#2659 = CARTESIAN_POINT('',(-2.579353964265,-9.342067562455));
#2660 = CARTESIAN_POINT('',(-2.632140382388,-9.375672623331));
#2661 = CARTESIAN_POINT('',(-2.684928026022,-9.409278488178));
#2662 = CARTESIAN_POINT('',(-2.737716574488,-9.442884925001));
#2663 = CARTESIAN_POINT('',(-2.790504886999,-9.476491174386));
#2664 = CARTESIAN_POINT('',(-2.843291002652,-9.510095949501));
#2665 = CARTESIAN_POINT('',(-2.960801986839,-9.584905700213));
#2666 = CARTESIAN_POINT('',(-3.025530189211,-9.626112930867));
#2667 = CARTESIAN_POINT('',(-3.090254771976,-9.667316800528));
#2668 = CARTESIAN_POINT('',(-3.154980010106,-9.70852269602));
#2669 = CARTESIAN_POINT('',(-3.219710739221,-9.749731943797));
#2670 = CARTESIAN_POINT('',(-3.284448824336,-9.790944220555));
#2671 = CARTESIAN_POINT('',(-3.349188767305,-9.832159084109));
#2672 = CARTESIAN_POINT('',(-3.494877490661,-9.924907450772));
#2673 = CARTESIAN_POINT('',(-3.575865145977,-9.976466067563));
#2674 = CARTESIAN_POINT('',(-3.656842752003,-10.02801843945));
#2675 = CARTESIAN_POINT('',(-3.737809220399,-10.0795636583));
#2676 = CARTESIAN_POINT('',(-3.818777511867,-10.13110983619));
#2677 = CARTESIAN_POINT('',(-3.899759648144,-10.18266463656));
#2678 = CARTESIAN_POINT('',(-3.980751245555,-10.23422537841));
#2679 = CARTESIAN_POINT('',(-4.130842449509,-10.32977611991));
#2680 = CARTESIAN_POINT('',(-4.199979160972,-10.37378975428));
#2681 = CARTESIAN_POINT('',(-4.269111627247,-10.41780070518));
#2682 = CARTESIAN_POINT('',(-4.338239002984,-10.46180846294));
#2683 = CARTESIAN_POINT('',(-4.407366842611,-10.50581657362));
#2684 = CARTESIAN_POINT('',(-4.47650026819,-10.54982829275));
#2685 = CARTESIAN_POINT('',(-4.545637137272,-10.59384223911));
#2686 = CARTESIAN_POINT('',(-4.715724305328,-10.70212323466));
#2687 = CARTESIAN_POINT('',(-4.816757555821,-10.76644310757));
#2688 = CARTESIAN_POINT('',(-4.917752696946,-10.83073868487));
#2689 = CARTESIAN_POINT('',(-5.018719807591,-10.89501632573));
#2690 = CARTESIAN_POINT('',(-5.119686218258,-10.95929346326));
#2691 = CARTESIAN_POINT('',(-5.220679616564,-11.0235878221));
#2692 = CARTESIAN_POINT('',(-5.321711063379,-11.08790646243));
#2693 = CARTESIAN_POINT('',(-5.530205023142,-11.22063796489));
#2694 = CARTESIAN_POINT('',(-5.637827905313,-11.28915292659));
#2695 = CARTESIAN_POINT('',(-5.745396905965,-11.35763359727));
#2696 = CARTESIAN_POINT('',(-5.852930715115,-11.42609180075));
#2697 = CARTESIAN_POINT('',(-5.960465003249,-11.49455008402));
#2698 = CARTESIAN_POINT('',(-6.068035538688,-11.56303128449));
#2699 = CARTESIAN_POINT('',(-6.175658744375,-11.63154609825));
#2700 = CARTESIAN_POINT('',(-6.28318530718,-11.69999957082));
#2701 = ( GEOMETRIC_REPRESENTATION_CONTEXT(2) 
PARAMETRIC_REPRESENTATION_CONTEXT() REPRESENTATION_CONTEXT('2D SPACE',''
  ) );
#2702 = ORIENTED_EDGE('',*,*,#2703,.T.);
#2703 = EDGE_CURVE('',#2490,#2704,#2706,.T.);
#2704 = VERTEX_POINT('',#2705);
#2705 = CARTESIAN_POINT('',(7.,0.,24.699999902441));
#2706 = SURFACE_CURVE('',#2707,(#2773,#2842),.PCURVE_S1.);
#2707 = B_SPLINE_CURVE_WITH_KNOTS('',8,(#2708,#2709,#2710,#2711,#2712,
    #2713,#2714,#2715,#2716,#2717,#2718,#2719,#2720,#2721,#2722,#2723,
    #2724,#2725,#2726,#2727,#2728,#2729,#2730,#2731,#2732,#2733,#2734,
    #2735,#2736,#2737,#2738,#2739,#2740,#2741,#2742,#2743,#2744,#2745,
    #2746,#2747,#2748,#2749,#2750,#2751,#2752,#2753,#2754,#2755,#2756,
    #2757,#2758,#2759,#2760,#2761,#2762,#2763,#2764,#2765,#2766,#2767,
    #2768,#2769,#2770,#2771,#2772),.UNSPECIFIED.,.F.,.F.,(9,7,7,7,7,7,7,
    7,7,9),(0.,0.115178188273,0.18994511089,0.319237011964,
    0.454417729806,0.585148253298,0.732828748085,0.787883683273,
    0.868920134099,1.),.UNSPECIFIED.);
#2708 = CARTESIAN_POINT('',(7.,-1.7763568394E-15,20.699999570825));
#2709 = CARTESIAN_POINT('',(7.,0.632989327057,20.757567163432));
#2710 = CARTESIAN_POINT('',(6.934583545909,1.266289093715,
    20.815163095607));
#2711 = CARTESIAN_POINT('',(6.803638809851,1.891552441663,
    20.872745817056));
#2712 = CARTESIAN_POINT('',(6.608458243243,2.500893123483,
    20.930317628897));
#2713 = CARTESIAN_POINT('',(6.351317095625,3.086780173387,20.9878890402)
  );
#2714 = CARTESIAN_POINT('',(6.035499564631,3.64206196585,21.045470153747
    ));
#2715 = CARTESIAN_POINT('',(5.665265311948,4.159978643571,
    21.103062847243));
#2716 = CARTESIAN_POINT('',(4.974175623027,4.942307758425,21.19799690056
    ));
#2717 = CARTESIAN_POINT('',(4.681424660636,5.232074030414,
    21.235374250013));
#2718 = CARTESIAN_POINT('',(4.369436634645,5.50195027233,21.27274999348)
  );
#2719 = CARTESIAN_POINT('',(4.039827495563,5.750438231951,
    21.310121393278));
#2720 = CARTESIAN_POINT('',(3.694318330433,5.976226705699,
    21.347489800602));
#2721 = CARTESIAN_POINT('',(3.334719048655,6.17817563091,21.384858024976
    ));
#2722 = CARTESIAN_POINT('',(2.962922041158,6.355311886683,
    21.422228896069));
#2723 = CARTESIAN_POINT('',(1.920298118216,6.76886369761,21.524238276477
    ));
#2724 = CARTESIAN_POINT('',(1.228804889348,6.954432472935,
    21.588918833118));
#2725 = CARTESIAN_POINT('',(0.517475366727,7.058935087951,
    21.653573430934));
#2726 = CARTESIAN_POINT('',(-0.202557216621,7.080235924469,
    21.718208514896));
#2727 = CARTESIAN_POINT('',(-0.920180142374,7.017800493844,
    21.782842202968));
#2728 = CARTESIAN_POINT('',(-1.624338024975,6.872809611494,
    21.847493419365));
#2729 = CARTESIAN_POINT('',(-2.30406645813,6.648036756182,21.91217038431
    ));
#2730 = CARTESIAN_POINT('',(-3.622591657334,6.035644548683,
    22.044387031274));
#2731 = CARTESIAN_POINT('',(-4.259105570009,5.640613717673,
    22.112022206868));
#2732 = CARTESIAN_POINT('',(-4.845640999193,5.169115190092,
    22.179625620621));
#2733 = CARTESIAN_POINT('',(-5.371762087563,4.628809902205,
    22.247208487912));
#2734 = CARTESIAN_POINT('',(-5.828405386356,4.028619465288,
    22.314792156278));
#2735 = CARTESIAN_POINT('',(-6.208069822036,3.3788223194,22.382398021148
    ));
#2736 = CARTESIAN_POINT('',(-6.504703177857,2.690902960151,
    22.450034743962));
#2737 = CARTESIAN_POINT('',(-6.917749308884,1.288841705365,
    22.582964303664));
#2738 = CARTESIAN_POINT('',(-7.040107953865,0.575173467623,
    22.648368470117));
#2739 = CARTESIAN_POINT('',(-7.078031491431,-0.151035627426,
    22.713746629342));
#2740 = CARTESIAN_POINT('',(-7.03039181942,-0.878101009485,
    22.77910474125));
#2741 = CARTESIAN_POINT('',(-6.897729899494,-1.594523244162,
    22.844460948676));
#2742 = CARTESIAN_POINT('',(-6.682370858406,-2.289041752603,
    22.909834220527));
#2743 = CARTESIAN_POINT('',(-6.388274225887,-2.950654853253,
    22.975233755887));
#2744 = CARTESIAN_POINT('',(-5.608014822755,-4.267220891414,
    23.11441740537));
#2745 = CARTESIAN_POINT('',(-5.101087693902,-4.911547296309,
    23.188332640676));
#2746 = CARTESIAN_POINT('',(-4.51000275329,-5.485983220589,
    23.262196473456));
#2747 = CARTESIAN_POINT('',(-3.846409641731,-5.978245701226,
    23.336029747895));
#2748 = CARTESIAN_POINT('',(-3.12338078307,-6.378139810905,
    23.409864130589));
#2749 = CARTESIAN_POINT('',(-2.355610730142,-6.677989162734,
    23.483730145304));
#2750 = CARTESIAN_POINT('',(-1.55911413275,-6.87227414444,
    23.557646520954));
#2751 = CARTESIAN_POINT('',(-0.451152629312,-6.991998733342,
    23.658996795449));
#2752 = CARTESIAN_POINT('',(-0.148706374178,-7.009646620276,
    23.68651560317));
#2753 = CARTESIAN_POINT('',(0.154476173478,-7.012336073244,
    23.714033702736));
#2754 = CARTESIAN_POINT('',(0.457552643166,-7.000034024008,
    23.741552961393));
#2755 = CARTESIAN_POINT('',(0.759669674163,-6.972768187493,
    23.769073898059));
#2756 = CARTESIAN_POINT('',(1.059962915515,-6.930627061792,
    23.796595683331));
#2757 = CARTESIAN_POINT('',(1.35755702604,-6.873759928163,
    23.824116139477));
#2758 = CARTESIAN_POINT('',(2.084322833826,-6.69730668429,
    23.892132499126));
#2759 = CARTESIAN_POINT('',(2.509534803298,-6.56074895161,
    23.932642168656));
#2760 = CARTESIAN_POINT('',(2.924402980121,-6.393359205765,
    23.973149416034));
#2761 = CARTESIAN_POINT('',(3.326301226472,-6.196087806189,
    24.013651378562));
#2762 = CARTESIAN_POINT('',(3.712757062194,-5.970129199784,
    24.054150123223));
#2763 = CARTESIAN_POINT('',(4.081443185026,-5.716894277664,
    24.094649631834));
#2764 = CARTESIAN_POINT('',(4.430179318215,-5.438005807836,
    24.135153311959));
#2765 = CARTESIAN_POINT('',(5.285500618672,-4.645704981516,
    24.241186593792));
#2766 = CARTESIAN_POINT('',(5.756848309291,-4.093563076847,
    24.306758534157));
#2767 = CARTESIAN_POINT('',(6.161706117672,-3.487197260127,
    24.372303615281));
#2768 = CARTESIAN_POINT('',(6.493094141889,-2.836115988369,
    24.437830783049));
#2769 = CARTESIAN_POINT('',(6.745544039916,-2.150548654585,
    24.503358583591));
#2770 = CARTESIAN_POINT('',(6.915258447578,-1.441454912903,
    24.568905678704));
#2771 = CARTESIAN_POINT('',(7.,-0.720445301891,24.634478424689));
#2772 = CARTESIAN_POINT('',(7.,3.552713678801E-15,24.699999902441));
#2773 = PCURVE('',#692,#2774);
#2774 = DEFINITIONAL_REPRESENTATION('',(#2775),#2841);
#2775 = B_SPLINE_CURVE_WITH_KNOTS('',8,(#2776,#2777,#2778,#2779,#2780,
    #2781,#2782,#2783,#2784,#2785,#2786,#2787,#2788,#2789,#2790,#2791,
    #2792,#2793,#2794,#2795,#2796,#2797,#2798,#2799,#2800,#2801,#2802,
    #2803,#2804,#2805,#2806,#2807,#2808,#2809,#2810,#2811,#2812,#2813,
    #2814,#2815,#2816,#2817,#2818,#2819,#2820,#2821,#2822,#2823,#2824,
    #2825,#2826,#2827,#2828,#2829,#2830,#2831,#2832,#2833,#2834,#2835,
    #2836,#2837,#2838,#2839,#2840),.UNSPECIFIED.,.F.,.F.,(9,7,7,7,7,7,7,
    7,7,9),(0.,0.115178188273,0.18994511089,0.319237011964,
    0.454417729806,0.585148253298,0.732828748085,0.787883683273,
    0.868920134099,1.),.UNSPECIFIED.);
#2776 = CARTESIAN_POINT('',(4.711673698226,22.345149870254));
#2777 = CARTESIAN_POINT('',(4.711673721413,22.452346247794));
#2778 = CARTESIAN_POINT('',(4.711673137112,22.559595396329));
#2779 = CARTESIAN_POINT('',(4.711672079949,22.666819945233));
#2780 = CARTESIAN_POINT('',(4.711671220376,22.774024179376));
#2781 = CARTESIAN_POINT('',(4.711671393065,22.881227667709));
#2782 = CARTESIAN_POINT('',(4.711673244126,22.988449222526));
#2783 = CARTESIAN_POINT('',(4.711672776458,23.09569234033));
#2784 = CARTESIAN_POINT('',(4.711671943795,23.27246865075));
#2785 = CARTESIAN_POINT('',(4.711671902734,23.342068859512));
#2786 = CARTESIAN_POINT('',(4.711672664928,23.411666077775));
#2787 = CARTESIAN_POINT('',(4.711673124831,23.481255207709));
#2788 = CARTESIAN_POINT('',(4.711672687206,23.55083876537));
#2789 = CARTESIAN_POINT('',(4.711671953118,23.620421982361));
#2790 = CARTESIAN_POINT('',(4.711671959527,23.690010127796));
#2791 = CARTESIAN_POINT('',(4.711671994832,23.879961375705));
#2792 = CARTESIAN_POINT('',(4.711672616689,24.000402774332));
#2793 = CARTESIAN_POINT('',(4.711673999605,24.120795835142));
#2794 = CARTESIAN_POINT('',(4.711674818476,24.241152559253));
#2795 = CARTESIAN_POINT('',(4.711673728937,24.361506684142));
#2796 = CARTESIAN_POINT('',(4.711671981491,24.481893448418));
#2797 = CARTESIAN_POINT('',(4.71167038796,24.602328158957));
#2798 = CARTESIAN_POINT('',(4.711668553024,24.84852823373));
#2799 = CARTESIAN_POINT('',(4.711668371868,24.974471416162));
#2800 = CARTESIAN_POINT('',(4.711669511077,25.100355455003));
#2801 = CARTESIAN_POINT('',(4.711672081295,25.226201234411));
#2802 = CARTESIAN_POINT('',(4.711674747845,25.3520485054));
#2803 = CARTESIAN_POINT('',(4.711676132994,25.477937108443));
#2804 = CARTESIAN_POINT('',(4.711676120406,25.60388317195));
#2805 = CARTESIAN_POINT('',(4.711674190586,25.851410758629));
#2806 = CARTESIAN_POINT('',(4.711672334916,25.973199588121));
#2807 = CARTESIAN_POINT('',(4.71166998102,26.094939989665));
#2808 = CARTESIAN_POINT('',(4.711668025092,26.216643061123));
#2809 = CARTESIAN_POINT('',(4.71166771582,26.338342586309));
#2810 = CARTESIAN_POINT('',(4.711668852854,26.460073887096));
#2811 = CARTESIAN_POINT('',(4.711670472472,26.581854093044));
#2812 = CARTESIAN_POINT('',(4.711673457553,26.841027394579));
#2813 = CARTESIAN_POINT('',(4.711674783066,26.978664650379));
#2814 = CARTESIAN_POINT('',(4.711674674883,27.116206189743));
#2815 = CARTESIAN_POINT('',(4.711673043862,27.253690826595));
#2816 = CARTESIAN_POINT('',(4.71166956443,27.391177527048));
#2817 = CARTESIAN_POINT('',(4.711672144909,27.528723129414));
#2818 = CARTESIAN_POINT('',(4.711672245351,27.666362508646));
#2819 = CARTESIAN_POINT('',(4.711672425201,27.855086438146));
#2820 = CARTESIAN_POINT('',(4.71167273443,27.906329096876));
#2821 = CARTESIAN_POINT('',(4.7116731125,27.957570436954));
#2822 = CARTESIAN_POINT('',(4.711673420349,28.00881393537));
#2823 = CARTESIAN_POINT('',(4.711673571395,28.060060558402));
#2824 = CARTESIAN_POINT('',(4.71167353154,28.111308761618));
#2825 = CARTESIAN_POINT('',(4.711673319171,28.162554489874));
#2826 = CARTESIAN_POINT('',(4.711672542952,28.289207473569));
#2827 = CARTESIAN_POINT('',(4.711671941607,28.364640362669));
#2828 = CARTESIAN_POINT('',(4.711671608096,28.44006874149));
#2829 = CARTESIAN_POINT('',(4.711671727929,28.515487279414));
#2830 = CARTESIAN_POINT('',(4.711672230443,28.590899825364));
#2831 = CARTESIAN_POINT('',(4.711672852437,28.666313793859));
#2832 = CARTESIAN_POINT('',(4.711673300145,28.741735530111));
#2833 = CARTESIAN_POINT('',(4.711673848278,28.939179668319));
#2834 = CARTESIAN_POINT('',(4.71167353171,29.061280908917));
#2835 = CARTESIAN_POINT('',(4.711672089737,29.183332135039));
#2836 = CARTESIAN_POINT('',(4.711669717829,29.305350004777));
#2837 = CARTESIAN_POINT('',(4.7116681836,29.427369052738));
#2838 = CARTESIAN_POINT('',(4.711668147062,29.54942402911));
#2839 = CARTESIAN_POINT('',(4.711669248141,29.671526769856));
#2840 = CARTESIAN_POINT('',(4.711670828545,29.793534044231));
#2841 = ( GEOMETRIC_REPRESENTATION_CONTEXT(2) 
PARAMETRIC_REPRESENTATION_CONTEXT() REPRESENTATION_CONTEXT('2D SPACE',''
  ) );
#2842 = PCURVE('',#2843,#2848);
#2843 = CYLINDRICAL_SURFACE('',#2844,7.);
#2844 = AXIS2_PLACEMENT_3D('',#2845,#2846,#2847);
#2845 = CARTESIAN_POINT('',(0.,0.,9.));
#2846 = DIRECTION('',(-0.,-0.,-1.));
#2847 = DIRECTION('',(1.,0.,0.));
#2848 = DEFINITIONAL_REPRESENTATION('',(#2849),#2915);
#2849 = B_SPLINE_CURVE_WITH_KNOTS('',8,(#2850,#2851,#2852,#2853,#2854,
    #2855,#2856,#2857,#2858,#2859,#2860,#2861,#2862,#2863,#2864,#2865,
    #2866,#2867,#2868,#2869,#2870,#2871,#2872,#2873,#2874,#2875,#2876,
    #2877,#2878,#2879,#2880,#2881,#2882,#2883,#2884,#2885,#2886,#2887,
    #2888,#2889,#2890,#2891,#2892,#2893,#2894,#2895,#2896,#2897,#2898,
    #2899,#2900,#2901,#2902,#2903,#2904,#2905,#2906,#2907,#2908,#2909,
    #2910,#2911,#2912,#2913,#2914),.UNSPECIFIED.,.F.,.F.,(9,7,7,7,7,7,7,
    7,7,9),(0.,0.115178188273,0.18994511089,0.319237011964,
    0.454417729806,0.585148253298,0.732828748085,0.787883683273,
    0.868920134099,1.),.UNSPECIFIED.);
#2850 = CARTESIAN_POINT('',(0.,-11.69999957082));
#2851 = CARTESIAN_POINT('',(-9.042704672249E-02,-11.75756716343));
#2852 = CARTESIAN_POINT('',(-0.180898405475,-11.8151630956));
#2853 = CARTESIAN_POINT('',(-0.271348704441,-11.87274581705));
#2854 = CARTESIAN_POINT('',(-0.361781572923,-11.93031762889));
#2855 = CARTESIAN_POINT('',(-0.452213706358,-11.9878890402));
#2856 = CARTESIAN_POINT('',(-0.542661697874,-12.04547015374));
#2857 = CARTESIAN_POINT('',(-0.633128960562,-12.10306284724));
#2858 = CARTESIAN_POINT('',(-0.782251824718,-12.19799690056));
#2859 = CARTESIAN_POINT('',(-0.840963759779,-12.23537425001));
#2860 = CARTESIAN_POINT('',(-0.89967398184,-12.27274999348));
#2861 = CARTESIAN_POINT('',(-0.958377554753,-12.31012139327));
#2862 = CARTESIAN_POINT('',(-1.017075894052,-12.3474898006));
#2863 = CARTESIAN_POINT('',(-1.075773483427,-12.38485802497));
#2864 = CARTESIAN_POINT('',(-1.134475354483,-12.42222889606));
#2865 = CARTESIAN_POINT('',(-1.294710497066,-12.52423827647));
#2866 = CARTESIAN_POINT('',(-1.39630977552,-12.58891883311));
#2867 = CARTESIAN_POINT('',(-1.49786853523,-12.65357343093));
#2868 = CARTESIAN_POINT('',(-1.59939730453,-12.71820851489));
#2869 = CARTESIAN_POINT('',(-1.700924126802,-12.78284220296));
#2870 = CARTESIAN_POINT('',(-1.802478440748,-12.84749341936));
#2871 = CARTESIAN_POINT('',(-1.904073040427,-12.91217038431));
#2872 = CARTESIAN_POINT('',(-2.111758679871,-13.04438703127));
#2873 = CARTESIAN_POINT('',(-2.217999706266,-13.11202220686));
#2874 = CARTESIAN_POINT('',(-2.324190675771,-13.17962562062));
#2875 = CARTESIAN_POINT('',(-2.430349352023,-13.24720848791));
#2876 = CARTESIAN_POINT('',(-2.536509478898,-13.31479215627));
#2877 = CARTESIAN_POINT('',(-2.642704581095,-13.38239802114));
#2878 = CARTESIAN_POINT('',(-2.748948160907,-13.45003474396));
#2879 = CARTESIAN_POINT('',(-2.957753453891,-13.58296430366));
#2880 = CARTESIAN_POINT('',(-3.060490046269,-13.64836847011));
#2881 = CARTESIAN_POINT('',(-3.163185692307,-13.71374662934));
#2882 = CARTESIAN_POINT('',(-3.265849744866,-13.77910474125));
#2883 = CARTESIAN_POINT('',(-3.36851083459,-13.84446094867));
#2884 = CARTESIAN_POINT('',(-3.471198975089,-13.90983422052));
#2885 = CARTESIAN_POINT('',(-3.573928572816,-13.97523375588));
#2886 = CARTESIAN_POINT('',(-3.792558390834,-14.11441740537));
#2887 = CARTESIAN_POINT('',(-3.908664595726,-14.18833264067));
#2888 = CARTESIAN_POINT('',(-4.024689900108,-14.26219647345));
#2889 = CARTESIAN_POINT('',(-4.140666744313,-14.33602974789));
#2890 = CARTESIAN_POINT('',(-4.256644277601,-14.40986413058));
#2891 = CARTESIAN_POINT('',(-4.372671280864,-14.4837301453));
#2892 = CARTESIAN_POINT('',(-4.488779456808,-14.55764652095));
#2893 = CARTESIAN_POINT('',(-4.647981079088,-14.65899679544));
#2894 = CARTESIAN_POINT('',(-4.691207655661,-14.68651560317));
#2895 = CARTESIAN_POINT('',(-4.734433109381,-14.71403370273));
#2896 = CARTESIAN_POINT('',(-4.77766044255,-14.74155296139));
#2897 = CARTESIAN_POINT('',(-4.820890486691,-14.76907389805));
#2898 = CARTESIAN_POINT('',(-4.864121902551,-14.79659568333));
#2899 = CARTESIAN_POINT('',(-4.907351180099,-14.82411613947));
#2900 = CARTESIAN_POINT('',(-5.014191160257,-14.89213249912));
#2901 = CARTESIAN_POINT('',(-5.077823428822,-14.93264216865));
#2902 = CARTESIAN_POINT('',(-5.141451658415,-14.97314941603));
#2903 = CARTESIAN_POINT('',(-5.205071507614,-15.01365137856));
#2904 = CARTESIAN_POINT('',(-5.268686373807,-15.05415012322));
#2905 = CARTESIAN_POINT('',(-5.332302584685,-15.09464963183));
#2906 = CARTESIAN_POINT('',(-5.395925486817,-15.13515331195));
#2907 = CARTESIAN_POINT('',(-5.56248215894,-15.24118659379));
#2908 = CARTESIAN_POINT('',(-5.665482627868,-15.30675853415));
#2909 = CARTESIAN_POINT('',(-5.768441126085,-15.37230361528));
#2910 = CARTESIAN_POINT('',(-5.871371363811,-15.43783078305));
#2911 = CARTESIAN_POINT('',(-5.97430225916,-15.50335858359));
#2912 = CARTESIAN_POINT('',(-6.077263286118,-15.5689056787));
#2913 = CARTESIAN_POINT('',(-6.180264549767,-15.63447842468));
#2914 = CARTESIAN_POINT('',(-6.28318530718,-15.69999990244));
#2915 = ( GEOMETRIC_REPRESENTATION_CONTEXT(2) 
PARAMETRIC_REPRESENTATION_CONTEXT() REPRESENTATION_CONTEXT('2D SPACE',''
  ) );
#2916 = ORIENTED_EDGE('',*,*,#2917,.T.);
#2917 = EDGE_CURVE('',#2704,#2918,#2920,.T.);
#2918 = VERTEX_POINT('',#2919);
#2919 = CARTESIAN_POINT('',(7.,0.,28.699999999999));
#2920 = SURFACE_CURVE('',#2921,(#2994,#3070),.PCURVE_S1.);
#2921 = B_SPLINE_CURVE_WITH_KNOTS('',8,(#2922,#2923,#2924,#2925,#2926,
    #2927,#2928,#2929,#2930,#2931,#2932,#2933,#2934,#2935,#2936,#2937,
    #2938,#2939,#2940,#2941,#2942,#2943,#2944,#2945,#2946,#2947,#2948,
    #2949,#2950,#2951,#2952,#2953,#2954,#2955,#2956,#2957,#2958,#2959,
    #2960,#2961,#2962,#2963,#2964,#2965,#2966,#2967,#2968,#2969,#2970,
    #2971,#2972,#2973,#2974,#2975,#2976,#2977,#2978,#2979,#2980,#2981,
    #2982,#2983,#2984,#2985,#2986,#2987,#2988,#2989,#2990,#2991,#2992,
    #2993),.UNSPECIFIED.,.F.,.F.,(9,7,7,7,7,7,7,7,7,7,9),(0.,
    0.130580775702,0.255780182294,0.302337799057,0.396305240205,
    0.496018308442,0.610217250368,0.704890392056,0.807535090796,
    0.906544605621,1.),.UNSPECIFIED.);
#2922 = CARTESIAN_POINT('',(7.,3.552713678801E-15,24.699999902441));
#2923 = CARTESIAN_POINT('',(7.,0.717794230965,24.765280276414));
#2924 = CARTESIAN_POINT('',(6.915880939168,1.43614812635,24.830611464801
    ));
#2925 = CARTESIAN_POINT('',(6.747414417604,2.14270779824,24.895916396263
    ));
#2926 = CARTESIAN_POINT('',(6.496811014208,2.825989412326,
    24.961201316847));
#2927 = CARTESIAN_POINT('',(6.167817778736,3.475154841318,
    25.026484942053));
#2928 = CARTESIAN_POINT('',(5.765821932914,4.0800890485,25.091786336535)
  );
#2929 = CARTESIAN_POINT('',(5.297695296404,4.631385513938,
    25.157114991562));
#2930 = CARTESIAN_POINT('',(4.269059965284,5.590065896442,
    25.284995222293));
#2931 = CARTESIAN_POINT('',(3.712547077271,6.003009557795,
    25.347625580852));
#2932 = CARTESIAN_POINT('',(3.110793757274,6.352186016993,25.41023425573
    ));
#2933 = CARTESIAN_POINT('',(2.472439082335,6.632051416643,
    25.472827715756));
#2934 = CARTESIAN_POINT('',(1.806653951332,6.838376576248,
    25.535422154577));
#2935 = CARTESIAN_POINT('',(1.123142738846,6.968340892808,
    25.598033320305));
#2936 = CARTESIAN_POINT('',(0.432089486227,7.020468516404,
    25.660666292896));
#2937 = CARTESIAN_POINT('',(-0.511459833969,6.985979665835,
    25.746535328722));
#2938 = CARTESIAN_POINT('',(-0.766829826471,6.965943615065,
    25.769811223521));
#2939 = CARTESIAN_POINT('',(-1.021294527301,6.935240186709,
    25.793087689599));
#2940 = CARTESIAN_POINT('',(-1.274341508023,6.893916300161,
    25.816365439248));
#2941 = CARTESIAN_POINT('',(-1.525456924235,6.842048193032,
    25.839644784919));
#2942 = CARTESIAN_POINT('',(-1.774126084168,6.779743712792,
    25.86292544336));
#2943 = CARTESIAN_POINT('',(-2.019834017269,6.707144608415,
    25.886206339756));
#2944 = CARTESIAN_POINT('',(-2.750963997336,6.457483189262,
    25.956469664733));
#2945 = CARTESIAN_POINT('',(-3.225868350071,6.249271373589,
    26.003462419834));
#2946 = CARTESIAN_POINT('',(-3.68258214306,6.001197510368,
    26.050450201859));
#2947 = CARTESIAN_POINT('',(-4.117223779487,5.715162582106,
    26.097436721077));
#2948 = CARTESIAN_POINT('',(-4.526182135392,5.393466200991,
    26.144418305084));
#2949 = CARTESIAN_POINT('',(-4.906118173148,5.038810658023,
    26.191409133696));
#2950 = CARTESIAN_POINT('',(-5.253987539687,4.654290798472,
    26.238399237568));
#2951 = CARTESIAN_POINT('',(-5.899393493518,3.807570051342,
    26.335224239461));
#2952 = CARTESIAN_POINT('',(-6.192738990068,3.341810845915,
    26.38508474542));
#2953 = CARTESIAN_POINT('',(-6.443900280027,2.850417479409,
    26.434940660875));
#2954 = CARTESIAN_POINT('',(-6.650324572712,2.337877687064,
    26.484791019691));
#2955 = CARTESIAN_POINT('',(-6.810041524578,1.808904432837,
    26.534642518263));
#2956 = CARTESIAN_POINT('',(-6.921628930125,1.268407840365,
    26.584501623136));
#2957 = CARTESIAN_POINT('',(-6.984262450413,0.721496083298,
    26.634366572568));
#2958 = CARTESIAN_POINT('',(-7.013410156847,-0.454095300901,
    26.741314351261));
#2959 = CARTESIAN_POINT('',(-6.964648725144,-1.083521379985,
    26.798430283688));
#2960 = CARTESIAN_POINT('',(-6.851288158282,-1.706723545379,
    26.85553437254));
#2961 = CARTESIAN_POINT('',(-6.674349596648,-2.31599414821,
    26.912630289535));
#2962 = CARTESIAN_POINT('',(-6.435865671679,-2.903943630306,
    26.969729025394));
#2963 = CARTESIAN_POINT('',(-6.138797499782,-3.463482994825,
    27.026840326611));
#2964 = CARTESIAN_POINT('',(-5.787136799912,-3.987875375632,
    27.08396358534));
#2965 = CARTESIAN_POINT('',(-5.053769309304,-4.871372677077,
    27.188388823073));
#2966 = CARTESIAN_POINT('',(-4.687274171534,-5.24365733584,
    27.235729300349));
#2967 = CARTESIAN_POINT('',(-4.289564597268,-5.584266848895,
    27.283065762245));
#2968 = CARTESIAN_POINT('',(-3.863868290832,-5.890186614805,
    27.330397458241));
#2969 = CARTESIAN_POINT('',(-3.41370550883,-6.158818117008,
    27.37772951959));
#2970 = CARTESIAN_POINT('',(-2.942864851593,-6.3879598715,
    27.425066633388));
#2971 = CARTESIAN_POINT('',(-2.45541467697,-6.575845379581,
    27.47240657726));
#2972 = CARTESIAN_POINT('',(-1.414013427179,-6.87887297813,
    27.571045627916));
#2973 = CARTESIAN_POINT('',(-0.8575959619,-6.986651662756,
    27.622372453686));
#2974 = CARTESIAN_POINT('',(-0.29207970035,-7.042898137367,
    27.673693698171));
#2975 = CARTESIAN_POINT('',(0.276952417313,-7.046800861285,
    27.725007609659));
#2976 = CARTESIAN_POINT('',(0.84392524858,-6.998251710605,
    27.776321684567));
#2977 = CARTESIAN_POINT('',(1.403285427113,-6.897793714244,
    27.82764316448));
#2978 = CARTESIAN_POINT('',(1.949520541703,-6.746677570747,
    27.878969424206));
#2979 = CARTESIAN_POINT('',(2.986159192833,-6.354446990431,
    27.97976996446));
#2980 = CARTESIAN_POINT('',(3.478154046212,-6.116596360448,
    28.029273950002));
#2981 = CARTESIAN_POINT('',(3.948275078518,-5.835283597357,
    28.078772845608));
#2982 = CARTESIAN_POINT('',(4.392069504141,-5.512913931692,
    28.128265138298));
#2983 = CARTESIAN_POINT('',(4.805455020898,-5.152378322204,
    28.177757299721));
#2984 = CARTESIAN_POINT('',(5.184703539935,-4.757010195969,
    28.227255905944));
#2985 = CARTESIAN_POINT('',(5.526478373792,-4.330609889457,
    28.276759741285));
#2986 = CARTESIAN_POINT('',(6.112461196364,-3.449879658659,
    28.372967678423));
#2987 = CARTESIAN_POINT('',(6.361186112732,-2.998279154885,
    28.419692210856));
#2988 = CARTESIAN_POINT('',(6.571662050834,-2.526351606859,
    28.466412969027));
#2989 = CARTESIAN_POINT('',(6.741994951752,-2.037899217684,
    28.513129029862));
#2990 = CARTESIAN_POINT('',(6.870750263793,-1.536877261698,
    28.559845013005));
#2991 = CARTESIAN_POINT('',(6.956928447439,-1.027377211814,
    28.606565217454));
#2992 = CARTESIAN_POINT('',(7.,-0.513625798444,28.6532879435));
#2993 = CARTESIAN_POINT('',(7.,8.881784197001E-15,28.699999999999));
#2994 = PCURVE('',#692,#2995);
#2995 = DEFINITIONAL_REPRESENTATION('',(#2996),#3069);
#2996 = B_SPLINE_CURVE_WITH_KNOTS('',8,(#2997,#2998,#2999,#3000,#3001,
    #3002,#3003,#3004,#3005,#3006,#3007,#3008,#3009,#3010,#3011,#3012,
    #3013,#3014,#3015,#3016,#3017,#3018,#3019,#3020,#3021,#3022,#3023,
    #3024,#3025,#3026,#3027,#3028,#3029,#3030,#3031,#3032,#3033,#3034,
    #3035,#3036,#3037,#3038,#3039,#3040,#3041,#3042,#3043,#3044,#3045,
    #3046,#3047,#3048,#3049,#3050,#3051,#3052,#3053,#3054,#3055,#3056,
    #3057,#3058,#3059,#3060,#3061,#3062,#3063,#3064,#3065,#3066,#3067,
    #3068),.UNSPECIFIED.,.F.,.F.,(9,7,7,7,7,7,7,7,7,7,9),(0.,
    0.130580775702,0.255780182294,0.302337799057,0.396305240205,
    0.496018308442,0.610217250368,0.704890392056,0.807535090796,
    0.906544605621,1.),.UNSPECIFIED.);
#2997 = CARTESIAN_POINT('',(4.711670828545,29.793534044231));
#2998 = CARTESIAN_POINT('',(4.711672403133,29.915092360252));
#2999 = CARTESIAN_POINT('',(4.711674455278,30.036745297577));
#3000 = CARTESIAN_POINT('',(4.711676330225,30.158349341976));
#3001 = CARTESIAN_POINT('',(4.711677058259,30.279916124179));
#3002 = CARTESIAN_POINT('',(4.711675959674,30.40148049435));
#3003 = CARTESIAN_POINT('',(4.711673880261,30.523077952576));
#3004 = CARTESIAN_POINT('',(4.711671804452,30.644726172543));
#3005 = CARTESIAN_POINT('',(4.71166892352,30.882851424474));
#3006 = CARTESIAN_POINT('',(4.71166806823,30.999475157673));
#3007 = CARTESIAN_POINT('',(4.711668293545,31.116058513778));
#3008 = CARTESIAN_POINT('',(4.711669811476,31.232613538416));
#3009 = CARTESIAN_POINT('',(4.711671985112,31.349170385619));
#3010 = CARTESIAN_POINT('',(4.711673412159,31.465758379925));
#3011 = CARTESIAN_POINT('',(4.711673863838,31.58238698071));
#3012 = CARTESIAN_POINT('',(4.711673595207,31.742283359324));
#3013 = CARTESIAN_POINT('',(4.711673433515,31.785625307347));
#3014 = CARTESIAN_POINT('',(4.711673198278,31.828968319145));
#3015 = CARTESIAN_POINT('',(4.711672920234,31.872313721075));
#3016 = CARTESIAN_POINT('',(4.71167263759,31.91566209495));
#3017 = CARTESIAN_POINT('',(4.711672388095,31.959012913329));
#3018 = CARTESIAN_POINT('',(4.711672201104,32.002364174804));
#3019 = CARTESIAN_POINT('',(4.71167186469,32.133201223399));
#3020 = CARTESIAN_POINT('',(4.711672469317,32.22070623949));
#3021 = CARTESIAN_POINT('',(4.711670371674,32.308201995242));
#3022 = CARTESIAN_POINT('',(4.711676728528,32.395695399515));
#3023 = CARTESIAN_POINT('',(4.711670330895,32.483179613963));
#3024 = CARTESIAN_POINT('',(4.71167163054,32.570681042748));
#3025 = CARTESIAN_POINT('',(4.711672431624,32.658181121996));
#3026 = CARTESIAN_POINT('',(4.711672754577,32.838478559985));
#3027 = CARTESIAN_POINT('',(4.711672350581,32.931323603162));
#3028 = CARTESIAN_POINT('',(4.711671647486,33.024160098378));
#3029 = CARTESIAN_POINT('',(4.711671456343,33.116986246599));
#3030 = CARTESIAN_POINT('',(4.711672078401,33.209814517158));
#3031 = CARTESIAN_POINT('',(4.711673021614,33.302656951377));
#3032 = CARTESIAN_POINT('',(4.711673483357,33.395510268721));
#3033 = CARTESIAN_POINT('',(4.711673732171,33.594657287775));
#3034 = CARTESIAN_POINT('',(4.711673325347,33.701012630752));
#3035 = CARTESIAN_POINT('',(4.711672138245,33.807345919864));
#3036 = CARTESIAN_POINT('',(4.711670404349,33.913663992183));
#3037 = CARTESIAN_POINT('',(4.711668929748,34.019987313488));
#3038 = CARTESIAN_POINT('',(4.711668383803,34.126334032699));
#3039 = CARTESIAN_POINT('',(4.711668722443,34.232703017956));
#3040 = CARTESIAN_POINT('',(4.711670482114,34.427152823868));
#3041 = CARTESIAN_POINT('',(4.711671701275,34.515305331998));
#3042 = CARTESIAN_POINT('',(4.711673201815,34.6034503631));
#3043 = CARTESIAN_POINT('',(4.711674635987,34.691586519631));
#3044 = CARTESIAN_POINT('',(4.71167565705,34.779723356483));
#3045 = CARTESIAN_POINT('',(4.711676054233,34.867869601483));
#3046 = CARTESIAN_POINT('',(4.711675814107,34.956021116362));
#3047 = CARTESIAN_POINT('',(4.711674343178,35.139696487106));
#3048 = CARTESIAN_POINT('',(4.711673035003,35.235271958382));
#3049 = CARTESIAN_POINT('',(4.711671340433,35.330837036765));
#3050 = CARTESIAN_POINT('',(4.711669732398,35.426388460394));
#3051 = CARTESIAN_POINT('',(4.711668666329,35.521940188325));
#3052 = CARTESIAN_POINT('',(4.711668375521,35.617505705089));
#3053 = CARTESIAN_POINT('',(4.711668795653,35.713080122335));
#3054 = CARTESIAN_POINT('',(4.711670412202,35.900780393971));
#3055 = CARTESIAN_POINT('',(4.711671576434,35.992961561949));
#3056 = CARTESIAN_POINT('',(4.711672915787,36.085133251971));
#3057 = CARTESIAN_POINT('',(4.711673947801,36.177292646726));
#3058 = CARTESIAN_POINT('',(4.711674331704,36.269451797054));
#3059 = CARTESIAN_POINT('',(4.71167406632,36.36162294822));
#3060 = CARTESIAN_POINT('',(4.711673457169,36.453803836507));
#3061 = CARTESIAN_POINT('',(4.711672282229,36.632952240754));
#3062 = CARTESIAN_POINT('',(4.711672219214,36.719957800521));
#3063 = CARTESIAN_POINT('',(4.711670934644,36.806956332245));
#3064 = CARTESIAN_POINT('',(4.711670969313,36.89394611708));
#3065 = CARTESIAN_POINT('',(4.711672688619,36.980935757252));
#3066 = CARTESIAN_POINT('',(4.711673103184,37.067933257897));
#3067 = CARTESIAN_POINT('',(4.711669955333,37.154935453992));
#3068 = CARTESIAN_POINT('',(4.71167107144,37.241917782372));
#3069 = ( GEOMETRIC_REPRESENTATION_CONTEXT(2) 
PARAMETRIC_REPRESENTATION_CONTEXT() REPRESENTATION_CONTEXT('2D SPACE',''
  ) );
#3070 = PCURVE('',#3071,#3076);
#3071 = CYLINDRICAL_SURFACE('',#3072,7.);
#3072 = AXIS2_PLACEMENT_3D('',#3073,#3074,#3075);
#3073 = CARTESIAN_POINT('',(0.,0.,9.));
#3074 = DIRECTION('',(-0.,-0.,-1.));
#3075 = DIRECTION('',(1.,0.,0.));
#3076 = DEFINITIONAL_REPRESENTATION('',(#3077),#3150);
#3077 = B_SPLINE_CURVE_WITH_KNOTS('',8,(#3078,#3079,#3080,#3081,#3082,
    #3083,#3084,#3085,#3086,#3087,#3088,#3089,#3090,#3091,#3092,#3093,
    #3094,#3095,#3096,#3097,#3098,#3099,#3100,#3101,#3102,#3103,#3104,
    #3105,#3106,#3107,#3108,#3109,#3110,#3111,#3112,#3113,#3114,#3115,
    #3116,#3117,#3118,#3119,#3120,#3121,#3122,#3123,#3124,#3125,#3126,
    #3127,#3128,#3129,#3130,#3131,#3132,#3133,#3134,#3135,#3136,#3137,
    #3138,#3139,#3140,#3141,#3142,#3143,#3144,#3145,#3146,#3147,#3148,
    #3149),.UNSPECIFIED.,.F.,.F.,(9,7,7,7,7,7,7,7,7,7,9),(0.,
    0.130580775702,0.255780182294,0.302337799057,0.396305240205,
    0.496018308442,0.610217250368,0.704890392056,0.807535090796,
    0.906544605621,1.),.UNSPECIFIED.);
#3078 = CARTESIAN_POINT('',(0.,-15.69999990244));
#3079 = CARTESIAN_POINT('',(-0.102542032995,-15.76528027641));
#3080 = CARTESIAN_POINT('',(-0.205163910165,-15.8306114648));
#3081 = CARTESIAN_POINT('',(-0.307744642431,-15.89591639626));
#3082 = CARTESIAN_POINT('',(-0.410294068621,-15.96120131684));
#3083 = CARTESIAN_POINT('',(-0.512841448493,-16.02648494205));
#3084 = CARTESIAN_POINT('',(-0.615416606775,-16.09178633653));
#3085 = CARTESIAN_POINT('',(-0.718034495896,-16.15711499156));
#3086 = CARTESIAN_POINT('',(-0.918908033137,-16.28499522229));
#3087 = CARTESIAN_POINT('',(-1.017287433653,-16.34762558085));
#3088 = CARTESIAN_POINT('',(-1.115632838679,-16.41023425573));
#3089 = CARTESIAN_POINT('',(-1.213954510766,-16.47282771575));
#3090 = CARTESIAN_POINT('',(-1.312277995368,-16.53542215457));
#3091 = CARTESIAN_POINT('',(-1.410627847114,-16.5980333203));
#3092 = CARTESIAN_POINT('',(-1.509011769635,-16.66066629289));
#3093 = CARTESIAN_POINT('',(-1.643894545683,-16.74653532872));
#3094 = CARTESIAN_POINT('',(-1.680456201036,-16.76981122352));
#3095 = CARTESIAN_POINT('',(-1.717018710806,-16.79308768959));
#3096 = CARTESIAN_POINT('',(-1.753583192947,-16.81636543924));
#3097 = CARTESIAN_POINT('',(-1.790150142244,-16.83964478491));
#3098 = CARTESIAN_POINT('',(-1.826719122942,-16.86292544336));
#3099 = CARTESIAN_POINT('',(-1.863288461373,-16.88620633975));
#3100 = CARTESIAN_POINT('',(-1.97365721915,-16.95646966473));
#3101 = CARTESIAN_POINT('',(-2.047472701011,-17.00346241983));
#3102 = CARTESIAN_POINT('',(-2.121281769957,-17.05045020185));
#3103 = CARTESIAN_POINT('',(-2.195085157151,-17.09743672107));
#3104 = CARTESIAN_POINT('',(-2.26888935681,-17.14441830508));
#3105 = CARTESIAN_POINT('',(-2.342698864477,-17.19140913369));
#3106 = CARTESIAN_POINT('',(-2.416512068487,-17.23839923756));
#3107 = CARTESIAN_POINT('',(-2.568605277614,-17.33522423946));
#3108 = CARTESIAN_POINT('',(-2.646926235499,-17.38508474542));
#3109 = CARTESIAN_POINT('',(-2.725239397883,-17.43494066087));
#3110 = CARTESIAN_POINT('',(-2.803543519599,-17.48479101969));
#3111 = CARTESIAN_POINT('',(-2.881849493596,-17.53464251826));
#3112 = CARTESIAN_POINT('',(-2.960167653851,-17.58450162313));
#3113 = CARTESIAN_POINT('',(-3.03849518701,-17.63436657256));
#3114 = CARTESIAN_POINT('',(-3.206488426147,-17.74131435126));
#3115 = CARTESIAN_POINT('',(-3.296206173975,-17.79843028368));
#3116 = CARTESIAN_POINT('',(-3.385905464346,-17.85553437254));
#3117 = CARTESIAN_POINT('',(-3.475591857195,-17.91263028953));
#3118 = CARTESIAN_POINT('',(-3.565282497678,-17.96972902539));
#3119 = CARTESIAN_POINT('',(-3.654992709637,-18.02684032661));
#3120 = CARTESIAN_POINT('',(-3.744721622918,-18.08396358534));
#3121 = CARTESIAN_POINT('',(-3.908752192365,-18.18838882307));
#3122 = CARTESIAN_POINT('',(-3.983114328876,-18.23572930034));
#3123 = CARTESIAN_POINT('',(-4.057470179586,-18.28306576224));
#3124 = CARTESIAN_POINT('',(-4.13181859474,-18.33039745824));
#3125 = CARTESIAN_POINT('',(-4.20616763705,-18.37772951959));
#3126 = CARTESIAN_POINT('',(-4.28052464382,-18.42506663338));
#3127 = CARTESIAN_POINT('',(-4.354886087268,-18.47240657726));
#3128 = CARTESIAN_POINT('',(-4.509827965017,-18.57104562791));
#3129 = CARTESIAN_POINT('',(-4.590451936148,-18.62237245368));
#3130 = CARTESIAN_POINT('',(-4.67106708482,-18.67369369817));
#3131 = CARTESIAN_POINT('',(-4.751670658231,-18.72500760965));
#3132 = CARTESIAN_POINT('',(-4.832274469694,-18.77632168456));
#3133 = CARTESIAN_POINT('',(-4.912889960171,-18.82764316448));
#3134 = CARTESIAN_POINT('',(-4.99351306407,-18.8789694242));
#3135 = CARTESIAN_POINT('',(-5.151850376518,-18.97976996446));
#3136 = CARTESIAN_POINT('',(-5.229611238431,-19.02927395));
#3137 = CARTESIAN_POINT('',(-5.307364197768,-19.0787728456));
#3138 = CARTESIAN_POINT('',(-5.385106822996,-19.12826513829));
#3139 = CARTESIAN_POINT('',(-5.462849174627,-19.17775729972));
#3140 = CARTESIAN_POINT('',(-5.540601466024,-19.22725590594));
#3141 = CARTESIAN_POINT('',(-5.618361728691,-19.27675974128));
#3142 = CARTESIAN_POINT('',(-5.769484169102,-19.37296767842));
#3143 = CARTESIAN_POINT('',(-5.842878451051,-19.41969221085));
#3144 = CARTESIAN_POINT('',(-5.916266746682,-19.46641296902));
#3145 = CARTESIAN_POINT('',(-5.989647746544,-19.51312902986));
#3146 = CARTESIAN_POINT('',(-6.063028975895,-19.559845013));
#3147 = CARTESIAN_POINT('',(-6.136417417334,-19.60656521745));
#3148 = CARTESIAN_POINT('',(-6.209810193116,-19.6532879435));
#3149 = CARTESIAN_POINT('',(-6.28318530718,-19.69999999999));
#3150 = ( GEOMETRIC_REPRESENTATION_CONTEXT(2) 
PARAMETRIC_REPRESENTATION_CONTEXT() REPRESENTATION_CONTEXT('2D SPACE',''
  ) );
#3151 = ORIENTED_EDGE('',*,*,#3152,.T.);
#3152 = EDGE_CURVE('',#2918,#3153,#3155,.T.);
#3153 = VERTEX_POINT('',#3154);
#3154 = CARTESIAN_POINT('',(7.,0.,32.700000090688));
#3155 = SURFACE_CURVE('',#3156,(#3222,#3291),.PCURVE_S1.);
#3156 = B_SPLINE_CURVE_WITH_KNOTS('',8,(#3157,#3158,#3159,#3160,#3161,
    #3162,#3163,#3164,#3165,#3166,#3167,#3168,#3169,#3170,#3171,#3172,
    #3173,#3174,#3175,#3176,#3177,#3178,#3179,#3180,#3181,#3182,#3183,
    #3184,#3185,#3186,#3187,#3188,#3189,#3190,#3191,#3192,#3193,#3194,
    #3195,#3196,#3197,#3198,#3199,#3200,#3201,#3202,#3203,#3204,#3205,
    #3206,#3207,#3208,#3209,#3210,#3211,#3212,#3213,#3214,#3215,#3216,
    #3217,#3218,#3219,#3220,#3221),.UNSPECIFIED.,.F.,.F.,(9,7,7,7,7,7,7,
    7,7,9),(0.,0.108796222898,0.236083801991,0.373174430405,
    0.520727201765,0.587386765987,0.66757984004,0.769249108084,
    0.886702465046,1.),.UNSPECIFIED.);
#3157 = CARTESIAN_POINT('',(7.,8.881784197001E-15,28.699999999999));
#3158 = CARTESIAN_POINT('',(7.,0.597996811729,28.754385237151));
#3159 = CARTESIAN_POINT('',(6.941615576841,1.196263912254,
    28.808794245421));
#3160 = CARTESIAN_POINT('',(6.824758882007,1.787792252311,
    28.863195702748));
#3161 = CARTESIAN_POINT('',(6.65043012674,2.365899357309,28.917588974229
    ));
#3162 = CARTESIAN_POINT('',(6.420474847247,2.924203434936,
    28.971981382122));
#3163 = CARTESIAN_POINT('',(6.137499370827,3.456607496384,
    29.026381229064));
#3164 = CARTESIAN_POINT('',(5.804930744581,3.957330214234,
    29.080790640901));
#3165 = CARTESIAN_POINT('',(4.985284954944,4.963520515076,
    29.198818530863));
#3166 = CARTESIAN_POINT('',(4.481104897607,5.455882837033,
    29.262495216297));
#3167 = CARTESIAN_POINT('',(3.921703079328,5.889188470916,
    29.326148662355));
#3168 = CARTESIAN_POINT('',(3.31531238086,6.256449777117,29.389785908313
    ));
#3169 = CARTESIAN_POINT('',(2.670908156288,6.551992253145,
    29.453423983751));
#3170 = CARTESIAN_POINT('',(1.998226888887,6.771565063579,
    29.517079396038));
#3171 = CARTESIAN_POINT('',(1.307692656239,6.912272542477,
    29.580757448239));
#3172 = CARTESIAN_POINT('',(-0.140041775454,7.039053388079,
    29.71292671488));
#3173 = CARTESIAN_POINT('',(-0.899518648674,7.012491348732,
    29.781523794885));
#3174 = CARTESIAN_POINT('',(-1.653463861977,6.892080978955,
    29.850086121325));
#3175 = CARTESIAN_POINT('',(-2.388435723483,6.679380673704,
    29.918624542011));
#3176 = CARTESIAN_POINT('',(-3.091620115707,6.377815880742,
    29.987162051492));
#3177 = CARTESIAN_POINT('',(-3.750945330789,5.992870641073,
    30.055722165809));
#3178 = CARTESIAN_POINT('',(-4.355049313832,5.531857881539,
    30.124316962072));
#3179 = CARTESIAN_POINT('',(-5.473811453281,4.437936677007,
    30.266620022653));
#3180 = CARTESIAN_POINT('',(-5.979339903934,3.793406780021,
    30.340473247851));
#3181 = CARTESIAN_POINT('',(-6.397188996208,3.083772345471,
    30.414275035696));
#3182 = CARTESIAN_POINT('',(-6.718208323904,2.323219877652,
    30.488046258586));
#3183 = CARTESIAN_POINT('',(-6.935599560634,1.526825105742,
    30.561817599481));
#3184 = CARTESIAN_POINT('',(-7.045386241477,0.710642228897,
    30.635620363856));
#3185 = CARTESIAN_POINT('',(-7.045997815966,-0.108497884522,
    30.70947419445));
#3186 = CARTESIAN_POINT('',(-6.892474943351,-1.275952120026,
    30.81656347239));
#3187 = CARTESIAN_POINT('',(-6.822960413394,-1.636415460778,
    30.849889407993));
#3188 = CARTESIAN_POINT('',(-6.731912488918,-1.992496551088,
    30.883215950289));
#3189 = CARTESIAN_POINT('',(-6.619659357173,-2.34268848206,
    30.916542470359));
#3190 = CARTESIAN_POINT('',(-6.486650199643,-2.685529333587,
    30.949868513017));
#3191 = CARTESIAN_POINT('',(-6.33345519205,-3.01960217435,
    30.983193796815));
#3192 = CARTESIAN_POINT('',(-6.160765504352,-3.343535061822,
    31.016518214044));
#3193 = CARTESIAN_POINT('',(-5.739167893864,-4.031905202465,
    31.089930950594));
#3194 = CARTESIAN_POINT('',(-5.481876570664,-4.391261276854,
    31.130021861588));
#3195 = CARTESIAN_POINT('',(-5.198936731645,-4.731744683497,
    31.170110167194));
#3196 = CARTESIAN_POINT('',(-4.891978131084,-5.051238480773,
    31.210195922447));
#3197 = CARTESIAN_POINT('',(-4.562816640104,-5.347808985932,
    31.250281638096));
#3198 = CARTESIAN_POINT('',(-4.213444478985,-5.619700070161,
    31.290369884104));
#3199 = CARTESIAN_POINT('',(-3.846036918712,-5.865346130198,
    31.330460492478));
#3200 = CARTESIAN_POINT('',(-2.977327789243,-6.359858498666,
    31.421369733703));
#3201 = CARTESIAN_POINT('',(-2.466367849617,-6.592055128443,
    31.47220135744));
#3202 = CARTESIAN_POINT('',(-1.934962166999,-6.777189229817,
    31.523026407169));
#3203 = CARTESIAN_POINT('',(-1.388176140902,-6.913238036225,
    31.573845063081));
#3204 = CARTESIAN_POINT('',(-0.831235181638,-6.998824280235,
    31.624665330765));
#3205 = CARTESIAN_POINT('',(-0.26950321924,-7.033180319786,
    31.675494328388));
#3206 = CARTESIAN_POINT('',(0.29152142409,-7.016212520923,
    31.726329039361));
#3207 = CARTESIAN_POINT('',(1.486976548449,-6.870632702928,
    31.835853404617));
#3208 = CARTESIAN_POINT('',(2.119857507967,-6.725027741392,
    31.894589625434));
#3209 = CARTESIAN_POINT('',(2.736031367013,-6.512803452279,
    31.953310924167));
#3210 = CARTESIAN_POINT('',(3.327365692687,-6.236361940557,
    32.012019931373));
#3211 = CARTESIAN_POINT('',(3.886245371028,-5.899111554193,
    32.07072828489));
#3212 = CARTESIAN_POINT('',(4.405608037095,-5.505484097894,
    32.129447953834));
#3213 = CARTESIAN_POINT('',(4.878945400439,-5.060889144355,
    32.188182618004));
#3214 = CARTESIAN_POINT('',(5.707286279345,-4.100563825217,
    32.303521556896));
#3215 = CARTESIAN_POINT('',(6.066227828369,-3.587507158312,
    32.360175617735));
#3216 = CARTESIAN_POINT('',(6.372173504803,-3.038838031403,
    32.416816919961));
#3217 = CARTESIAN_POINT('',(6.621115221565,-2.461017928692,
    32.473447573505));
#3218 = CARTESIAN_POINT('',(6.810010202612,-1.860881442809,
    32.530078054766));
#3219 = CARTESIAN_POINT('',(6.93669850355,-1.245593264038,
    32.586718613738));
#3220 = CARTESIAN_POINT('',(7.,-0.622668054401,32.643371048954));
#3221 = CARTESIAN_POINT('',(7.,2.6645352591E-15,32.700000090688));
#3222 = PCURVE('',#692,#3223);
#3223 = DEFINITIONAL_REPRESENTATION('',(#3224),#3290);
#3224 = B_SPLINE_CURVE_WITH_KNOTS('',8,(#3225,#3226,#3227,#3228,#3229,
    #3230,#3231,#3232,#3233,#3234,#3235,#3236,#3237,#3238,#3239,#3240,
    #3241,#3242,#3243,#3244,#3245,#3246,#3247,#3248,#3249,#3250,#3251,
    #3252,#3253,#3254,#3255,#3256,#3257,#3258,#3259,#3260,#3261,#3262,
    #3263,#3264,#3265,#3266,#3267,#3268,#3269,#3270,#3271,#3272,#3273,
    #3274,#3275,#3276,#3277,#3278,#3279,#3280,#3281,#3282,#3283,#3284,
    #3285,#3286,#3287,#3288,#3289),.UNSPECIFIED.,.F.,.F.,(9,7,7,7,7,7,7,
    7,7,9),(0.,0.108796222898,0.236083801991,0.373174430405,
    0.520727201765,0.587386765987,0.66757984004,0.769249108084,
    0.886702465046,1.),.UNSPECIFIED.);
#3225 = CARTESIAN_POINT('',(4.71167107144,37.241917782372));
#3226 = CARTESIAN_POINT('',(4.711672370886,37.343188308902));
#3227 = CARTESIAN_POINT('',(4.711674415454,37.444503099534));
#3228 = CARTESIAN_POINT('',(4.711672861896,37.545803829584));
#3229 = CARTESIAN_POINT('',(4.711671393596,37.647089316801));
#3230 = CARTESIAN_POINT('',(4.711671400614,37.748373195937));
#3231 = CARTESIAN_POINT('',(4.711671924357,37.849670927298));
#3232 = CARTESIAN_POINT('',(4.711672711124,37.950986469407));
#3233 = CARTESIAN_POINT('',(4.711673812553,38.170765718104));
#3234 = CARTESIAN_POINT('',(4.711674053555,38.289337812283));
#3235 = CARTESIAN_POINT('',(4.711673308287,38.407866632514));
#3236 = CARTESIAN_POINT('',(4.711671260871,38.526365286639));
#3237 = CARTESIAN_POINT('',(4.711669259144,38.644865485264));
#3238 = CARTESIAN_POINT('',(4.711668359375,38.763397966801));
#3239 = CARTESIAN_POINT('',(4.711668626778,38.881972606036));
#3240 = CARTESIAN_POINT('',(4.711670813176,39.128084454129));
#3241 = CARTESIAN_POINT('',(4.711672858824,39.255818794818));
#3242 = CARTESIAN_POINT('',(4.71167532482,39.383488421034));
#3243 = CARTESIAN_POINT('',(4.711677085762,39.511113532377));
#3244 = CARTESIAN_POINT('',(4.711676773725,39.638736947062));
#3245 = CARTESIAN_POINT('',(4.711674972544,39.766402454112));
#3246 = CARTESIAN_POINT('',(4.711672797147,39.89413254225));
#3247 = CARTESIAN_POINT('',(4.711669162125,40.15911448636));
#3248 = CARTESIAN_POINT('',(4.711667769656,40.296636273388));
#3249 = CARTESIAN_POINT('',(4.711667845006,40.434062279115));
#3250 = CARTESIAN_POINT('',(4.711670067239,40.57143137008));
#3251 = CARTESIAN_POINT('',(4.711673205441,40.708800680646));
#3252 = CARTESIAN_POINT('',(4.711674273004,40.846228504795));
#3253 = CARTESIAN_POINT('',(4.711673969928,40.983751419143));
#3254 = CARTESIAN_POINT('',(4.711672934364,41.183161923367));
#3255 = CARTESIAN_POINT('',(4.711672491422,41.245218011054));
#3256 = CARTESIAN_POINT('',(4.711672103513,41.307275228464));
#3257 = CARTESIAN_POINT('',(4.711671879506,41.369332404484));
#3258 = CARTESIAN_POINT('',(4.711671861414,41.431388691518));
#3259 = CARTESIAN_POINT('',(4.711672024392,41.493443565483));
#3260 = CARTESIAN_POINT('',(4.711672276743,41.555496825811));
#3261 = CARTESIAN_POINT('',(4.711672680264,41.69219838075));
#3262 = CARTESIAN_POINT('',(4.711673050563,41.766851501302));
#3263 = CARTESIAN_POINT('',(4.711671879992,41.841499770374));
#3264 = CARTESIAN_POINT('',(4.711671242425,41.916143290443));
#3265 = CARTESIAN_POINT('',(4.711672202374,41.990786736765));
#3266 = CARTESIAN_POINT('',(4.711673341487,42.065434894857));
#3267 = CARTESIAN_POINT('',(4.711672585567,42.140087451904));
#3268 = CARTESIAN_POINT('',(4.711672010843,42.309369176272));
#3269 = CARTESIAN_POINT('',(4.711671607907,42.40402253387));
#3270 = CARTESIAN_POINT('',(4.711671858764,42.498663650035));
#3271 = CARTESIAN_POINT('',(4.711672667118,42.5932928603));
#3272 = CARTESIAN_POINT('',(4.711673546313,42.687925071834));
#3273 = CARTESIAN_POINT('',(4.711673988483,42.782573539353));
#3274 = CARTESIAN_POINT('',(4.711673761473,42.877232645683));
#3275 = CARTESIAN_POINT('',(4.711672408153,43.081177515988));
#3276 = CARTESIAN_POINT('',(4.711671111046,43.190549991315));
#3277 = CARTESIAN_POINT('',(4.71166948178,43.299894680292));
#3278 = CARTESIAN_POINT('',(4.711668194198,43.409216481237));
#3279 = CARTESIAN_POINT('',(4.711668072253,43.518537064983));
#3280 = CARTESIAN_POINT('',(4.711669029422,43.627878719147));
#3281 = CARTESIAN_POINT('',(4.711670567996,43.737248295853));
#3282 = CARTESIAN_POINT('',(4.711673674104,43.952020459817));
#3283 = CARTESIAN_POINT('',(4.711675237207,44.057515753603));
#3284 = CARTESIAN_POINT('',(4.711676374425,44.162987289612));
#3285 = CARTESIAN_POINT('',(4.7116765242,44.268438996773));
#3286 = CARTESIAN_POINT('',(4.711675565141,44.373890383144));
#3287 = CARTESIAN_POINT('',(4.711673893734,44.479360535176));
#3288 = CARTESIAN_POINT('',(4.711672159608,44.584852801899));
#3289 = CARTESIAN_POINT('',(4.711670776038,44.690301507713));
#3290 = ( GEOMETRIC_REPRESENTATION_CONTEXT(2) 
PARAMETRIC_REPRESENTATION_CONTEXT() REPRESENTATION_CONTEXT('2D SPACE',''
  ) );
#3291 = PCURVE('',#3292,#3297);
#3292 = CYLINDRICAL_SURFACE('',#3293,7.);
#3293 = AXIS2_PLACEMENT_3D('',#3294,#3295,#3296);
#3294 = CARTESIAN_POINT('',(0.,0.,9.));
#3295 = DIRECTION('',(-0.,-0.,-1.));
#3296 = DIRECTION('',(1.,0.,0.));
#3297 = DEFINITIONAL_REPRESENTATION('',(#3298),#3364);
#3298 = B_SPLINE_CURVE_WITH_KNOTS('',8,(#3299,#3300,#3301,#3302,#3303,
    #3304,#3305,#3306,#3307,#3308,#3309,#3310,#3311,#3312,#3313,#3314,
    #3315,#3316,#3317,#3318,#3319,#3320,#3321,#3322,#3323,#3324,#3325,
    #3326,#3327,#3328,#3329,#3330,#3331,#3332,#3333,#3334,#3335,#3336,
    #3337,#3338,#3339,#3340,#3341,#3342,#3343,#3344,#3345,#3346,#3347,
    #3348,#3349,#3350,#3351,#3352,#3353,#3354,#3355,#3356,#3357,#3358,
    #3359,#3360,#3361,#3362,#3363),.UNSPECIFIED.,.F.,.F.,(9,7,7,7,7,7,7,
    7,7,9),(0.,0.108796222898,0.236083801991,0.373174430405,
    0.520727201765,0.587386765987,0.66757984004,0.769249108084,
    0.886702465046,1.),.UNSPECIFIED.);
#3299 = CARTESIAN_POINT('',(0.,-19.69999999999));
#3300 = CARTESIAN_POINT('',(-8.542811596127E-02,-19.75438523715));
#3301 = CARTESIAN_POINT('',(-0.170894859915,-19.80879424542));
#3302 = CARTESIAN_POINT('',(-0.256348897389,-19.86319570274));
#3303 = CARTESIAN_POINT('',(-0.341789213225,-19.91758897422));
#3304 = CARTESIAN_POINT('',(-0.427227873246,-19.97198138212));
#3305 = CARTESIAN_POINT('',(-0.512678332189,-20.02638122906));
#3306 = CARTESIAN_POINT('',(-0.598144039028,-20.0807906409));
#3307 = CARTESIAN_POINT('',(-0.783541468835,-20.19881853086));
#3308 = CARTESIAN_POINT('',(-0.883564707414,-20.26249521629));
#3309 = CARTESIAN_POINT('',(-0.983551768012,-20.32614866235));
#3310 = CARTESIAN_POINT('',(-1.083513427111,-20.38978590831));
#3311 = CARTESIAN_POINT('',(-1.183476118045,-20.45342398375));
#3312 = CARTESIAN_POINT('',(-1.28346582522,-20.51707939603));
#3313 = CARTESIAN_POINT('',(-1.383490971945,-20.58075744823));
#3314 = CARTESIAN_POINT('',(-1.591101693205,-20.71292671488));
#3315 = CARTESIAN_POINT('',(-1.698853555917,-20.78152379488));
#3316 = CARTESIAN_POINT('',(-1.80655090238,-20.85008612132));
#3317 = CARTESIAN_POINT('',(-1.914210876991,-20.91862454201));
#3318 = CARTESIAN_POINT('',(-2.021869492085,-20.98716205149));
#3319 = CARTESIAN_POINT('',(-2.129563489984,-21.0557221658));
#3320 = CARTESIAN_POINT('',(-2.237311853785,-21.12431696207));
#3321 = CARTESIAN_POINT('',(-2.460840709905,-21.26662002265));
#3322 = CARTESIAN_POINT('',(-2.576848898741,-21.34047324785));
#3323 = CARTESIAN_POINT('',(-2.692776350119,-21.41427503569));
#3324 = CARTESIAN_POINT('',(-2.808656004977,-21.48804625858));
#3325 = CARTESIAN_POINT('',(-2.924536368135,-21.56181759948));
#3326 = CARTESIAN_POINT('',(-3.040466093439,-21.63562036385));
#3327 = CARTESIAN_POINT('',(-3.156475546907,-21.70947419445));
#3328 = CARTESIAN_POINT('',(-3.324690585693,-21.81656347239));
#3329 = CARTESIAN_POINT('',(-3.377038617601,-21.84988940799));
#3330 = CARTESIAN_POINT('',(-3.42938753477,-21.88321595028));
#3331 = CARTESIAN_POINT('',(-3.481736387123,-21.91654247035));
#3332 = CARTESIAN_POINT('',(-3.534084503952,-21.94986851301));
#3333 = CARTESIAN_POINT('',(-3.586431493919,-21.98319379681));
#3334 = CARTESIAN_POINT('',(-3.63877724506,-22.01651821404));
#3335 = CARTESIAN_POINT('',(-3.754093845251,-22.08993095059));
#3336 = CARTESIAN_POINT('',(-3.817069151196,-22.13002186158));
#3337 = CARTESIAN_POINT('',(-3.880039880141,-22.17011016719));
#3338 = CARTESIAN_POINT('',(-3.943006442545,-22.21019592244));
#3339 = CARTESIAN_POINT('',(-4.005973221468,-22.25028163809));
#3340 = CARTESIAN_POINT('',(-4.068944211847,-22.2903698841));
#3341 = CARTESIAN_POINT('',(-4.13191869936,-22.33046049247));
#3342 = CARTESIAN_POINT('',(-4.274718547456,-22.4213697337));
#3343 = CARTESIAN_POINT('',(-4.354564284626,-22.47220135744));
#3344 = CARTESIAN_POINT('',(-4.434399465698,-22.52302640716));
#3345 = CARTESIAN_POINT('',(-4.514224684116,-22.57384506308));
#3346 = CARTESIAN_POINT('',(-4.594052721025,-22.62466533076));
#3347 = CARTESIAN_POINT('',(-4.673894750736,-22.67549432838));
#3348 = CARTESIAN_POINT('',(-4.753745882084,-22.72632903936));
#3349 = CARTESIAN_POINT('',(-4.925786838157,-22.83585340461));
#3350 = CARTESIAN_POINT('',(-5.018049822431,-22.89458962543));
#3351 = CARTESIAN_POINT('',(-5.110289310393,-22.95331092416));
#3352 = CARTESIAN_POINT('',(-5.202509288296,-23.01201993137));
#3353 = CARTESIAN_POINT('',(-5.294728056062,-23.07072828489));
#3354 = CARTESIAN_POINT('',(-5.386964539517,-23.12944795383));
#3355 = CARTESIAN_POINT('',(-5.479224593933,-23.188182618));
#3356 = CARTESIAN_POINT('',(-5.66039839313,-23.30352155689));
#3357 = CARTESIAN_POINT('',(-5.749390338216,-23.36017561773));
#3358 = CARTESIAN_POINT('',(-5.838362312933,-23.41681691996));
#3359 = CARTESIAN_POINT('',(-5.927317615936,-23.4734475735));
#3360 = CARTESIAN_POINT('',(-6.016272626241,-23.53007805476));
#3361 = CARTESIAN_POINT('',(-6.105243382388,-23.58671861373));
#3362 = CARTESIAN_POINT('',(-6.194232727979,-23.64337104895));
#3363 = CARTESIAN_POINT('',(-6.28318530718,-23.70000009068));
#3364 = ( GEOMETRIC_REPRESENTATION_CONTEXT(2) 
PARAMETRIC_REPRESENTATION_CONTEXT() REPRESENTATION_CONTEXT('2D SPACE',''
  ) );
#3365 = ORIENTED_EDGE('',*,*,#3366,.T.);
#3366 = EDGE_CURVE('',#3153,#3367,#3369,.T.);
#3367 = VERTEX_POINT('',#3368);
#3368 = CARTESIAN_POINT('',(7.,0.,36.700000429818));
#3369 = SURFACE_CURVE('',#3370,(#3436,#3505),.PCURVE_S1.);
#3370 = B_SPLINE_CURVE_WITH_KNOTS('',8,(#3371,#3372,#3373,#3374,#3375,
    #3376,#3377,#3378,#3379,#3380,#3381,#3382,#3383,#3384,#3385,#3386,
    #3387,#3388,#3389,#3390,#3391,#3392,#3393,#3394,#3395,#3396,#3397,
    #3398,#3399,#3400,#3401,#3402,#3403,#3404,#3405,#3406,#3407,#3408,
    #3409,#3410,#3411,#3412,#3413,#3414,#3415,#3416,#3417,#3418,#3419,
    #3420,#3421,#3422,#3423,#3424,#3425,#3426,#3427,#3428,#3429,#3430,
    #3431,#3432,#3433,#3434,#3435),.UNSPECIFIED.,.F.,.F.,(9,7,7,7,7,7,7,
    7,7,9),(0.,0.122855336983,0.248442496444,0.342247813894,
    0.420126367269,0.570044327623,0.673037187505,0.796289643821,
    0.893591032581,1.),.UNSPECIFIED.);
#3371 = CARTESIAN_POINT('',(7.,2.6645352591E-15,32.700000090688));
#3372 = CARTESIAN_POINT('',(7.,0.675223019582,32.761408785554));
#3373 = CARTESIAN_POINT('',(6.925563048555,1.350802577494,32.82284987987
    ));
#3374 = CARTESIAN_POINT('',(6.776551984386,2.016593911587,
    32.884271716534));
#3375 = CARTESIAN_POINT('',(6.554656726,2.663051022335,32.945679341024)
  );
#3376 = CARTESIAN_POINT('',(6.262807393949,3.281099631728,
    33.007087883253));
#3377 = CARTESIAN_POINT('',(5.905229276241,3.862182706457,
    33.068511636622));
#3378 = CARTESIAN_POINT('',(5.487364543869,4.398267631099,
    33.129955752323));
#3379 = CARTESIAN_POINT('',(4.535021421207,5.376802956763,
    33.254138564341));
#3380 = CARTESIAN_POINT('',(3.997543034899,5.817536677063,
    33.316955590796));
#3381 = CARTESIAN_POINT('',(3.411493039426,6.196386791371,
    33.379750902979));
#3382 = CARTESIAN_POINT('',(2.785335020535,6.507342411923,
    33.442529809773));
#3383 = CARTESIAN_POINT('',(2.128118547964,6.745704721603,
    33.505307619926));
#3384 = CARTESIAN_POINT('',(1.449486797025,6.90818136556,33.568100145392
    ));
#3385 = CARTESIAN_POINT('',(0.759616468188,6.99281415429,33.630913073434
    ));
#3386 = CARTESIAN_POINT('',(-0.446173205281,7.004766615735,
    33.740579662393));
#3387 = CARTESIAN_POINT('',(-0.962213614812,6.966479627857,
    33.787474377726));
#3388 = CARTESIAN_POINT('',(-1.474364685111,6.884736301818,
    33.834362631682));
#3389 = CARTESIAN_POINT('',(-1.97837871973,6.760033481048,
    33.881250162376));
#3390 = CARTESIAN_POINT('',(-2.470124822928,6.593325709185,
    33.928138049086));
#3391 = CARTESIAN_POINT('',(-2.945589988758,6.386025156341,
    33.975033395461));
#3392 = CARTESIAN_POINT('',(-3.400892876007,6.140011212844,
    34.021933755432));
#3393 = CARTESIAN_POINT('',(-4.190517265752,5.62341322814,
    34.107750455269));
#3394 = CARTESIAN_POINT('',(-4.532407998101,5.363991995292,
    34.146686951623));
#3395 = CARTESIAN_POINT('',(-4.855846302226,5.080871247596,
    34.185621012986));
#3396 = CARTESIAN_POINT('',(-5.158904697132,4.77562369602,
    34.224549462337));
#3397 = CARTESIAN_POINT('',(-5.43985514015,4.449974116489,
    34.263473829541));
#3398 = CARTESIAN_POINT('',(-5.697152484238,4.105777516687,
    34.302397772232));
#3399 = CARTESIAN_POINT('',(-5.929431364578,3.745011517008,
    34.34132513558));
#3400 = CARTESIAN_POINT('',(-6.532235045949,2.647459537644,
    34.455206540443));
#3401 = CARTESIAN_POINT('',(-6.832235266828,1.870905984209,
    34.53024275649));
#3402 = CARTESIAN_POINT('',(-7.025957784605,1.056588104684,
    34.605221071523));
#3403 = CARTESIAN_POINT('',(-7.108638263982,0.221526155942,
    34.68016752565));
#3404 = CARTESIAN_POINT('',(-7.07813121366,-0.617099337209,
    34.755116885623));
#3405 = CARTESIAN_POINT('',(-6.93546779862,-1.441997017591,
    34.830103175601));
#3406 = CARTESIAN_POINT('',(-6.684328446672,-2.235796897902,
    34.905148168485));
#3407 = CARTESIAN_POINT('',(-6.092255026551,-3.493552218378,
    35.031575690167));
#3408 = CARTESIAN_POINT('',(-5.803715264923,-3.98365240741,
    35.083079829546));
#3409 = CARTESIAN_POINT('',(-5.470201424998,-4.446288371109,
    35.134579251146));
#3410 = CARTESIAN_POINT('',(-5.094839474363,-4.876672137418,
    35.186073644537));
#3411 = CARTESIAN_POINT('',(-4.68128155986,-5.270505558745,
    35.237568688815));
#3412 = CARTESIAN_POINT('',(-4.233658403136,-5.623948882941,
    35.289070118823));
#3413 = CARTESIAN_POINT('',(-3.756613511038,-5.933665850764,
    35.340577683513));
#3414 = CARTESIAN_POINT('',(-2.655603265421,-6.512051441481,
    35.453685458066));
#3415 = CARTESIAN_POINT('',(-2.020512725731,-6.761021163474,
    35.515348161704));
#3416 = CARTESIAN_POINT('',(-1.359217230911,-6.938884950685,
    35.576993059711));
#3417 = CARTESIAN_POINT('',(-0.681112926413,-7.042661928044,
    35.638621314447));
#3418 = CARTESIAN_POINT('',(4.273795657431E-03,-7.070737291396,
    35.700246490033));
#3419 = CARTESIAN_POINT('',(0.68730705843,-7.022910738335,
    35.761883890813));
#3420 = CARTESIAN_POINT('',(1.358281139415,-6.900306647369,
    35.823540906254));
#3421 = CARTESIAN_POINT('',(2.519904300268,-6.552575320659,
    35.933817995987));
#3422 = CARTESIAN_POINT('',(3.019043596862,-6.354389697097,
    35.98247530164));
#3423 = CARTESIAN_POINT('',(3.500149724995,-6.112811480962,
    36.031124654529));
#3424 = CARTESIAN_POINT('',(3.958862956862,-5.829803851209,
    36.079773522508));
#3425 = CARTESIAN_POINT('',(4.391113447597,-5.507788615399,
    36.128417317762));
#3426 = CARTESIAN_POINT('',(4.793122642838,-5.149655599778,
    36.177073498886));
#3427 = CARTESIAN_POINT('',(5.161428306749,-4.758756053338,
    36.225732599916));
#3428 = CARTESIAN_POINT('',(5.855570150643,-3.8800084188,36.327576149275
    ));
#3429 = CARTESIAN_POINT('',(6.174436677215,-3.386215406636,
    36.380791687046));
#3430 = CARTESIAN_POINT('',(6.445490530178,-2.862731337636,
    36.433997344176));
#3431 = CARTESIAN_POINT('',(6.66558991166,-2.315018241253,
    36.487193453582));
#3432 = CARTESIAN_POINT('',(6.832360099493,-1.74880532749,
    36.540387802544));
#3433 = CARTESIAN_POINT('',(6.944131909652,-1.170054857105,
    36.593588966654));
#3434 = CARTESIAN_POINT('',(7.,-0.584968705348,36.64680010169));
#3435 = CARTESIAN_POINT('',(7.,7.105427357601E-15,36.700000429818));
#3436 = PCURVE('',#692,#3437);
#3437 = DEFINITIONAL_REPRESENTATION('',(#3438),#3504);
#3438 = B_SPLINE_CURVE_WITH_KNOTS('',8,(#3439,#3440,#3441,#3442,#3443,
    #3444,#3445,#3446,#3447,#3448,#3449,#3450,#3451,#3452,#3453,#3454,
    #3455,#3456,#3457,#3458,#3459,#3460,#3461,#3462,#3463,#3464,#3465,
    #3466,#3467,#3468,#3469,#3470,#3471,#3472,#3473,#3474,#3475,#3476,
    #3477,#3478,#3479,#3480,#3481,#3482,#3483,#3484,#3485,#3486,#3487,
    #3488,#3489,#3490,#3491,#3492,#3493,#3494,#3495,#3496,#3497,#3498,
    #3499,#3500,#3501,#3502,#3503),.UNSPECIFIED.,.F.,.F.,(9,7,7,7,7,7,7,
    7,7,9),(0.,0.122855336983,0.248442496444,0.342247813894,
    0.420126367269,0.570044327623,0.673037187505,0.796289643821,
    0.893591032581,1.),.UNSPECIFIED.);
#3439 = CARTESIAN_POINT('',(4.711670776038,44.690301507713));
#3440 = CARTESIAN_POINT('',(4.71166927569,44.804650385976));
#3441 = CARTESIAN_POINT('',(4.711668189754,44.919059595118));
#3442 = CARTESIAN_POINT('',(4.711668067339,45.03343294466));
#3443 = CARTESIAN_POINT('',(4.711669227553,45.147779829811));
#3444 = CARTESIAN_POINT('',(4.711671276314,45.26212842386));
#3445 = CARTESIAN_POINT('',(4.711672941576,45.37650534249));
#3446 = CARTESIAN_POINT('',(4.711673756832,45.490920177745));
#3447 = CARTESIAN_POINT('',(4.711673922816,45.722160481504));
#3448 = CARTESIAN_POINT('',(4.711673243692,45.839131808234));
#3449 = CARTESIAN_POINT('',(4.711671908197,45.956062700913));
#3450 = CARTESIAN_POINT('',(4.711670803235,46.072963045165));
#3451 = CARTESIAN_POINT('',(4.711671028682,46.18986134739));
#3452 = CARTESIAN_POINT('',(4.711673638065,46.306787050927));
#3453 = CARTESIAN_POINT('',(4.711671608074,46.423750746015));
#3454 = CARTESIAN_POINT('',(4.711673686101,46.627960450482));
#3455 = CARTESIAN_POINT('',(4.711672642866,46.715282907135));
#3456 = CARTESIAN_POINT('',(4.711676168544,46.802593332053));
#3457 = CARTESIAN_POINT('',(4.711670082777,46.889902410237));
#3458 = CARTESIAN_POINT('',(4.711672915596,46.97721215131));
#3459 = CARTESIAN_POINT('',(4.711671336471,47.064535783023));
#3460 = CARTESIAN_POINT('',(4.711672007282,47.151868750522));
#3461 = CARTESIAN_POINT('',(4.711672904712,47.311667674506));
#3462 = CARTESIAN_POINT('',(4.711673397384,47.384171164302));
#3463 = CARTESIAN_POINT('',(4.711673800946,47.456670119911));
#3464 = CARTESIAN_POINT('',(4.711673918578,47.529158625416));
#3465 = CARTESIAN_POINT('',(4.711673653893,47.601639529576));
#3466 = CARTESIAN_POINT('',(4.71167305412,47.674119643253));
#3467 = CARTESIAN_POINT('',(4.711672273893,47.746606126518));
#3468 = CARTESIAN_POINT('',(4.711669892245,47.958664222356));
#3469 = CARTESIAN_POINT('',(4.711668209252,48.098388851788));
#3470 = CARTESIAN_POINT('',(4.711667473941,48.238005663941));
#3471 = CARTESIAN_POINT('',(4.711669168928,48.377563148143));
#3472 = CARTESIAN_POINT('',(4.711672616751,48.517126043249));
#3473 = CARTESIAN_POINT('',(4.711675132585,48.656757705515));
#3474 = CARTESIAN_POINT('',(4.711676051125,48.79649867826));
#3475 = CARTESIAN_POINT('',(4.711675269954,49.031918846662));
#3476 = CARTESIAN_POINT('',(4.711674302013,49.12782449288));
#3477 = CARTESIAN_POINT('',(4.711672765275,49.223721354146));
#3478 = CARTESIAN_POINT('',(4.711670981408,49.319608852392));
#3479 = CARTESIAN_POINT('',(4.711669477712,49.415497562638));
#3480 = CARTESIAN_POINT('',(4.711668665011,49.511398163731));
#3481 = CARTESIAN_POINT('',(4.711668580398,49.6073101882));
#3482 = CARTESIAN_POINT('',(4.711669604936,49.81792771023));
#3483 = CARTESIAN_POINT('',(4.711670954717,49.932749577195));
#3484 = CARTESIAN_POINT('',(4.711672769834,50.047538288372));
#3485 = CARTESIAN_POINT('',(4.711674350844,50.162296008139));
#3486 = CARTESIAN_POINT('',(4.711674531503,50.277047994272));
#3487 = CARTESIAN_POINT('',(4.711673593044,50.391822744886));
#3488 = CARTESIAN_POINT('',(4.71167270231,50.506634019875));
#3489 = CARTESIAN_POINT('',(4.711671875393,50.711980535332));
#3490 = CARTESIAN_POINT('',(4.711672057865,50.802585104162));
#3491 = CARTESIAN_POINT('',(4.711671240649,50.893174864188));
#3492 = CARTESIAN_POINT('',(4.711674187789,50.983763721257));
#3493 = CARTESIAN_POINT('',(4.711673225955,51.074343132434));
#3494 = CARTESIAN_POINT('',(4.711670683695,51.164945607285));
#3495 = CARTESIAN_POINT('',(4.711672250046,51.255553519281));
#3496 = CARTESIAN_POINT('',(4.711672791681,51.445195973875));
#3497 = CARTESIAN_POINT('',(4.711672527833,51.544288407997));
#3498 = CARTESIAN_POINT('',(4.711671433655,51.643362443416));
#3499 = CARTESIAN_POINT('',(4.711671370183,51.742418700058));
#3500 = CARTESIAN_POINT('',(4.711672290114,51.841471678585));
#3501 = CARTESIAN_POINT('',(4.711673108512,51.940537347569));
#3502 = CARTESIAN_POINT('',(4.711673624246,52.039621583372));
#3503 = CARTESIAN_POINT('',(4.711673619282,52.13868569568));
#3504 = ( GEOMETRIC_REPRESENTATION_CONTEXT(2) 
PARAMETRIC_REPRESENTATION_CONTEXT() REPRESENTATION_CONTEXT('2D SPACE',''
  ) );
#3505 = PCURVE('',#3506,#3511);
#3506 = CYLINDRICAL_SURFACE('',#3507,7.);
#3507 = AXIS2_PLACEMENT_3D('',#3508,#3509,#3510);
#3508 = CARTESIAN_POINT('',(0.,0.,9.));
#3509 = DIRECTION('',(-0.,-0.,-1.));
#3510 = DIRECTION('',(1.,0.,0.));
#3511 = DEFINITIONAL_REPRESENTATION('',(#3512),#3578);
#3512 = B_SPLINE_CURVE_WITH_KNOTS('',8,(#3513,#3514,#3515,#3516,#3517,
    #3518,#3519,#3520,#3521,#3522,#3523,#3524,#3525,#3526,#3527,#3528,
    #3529,#3530,#3531,#3532,#3533,#3534,#3535,#3536,#3537,#3538,#3539,
    #3540,#3541,#3542,#3543,#3544,#3545,#3546,#3547,#3548,#3549,#3550,
    #3551,#3552,#3553,#3554,#3555,#3556,#3557,#3558,#3559,#3560,#3561,
    #3562,#3563,#3564,#3565,#3566,#3567,#3568,#3569,#3570,#3571,#3572,
    #3573,#3574,#3575,#3576,#3577),.UNSPECIFIED.,.F.,.F.,(9,7,7,7,7,7,7,
    7,7,9),(0.,0.122855336983,0.248442496444,0.342247813894,
    0.420126367269,0.570044327623,0.673037187505,0.796289643821,
    0.893591032581,1.),.UNSPECIFIED.);
#3513 = CARTESIAN_POINT('',(0.,-23.70000009068));
#3514 = CARTESIAN_POINT('',(-9.646043136881E-02,-23.76140878555));
#3515 = CARTESIAN_POINT('',(-0.192971731967,-23.82284987987));
#3516 = CARTESIAN_POINT('',(-0.289452821005,-23.88427171653));
#3517 = CARTESIAN_POINT('',(-0.385911720448,-23.94567934102));
#3518 = CARTESIAN_POINT('',(-0.482372315795,-24.00708788325));
#3519 = CARTESIAN_POINT('',(-0.578856950875,-24.06851163662));
#3520 = CARTESIAN_POINT('',(-0.675373472216,-24.12995575232));
#3521 = CARTESIAN_POINT('',(-0.870439594279,-24.25413856434));
#3522 = CARTESIAN_POINT('',(-0.969112226993,-24.31695559079));
#3523 = CARTESIAN_POINT('',(-1.067750371822,-24.37975090297));
#3524 = CARTESIAN_POINT('',(-1.16636239548,-24.44252980977));
#3525 = CARTESIAN_POINT('',(-1.264972565569,-24.50530761992));
#3526 = CARTESIAN_POINT('',(-1.363606859577,-24.56810014539));
#3527 = CARTESIAN_POINT('',(-1.462274681901,-24.63091307343));
#3528 = CARTESIAN_POINT('',(-1.634538812151,-24.74057966239));
#3529 = CARTESIAN_POINT('',(-1.70820102855,-24.78747437772));
#3530 = CARTESIAN_POINT('',(-1.78185503867,-24.83436263168));
#3531 = CARTESIAN_POINT('',(-1.855503986069,-24.88125016237));
#3532 = CARTESIAN_POINT('',(-1.92915621766,-24.92813804908));
#3533 = CARTESIAN_POINT('',(-2.002818147303,-24.97503339546));
#3534 = CARTESIAN_POINT('',(-2.076488703849,-25.02193375543));
#3535 = CARTESIAN_POINT('',(-2.211288642888,-25.10775045526));
#3536 = CARTESIAN_POINT('',(-2.272449760146,-25.14668695162));
#3537 = CARTESIAN_POINT('',(-2.333607193857,-25.18562101298));
#3538 = CARTESIAN_POINT('',(-2.394755946359,-25.22454946233));
#3539 = CARTESIAN_POINT('',(-2.455898379902,-25.26347382954));
#3540 = CARTESIAN_POINT('',(-2.517040186219,-25.30239777223));
#3541 = CARTESIAN_POINT('',(-2.578187357696,-25.34132513558));
#3542 = CARTESIAN_POINT('',(-2.757072375245,-25.45520654044));
#3543 = CARTESIAN_POINT('',(-2.87493921013,-25.53024275649));
#3544 = CARTESIAN_POINT('',(-2.99271478022,-25.60522107152));
#3545 = CARTESIAN_POINT('',(-3.110440001059,-25.68016752565));
#3546 = CARTESIAN_POINT('',(-3.228169967344,-25.75511688562));
#3547 = CARTESIAN_POINT('',(-3.345958146905,-25.8301031756));
#3548 = CARTESIAN_POINT('',(-3.463838607676,-25.90514816848));
#3549 = CARTESIAN_POINT('',(-3.662430558363,-26.03157569016));
#3550 = CARTESIAN_POINT('',(-3.743333085915,-26.08307982954));
#3551 = CARTESIAN_POINT('',(-3.824228161876,-26.13457925114));
#3552 = CARTESIAN_POINT('',(-3.905115270158,-26.18607364453));
#3553 = CARTESIAN_POINT('',(-3.986003350708,-26.23756868881));
#3554 = CARTESIAN_POINT('',(-4.0669014727,-26.28907011882));
#3555 = CARTESIAN_POINT('',(-4.147809305981,-26.34057768351));
#3556 = CARTESIAN_POINT('',(-4.325478653337,-26.45368545806));
#3557 = CARTESIAN_POINT('',(-4.422338372615,-26.5153481617));
#3558 = CARTESIAN_POINT('',(-4.519170290046,-26.57699305971));
#3559 = CARTESIAN_POINT('',(-4.615976177735,-26.63862131444));
#3560 = CARTESIAN_POINT('',(-4.712777152871,-26.70024649003));
#3561 = CARTESIAN_POINT('',(-4.809596870559,-26.76188389081));
#3562 = CARTESIAN_POINT('',(-4.906447022322,-26.82354090625));
#3563 = CARTESIAN_POINT('',(-5.079668918673,-26.93381799598));
#3564 = CARTESIAN_POINT('',(-5.156098789869,-26.98247530164));
#3565 = CARTESIAN_POINT('',(-5.23251854019,-27.03112465452));
#3566 = CARTESIAN_POINT('',(-5.308931607834,-27.0797735225));
#3567 = CARTESIAN_POINT('',(-5.385347603608,-27.12841731776));
#3568 = CARTESIAN_POINT('',(-5.461773354565,-27.17707349888));
#3569 = CARTESIAN_POINT('',(-5.538207879657,-27.22573259991));
#3570 = CARTESIAN_POINT('',(-5.69818430041,-27.32757614927));
#3571 = CARTESIAN_POINT('',(-5.781775457026,-27.38079168704));
#3572 = CARTESIAN_POINT('',(-5.865350330088,-27.43399734417));
#3573 = CARTESIAN_POINT('',(-5.948909868231,-27.48719345358));
#3574 = CARTESIAN_POINT('',(-6.032466744406,-27.54038780254));
#3575 = CARTESIAN_POINT('',(-6.116034591059,-27.59358896665));
#3576 = CARTESIAN_POINT('',(-6.199618349273,-27.64680010169));
#3577 = CARTESIAN_POINT('',(-6.28318530718,-27.70000042981));
#3578 = ( GEOMETRIC_REPRESENTATION_CONTEXT(2) 
PARAMETRIC_REPRESENTATION_CONTEXT() REPRESENTATION_CONTEXT('2D SPACE',''
  ) );
#3579 = ORIENTED_EDGE('',*,*,#3580,.T.);
#3580 = EDGE_CURVE('',#3367,#3581,#3583,.T.);
#3581 = VERTEX_POINT('',#3582);
#3582 = CARTESIAN_POINT('',(7.,0.,40.699999570809));
#3583 = SURFACE_CURVE('',#3584,(#3650,#3719),.PCURVE_S1.);
#3584 = B_SPLINE_CURVE_WITH_KNOTS('',8,(#3585,#3586,#3587,#3588,#3589,
    #3590,#3591,#3592,#3593,#3594,#3595,#3596,#3597,#3598,#3599,#3600,
    #3601,#3602,#3603,#3604,#3605,#3606,#3607,#3608,#3609,#3610,#3611,
    #3612,#3613,#3614,#3615,#3616,#3617,#3618,#3619,#3620,#3621,#3622,
    #3623,#3624,#3625,#3626,#3627,#3628,#3629,#3630,#3631,#3632,#3633,
    #3634,#3635,#3636,#3637,#3638,#3639,#3640,#3641,#3642,#3643,#3644,
    #3645,#3646,#3647,#3648,#3649),.UNSPECIFIED.,.F.,.F.,(9,7,7,7,7,7,7,
    7,7,9),(0.,0.118045302047,0.25637837587,0.392432884408,
    0.460879693011,0.52787240956,0.620629557989,0.725637013702,
    0.865582775907,1.),.UNSPECIFIED.);
#3585 = CARTESIAN_POINT('',(7.,7.105427357601E-15,36.700000429818));
#3586 = CARTESIAN_POINT('',(7.,0.648814618598,36.759007262643));
#3587 = CARTESIAN_POINT('',(6.931271725811,1.297988367444,36.81804659519
    ));
#3588 = CARTESIAN_POINT('',(6.793682483025,1.938521104198,
    36.877072640881));
#3589 = CARTESIAN_POINT('',(6.588656611546,2.561911880011,
    36.936087624992));
#3590 = CARTESIAN_POINT('',(6.318704350891,3.160057891958,
    36.995102845188));
#3591 = CARTESIAN_POINT('',(5.987448218705,3.725290522258,
    37.054129561024));
#3592 = CARTESIAN_POINT('',(5.599575154051,4.250381544032,
    37.113170242777));
#3593 = CARTESIAN_POINT('',(4.647618210677,5.289401625694,
    37.241329136243));
#3594 = CARTESIAN_POINT('',(4.063904537385,5.78677784976,37.310543243479
    ));
#3595 = CARTESIAN_POINT('',(3.419882614513,6.209806619015,
    37.379720988801));
#3596 = CARTESIAN_POINT('',(2.726829558329,6.550367875456,
    37.448874418527));
#3597 = CARTESIAN_POINT('',(1.996843407962,6.802196624766,
    37.518027440516));
#3598 = CARTESIAN_POINT('',(1.242893894988,6.961127183023,
    37.587204193615));
#3599 = CARTESIAN_POINT('',(0.478681158057,7.024884427862,
    37.656417159656));
#3600 = CARTESIAN_POINT('',(-1.02828469232,6.964329017192,
    37.793579981469));
#3601 = CARTESIAN_POINT('',(-1.772471330953,6.843045125248,
    37.861648842514));
#3602 = CARTESIAN_POINT('',(-2.49961312285,6.630800506566,
    37.929684376805));
#3603 = CARTESIAN_POINT('',(-3.196891353271,6.330739098118,
    37.997698337502));
#3604 = CARTESIAN_POINT('',(-3.852294321091,5.947729940431,
    38.065712824828));
#3605 = CARTESIAN_POINT('',(-4.45476166897,5.488540007228,
    38.133750198677));
#3606 = CARTESIAN_POINT('',(-4.9941288845,4.961640048077,38.201820006834
    ));
#3607 = CARTESIAN_POINT('',(-5.697134792129,4.084627731057,
    38.304042826974));
#3608 = CARTESIAN_POINT('',(-5.914415966829,3.77661886286,
    38.338257741958));
#3609 = CARTESIAN_POINT('',(-6.112627026328,3.455455620226,
    38.372473409042));
#3610 = CARTESIAN_POINT('',(-6.290841474482,3.12252075076,
    38.406689602839));
#3611 = CARTESIAN_POINT('',(-6.44826078305,2.779262212261,
    38.440905948711));
#3612 = CARTESIAN_POINT('',(-6.5842143917,2.427193172728,38.475121922767
    ));
#3613 = CARTESIAN_POINT('',(-6.698159708003,2.067892010361,
    38.509336851862));
#3614 = CARTESIAN_POINT('',(-6.879260194247,1.345864376393,
    38.577036149031));
#3615 = CARTESIAN_POINT('',(-6.947369595466,0.983329834498,
    38.61052205837));
#3616 = CARTESIAN_POINT('',(-6.993630730153,0.616932695359,
    38.644007644468));
#3617 = CARTESIAN_POINT('',(-7.017794193048,0.248210999609,
    38.677492928754));
#3618 = CARTESIAN_POINT('',(-7.019740754566,-0.121293178975,
    38.71097795124));
#3619 = CARTESIAN_POINT('',(-6.999481360802,-0.49003373347,
    38.744462770513));
#3620 = CARTESIAN_POINT('',(-6.957157133528,-0.856460523809,
    38.777947463741));
#3621 = CARTESIAN_POINT('',(-6.804262840491,-1.721013131799,
    38.857794507681));
#3622 = CARTESIAN_POINT('',(-6.673677632727,-2.215773272233,
    38.904171243774));
#3623 = CARTESIAN_POINT('',(-6.501989729121,-2.699055037075,
    38.950546589907));
#3624 = CARTESIAN_POINT('',(-6.290427705609,-3.166863611773,
    38.99691745961));
#3625 = CARTESIAN_POINT('',(-6.040649481201,-3.615421869282,
    39.043287510894));
#3626 = CARTESIAN_POINT('',(-5.754703905448,-4.041162764711,
    39.08966133182));
#3627 = CARTESIAN_POINT('',(-5.435047183993,-4.440746383565,
    39.13603872574));
#3628 = CARTESIAN_POINT('',(-4.68789989715,-5.230369206456,
    39.234903536862));
#3629 = CARTESIAN_POINT('',(-4.251561924063,-5.612369770122,
    39.28741274242));
#3630 = CARTESIAN_POINT('',(-3.779845722254,-5.95254292101,
    39.339913963652));
#3631 = CARTESIAN_POINT('',(-3.277482667445,-6.247136059418,
    39.392408862722));
#3632 = CARTESIAN_POINT('',(-2.74957556689,-6.493065483372,
    39.444904809475));
#3633 = CARTESIAN_POINT('',(-2.201565442525,-6.687872141744,
    39.497408505175));
#3634 = CARTESIAN_POINT('',(-1.639252555002,-6.829786463453,
    39.549919506241));
#3635 = CARTESIAN_POINT('',(-0.308649473485,-7.03536974737,
    39.672368090974));
#3636 = CARTESIAN_POINT('',(0.467083578568,-7.057474249032,
    39.742397351458));
#3637 = CARTESIAN_POINT('',(1.243220784287,-6.981540040249,
    39.812389580809));
#3638 = CARTESIAN_POINT('',(2.005358371928,-6.808355205793,
    39.882355599158));
#3639 = CARTESIAN_POINT('',(2.739665657949,-6.540761877265,
    39.952319885573));
#3640 = CARTESIAN_POINT('',(3.433002038824,-6.183889029051,
    40.022307578334));
#3641 = CARTESIAN_POINT('',(4.072886447166,-5.74485590163,
    40.092333741405));
#3642 = CARTESIAN_POINT('',(5.200560295897,-4.74342846929,40.22949327326
    ));
#3643 = CARTESIAN_POINT('',(5.694245732981,-4.185805867778,
    40.29673921602));
#3644 = CARTESIAN_POINT('',(6.118948250805,-3.569940575043,
    40.363952862307));
#3645 = CARTESIAN_POINT('',(6.467003603965,-2.905963882555,
    40.431146182587));
#3646 = CARTESIAN_POINT('',(6.732379710377,-2.204814549416,
    40.498340803935));
#3647 = CARTESIAN_POINT('',(6.910881201002,-1.478264405082,
    40.565558197413));
#3648 = CARTESIAN_POINT('',(7.,-0.738817744269,40.632807349604));
#3649 = CARTESIAN_POINT('',(7.,8.881784197001E-16,40.699999570809));
#3650 = PCURVE('',#692,#3651);
#3651 = DEFINITIONAL_REPRESENTATION('',(#3652),#3718);
#3652 = B_SPLINE_CURVE_WITH_KNOTS('',8,(#3653,#3654,#3655,#3656,#3657,
    #3658,#3659,#3660,#3661,#3662,#3663,#3664,#3665,#3666,#3667,#3668,
    #3669,#3670,#3671,#3672,#3673,#3674,#3675,#3676,#3677,#3678,#3679,
    #3680,#3681,#3682,#3683,#3684,#3685,#3686,#3687,#3688,#3689,#3690,
    #3691,#3692,#3693,#3694,#3695,#3696,#3697,#3698,#3699,#3700,#3701,
    #3702,#3703,#3704,#3705,#3706,#3707,#3708,#3709,#3710,#3711,#3712,
    #3713,#3714,#3715,#3716,#3717),.UNSPECIFIED.,.F.,.F.,(9,7,7,7,7,7,7,
    7,7,9),(0.,0.118045302047,0.25637837587,0.392432884408,
    0.460879693011,0.52787240956,0.620629557989,0.725637013702,
    0.865582775907,1.),.UNSPECIFIED.);
#3653 = CARTESIAN_POINT('',(4.711673619282,52.13868569568));
#3654 = CARTESIAN_POINT('',(4.711673613776,52.248562076513));
#3655 = CARTESIAN_POINT('',(4.711672987267,52.358498974948));
#3656 = CARTESIAN_POINT('',(4.711671578517,52.468411131987));
#3657 = CARTESIAN_POINT('',(4.711669711787,52.578302691295));
#3658 = CARTESIAN_POINT('',(4.711668446635,52.688194690192));
#3659 = CARTESIAN_POINT('',(4.711668264925,52.798108095104));
#3660 = CARTESIAN_POINT('',(4.711669016989,52.908047505892));
#3661 = CARTESIAN_POINT('',(4.71167177054,53.146691654581));
#3662 = CARTESIAN_POINT('',(4.711673966742,53.275574959137));
#3663 = CARTESIAN_POINT('',(4.711676197678,53.40439055431));
#3664 = CARTESIAN_POINT('',(4.71167727575,53.533160871468));
#3665 = CARTESIAN_POINT('',(4.711676156222,53.66193042949));
#3666 = CARTESIAN_POINT('',(4.711673889516,53.790744177065));
#3667 = CARTESIAN_POINT('',(4.711671672575,53.9196253566));
#3668 = CARTESIAN_POINT('',(4.711668725912,54.175035683227));
#3669 = CARTESIAN_POINT('',(4.711667971532,54.301786429547));
#3670 = CARTESIAN_POINT('',(4.711668558655,54.42847511826));
#3671 = CARTESIAN_POINT('',(4.711670696994,54.555123634929));
#3672 = CARTESIAN_POINT('',(4.711673246214,54.681773132143));
#3673 = CARTESIAN_POINT('',(4.711674284251,54.808465246295));
#3674 = CARTESIAN_POINT('',(4.711674128287,54.935217756238));
#3675 = CARTESIAN_POINT('',(4.711673145955,55.125566449398));
#3676 = CARTESIAN_POINT('',(4.711672651069,55.189277901936));
#3677 = CARTESIAN_POINT('',(4.711672169969,55.252990754957));
#3678 = CARTESIAN_POINT('',(4.711671822407,55.316704588768));
#3679 = CARTESIAN_POINT('',(4.711671668007,55.380418705757));
#3680 = CARTESIAN_POINT('',(4.711671706261,55.444132130387));
#3681 = CARTESIAN_POINT('',(4.71167187653,55.507843609201));
#3682 = CARTESIAN_POINT('',(4.711672235705,55.633906192156));
#3683 = CARTESIAN_POINT('',(4.711672265514,55.696260166277));
#3684 = CARTESIAN_POINT('',(4.711672342847,55.758613538492));
#3685 = CARTESIAN_POINT('',(4.711672564433,55.820966348707));
#3686 = CARTESIAN_POINT('',(4.711672928364,55.883318671425));
#3687 = CARTESIAN_POINT('',(4.711673334086,55.945670615741));
#3688 = CARTESIAN_POINT('',(4.711673582404,56.008022325351));
#3689 = CARTESIAN_POINT('',(4.711673088984,56.156705177631));
#3690 = CARTESIAN_POINT('',(4.711672296451,56.243063107263));
#3691 = CARTESIAN_POINT('',(4.711671579281,56.329418448654));
#3692 = CARTESIAN_POINT('',(4.71167146435,56.415765454504));
#3693 = CARTESIAN_POINT('',(4.711672022482,56.502110936379));
#3694 = CARTESIAN_POINT('',(4.711672837303,56.588463437687));
#3695 = CARTESIAN_POINT('',(4.71167334448,56.674822592252));
#3696 = CARTESIAN_POINT('',(4.711673764204,56.85891835062));
#3697 = CARTESIAN_POINT('',(4.711673545849,56.956695526429));
#3698 = CARTESIAN_POINT('',(4.711672656678,57.054457834668));
#3699 = CARTESIAN_POINT('',(4.711671202068,57.152208370428));
#3700 = CARTESIAN_POINT('',(4.711669746744,57.249960857063));
#3701 = CARTESIAN_POINT('',(4.71166886037,57.347727772977));
#3702 = CARTESIAN_POINT('',(4.711668687464,57.445508292197));
#3703 = CARTESIAN_POINT('',(4.711669754196,57.673519298464));
#3704 = CARTESIAN_POINT('',(4.711671482304,57.803920496537));
#3705 = CARTESIAN_POINT('',(4.711674098485,57.934252739109));
#3706 = CARTESIAN_POINT('',(4.711676578479,58.06453617419));
#3707 = CARTESIAN_POINT('',(4.711677104671,58.194816384309));
#3708 = CARTESIAN_POINT('',(4.711675808981,58.325140179315));
#3709 = CARTESIAN_POINT('',(4.711673756905,58.45553560971));
#3710 = CARTESIAN_POINT('',(4.711670030993,58.71093981013));
#3711 = CARTESIAN_POINT('',(4.711668343509,58.836158203693));
#3712 = CARTESIAN_POINT('',(4.711667604049,58.961316458113));
#3713 = CARTESIAN_POINT('',(4.711668517649,59.086436863606));
#3714 = CARTESIAN_POINT('',(4.711670894103,59.211559691817));
#3715 = CARTESIAN_POINT('',(4.711672810595,59.33672492387));
#3716 = CARTESIAN_POINT('',(4.711673670601,59.46194929371));
#3717 = CARTESIAN_POINT('',(4.711673700048,59.587067652596));
#3718 = ( GEOMETRIC_REPRESENTATION_CONTEXT(2) 
PARAMETRIC_REPRESENTATION_CONTEXT() REPRESENTATION_CONTEXT('2D SPACE',''
  ) );
#3719 = PCURVE('',#3720,#3725);
#3720 = CYLINDRICAL_SURFACE('',#3721,7.);
#3721 = AXIS2_PLACEMENT_3D('',#3722,#3723,#3724);
#3722 = CARTESIAN_POINT('',(0.,0.,9.));
#3723 = DIRECTION('',(-0.,-0.,-1.));
#3724 = DIRECTION('',(1.,0.,0.));
#3725 = DEFINITIONAL_REPRESENTATION('',(#3726),#3792);
#3726 = B_SPLINE_CURVE_WITH_KNOTS('',8,(#3727,#3728,#3729,#3730,#3731,
    #3732,#3733,#3734,#3735,#3736,#3737,#3738,#3739,#3740,#3741,#3742,
    #3743,#3744,#3745,#3746,#3747,#3748,#3749,#3750,#3751,#3752,#3753,
    #3754,#3755,#3756,#3757,#3758,#3759,#3760,#3761,#3762,#3763,#3764,
    #3765,#3766,#3767,#3768,#3769,#3770,#3771,#3772,#3773,#3774,#3775,
    #3776,#3777,#3778,#3779,#3780,#3781,#3782,#3783,#3784,#3785,#3786,
    #3787,#3788,#3789,#3790,#3791),.UNSPECIFIED.,.F.,.F.,(9,7,7,7,7,7,7,
    7,7,9),(0.,0.118045302047,0.25637837587,0.392432884408,
    0.460879693011,0.52787240956,0.620629557989,0.725637013702,
    0.865582775907,1.),.UNSPECIFIED.);
#3727 = CARTESIAN_POINT('',(0.,-27.70000042981));
#3728 = CARTESIAN_POINT('',(-9.268780265691E-02,-27.75900726264));
#3729 = CARTESIAN_POINT('',(-0.18542687033,-27.81804659519));
#3730 = CARTESIAN_POINT('',(-0.278145178142,-27.87707264088));
#3731 = CARTESIAN_POINT('',(-0.370846006488,-27.93608762499));
#3732 = CARTESIAN_POINT('',(-0.463546979932,-27.99510284518));
#3733 = CARTESIAN_POINT('',(-0.556265864159,-28.05412956102));
#3734 = CARTESIAN_POINT('',(-0.649006623931,-28.11317024277));
#3735 = CARTESIAN_POINT('',(-0.850317874067,-28.24132913624));
#3736 = CARTESIAN_POINT('',(-0.959038997618,-28.31054324347));
#3737 = CARTESIAN_POINT('',(-1.067703105017,-28.3797209888));
#3738 = CARTESIAN_POINT('',(-1.176329182328,-28.44887441852));
#3739 = CARTESIAN_POINT('',(-1.284954620927,-28.51802744051));
#3740 = CARTESIAN_POINT('',(-1.393617173648,-28.58720419361));
#3741 = CARTESIAN_POINT('',(-1.502336508913,-28.65641715965));
#3742 = CARTESIAN_POINT('',(-1.717791084454,-28.79357998146));
#3743 = CARTESIAN_POINT('',(-1.824713257403,-28.86164884251));
#3744 = CARTESIAN_POINT('',(-1.931583176977,-28.9296843768));
#3745 = CARTESIAN_POINT('',(-2.038419427781,-28.9976983375));
#3746 = CARTESIAN_POINT('',(-2.14525686491,-29.06571282482));
#3747 = CARTESIAN_POINT('',(-2.252130233529,-29.13375019867));
#3748 = CARTESIAN_POINT('',(-2.359054178651,-29.20182000683));
#3749 = CARTESIAN_POINT('',(-2.519625093137,-29.30404282697));
#3750 = CARTESIAN_POINT('',(-2.573369546367,-29.33825774195));
#3751 = CARTESIAN_POINT('',(-2.627115102403,-29.37247340904));
#3752 = CARTESIAN_POINT('',(-2.680861442288,-29.40668960283));
#3753 = CARTESIAN_POINT('',(-2.734608022478,-29.44090594871));
#3754 = CARTESIAN_POINT('',(-2.788354074839,-29.47512192276));
#3755 = CARTESIAN_POINT('',(-2.84209860665,-29.50933685186));
#3756 = CARTESIAN_POINT('',(-2.948440497558,-29.57703614903));
#3757 = CARTESIAN_POINT('',(-3.001040255946,-29.61052205837));
#3758 = CARTESIAN_POINT('',(-3.053639592756,-29.64400764446));
#3759 = CARTESIAN_POINT('',(-3.106238477477,-29.67749292875));
#3760 = CARTESIAN_POINT('',(-3.158836932101,-29.71097795124));
#3761 = CARTESIAN_POINT('',(-3.211435031121,-29.74446277051));
#3762 = CARTESIAN_POINT('',(-3.264032901531,-29.77794746374));
#3763 = CARTESIAN_POINT('',(-3.389456907047,-29.85779450768));
#3764 = CARTESIAN_POINT('',(-3.462305360185,-29.90417124377));
#3765 = CARTESIAN_POINT('',(-3.535151186664,-29.9505465899));
#3766 = CARTESIAN_POINT('',(-3.607989775839,-29.99691745961));
#3767 = CARTESIAN_POINT('',(-3.680827151613,-30.04328751089));
#3768 = CARTESIAN_POINT('',(-3.753670653067,-30.08966133182));
#3769 = CARTESIAN_POINT('',(-3.826519946087,-30.13603872574));
#3770 = CARTESIAN_POINT('',(-3.981816454495,-30.23490353686));
#3771 = CARTESIAN_POINT('',(-4.064297933224,-30.28741274242));
#3772 = CARTESIAN_POINT('',(-4.146767012383,-30.33991396365));
#3773 = CARTESIAN_POINT('',(-4.229226146296,-30.39240886272));
#3774 = CARTESIAN_POINT('',(-4.311686798966,-30.44490480947));
#3775 = CARTESIAN_POINT('',(-4.394159476432,-30.49740850517));
#3776 = CARTESIAN_POINT('',(-4.476643530363,-30.54991950624));
#3777 = CARTESIAN_POINT('',(-4.668985118889,-30.67236809097));
#3778 = CARTESIAN_POINT('',(-4.778986620269,-30.74239735145));
#3779 = CARTESIAN_POINT('',(-4.88892997808,-30.81238958081));
#3780 = CARTESIAN_POINT('',(-4.998832349938,-30.88235559915));
#3781 = CARTESIAN_POINT('',(-5.108732149245,-30.95231988557));
#3782 = CARTESIAN_POINT('',(-5.218668627062,-31.02230757833));
#3783 = CARTESIAN_POINT('',(-5.328665418061,-31.0923337414));
#3784 = CARTESIAN_POINT('',(-5.544114887082,-31.22949327326));
#3785 = CARTESIAN_POINT('',(-5.649744400459,-31.29673921602));
#3786 = CARTESIAN_POINT('',(-5.755323178107,-31.3639528623));
#3787 = CARTESIAN_POINT('',(-5.86087013953,-31.43114618258));
#3788 = CARTESIAN_POINT('',(-5.966419481117,-31.49834080393));
#3789 = CARTESIAN_POINT('',(-6.072004818353,-31.56555819741));
#3790 = CARTESIAN_POINT('',(-6.177639915141,-31.6328073496));
#3791 = CARTESIAN_POINT('',(-6.28318530718,-31.6999995708));
#3792 = ( GEOMETRIC_REPRESENTATION_CONTEXT(2) 
PARAMETRIC_REPRESENTATION_CONTEXT() REPRESENTATION_CONTEXT('2D SPACE',''
  ) );
#3793 = ORIENTED_EDGE('',*,*,#3794,.T.);
#3794 = EDGE_CURVE('',#3581,#3795,#3797,.T.);
#3795 = VERTEX_POINT('',#3796);
#3796 = CARTESIAN_POINT('',(7.,0.,44.699999902274));
#3797 = SURFACE_CURVE('',#3798,(#3871,#3947),.PCURVE_S1.);
#3798 = B_SPLINE_CURVE_WITH_KNOTS('',8,(#3799,#3800,#3801,#3802,#3803,
    #3804,#3805,#3806,#3807,#3808,#3809,#3810,#3811,#3812,#3813,#3814,
    #3815,#3816,#3817,#3818,#3819,#3820,#3821,#3822,#3823,#3824,#3825,
    #3826,#3827,#3828,#3829,#3830,#3831,#3832,#3833,#3834,#3835,#3836,
    #3837,#3838,#3839,#3840,#3841,#3842,#3843,#3844,#3845,#3846,#3847,
    #3848,#3849,#3850,#3851,#3852,#3853,#3854,#3855,#3856,#3857,#3858,
    #3859,#3860,#3861,#3862,#3863,#3864,#3865,#3866,#3867,#3868,#3869,
    #3870),.UNSPECIFIED.,.F.,.F.,(9,7,7,7,7,7,7,7,7,7,9),(0.,
    0.12029954831,0.203669930149,0.327565931246,0.443490985788,
    0.545579505914,0.673579593145,0.741467988809,0.784051075581,
    0.873777566288,1.),.UNSPECIFIED.);
#3799 = CARTESIAN_POINT('',(7.,8.881784197001E-16,40.699999570809));
#3800 = CARTESIAN_POINT('',(7.,0.661229466443,40.760135479727));
#3801 = CARTESIAN_POINT('',(6.928616385368,1.322842935391,
    40.820306419558));
#3802 = CARTESIAN_POINT('',(6.785704482194,1.975287043051,
    40.880461559424));
#3803 = CARTESIAN_POINT('',(6.572815655779,2.609567548293,
    40.940603488169));
#3804 = CARTESIAN_POINT('',(6.292658180021,3.217132814757,
    41.000744915628));
#3805 = CARTESIAN_POINT('',(5.949133937908,3.789908663411,41.06089811622
    ));
#3806 = CARTESIAN_POINT('',(5.547270715907,4.320306628266,
    41.121067314803));
#3807 = CARTESIAN_POINT('',(4.779359217349,5.134952197795,
    41.222882913659));
#3808 = CARTESIAN_POINT('',(4.440070238693,5.444903176036,
    41.264560835627));
#3809 = CARTESIAN_POINT('',(4.077907310874,5.729133068188,
    41.306234290614));
#3810 = CARTESIAN_POINT('',(3.695145989379,5.985704506129,
    41.347907806398));
#3811 = CARTESIAN_POINT('',(3.294234551828,6.212924230719,
    41.389584073946));
#3812 = CARTESIAN_POINT('',(2.877789215443,6.409339229771,
    41.431263888745));
#3813 = CARTESIAN_POINT('',(2.44860358606,6.573759446924,41.472946675724
    ));
#3814 = CARTESIAN_POINT('',(1.357365049562,6.90081721127,41.576552230316
    ));
#3815 = CARTESIAN_POINT('',(0.682924410645,7.023919057631,
    41.638521963773));
#3816 = CARTESIAN_POINT('',(-3.686004720707E-03,7.071461371703,
    41.700472173381));
#3817 = CARTESIAN_POINT('',(-0.692562794897,7.042310369218,
    41.76240686209));
#3818 = CARTESIAN_POINT('',(-1.373915182801,6.936706314605,
    41.824341080742));
#3819 = CARTESIAN_POINT('',(-2.038098572809,6.756327730111,
    41.88628990185));
#3820 = CARTESIAN_POINT('',(-2.675641313705,6.504207403926,
    41.948259224426));
#3821 = CARTESIAN_POINT('',(-3.840433657887,5.887026858791,
    42.068143840342));
#3822 = CARTESIAN_POINT('',(-4.372668547571,5.529996366764,
    42.12611777424));
#3823 = CARTESIAN_POINT('',(-4.866579461982,5.118145841075,
    42.184078116134));
#3824 = CARTESIAN_POINT('',(-5.315691585898,4.656394386159,
    42.242028535021));
#3825 = CARTESIAN_POINT('',(-5.714311045986,4.150392387061,
    42.299980167141));
#3826 = CARTESIAN_POINT('',(-6.057570882034,3.606525029098,
    42.357943720007));
#3827 = CARTESIAN_POINT('',(-6.341426286288,3.031881062187,
    42.415920809615));
#3828 = CARTESIAN_POINT('',(-6.758173482149,1.908389146671,
    42.52490058343));
#3829 = CARTESIAN_POINT('',(-6.905198608608,1.364220264012,
    42.575951301094));
#3830 = CARTESIAN_POINT('',(-7.002038878149,0.807346827823,
    42.626997676534));
#3831 = CARTESIAN_POINT('',(-7.047488412303,0.243210831563,
    42.678038828182));
#3832 = CARTESIAN_POINT('',(-7.041038474481,-0.322718002013,
    42.729080180953));
#3833 = CARTESIAN_POINT('',(-6.982820195457,-0.884954644948,
    42.780127688127));
#3834 = CARTESIAN_POINT('',(-6.873652682649,-1.438003482984,
    42.831181921802));
#3835 = CARTESIAN_POINT('',(-6.516532146168,-2.651402374148,
    42.946215486951));
#3836 = CARTESIAN_POINT('',(-6.24016464345,-3.304113502465,
    43.010257889994));
#3837 = CARTESIAN_POINT('',(-5.889175284452,-3.92330316544,
    43.074277429284));
#3838 = CARTESIAN_POINT('',(-5.468570615045,-4.499147455647,
    43.138278335031));
#3839 = CARTESIAN_POINT('',(-4.984573117552,-5.022802823858,
    43.202277208867));
#3840 = CARTESIAN_POINT('',(-4.444670512483,-5.486489759875,
    43.266291773184));
#3841 = CARTESIAN_POINT('',(-3.857497636757,-5.883443395145,
    43.330330203834));
#3842 = CARTESIAN_POINT('',(-2.902341633391,-6.380886414712,
    43.428272645341));
#3843 = CARTESIAN_POINT('',(-2.560776955029,-6.533130420295,
    43.462219742252));
#3844 = CARTESIAN_POINT('',(-2.210146350979,-6.664444861474,
    43.496165977268));
#3845 = CARTESIAN_POINT('',(-1.851962386196,-6.774206165634,
    43.53011010974));
#3846 = CARTESIAN_POINT('',(-1.487770316027,-6.861927503143,
    43.564052648733));
#3847 = CARTESIAN_POINT('',(-1.119144365836,-6.927251611448,
    43.59799459546));
#3848 = CARTESIAN_POINT('',(-0.747686532775,-6.969952586664,
    43.631936322553));
#3849 = CARTESIAN_POINT('',(-0.141277291079,-7.002487940931,
    43.687165668326));
#3850 = CARTESIAN_POINT('',(9.288889537758E-02,-7.006092292231,
    43.70844910497));
#3851 = CARTESIAN_POINT('',(0.327111869081,-7.000748936559,
    43.729730269225));
#3852 = CARTESIAN_POINT('',(0.561020762156,-6.986459412262,
    43.751011681258));
#3853 = CARTESIAN_POINT('',(0.794232811155,-6.963241288262,
    43.772294869643));
#3854 = CARTESIAN_POINT('',(1.026353818052,-6.931132262381,
    43.793580221751));
#3855 = CARTESIAN_POINT('',(1.256978880517,-6.890194625744,
    43.814866827128));
#3856 = CARTESIAN_POINT('',(1.967615957423,-6.735851272534,
    43.881002797403));
#3857 = CARTESIAN_POINT('',(2.441244027738,-6.59235107321,
    43.925865730127));
#3858 = CARTESIAN_POINT('',(2.902774450384,-6.410807588549,
    43.970727734033));
#3859 = CARTESIAN_POINT('',(3.348633587373,-6.192455143747,
    44.015586162537));
#3860 = CARTESIAN_POINT('',(3.775449566219,-5.938898114673,
    44.060444126045));
#3861 = CARTESIAN_POINT('',(4.18004547072,-5.652079355832,44.10530557373
    ));
#3862 = CARTESIAN_POINT('',(4.559453471065,-5.334293237578,
    44.150170431585));
#3863 = CARTESIAN_POINT('',(5.405416282223,-4.501438716755,
    44.258135555086));
#3864 = CARTESIAN_POINT('',(5.84503814788,-3.958317694254,
    44.321279939849));
#3865 = CARTESIAN_POINT('',(6.221826498983,-3.366509522086,
    44.384403723342));
#3866 = CARTESIAN_POINT('',(6.529727216345,-2.734624379166,
    44.447513694566));
#3867 = CARTESIAN_POINT('',(6.764014105643,-2.071892745638,
    44.510625056682));
#3868 = CARTESIAN_POINT('',(6.921405299771,-1.388159262411,
    44.573752677869));
#3869 = CARTESIAN_POINT('',(7.,-0.693824305776,44.636899492374));
#3870 = CARTESIAN_POINT('',(7.,7.993605777301E-15,44.699999902274));
#3871 = PCURVE('',#692,#3872);
#3872 = DEFINITIONAL_REPRESENTATION('',(#3873),#3946);
#3873 = B_SPLINE_CURVE_WITH_KNOTS('',8,(#3874,#3875,#3876,#3877,#3878,
    #3879,#3880,#3881,#3882,#3883,#3884,#3885,#3886,#3887,#3888,#3889,
    #3890,#3891,#3892,#3893,#3894,#3895,#3896,#3897,#3898,#3899,#3900,
    #3901,#3902,#3903,#3904,#3905,#3906,#3907,#3908,#3909,#3910,#3911,
    #3912,#3913,#3914,#3915,#3916,#3917,#3918,#3919,#3920,#3921,#3922,
    #3923,#3924,#3925,#3926,#3927,#3928,#3929,#3930,#3931,#3932,#3933,
    #3934,#3935,#3936,#3937,#3938,#3939,#3940,#3941,#3942,#3943,#3944,
    #3945),.UNSPECIFIED.,.F.,.F.,(9,7,7,7,7,7,7,7,7,7,9),(0.,
    0.12029954831,0.203669930149,0.327565931246,0.443490985788,
    0.545579505914,0.673579593145,0.741467988809,0.784051075581,
    0.873777566288,1.),.UNSPECIFIED.);
#3874 = CARTESIAN_POINT('',(4.711673700048,59.587067652596));
#3875 = CARTESIAN_POINT('',(4.711673726402,59.699046481381));
#3876 = CARTESIAN_POINT('',(4.711673090296,59.811090541088));
#3877 = CARTESIAN_POINT('',(4.711671941232,59.923105179749));
#3878 = CARTESIAN_POINT('',(4.711671075652,60.035095218014));
#3879 = CARTESIAN_POINT('',(4.7116714439,60.147084322864));
#3880 = CARTESIAN_POINT('',(4.711673767788,60.259095350397));
#3881 = CARTESIAN_POINT('',(4.711672483976,60.371136167731));
#3882 = CARTESIAN_POINT('',(4.711671821378,60.56072657581));
#3883 = CARTESIAN_POINT('',(4.711672510356,60.638334862975));
#3884 = CARTESIAN_POINT('',(4.71167341439,60.715934832188));
#3885 = CARTESIAN_POINT('',(4.711672714738,60.793534914616));
#3886 = CARTESIAN_POINT('',(4.711671750031,60.871140121093));
#3887 = CARTESIAN_POINT('',(4.711671939293,60.948751932887));
#3888 = CARTESIAN_POINT('',(4.711671889179,61.026369279169));
#3889 = CARTESIAN_POINT('',(4.711672605952,61.219292756463));
#3890 = CARTESIAN_POINT('',(4.711673481674,61.334686342383));
#3891 = CARTESIAN_POINT('',(4.711674436756,61.450043573019));
#3892 = CARTESIAN_POINT('',(4.711674285334,61.565371902252));
#3893 = CARTESIAN_POINT('',(4.711672731058,61.680699356224));
#3894 = CARTESIAN_POINT('',(4.711670950911,61.796054001335));
#3895 = CARTESIAN_POINT('',(4.711669638619,61.911446822146));
#3896 = CARTESIAN_POINT('',(4.711668626158,62.134683472605));
#3897 = CARTESIAN_POINT('',(4.711668825391,62.242636496595));
#3898 = CARTESIAN_POINT('',(4.711669956841,62.350564210975));
#3899 = CARTESIAN_POINT('',(4.711671923275,62.458473447778));
#3900 = CARTESIAN_POINT('',(4.711674005643,62.566384943699));
#3901 = CARTESIAN_POINT('',(4.711675424197,62.674318637195));
#3902 = CARTESIAN_POINT('',(4.711675916171,62.782277537415));
#3903 = CARTESIAN_POINT('',(4.711675295757,62.985208326236));
#3904 = CARTESIAN_POINT('',(4.711674368015,63.080269657744));
#3905 = CARTESIAN_POINT('',(4.711672875774,63.175322903617));
#3906 = CARTESIAN_POINT('',(4.711671121945,63.270366422277));
#3907 = CARTESIAN_POINT('',(4.7116696127,63.365410315435));
#3908 = CARTESIAN_POINT('',(4.711668755831,63.460465668685));
#3909 = CARTESIAN_POINT('',(4.71166861214,63.555533547333));
#3910 = CARTESIAN_POINT('',(4.711669548563,63.769737076115));
#3911 = CARTESIAN_POINT('',(4.711670952302,63.888990171558));
#3912 = CARTESIAN_POINT('',(4.711672904198,64.008200692508));
#3913 = CARTESIAN_POINT('',(4.711674646618,64.127376515965));
#3914 = CARTESIAN_POINT('',(4.711674762797,64.246548555857));
#3915 = CARTESIAN_POINT('',(4.711673657125,64.365749812919));
#3916 = CARTESIAN_POINT('',(4.711672663428,64.484995511378));
#3917 = CARTESIAN_POINT('',(4.711671802431,64.667373729078));
#3918 = CARTESIAN_POINT('',(4.711671635136,64.730586478684));
#3919 = CARTESIAN_POINT('',(4.711671613026,64.793797623359));
#3920 = CARTESIAN_POINT('',(4.711671784957,64.857004852894));
#3921 = CARTESIAN_POINT('',(4.711671999132,64.920209115219));
#3922 = CARTESIAN_POINT('',(4.711671944864,64.983412274688));
#3923 = CARTESIAN_POINT('',(4.711671471529,65.046615025177));
#3924 = CARTESIAN_POINT('',(4.711671004779,65.149457362899));
#3925 = CARTESIAN_POINT('',(4.711670735137,65.189089162778));
#3926 = CARTESIAN_POINT('',(4.711671729856,65.228716731257));
#3927 = CARTESIAN_POINT('',(4.71167278528,65.268344761119));
#3928 = CARTESIAN_POINT('',(4.711672969506,65.307976098719));
#3929 = CARTESIAN_POINT('',(4.711672678615,65.347611465375));
#3930 = CARTESIAN_POINT('',(4.711672919637,65.387249165742));
#3931 = CARTESIAN_POINT('',(4.711672610829,65.510400684115));
#3932 = CARTESIAN_POINT('',(4.71167197134,65.593939766713));
#3933 = CARTESIAN_POINT('',(4.711671546729,65.677477119763));
#3934 = CARTESIAN_POINT('',(4.711671682762,65.761007815074));
#3935 = CARTESIAN_POINT('',(4.711672316582,65.844537644515));
#3936 = CARTESIAN_POINT('',(4.711673061556,65.928073961828));
#3937 = CARTESIAN_POINT('',(4.711673486425,66.011616629204));
#3938 = CARTESIAN_POINT('',(4.71167373272,66.212658041843));
#3939 = CARTESIAN_POINT('',(4.711673188753,66.330238941132));
#3940 = CARTESIAN_POINT('',(4.711671662776,66.447781478893));
#3941 = CARTESIAN_POINT('',(4.711669501414,66.565298296866));
#3942 = CARTESIAN_POINT('',(4.711668185616,66.682817704787));
#3943 = CARTESIAN_POINT('',(4.711668229248,66.800367388702));
#3944 = CARTESIAN_POINT('',(4.711669306655,66.917952812411));
#3945 = CARTESIAN_POINT('',(4.711670828527,67.035451826293));
#3946 = ( GEOMETRIC_REPRESENTATION_CONTEXT(2) 
PARAMETRIC_REPRESENTATION_CONTEXT() REPRESENTATION_CONTEXT('2D SPACE',''
  ) );
#3947 = PCURVE('',#3948,#3953);
#3948 = CYLINDRICAL_SURFACE('',#3949,7.);
#3949 = AXIS2_PLACEMENT_3D('',#3950,#3951,#3952);
#3950 = CARTESIAN_POINT('',(0.,0.,9.));
#3951 = DIRECTION('',(-0.,-0.,-1.));
#3952 = DIRECTION('',(1.,0.,0.));
#3953 = DEFINITIONAL_REPRESENTATION('',(#3954),#4027);
#3954 = B_SPLINE_CURVE_WITH_KNOTS('',8,(#3955,#3956,#3957,#3958,#3959,
    #3960,#3961,#3962,#3963,#3964,#3965,#3966,#3967,#3968,#3969,#3970,
    #3971,#3972,#3973,#3974,#3975,#3976,#3977,#3978,#3979,#3980,#3981,
    #3982,#3983,#3984,#3985,#3986,#3987,#3988,#3989,#3990,#3991,#3992,
    #3993,#3994,#3995,#3996,#3997,#3998,#3999,#4000,#4001,#4002,#4003,
    #4004,#4005,#4006,#4007,#4008,#4009,#4010,#4011,#4012,#4013,#4014,
    #4015,#4016,#4017,#4018,#4019,#4020,#4021,#4022,#4023,#4024,#4025,
    #4026),.UNSPECIFIED.,.F.,.F.,(9,7,7,7,7,7,7,7,7,7,9),(0.,
    0.12029954831,0.203669930149,0.327565931246,0.443490985788,
    0.545579505914,0.673579593145,0.741467988809,0.784051075581,
    0.873777566288,1.),.UNSPECIFIED.);
#3955 = CARTESIAN_POINT('',(0.,-31.6999995708));
#3956 = CARTESIAN_POINT('',(-9.446135234894E-02,-31.76013547972));
#3957 = CARTESIAN_POINT('',(-0.188977509308,-31.82030641955));
#3958 = CARTESIAN_POINT('',(-0.283468504287,-31.88046155942));
#3959 = CARTESIAN_POINT('',(-0.377938433186,-31.94060348816));
#3960 = CARTESIAN_POINT('',(-0.472407479313,-32.00074491562));
#3961 = CARTESIAN_POINT('',(-0.566895847041,-32.06089811622));
#3962 = CARTESIAN_POINT('',(-0.661410622667,-32.1210673148));
#3963 = CARTESIAN_POINT('',(-0.821342717541,-32.22288291365));
#3964 = CARTESIAN_POINT('',(-0.886809803154,-32.26456083562));
#3965 = CARTESIAN_POINT('',(-0.952272054752,-32.30623429061));
#3966 = CARTESIAN_POINT('',(-1.017732701186,-32.34790780639));
#3967 = CARTESIAN_POINT('',(-1.083196836767,-32.38958407394));
#3968 = CARTESIAN_POINT('',(-1.148667666779,-32.43126388874));
#3969 = CARTESIAN_POINT('',(-1.214142244396,-32.47294667572));
#3970 = CARTESIAN_POINT('',(-1.376884580167,-32.57655223031));
#3971 = CARTESIAN_POINT('',(-1.474225946953,-32.63852196377));
#3972 = CARTESIAN_POINT('',(-1.571537025183,-32.70047217338));
#3973 = CARTESIAN_POINT('',(-1.668824189909,-32.76240686209));
#3974 = CARTESIAN_POINT('',(-1.766110690025,-32.82434108074));
#3975 = CARTESIAN_POINT('',(-1.863420010853,-32.88628990185));
#3976 = CARTESIAN_POINT('',(-1.96076136488,-32.94825922442));
#3977 = CARTESIAN_POINT('',(-2.149075747607,-33.06814384034));
#3978 = CARTESIAN_POINT('',(-2.240140905315,-33.12611777424));
#3979 = CARTESIAN_POINT('',(-2.331184622976,-33.18407811613));
#3980 = CARTESIAN_POINT('',(-2.42221275528,-33.24202853502));
#3981 = CARTESIAN_POINT('',(-2.513242895326,-33.29998016714));
#3982 = CARTESIAN_POINT('',(-2.604291844301,-33.35794372));
#3983 = CARTESIAN_POINT('',(-2.695362086874,-33.41592080961));
#3984 = CARTESIAN_POINT('',(-2.866547170473,-33.52490058343));
#3985 = CARTESIAN_POINT('',(-2.946737465195,-33.57595130109));
#3986 = CARTESIAN_POINT('',(-3.026920899844,-33.62699767653));
#3987 = CARTESIAN_POINT('',(-3.107096061931,-33.67803882818));
#3988 = CARTESIAN_POINT('',(-3.187271489363,-33.72908018095));
#3989 = CARTESIAN_POINT('',(-3.267456590289,-33.78012768812));
#3990 = CARTESIAN_POINT('',(-3.347652325833,-33.8311819218));
#3991 = CARTESIAN_POINT('',(-3.528346675194,-33.94621548695));
#3992 = CARTESIAN_POINT('',(-3.628944412432,-34.01025788999));
#3993 = CARTESIAN_POINT('',(-3.729506419133,-34.07427742928));
#3994 = CARTESIAN_POINT('',(-3.830039285973,-34.13827833503));
#3995 = CARTESIAN_POINT('',(-3.93056888177,-34.20227720886));
#3996 = CARTESIAN_POINT('',(-4.031122585766,-34.26629177318));
#3997 = CARTESIAN_POINT('',(-4.13171338243,-34.33033020383));
#3998 = CARTESIAN_POINT('',(-4.285560148792,-34.42827264534));
#3999 = CARTESIAN_POINT('',(-4.338883817552,-34.46221974225));
#4000 = CARTESIAN_POINT('',(-4.392206179788,-34.49616597726));
#4001 = CARTESIAN_POINT('',(-4.445525358465,-34.53011010974));
#4002 = CARTESIAN_POINT('',(-4.498842230758,-34.56405264873));
#4003 = CARTESIAN_POINT('',(-4.552158406632,-34.59799459546));
#4004 = CARTESIAN_POINT('',(-4.605474387043,-34.63193632255));
#4005 = CARTESIAN_POINT('',(-4.692228874981,-34.68716566832));
#4006 = CARTESIAN_POINT('',(-4.725660728793,-34.70844910497));
#4007 = CARTESIAN_POINT('',(-4.759089189893,-34.72973026922));
#4008 = CARTESIAN_POINT('',(-4.792518214579,-34.75101168125));
#4009 = CARTESIAN_POINT('',(-4.825950062018,-34.77229486964));
#4010 = CARTESIAN_POINT('',(-4.859385236725,-34.79358022175));
#4011 = CARTESIAN_POINT('',(-4.892822300226,-34.81486682712));
#4012 = CARTESIAN_POINT('',(-4.996708710502,-34.8810027974));
#4013 = CARTESIAN_POINT('',(-5.067179122629,-34.92586573012));
#4014 = CARTESIAN_POINT('',(-5.137647737786,-34.97072773403));
#4015 = CARTESIAN_POINT('',(-5.208110622338,-35.01558616253));
#4016 = CARTESIAN_POINT('',(-5.278572884718,-35.06044412604));
#4017 = CARTESIAN_POINT('',(-5.349040820936,-35.10530557373));
#4018 = CARTESIAN_POINT('',(-5.419514280401,-35.15017043158));
#4019 = CARTESIAN_POINT('',(-5.589105609761,-35.25813555508));
#4020 = CARTESIAN_POINT('',(-5.688292910826,-35.32127993984));
#4021 = CARTESIAN_POINT('',(-5.787448000699,-35.38440372334));
#4022 = CARTESIAN_POINT('',(-5.886581253078,-35.44751369456));
#4023 = CARTESIAN_POINT('',(-5.985716396486,-35.51062505668));
#4024 = CARTESIAN_POINT('',(-6.084876922695,-35.57375267786));
#4025 = CARTESIAN_POINT('',(-6.184067549212,-35.63689949237));
#4026 = CARTESIAN_POINT('',(-6.28318530718,-35.69999990227));
#4027 = ( GEOMETRIC_REPRESENTATION_CONTEXT(2) 
PARAMETRIC_REPRESENTATION_CONTEXT() REPRESENTATION_CONTEXT('2D SPACE',''
  ) );
#4028 = ORIENTED_EDGE('',*,*,#4029,.T.);
#4029 = EDGE_CURVE('',#3795,#4030,#4032,.T.);
#4030 = VERTEX_POINT('',#4031);
#4031 = CARTESIAN_POINT('',(7.,7.620036297313E-13,48.7));
#4032 = SURFACE_CURVE('',#4033,(#4099,#4168),.PCURVE_S1.);
#4033 = B_SPLINE_CURVE_WITH_KNOTS('',8,(#4034,#4035,#4036,#4037,#4038,
    #4039,#4040,#4041,#4042,#4043,#4044,#4045,#4046,#4047,#4048,#4049,
    #4050,#4051,#4052,#4053,#4054,#4055,#4056,#4057,#4058,#4059,#4060,
    #4061,#4062,#4063,#4064,#4065,#4066,#4067,#4068,#4069,#4070,#4071,
    #4072,#4073,#4074,#4075,#4076,#4077,#4078,#4079,#4080,#4081,#4082,
    #4083,#4084,#4085,#4086,#4087,#4088,#4089,#4090,#4091,#4092,#4093,
    #4094,#4095,#4096,#4097,#4098),.UNSPECIFIED.,.F.,.F.,(9,7,7,7,7,7,7,
    7,7,9),(0.,0.134201997649,0.283190693312,0.352443862587,
    0.442403442499,0.540984066289,0.670018940002,0.797958040886,
    0.916574851733,1.),.UNSPECIFIED.);
#4034 = CARTESIAN_POINT('',(7.,7.993605777301E-15,44.699999902274));
#4035 = CARTESIAN_POINT('',(7.,0.737536208918,44.767075726387));
#4036 = CARTESIAN_POINT('',(6.911190132483,1.47570361749,44.83420885143)
  );
#4037 = CARTESIAN_POINT('',(6.733305730921,2.201062554346,44.90131230085
    ));
#4038 = CARTESIAN_POINT('',(6.468825752353,2.901166344097,
    44.968394178037));
#4039 = CARTESIAN_POINT('',(6.121914146025,3.564292407557,45.03547555997
    ));
#4040 = CARTESIAN_POINT('',(5.698565458272,4.179541391255,
    45.102577150845));
#4041 = CARTESIAN_POINT('',(5.206404651075,4.736810118929,
    45.169709718973));
#4042 = CARTESIAN_POINT('',(4.044121830155,5.771965466471,
    45.311259718959));
#4043 = CARTESIAN_POINT('',(3.359077750865,6.235487792348,
    45.385821446691));
#4044 = CARTESIAN_POINT('',(2.614119774051,6.605153973295,
    45.460329359148));
#4045 = CARTESIAN_POINT('',(1.824495004161,6.872614741737,
    45.534805078024));
#4046 = CARTESIAN_POINT('',(1.006181160238,7.032019808322,
    45.609280735926));
#4047 = CARTESIAN_POINT('',(0.175955731808,7.080520499916,
    45.683788896742));
#4048 = CARTESIAN_POINT('',(-0.648794747705,7.017803316028,
    45.758351132722));
#4049 = CARTESIAN_POINT('',(-1.822237608447,6.769366095146,
    45.86743673811));
#4050 = CARTESIAN_POINT('',(-2.189726262585,6.667382530724,
    45.902053314625));
#4051 = CARTESIAN_POINT('',(-2.550627485927,6.54261849279,
    45.936670328446));
#4052 = CARTESIAN_POINT('',(-2.903289541797,6.395577353246,
    45.971287240742));
#4053 = CARTESIAN_POINT('',(-3.2461246008,6.226897616027,46.005903738512
    ));
#4054 = CARTESIAN_POINT('',(-3.577608740815,6.037352917092,
    46.040519734593));
#4055 = CARTESIAN_POINT('',(-3.896281947001,5.827852024432,
    46.075135367651));
#4056 = CARTESIAN_POINT('',(-4.596248398195,5.302731055491,
    46.154716568014));
#4057 = CARTESIAN_POINT('',(-4.967872462381,4.974041221452,
    46.199690298011));
#4058 = CARTESIAN_POINT('',(-5.312500113076,4.615678536902,
    46.244662837086));
#4059 = CARTESIAN_POINT('',(-5.627390980276,4.23026214903,
    46.289631047806));
#4060 = CARTESIAN_POINT('',(-5.910133976549,3.82066822546,
    46.334599871516));
#4061 = CARTESIAN_POINT('',(-6.158631633753,3.390009715614,
    46.379574621606));
#4062 = CARTESIAN_POINT('',(-6.371123558485,2.941646968767,
    46.424552597003));
#4063 = CARTESIAN_POINT('',(-6.738166041926,1.972493001295,
    46.518802824089));
#4064 = CARTESIAN_POINT('',(-6.885315283061,1.448605994842,
    46.56809951305));
#4065 = CARTESIAN_POINT('',(-6.985812478538,0.912399638667,
    46.617392087202));
#4066 = CARTESIAN_POINT('',(-7.038517532113,0.368763098279,
    46.666677095107));
#4067 = CARTESIAN_POINT('',(-7.042901823627,-0.177383280701,
    46.715960146802));
#4068 = CARTESIAN_POINT('',(-6.998995554558,-0.721105747178,
    46.765247945893));
#4069 = CARTESIAN_POINT('',(-6.907419361193,-1.25746798821,
    46.814540724492));
#4070 = CARTESIAN_POINT('',(-6.588974028522,-2.467500736026,
    46.928334722663));
#4071 = CARTESIAN_POINT('',(-6.328883551375,-3.133031339762,
    46.99288866931));
#4072 = CARTESIAN_POINT('',(-5.99205832709,-3.766603707238,
    47.057417873876));
#4073 = CARTESIAN_POINT('',(-5.583337251883,-4.358049621456,
    47.121929374731));
#4074 = CARTESIAN_POINT('',(-5.108834711877,-4.898150087985,
    47.186440890279));
#4075 = CARTESIAN_POINT('',(-4.576009164406,-5.378735196882,
    47.250970191054));
#4076 = CARTESIAN_POINT('',(-3.993549583315,-5.792641904205,
    47.315524299748));
#4077 = CARTESIAN_POINT('',(-2.755623462254,-6.473111211071,
    47.443996111395));
#4078 = CARTESIAN_POINT('',(-2.099995665173,-6.741347753582,
    47.507999887814));
#4079 = CARTESIAN_POINT('',(-1.415088670193,-6.933316606728,
    47.571980203261));
#4080 = CARTESIAN_POINT('',(-0.711321973043,-7.04558712424,
    47.635943945404));
#4081 = CARTESIAN_POINT('',(6.905324197213E-04,-7.076256221195,
    47.699908390084));
#4082 = CARTESIAN_POINT('',(0.710165020736,-7.025060058588,
    47.763890384692));
#4083 = CARTESIAN_POINT('',(1.406194098705,-6.893275120752,
    47.827895891744));
#4084 = CARTESIAN_POINT('',(2.700454459251,-6.490971729015,
    47.951158538981));
#4085 = CARTESIAN_POINT('',(3.302834103759,-6.231038736096,
    48.010490124763));
#4086 = CARTESIAN_POINT('',(3.876175138056,-5.90730962619,
    48.069806163557));
#4087 = CARTESIAN_POINT('',(4.412682936563,-5.523736262649,
    48.129109645071));
#4088 = CARTESIAN_POINT('',(4.905278271872,-5.085200154942,
    48.188412848826));
#4089 = CARTESIAN_POINT('',(5.347641206963,-4.597528838669,
    48.247728310228));
#4090 = CARTESIAN_POINT('',(5.734202733799,-4.067444304997,
    48.307059727165));
#4091 = CARTESIAN_POINT('',(6.289996126258,-3.105844130369,
    48.408070629049));
#4092 = CARTESIAN_POINT('',(6.489756133763,-2.691612496706,
    48.449778379871));
#4093 = CARTESIAN_POINT('',(6.658261556629,-2.262841361602,
    48.491481622283));
#4094 = CARTESIAN_POINT('',(6.794312758775,-1.82227313008,
    48.533181872692));
#4095 = CARTESIAN_POINT('',(6.896994776019,-1.372741805716,
    48.574883014831));
#4096 = CARTESIAN_POINT('',(6.965669832508,-0.917166761935,
    48.616588188822));
#4097 = CARTESIAN_POINT('',(7.,-0.458553300899,48.658296564643));
#4098 = CARTESIAN_POINT('',(7.,1.526778703465E-12,48.7));
#4099 = PCURVE('',#692,#4100);
#4100 = DEFINITIONAL_REPRESENTATION('',(#4101),#4167);
#4101 = B_SPLINE_CURVE_WITH_KNOTS('',8,(#4102,#4103,#4104,#4105,#4106,
    #4107,#4108,#4109,#4110,#4111,#4112,#4113,#4114,#4115,#4116,#4117,
    #4118,#4119,#4120,#4121,#4122,#4123,#4124,#4125,#4126,#4127,#4128,
    #4129,#4130,#4131,#4132,#4133,#4134,#4135,#4136,#4137,#4138,#4139,
    #4140,#4141,#4142,#4143,#4144,#4145,#4146,#4147,#4148,#4149,#4150,
    #4151,#4152,#4153,#4154,#4155,#4156,#4157,#4158,#4159,#4160,#4161,
    #4162,#4163,#4164,#4165,#4166),.UNSPECIFIED.,.F.,.F.,(9,7,7,7,7,7,7,
    7,7,9),(0.,0.134201997649,0.283190693312,0.352443862587,
    0.442403442499,0.540984066289,0.670018940002,0.797958040886,
    0.916574851733,1.),.UNSPECIFIED.);
#4102 = CARTESIAN_POINT('',(4.711670828527,67.035451826293));
#4103 = CARTESIAN_POINT('',(4.711672446278,67.160353442636));
#4104 = CARTESIAN_POINT('',(4.711674568388,67.285361758801));
#4105 = CARTESIAN_POINT('',(4.711676485346,67.410314816096));
#4106 = CARTESIAN_POINT('',(4.711677133716,67.535227703799));
#4107 = CARTESIAN_POINT('',(4.711675795459,67.660139669392));
#4108 = CARTESIAN_POINT('',(4.711673525475,67.785089265917));
#4109 = CARTESIAN_POINT('',(4.711671404357,67.91009654505));
#4110 = CARTESIAN_POINT('',(4.711668487861,68.173676218115));
#4111 = CARTESIAN_POINT('',(4.711667867514,68.312517304799));
#4112 = CARTESIAN_POINT('',(4.711668917968,68.451258182296));
#4113 = CARTESIAN_POINT('',(4.711671867149,68.589939112322));
#4114 = CARTESIAN_POINT('',(4.711674505423,68.728619928662));
#4115 = CARTESIAN_POINT('',(4.71167446354,68.86736126865));
#4116 = CARTESIAN_POINT('',(4.711673534098,69.006203301753));
#4117 = CARTESIAN_POINT('',(4.711672359191,69.209331159111));
#4118 = CARTESIAN_POINT('',(4.711672022697,69.273790543934));
#4119 = CARTESIAN_POINT('',(4.711671847431,69.338250743064));
#4120 = CARTESIAN_POINT('',(4.711671884404,69.402710753144));
#4121 = CARTESIAN_POINT('',(4.711672110744,69.467169991338));
#4122 = CARTESIAN_POINT('',(4.711672429693,69.531628295337));
#4123 = CARTESIAN_POINT('',(4.711672670609,69.596085923354));
#4124 = CARTESIAN_POINT('',(4.711672482908,69.744273749401));
#4125 = CARTESIAN_POINT('',(4.711671291522,69.828019147147));
#4126 = CARTESIAN_POINT('',(4.71167195189,69.911762327282));
#4127 = CARTESIAN_POINT('',(4.711673358662,69.995497447603));
#4128 = CARTESIAN_POINT('',(4.711673246212,70.079233709372));
#4129 = CARTESIAN_POINT('',(4.7116717998,70.162981006631));
#4130 = CARTESIAN_POINT('',(4.711671909682,70.246734309718));
#4131 = CARTESIAN_POINT('',(4.711672061584,70.422237270123));
#4132 = CARTESIAN_POINT('',(4.711672489509,70.514032431986));
#4133 = CARTESIAN_POINT('',(4.711673305276,70.605819931675));
#4134 = CARTESIAN_POINT('',(4.71167399569,70.697593342287));
#4135 = CARTESIAN_POINT('',(4.711674112453,70.789363110251));
#4136 = CARTESIAN_POINT('',(4.711673573725,70.881141718324));
#4137 = CARTESIAN_POINT('',(4.711672649828,70.97292959872));
#4138 = CARTESIAN_POINT('',(4.711670302196,71.184824934918));
#4139 = CARTESIAN_POINT('',(4.711668813387,71.305030573591));
#4140 = CARTESIAN_POINT('',(4.711667831096,71.425190140127));
#4141 = CARTESIAN_POINT('',(4.711668240406,71.545316740666));
#4142 = CARTESIAN_POINT('',(4.711670181722,71.665443368612));
#4143 = CARTESIAN_POINT('',(4.711672474938,71.7856031143));
#4144 = CARTESIAN_POINT('',(4.711674268005,71.905809054715));
#4145 = CARTESIAN_POINT('',(4.711676071556,72.145035887036));
#4146 = CARTESIAN_POINT('',(4.711676098378,72.264217055992));
#4147 = CARTESIAN_POINT('',(4.711674891565,72.383354538379));
#4148 = CARTESIAN_POINT('',(4.711672542815,72.502461159718));
#4149 = CARTESIAN_POINT('',(4.711670086455,72.621569089173));
#4150 = CARTESIAN_POINT('',(4.71166868729,72.7407096983));
#4151 = CARTESIAN_POINT('',(4.711668480261,72.859894089864));
#4152 = CARTESIAN_POINT('',(4.711669703242,73.089420958574));
#4153 = CARTESIAN_POINT('',(4.711671016448,73.19990206056));
#4154 = CARTESIAN_POINT('',(4.711672756021,73.310354212567));
#4155 = CARTESIAN_POINT('',(4.71167429309,73.420782981681));
#4156 = CARTESIAN_POINT('',(4.7116746492,73.531211233609));
#4157 = CARTESIAN_POINT('',(4.711673915939,73.641662310452));
#4158 = CARTESIAN_POINT('',(4.711673002943,73.752143098027));
#4159 = CARTESIAN_POINT('',(4.711671906349,73.940235083183));
#4160 = CARTESIAN_POINT('',(4.711671623804,74.017898914533));
#4161 = CARTESIAN_POINT('',(4.711671516213,74.095554350792));
#4162 = CARTESIAN_POINT('',(4.711671901677,74.173204215655));
#4163 = CARTESIAN_POINT('',(4.711672516076,74.250855741004));
#4164 = CARTESIAN_POINT('',(4.711672595374,74.328514774047));
#4165 = CARTESIAN_POINT('',(4.711671935858,74.406179769203));
#4166 = CARTESIAN_POINT('',(4.711672932306,74.483835564743));
#4167 = ( GEOMETRIC_REPRESENTATION_CONTEXT(2) 
PARAMETRIC_REPRESENTATION_CONTEXT() REPRESENTATION_CONTEXT('2D SPACE',''
  ) );
#4168 = PCURVE('',#4169,#4174);
#4169 = CYLINDRICAL_SURFACE('',#4170,7.);
#4170 = AXIS2_PLACEMENT_3D('',#4171,#4172,#4173);
#4171 = CARTESIAN_POINT('',(0.,0.,9.));
#4172 = DIRECTION('',(-0.,-0.,-1.));
#4173 = DIRECTION('',(1.,0.,0.));
#4174 = DEFINITIONAL_REPRESENTATION('',(#4175),#4241);
#4175 = B_SPLINE_CURVE_WITH_KNOTS('',8,(#4176,#4177,#4178,#4179,#4180,
    #4181,#4182,#4183,#4184,#4185,#4186,#4187,#4188,#4189,#4190,#4191,
    #4192,#4193,#4194,#4195,#4196,#4197,#4198,#4199,#4200,#4201,#4202,
    #4203,#4204,#4205,#4206,#4207,#4208,#4209,#4210,#4211,#4212,#4213,
    #4214,#4215,#4216,#4217,#4218,#4219,#4220,#4221,#4222,#4223,#4224,
    #4225,#4226,#4227,#4228,#4229,#4230,#4231,#4232,#4233,#4234,#4235,
    #4236,#4237,#4238,#4239,#4240),.UNSPECIFIED.,.F.,.F.,(9,7,7,7,7,7,7,
    7,7,9),(0.,0.134201997649,0.283190693312,0.352443862587,
    0.442403442499,0.540984066289,0.670018940002,0.797958040886,
    0.916574851733,1.),.UNSPECIFIED.);
#4176 = CARTESIAN_POINT('',(0.,-35.69999990227));
#4177 = CARTESIAN_POINT('',(-0.10536231556,-35.76707572638));
#4178 = CARTESIAN_POINT('',(-0.210814665605,-35.83420885143));
#4179 = CARTESIAN_POINT('',(-0.316220508027,-35.90131230085));
#4180 = CARTESIAN_POINT('',(-0.421592601685,-35.96839417803));
#4181 = CARTESIAN_POINT('',(-0.526963891361,-36.03547555997));
#4182 = CARTESIAN_POINT('',(-0.632366771713,-36.10257715084));
#4183 = CARTESIAN_POINT('',(-0.737818222541,-36.16970971897));
#4184 = CARTESIAN_POINT('',(-0.960164154035,-36.31125971895));
#4185 = CARTESIAN_POINT('',(-1.077285293574,-36.38582144669));
#4186 = CARTESIAN_POINT('',(-1.194322046144,-36.46032935914));
#4187 = CARTESIAN_POINT('',(-1.311308519393,-36.53480507802));
#4188 = CARTESIAN_POINT('',(-1.428295385701,-36.60928073592));
#4189 = CARTESIAN_POINT('',(-1.545332989165,-36.68378889674));
#4190 = CARTESIAN_POINT('',(-1.662454895233,-36.75835113272));
#4191 = CARTESIAN_POINT('',(-1.833805425097,-36.86743673811));
#4192 = CARTESIAN_POINT('',(-1.888180673863,-36.90205331462));
#4193 = CARTESIAN_POINT('',(-1.942556597684,-36.93667032844));
#4194 = CARTESIAN_POINT('',(-1.996932425441,-36.97128724074));
#4195 = CARTESIAN_POINT('',(-2.051307719737,-37.00590373851));
#4196 = CARTESIAN_POINT('',(-2.105682376894,-37.04051973459));
#4197 = CARTESIAN_POINT('',(-2.160056626952,-37.07513536765));
#4198 = CARTESIAN_POINT('',(-2.285063162685,-37.15471656801));
#4199 = CARTESIAN_POINT('',(-2.355708665576,-37.19969029801));
#4200 = CARTESIAN_POINT('',(-2.426349949808,-37.24466283708));
#4201 = CARTESIAN_POINT('',(-2.496987160715,-37.2896310478));
#4202 = CARTESIAN_POINT('',(-2.567625576047,-37.33459987151));
#4203 = CARTESIAN_POINT('',(-2.638270470299,-37.3795746216));
#4204 = CARTESIAN_POINT('',(-2.708921736659,-37.424552597));
#4205 = CARTESIAN_POINT('',(-2.856968860797,-37.51880282408));
#4206 = CARTESIAN_POINT('',(-2.934403424276,-37.56809951305));
#4207 = CARTESIAN_POINT('',(-3.011831660416,-37.6173920872));
#4208 = CARTESIAN_POINT('',(-3.089248259774,-37.6666770951));
#4209 = CARTESIAN_POINT('',(-3.166662024162,-37.7159601468));
#4210 = CARTESIAN_POINT('',(-3.24408337854,-37.76524794589));
#4211 = CARTESIAN_POINT('',(-3.321512558567,-37.81454072449));
#4212 = CARTESIAN_POINT('',(-3.500260281868,-37.92833472266));
#4213 = CARTESIAN_POINT('',(-3.601661615452,-37.99288866931));
#4214 = CARTESIAN_POINT('',(-3.703023883187,-38.05741787387));
#4215 = CARTESIAN_POINT('',(-3.804358109725,-38.12192937472));
#4216 = CARTESIAN_POINT('',(-3.90569233493,-38.18644089028));
#4217 = CARTESIAN_POINT('',(-4.007054596603,-38.25097019105));
#4218 = CARTESIAN_POINT('',(-4.108455918974,-38.31552429974));
#4219 = CARTESIAN_POINT('',(-4.310258993261,-38.44399611139));
#4220 = CARTESIAN_POINT('',(-4.410795948225,-38.50799988781));
#4221 = CARTESIAN_POINT('',(-4.511296050289,-38.57198020326));
#4222 = CARTESIAN_POINT('',(-4.611770033065,-38.6359439454));
#4223 = CARTESIAN_POINT('',(-4.712244960003,-38.69990839008));
#4224 = CARTESIAN_POINT('',(-4.812747433453,-38.76389038469));
#4225 = CARTESIAN_POINT('',(-4.913286950283,-38.82789589174));
#4226 = CARTESIAN_POINT('',(-5.106907550252,-38.95115853898));
#4227 = CARTESIAN_POINT('',(-5.200105552093,-39.01049012476));
#4228 = CARTESIAN_POINT('',(-5.293279284265,-39.06980616355));
#4229 = CARTESIAN_POINT('',(-5.38643339519,-39.12910964507));
#4230 = CARTESIAN_POINT('',(-5.479587010962,-39.18841284882));
#4231 = CARTESIAN_POINT('',(-5.572759503127,-39.24772831022));
#4232 = CARTESIAN_POINT('',(-5.665956702383,-39.30705972716));
#4233 = CARTESIAN_POINT('',(-5.824623417058,-39.40807062904));
#4234 = CARTESIAN_POINT('',(-5.890137392752,-39.44977837987));
#4235 = CARTESIAN_POINT('',(-5.955644310104,-39.49148162228));
#4236 = CARTESIAN_POINT('',(-6.021146679843,-39.53318187269));
#4237 = CARTESIAN_POINT('',(-6.086650774354,-39.57488301483));
#4238 = CARTESIAN_POINT('',(-6.152161620478,-39.61658818882));
#4239 = CARTESIAN_POINT('',(-6.217677692765,-39.65829656464));
#4240 = CARTESIAN_POINT('',(-6.28318530718,-39.7));
#4241 = ( GEOMETRIC_REPRESENTATION_CONTEXT(2) 
PARAMETRIC_REPRESENTATION_CONTEXT() REPRESENTATION_CONTEXT('2D SPACE',''
  ) );
#4242 = ORIENTED_EDGE('',*,*,#4243,.F.);
#4243 = EDGE_CURVE('',#4244,#4030,#4246,.T.);
#4244 = VERTEX_POINT('',#4245);
#4245 = CARTESIAN_POINT('',(6.169337613707,-1.408498739163E-07,51.));
#4246 = SURFACE_CURVE('',#4247,(#4255,#4262),.PCURVE_S1.);
#4247 = ( BOUNDED_CURVE() B_SPLINE_CURVE(6,(#4248,#4249,#4250,#4251,
#4252,#4253,#4254),.UNSPECIFIED.,.T.,.F.) B_SPLINE_CURVE_WITH_KNOTS((1,6
    ,6,1),(-6.28318530718,0.,6.28318530718,12.566370614359),
.UNSPECIFIED.) CURVE() GEOMETRIC_REPRESENTATION_ITEM() 
RATIONAL_B_SPLINE_CURVE((1.669078461068,1.03672962321,1.038346699848,
    0.853534330196,1.038346699848,1.03672962321,1.669078461068)) 
REPRESENTATION_ITEM('') );
#4248 = CARTESIAN_POINT('',(8.299999999997,2.204286814328E-07,
    49.999997576278));
#4249 = CARTESIAN_POINT('',(8.300004027115,2.204260341997E-07,
    52.160003574517));
#4250 = CARTESIAN_POINT('',(5.629091957633,-2.324566757868E-07,
    52.470148654146));
#4251 = CARTESIAN_POINT('',(3.426148002694,-6.059860060519E-07,
    50.000006663094));
#4252 = CARTESIAN_POINT('',(5.629082746945,-2.324506222923E-07,
    47.529856457716));
#4253 = CARTESIAN_POINT('',(8.299995972879,2.20431320988E-07,
    47.83999157804));
#4254 = CARTESIAN_POINT('',(8.299999999997,2.204286814328E-07,
    49.999997576278));
#4255 = PCURVE('',#692,#4256);
#4256 = DEFINITIONAL_REPRESENTATION('',(#4257),#4261);
#4257 = LINE('',#4258,#4259);
#4258 = CARTESIAN_POINT('',(0.,74.483835564743));
#4259 = VECTOR('',#4260,1.);
#4260 = DIRECTION('',(1.,0.));
#4261 = ( GEOMETRIC_REPRESENTATION_CONTEXT(2) 
PARAMETRIC_REPRESENTATION_CONTEXT() REPRESENTATION_CONTEXT('2D SPACE',''
  ) );
#4262 = PCURVE('',#4263,#4268);
#4263 = PLANE('',#4264);
#4264 = AXIS2_PLACEMENT_3D('',#4265,#4266,#4267);
#4265 = CARTESIAN_POINT('',(7.000205950204,3.444271078591E-11,
    49.999999999616));
#4266 = DIRECTION('',(1.695608915441E-07,-1.,-1.540604998987E-12));
#4267 = DIRECTION('',(-1.,-1.695608915441E-07,0.));
#4268 = DEFINITIONAL_REPRESENTATION('',(#4269),#4277);
#4269 = ( BOUNDED_CURVE() B_SPLINE_CURVE(6,(#4270,#4271,#4272,#4273,
#4274,#4275,#4276),.UNSPECIFIED.,.T.,.F.) B_SPLINE_CURVE_WITH_KNOTS((1,6
    ,6,1),(-6.28318530718,0.,6.28318530718,12.566370614359),
.UNSPECIFIED.) CURVE() GEOMETRIC_REPRESENTATION_ITEM() 
RATIONAL_B_SPLINE_CURVE((1.669078461068,1.03672962321,1.038346699848,
    0.853534330196,1.038346699848,1.03672962321,1.669078461068)) 
REPRESENTATION_ITEM('') );
#4270 = CARTESIAN_POINT('',(-1.299794049792,2.423337789992E-06));
#4271 = CARTESIAN_POINT('',(-1.299798076911,-2.160003574901));
#4272 = CARTESIAN_POINT('',(1.371113992572,-2.47014865453));
#4273 = CARTESIAN_POINT('',(3.57405794751,-6.663478451685E-06));
#4274 = CARTESIAN_POINT('',(1.371123203259,2.4701435419));
#4275 = CARTESIAN_POINT('',(-1.299790022674,2.160008421576));
#4276 = CARTESIAN_POINT('',(-1.299794049792,2.423337789992E-06));
#4277 = ( GEOMETRIC_REPRESENTATION_CONTEXT(2) 
PARAMETRIC_REPRESENTATION_CONTEXT() REPRESENTATION_CONTEXT('2D SPACE',''
  ) );
#4278 = ORIENTED_EDGE('',*,*,#4279,.T.);
#4279 = EDGE_CURVE('',#4244,#4280,#4282,.T.);
#4280 = VERTEX_POINT('',#4281);
#4281 = CARTESIAN_POINT('',(6.237044816863,-3.177935171215,51.));
#4282 = SURFACE_CURVE('',#4283,(#4349,#4418),.PCURVE_S1.);
#4283 = B_SPLINE_CURVE_WITH_KNOTS('',8,(#4284,#4285,#4286,#4287,#4288,
    #4289,#4290,#4291,#4292,#4293,#4294,#4295,#4296,#4297,#4298,#4299,
    #4300,#4301,#4302,#4303,#4304,#4305,#4306,#4307,#4308,#4309,#4310,
    #4311,#4312,#4313,#4314,#4315,#4316,#4317,#4318,#4319,#4320,#4321,
    #4322,#4323,#4324,#4325,#4326,#4327,#4328,#4329,#4330,#4331,#4332,
    #4333,#4334,#4335,#4336,#4337,#4338,#4339,#4340,#4341,#4342,#4343,
    #4344,#4345,#4346,#4347,#4348),.UNSPECIFIED.,.F.,.F.,(9,7,7,7,7,7,7,
    7,7,9),(0.,0.262311736789,0.476719144219,0.631664968301,
    0.698924709576,0.751941462814,0.825567339959,0.856068687926,
    0.916344763731,1.),.UNSPECIFIED.);
#4284 = CARTESIAN_POINT('',(6.169337613707,-1.408498721584E-07,51.));
#4285 = CARTESIAN_POINT('',(6.186067764696,-0.134673690735,51.));
#4286 = CARTESIAN_POINT('',(6.200025591361,-0.269673422764,51.));
#4287 = CARTESIAN_POINT('',(6.211259033906,-0.404918798678,51.));
#4288 = CARTESIAN_POINT('',(6.21982854779,-0.540334420353,51.));
#4289 = CARTESIAN_POINT('',(6.225806766078,-0.675849986131,51.));
#4290 = CARTESIAN_POINT('',(6.229281871972,-0.811399927679,51.));
#4291 = CARTESIAN_POINT('',(6.230364681517,-0.946922727376,51.));
#4292 = CARTESIAN_POINT('',(6.228246992781,-1.193063069983,51.));
#4293 = CARTESIAN_POINT('',(6.225793132888,-1.30371125818,51.));
#4294 = CARTESIAN_POINT('',(6.221914864667,-1.414272520136,51.));
#4295 = CARTESIAN_POINT('',(6.21670980507,-1.524718497481,51.));
#4296 = CARTESIAN_POINT('',(6.210292766427,-1.635024436112,51.));
#4297 = CARTESIAN_POINT('',(6.202805625271,-1.745168909469,51.));
#4298 = CARTESIAN_POINT('',(6.194440473718,-1.855133263142,51.));
#4299 = CARTESIAN_POINT('',(6.178997734816,-2.04422648452,51.));
#4300 = CARTESIAN_POINT('',(6.172207690432,-2.123432131042,51.));
#4301 = CARTESIAN_POINT('',(6.165213956389,-2.202528393913,51.));
#4302 = CARTESIAN_POINT('',(6.158141247792,-2.281515270305,51.));
#4303 = CARTESIAN_POINT('',(6.151168870689,-2.360379775441,51.));
#4304 = CARTESIAN_POINT('',(6.144524136019,-2.43909693941,51.));
#4305 = CARTESIAN_POINT('',(6.138524272604,-2.517628519645,51.));
#4306 = CARTESIAN_POINT('',(6.131691663314,-2.629896368709,51.));
#4307 = CARTESIAN_POINT('',(6.129857441209,-2.663820503344,51.));
#4308 = CARTESIAN_POINT('',(6.128303883468,-2.697688103865,51.));
#4309 = CARTESIAN_POINT('',(6.127091998968,-2.731490685095,51.));
#4310 = CARTESIAN_POINT('',(6.126295101328,-2.765210128721,51.));
#4311 = CARTESIAN_POINT('',(6.126005193388,-2.798817849488,51.));
#4312 = CARTESIAN_POINT('',(6.126347726751,-2.832272417919,51.));
#4313 = CARTESIAN_POINT('',(6.128416736549,-2.8917192444,51.));
#4314 = CARTESIAN_POINT('',(6.129832969762,-2.917738564441,51.));
#4315 = CARTESIAN_POINT('',(6.131842974173,-2.943593245765,51.));
#4316 = CARTESIAN_POINT('',(6.13455812951,-2.969253919854,51.));
#4317 = CARTESIAN_POINT('',(6.138130175465,-2.994632971754,51.));
#4318 = CARTESIAN_POINT('',(6.142748984819,-3.019586854295,51.));
#4319 = CARTESIAN_POINT('',(6.148662998226,-3.043909097757,51.));
#4320 = CARTESIAN_POINT('',(6.166823854664,-3.099767284416,51.));
#4321 = CARTESIAN_POINT('',(6.181597060826,-3.133374968978,51.));
#4322 = CARTESIAN_POINT('',(6.201526096968,-3.163190065818,51.));
#4323 = CARTESIAN_POINT('',(6.227311660858,-3.184951338066,51.));
#4324 = CARTESIAN_POINT('',(6.258716534558,-3.196351214028,51.));
#4325 = CARTESIAN_POINT('',(6.293976133663,-3.197390128644,51.));
#4326 = CARTESIAN_POINT('',(6.33003069147,-3.190555328386,51.));
#4327 = CARTESIAN_POINT('',(6.376275553513,-3.175742797933,51.));
#4328 = CARTESIAN_POINT('',(6.39026998841,-3.170451098565,51.));
#4329 = CARTESIAN_POINT('',(6.40470866166,-3.164199632806,51.));
#4330 = CARTESIAN_POINT('',(6.419586744722,-3.156981176277,51.));
#4331 = CARTESIAN_POINT('',(6.434898553888,-3.148788290736,51.));
#4332 = CARTESIAN_POINT('',(6.450637550291,-3.139613324076,51.));
#4333 = CARTESIAN_POINT('',(6.466796339898,-3.129448410327,51.));
#4334 = CARTESIAN_POINT('',(6.516112593015,-3.096225518106,51.));
#4335 = CARTESIAN_POINT('',(6.547885406258,-3.072007295009,51.));
#4336 = CARTESIAN_POINT('',(6.578820674835,-3.04620394259,51.));
#4337 = CARTESIAN_POINT('',(6.608965951858,-3.01913890037,51.));
#4338 = CARTESIAN_POINT('',(6.638364514789,-2.991046472805,51.));
#4339 = CARTESIAN_POINT('',(6.667070813282,-2.962097882763,51.));
#4340 = CARTESIAN_POINT('',(6.695142417249,-2.932385126199,51.));
#4341 = CARTESIAN_POINT('',(6.76083465511,-2.859721866766,51.));
#4342 = CARTESIAN_POINT('',(6.797860272252,-2.816189259605,51.));
#4343 = CARTESIAN_POINT('',(6.833843065901,-2.771579953376,51.));
#4344 = CARTESIAN_POINT('',(6.868847785153,-2.726044316496,51.));
#4345 = CARTESIAN_POINT('',(6.902924208952,-2.679696599247,51.));
#4346 = CARTESIAN_POINT('',(6.936116340209,-2.632624869422,51.));
#4347 = CARTESIAN_POINT('',(6.968462340916,-2.58489109691,51.));
#4348 = CARTESIAN_POINT('',(7.,-2.536537945384,51.));
#4349 = PCURVE('',#692,#4350);
#4350 = DEFINITIONAL_REPRESENTATION('',(#4351),#4417);
#4351 = B_SPLINE_CURVE_WITH_KNOTS('',8,(#4352,#4353,#4354,#4355,#4356,
    #4357,#4358,#4359,#4360,#4361,#4362,#4363,#4364,#4365,#4366,#4367,
    #4368,#4369,#4370,#4371,#4372,#4373,#4374,#4375,#4376,#4377,#4378,
    #4379,#4380,#4381,#4382,#4383,#4384,#4385,#4386,#4387,#4388,#4389,
    #4390,#4391,#4392,#4393,#4394,#4395,#4396,#4397,#4398,#4399,#4400,
    #4401,#4402,#4403,#4404,#4405,#4406,#4407,#4408,#4409,#4410,#4411,
    #4412,#4413,#4414,#4415,#4416),.UNSPECIFIED.,.F.,.F.,(9,7,7,7,7,7,7,
    7,7,9),(0.,0.262311736789,0.476719144219,0.631664968301,
    0.698924709576,0.751941462814,0.825567339959,0.856068687926,
    0.916344763731,1.),.UNSPECIFIED.);
#4352 = CARTESIAN_POINT('',(2.264009429689,74.483835564743));
#4353 = CARTESIAN_POINT('',(2.247283612167,74.457957813906));
#4354 = CARTESIAN_POINT('',(2.230236429279,74.432177907066));
#4355 = CARTESIAN_POINT('',(2.212838629356,74.406501239838));
#4356 = CARTESIAN_POINT('',(2.195055015138,74.380933487648));
#4357 = CARTESIAN_POINT('',(2.176844134524,74.355480760962));
#4358 = CARTESIAN_POINT('',(2.158155874801,74.330150142482));
#4359 = CARTESIAN_POINT('',(2.138926960376,74.304950606273));
#4360 = CARTESIAN_POINT('',(2.102847303235,74.259413902364));
#4361 = CARTESIAN_POINT('',(2.086202892592,74.23902882482));
#4362 = CARTESIAN_POINT('',(2.069096825293,74.218745601295));
#4363 = CARTESIAN_POINT('',(2.051472028242,74.198572251529));
#4364 = CARTESIAN_POINT('',(2.033260685619,74.178518117536));
#4365 = CARTESIAN_POINT('',(2.014377915696,74.158594894706));
#4366 = CARTESIAN_POINT('',(1.994707090856,74.138818876431));
#4367 = CARTESIAN_POINT('',(1.959167906946,74.105046852016));
#4368 = CARTESIAN_POINT('',(1.943761289471,74.090971957813));
#4369 = CARTESIAN_POINT('',(1.927786842771,74.076996153537));
#4370 = CARTESIAN_POINT('',(1.9111659871,74.063129572949));
#4371 = CARTESIAN_POINT('',(1.893788298199,74.049389437175));
#4372 = CARTESIAN_POINT('',(1.875516996278,74.035799392328));
#4373 = CARTESIAN_POINT('',(1.856163113295,74.022393181431));
#4374 = CARTESIAN_POINT('',(1.826341367881,74.003517523053));
#4375 = CARTESIAN_POINT('',(1.817045934108,73.997852056998));
#4376 = CARTESIAN_POINT('',(1.807451668906,73.992238293371));
#4377 = CARTESIAN_POINT('',(1.797522074061,73.986682768868));
#4378 = CARTESIAN_POINT('',(1.787215797058,73.981194599896));
#4379 = CARTESIAN_POINT('',(1.776482955479,73.97578607734));
#4380 = CARTESIAN_POINT('',(1.765256329085,73.970474146415));
#4381 = CARTESIAN_POINT('',(1.744121293874,73.961190727352));
#4382 = CARTESIAN_POINT('',(1.734455987892,73.957181862432));
#4383 = CARTESIAN_POINT('',(1.724377498312,73.953260178215));
#4384 = CARTESIAN_POINT('',(1.713823158062,73.949439321173));
#4385 = CARTESIAN_POINT('',(1.702723290171,73.945745168762));
#4386 = CARTESIAN_POINT('',(1.691003219552,73.942215094644));
#4387 = CARTESIAN_POINT('',(1.678572597251,73.938900257702));
#4388 = CARTESIAN_POINT('',(1.646817782597,73.931679135153));
#4389 = CARTESIAN_POINT('',(1.62501804506,73.92766352115));
#4390 = CARTESIAN_POINT('',(1.600951405997,73.924670589843));
#4391 = CARTESIAN_POINT('',(1.575681252235,73.923394836484));
#4392 = CARTESIAN_POINT('',(1.550294375007,73.924121195187));
#4393 = CARTESIAN_POINT('',(1.525841828774,73.926663089537));
#4394 = CARTESIAN_POINT('',(1.50345299364,73.930399862418));
#4395 = CARTESIAN_POINT('',(1.476683242268,73.936053579858));
#4396 = CARTESIAN_POINT('',(1.468842860712,73.937879701664));
#4397 = CARTESIAN_POINT('',(1.461003555313,73.939875619514));
#4398 = CARTESIAN_POINT('',(1.45316528176,73.942041100883));
#4399 = CARTESIAN_POINT('',(1.445327992431,73.944375897791));
#4400 = CARTESIAN_POINT('',(1.43749163639,73.946879746802));
#4401 = CARTESIAN_POINT('',(1.429656159388,73.949552369025));
#4402 = CARTESIAN_POINT('',(1.406338834354,73.958007989994));
#4403 = CARTESIAN_POINT('',(1.392079009515,73.963837916977));
#4404 = CARTESIAN_POINT('',(1.378739181068,73.969810709105));
#4405 = CARTESIAN_POINT('',(1.366169340241,73.975884525063));
#4406 = CARTESIAN_POINT('',(1.354256686528,73.98203029522));
#4407 = CARTESIAN_POINT('',(1.342903729892,73.988228806312));
#4408 = CARTESIAN_POINT('',(1.332037288096,73.994472376666));
#4409 = CARTESIAN_POINT('',(1.307079895463,74.009488059992));
#4410 = CARTESIAN_POINT('',(1.293402192115,74.018284522884));
#4411 = CARTESIAN_POINT('',(1.280394305488,74.02712958664));
#4412 = CARTESIAN_POINT('',(1.267958595432,74.036009371042));
#4413 = CARTESIAN_POINT('',(1.256021509565,74.044913857406));
#4414 = CARTESIAN_POINT('',(1.244522897761,74.053836135353));
#4415 = CARTESIAN_POINT('',(1.233415128315,74.062772381129));
#4416 = CARTESIAN_POINT('',(1.222656095542,74.071721293077));
#4417 = ( GEOMETRIC_REPRESENTATION_CONTEXT(2) 
PARAMETRIC_REPRESENTATION_CONTEXT() REPRESENTATION_CONTEXT('2D SPACE',''
  ) );
#4418 = PCURVE('',#4419,#4424);
#4419 = PLANE('',#4420);
#4420 = AXIS2_PLACEMENT_3D('',#4421,#4422,#4423);
#4421 = CARTESIAN_POINT('',(-1.953485903628E-16,4.9564344165E-16,51.));
#4422 = DIRECTION('',(0.,0.,1.));
#4423 = DIRECTION('',(1.,0.,-0.));
#4424 = DEFINITIONAL_REPRESENTATION('',(#4425),#4491);
#4425 = B_SPLINE_CURVE_WITH_KNOTS('',8,(#4426,#4427,#4428,#4429,#4430,
    #4431,#4432,#4433,#4434,#4435,#4436,#4437,#4438,#4439,#4440,#4441,
    #4442,#4443,#4444,#4445,#4446,#4447,#4448,#4449,#4450,#4451,#4452,
    #4453,#4454,#4455,#4456,#4457,#4458,#4459,#4460,#4461,#4462,#4463,
    #4464,#4465,#4466,#4467,#4468,#4469,#4470,#4471,#4472,#4473,#4474,
    #4475,#4476,#4477,#4478,#4479,#4480,#4481,#4482,#4483,#4484,#4485,
    #4486,#4487,#4488,#4489,#4490),.UNSPECIFIED.,.F.,.F.,(9,7,7,7,7,7,7,
    7,7,9),(0.,0.262311736789,0.476719144219,0.631664968301,
    0.698924709576,0.751941462814,0.825567339959,0.856068687926,
    0.916344763731,1.),.UNSPECIFIED.);
#4426 = CARTESIAN_POINT('',(6.169337613707,-1.408498726541E-07));
#4427 = CARTESIAN_POINT('',(6.186067764696,-0.134673690735));
#4428 = CARTESIAN_POINT('',(6.200025591361,-0.269673422764));
#4429 = CARTESIAN_POINT('',(6.211259033906,-0.404918798678));
#4430 = CARTESIAN_POINT('',(6.21982854779,-0.540334420353));
#4431 = CARTESIAN_POINT('',(6.225806766078,-0.675849986131));
#4432 = CARTESIAN_POINT('',(6.229281871972,-0.811399927679));
#4433 = CARTESIAN_POINT('',(6.230364681517,-0.946922727376));
#4434 = CARTESIAN_POINT('',(6.228246992781,-1.193063069983));
#4435 = CARTESIAN_POINT('',(6.225793132888,-1.30371125818));
#4436 = CARTESIAN_POINT('',(6.221914864667,-1.414272520136));
#4437 = CARTESIAN_POINT('',(6.21670980507,-1.524718497481));
#4438 = CARTESIAN_POINT('',(6.210292766427,-1.635024436112));
#4439 = CARTESIAN_POINT('',(6.202805625271,-1.745168909469));
#4440 = CARTESIAN_POINT('',(6.194440473718,-1.855133263142));
#4441 = CARTESIAN_POINT('',(6.178997734816,-2.04422648452));
#4442 = CARTESIAN_POINT('',(6.172207690432,-2.123432131042));
#4443 = CARTESIAN_POINT('',(6.165213956389,-2.202528393913));
#4444 = CARTESIAN_POINT('',(6.158141247792,-2.281515270305));
#4445 = CARTESIAN_POINT('',(6.151168870689,-2.360379775441));
#4446 = CARTESIAN_POINT('',(6.144524136019,-2.43909693941));
#4447 = CARTESIAN_POINT('',(6.138524272604,-2.517628519645));
#4448 = CARTESIAN_POINT('',(6.131691663314,-2.629896368709));
#4449 = CARTESIAN_POINT('',(6.129857441209,-2.663820503344));
#4450 = CARTESIAN_POINT('',(6.128303883468,-2.697688103865));
#4451 = CARTESIAN_POINT('',(6.127091998968,-2.731490685095));
#4452 = CARTESIAN_POINT('',(6.126295101328,-2.765210128721));
#4453 = CARTESIAN_POINT('',(6.126005193388,-2.798817849488));
#4454 = CARTESIAN_POINT('',(6.126347726751,-2.832272417919));
#4455 = CARTESIAN_POINT('',(6.128416736549,-2.8917192444));
#4456 = CARTESIAN_POINT('',(6.129832969762,-2.917738564441));
#4457 = CARTESIAN_POINT('',(6.131842974173,-2.943593245765));
#4458 = CARTESIAN_POINT('',(6.13455812951,-2.969253919854));
#4459 = CARTESIAN_POINT('',(6.138130175465,-2.994632971754));
#4460 = CARTESIAN_POINT('',(6.142748984819,-3.019586854295));
#4461 = CARTESIAN_POINT('',(6.148662998226,-3.043909097757));
#4462 = CARTESIAN_POINT('',(6.166823854664,-3.099767284416));
#4463 = CARTESIAN_POINT('',(6.181597060826,-3.133374968978));
#4464 = CARTESIAN_POINT('',(6.201526096968,-3.163190065818));
#4465 = CARTESIAN_POINT('',(6.227311660858,-3.184951338066));
#4466 = CARTESIAN_POINT('',(6.258716534558,-3.196351214028));
#4467 = CARTESIAN_POINT('',(6.293976133663,-3.197390128644));
#4468 = CARTESIAN_POINT('',(6.33003069147,-3.190555328386));
#4469 = CARTESIAN_POINT('',(6.376275553513,-3.175742797933));
#4470 = CARTESIAN_POINT('',(6.39026998841,-3.170451098565));
#4471 = CARTESIAN_POINT('',(6.40470866166,-3.164199632806));
#4472 = CARTESIAN_POINT('',(6.419586744722,-3.156981176277));
#4473 = CARTESIAN_POINT('',(6.434898553888,-3.148788290736));
#4474 = CARTESIAN_POINT('',(6.450637550291,-3.139613324076));
#4475 = CARTESIAN_POINT('',(6.466796339898,-3.129448410327));
#4476 = CARTESIAN_POINT('',(6.516112593015,-3.096225518106));
#4477 = CARTESIAN_POINT('',(6.547885406258,-3.072007295009));
#4478 = CARTESIAN_POINT('',(6.578820674835,-3.04620394259));
#4479 = CARTESIAN_POINT('',(6.608965951858,-3.01913890037));
#4480 = CARTESIAN_POINT('',(6.638364514789,-2.991046472805));
#4481 = CARTESIAN_POINT('',(6.667070813282,-2.962097882763));
#4482 = CARTESIAN_POINT('',(6.695142417249,-2.932385126199));
#4483 = CARTESIAN_POINT('',(6.76083465511,-2.859721866766));
#4484 = CARTESIAN_POINT('',(6.797860272252,-2.816189259605));
#4485 = CARTESIAN_POINT('',(6.833843065901,-2.771579953376));
#4486 = CARTESIAN_POINT('',(6.868847785153,-2.726044316496));
#4487 = CARTESIAN_POINT('',(6.902924208952,-2.679696599247));
#4488 = CARTESIAN_POINT('',(6.936116340209,-2.632624869422));
#4489 = CARTESIAN_POINT('',(6.968462340916,-2.58489109691));
#4490 = CARTESIAN_POINT('',(7.,-2.536537945384));
#4491 = ( GEOMETRIC_REPRESENTATION_CONTEXT(2) 
PARAMETRIC_REPRESENTATION_CONTEXT() REPRESENTATION_CONTEXT('2D SPACE',''
  ) );
#4492 = ORIENTED_EDGE('',*,*,#4493,.F.);
#4493 = EDGE_CURVE('',#4494,#4280,#4496,.T.);
#4494 = VERTEX_POINT('',#4495);
#4495 = CARTESIAN_POINT('',(7.,0.,47.299999909312));
#4496 = SURFACE_CURVE('',#4497,(#4563,#4632),.PCURVE_S1.);
#4497 = B_SPLINE_CURVE_WITH_KNOTS('',8,(#4498,#4499,#4500,#4501,#4502,
    #4503,#4504,#4505,#4506,#4507,#4508,#4509,#4510,#4511,#4512,#4513,
    #4514,#4515,#4516,#4517,#4518,#4519,#4520,#4521,#4522,#4523,#4524,
    #4525,#4526,#4527,#4528,#4529,#4530,#4531,#4532,#4533,#4534,#4535,
    #4536,#4537,#4538,#4539,#4540,#4541,#4542,#4543,#4544,#4545,#4546,
    #4547,#4548,#4549,#4550,#4551,#4552,#4553,#4554,#4555,#4556,#4557,
    #4558,#4559,#4560,#4561,#4562),.UNSPECIFIED.,.F.,.F.,(9,7,7,7,7,7,7,
    7,7,9),(0.,0.133674801799,0.282192352872,0.341263580714,
    0.418158164705,0.504686487201,0.567209241849,0.696956746619,
    0.857102731432,1.),.UNSPECIFIED.);
#4498 = CARTESIAN_POINT('',(7.,-6.217248937901E-15,47.299999909312));
#4499 = CARTESIAN_POINT('',(7.,0.734621499201,47.366810646178));
#4500 = CARTESIAN_POINT('',(6.911890695968,1.469862694313,
    47.433677639645));
#4501 = CARTESIAN_POINT('',(6.735413238259,2.192449440756,
    47.500515548795));
#4502 = CARTESIAN_POINT('',(6.473004972706,2.89008051736,47.567332188322
    ));
#4503 = CARTESIAN_POINT('',(6.128765740192,3.551166657962,
    47.634148296441));
#4504 = CARTESIAN_POINT('',(5.708597503483,4.164925377417,
    47.700984251372));
#4505 = CARTESIAN_POINT('',(5.220011126459,4.721357117641,
    47.767850552544));
#4506 = CARTESIAN_POINT('',(4.065300150006,5.756698467592,
    47.908898350081));
#4507 = CARTESIAN_POINT('',(3.384225625071,6.221270015234,
    47.983221362184));
#4508 = CARTESIAN_POINT('',(2.643266543562,6.592826560377,
    48.057491461021));
#4509 = CARTESIAN_POINT('',(1.857486967107,6.863033916552,
    48.131729790488));
#4510 = CARTESIAN_POINT('',(1.042685521578,7.026027036771,48.20596814735
    ));
#4511 = CARTESIAN_POINT('',(0.215464882656,7.07889709803,48.280238654732
    ));
#4512 = CARTESIAN_POINT('',(-0.606955901619,7.021241681258,
    48.354562298156));
#4513 = CARTESIAN_POINT('',(-1.724563003922,6.792001003255,48.45832043)
  );
#4514 = CARTESIAN_POINT('',(-2.039148028688,6.70990609558,
    48.487846785518));
#4515 = CARTESIAN_POINT('',(-2.349229003944,6.611169540975,
    48.517373436814));
#4516 = CARTESIAN_POINT('',(-2.653774374312,6.496084345554,
    48.546899876105));
#4517 = CARTESIAN_POINT('',(-2.95178509193,6.365015728522,
    48.576425851064));
#4518 = CARTESIAN_POINT('',(-3.242294616448,6.218401122178,
    48.605951364822));
#4519 = CARTESIAN_POINT('',(-3.524368915028,6.056750171914,
    48.635476675971));
#4520 = CARTESIAN_POINT('',(-4.152136161331,5.651403619842,
    48.703436584566));
#4521 = CARTESIAN_POINT('',(-4.49139097536,5.397638998796,
    48.741875016502));
#4522 = CARTESIAN_POINT('',(-4.81282753154,5.12065702234,48.78031158748)
  );
#4523 = CARTESIAN_POINT('',(-5.114596544537,4.821940578667,
    48.818744730033));
#4524 = CARTESIAN_POINT('',(-5.395019087173,4.503124057899,
    48.857175959185));
#4525 = CARTESIAN_POINT('',(-5.652577182307,4.165980690877,
    48.895608042089));
#4526 = CARTESIAN_POINT('',(-5.885918715972,3.812422463745,
    48.934042694236));
#4527 = CARTESIAN_POINT('',(-6.327888641604,3.030509164044,
    49.015728253003));
#4528 = CARTESIAN_POINT('',(-6.529776026521,2.598300932659,
    49.058982454136));
#4529 = CARTESIAN_POINT('',(-6.697843756024,2.150865916254,
    49.102233396694));
#4530 = CARTESIAN_POINT('',(-6.830786728447,1.691296974936,
    49.145481262478));
#4531 = CARTESIAN_POINT('',(-6.92763876207,1.222783065953,
    49.188729770215));
#4532 = CARTESIAN_POINT('',(-6.987759037582,0.748599498359,
    49.23198230946));
#4533 = CARTESIAN_POINT('',(-7.010856031911,0.272107203214,
    49.275237862168));
#4534 = CARTESIAN_POINT('',(-6.987072357952,-0.546709788489,
    49.349737025714));
#4535 = CARTESIAN_POINT('',(-6.957826398706,-0.88963827347,
    49.380988876199));
#4536 = CARTESIAN_POINT('',(-6.9093444408,-1.230754981361,
    49.412241578701));
#4537 = CARTESIAN_POINT('',(-6.841761313595,-1.568804858815,
    49.443495405183));
#4538 = CARTESIAN_POINT('',(-6.755307451623,-1.902547120174,
    49.474750916668));
#4539 = CARTESIAN_POINT('',(-6.650308933021,-2.230756211329,
    49.50600816772));
#4540 = CARTESIAN_POINT('',(-6.527193405469,-2.552223870658,
    49.537265783049));
#4541 = CARTESIAN_POINT('',(-6.094538246976,-3.516418634513,
    49.633378604796));
#4542 = CARTESIAN_POINT('',(-5.72662514887,-4.133505215757,
    49.698279692633));
#4543 = CARTESIAN_POINT('',(-5.287517273646,-4.705966271685,
    49.763155107247));
#4544 = CARTESIAN_POINT('',(-4.78375275465,-5.224439931901,
    49.828014068405));
#4545 = CARTESIAN_POINT('',(-4.222995974704,-5.680707115744,
    49.892874820749));
#4546 = CARTESIAN_POINT('',(-3.614101726541,-6.067825930597,
    49.957755127752));
#4547 = CARTESIAN_POINT('',(-2.96701856424,-6.380072074179,
    50.02266000673));
#4548 = CARTESIAN_POINT('',(-1.461663648052,-6.902047006119,
    50.167562193129));
#4549 = CARTESIAN_POINT('',(-0.587117885967,-7.071418954283,
    50.247754989935));
#4550 = CARTESIAN_POINT('',(0.308213115052,-7.113287792529,
    50.32786637061));
#4551 = CARTESIAN_POINT('',(1.202709615202,-7.025915561008,
    50.407931764443));
#4552 = CARTESIAN_POINT('',(2.075292139408,-6.810774331763,
    50.487993798982));
#4553 = CARTESIAN_POINT('',(2.905614725671,-6.473538795877,
    50.568095608339));
#4554 = CARTESIAN_POINT('',(3.673982114684,-6.023016450669,
    50.648279533737));
#4555 = CARTESIAN_POINT('',(4.976682543899,-4.984934764815,
    50.799769667288));
#4556 = CARTESIAN_POINT('',(5.528749299878,-4.416214562712,
    50.87126884993));
#4557 = CARTESIAN_POINT('',(6.005690517127,-3.778155655166,
    50.942726436246));
#4558 = CARTESIAN_POINT('',(6.397834221041,-3.08258278875,
    51.014161034153));
#4559 = CARTESIAN_POINT('',(6.697488092849,-2.342391024661,
    51.085599985135));
#4560 = CARTESIAN_POINT('',(6.899294756395,-1.571644555695,
    51.157067242566));
#4561 = CARTESIAN_POINT('',(7.,-0.785377427937,51.228573302005));
#4562 = CARTESIAN_POINT('',(7.,-2.478905969383E-12,51.3));
#4563 = PCURVE('',#692,#4564);
#4564 = DEFINITIONAL_REPRESENTATION('',(#4565),#4631);
#4565 = B_SPLINE_CURVE_WITH_KNOTS('',8,(#4566,#4567,#4568,#4569,#4570,
    #4571,#4572,#4573,#4574,#4575,#4576,#4577,#4578,#4579,#4580,#4581,
    #4582,#4583,#4584,#4585,#4586,#4587,#4588,#4589,#4590,#4591,#4592,
    #4593,#4594,#4595,#4596,#4597,#4598,#4599,#4600,#4601,#4602,#4603,
    #4604,#4605,#4606,#4607,#4608,#4609,#4610,#4611,#4612,#4613,#4614,
    #4615,#4616,#4617,#4618,#4619,#4620,#4621,#4622,#4623,#4624,#4625,
    #4626,#4627,#4628,#4629,#4630),.UNSPECIFIED.,.F.,.F.,(9,7,7,7,7,7,7,
    7,7,9),(0.,0.133674801799,0.282192352872,0.341263580714,
    0.418158164705,0.504686487201,0.567209241849,0.696956746619,
    0.857102731432,1.),.UNSPECIFIED.);
#4566 = CARTESIAN_POINT('',(1.571516392001,67.035451839402));
#4567 = CARTESIAN_POINT('',(1.571514759669,67.159859837863));
#4568 = CARTESIAN_POINT('',(1.571512634812,67.284372591518));
#4569 = CARTESIAN_POINT('',(1.571510725312,67.408831187399));
#4570 = CARTESIAN_POINT('',(1.571510071053,67.533250177223));
#4571 = CARTESIAN_POINT('',(1.571511358944,67.657668177428));
#4572 = CARTESIAN_POINT('',(1.571513570099,67.782123134344));
#4573 = CARTESIAN_POINT('',(1.571515652967,67.906634598882));
#4574 = CARTESIAN_POINT('',(1.571518553893,68.169279122857));
#4575 = CARTESIAN_POINT('',(1.571519202944,68.30767569817));
#4576 = CARTESIAN_POINT('',(1.571518225937,68.445973743899));
#4577 = CARTESIAN_POINT('',(1.571515389607,68.58421263195));
#4578 = CARTESIAN_POINT('',(1.57151280432,68.722451571146));
#4579 = CARTESIAN_POINT('',(1.571512800764,68.860750377603));
#4580 = CARTESIAN_POINT('',(1.571513687749,68.999148128487));
#4581 = CARTESIAN_POINT('',(1.571514780756,69.192355719254));
#4582 = CARTESIAN_POINT('',(1.57151508413,69.247336624484));
#4583 = CARTESIAN_POINT('',(1.571515284018,69.302318080483));
#4584 = CARTESIAN_POINT('',(1.571515331186,69.357299141707));
#4585 = CARTESIAN_POINT('',(1.571515222997,69.4122793383));
#4586 = CARTESIAN_POINT('',(1.571515003417,69.467258676094));
#4587 = CARTESIAN_POINT('',(1.571514763009,69.522237636608));
#4588 = CARTESIAN_POINT('',(1.571514477429,69.648785503029));
#4589 = CARTESIAN_POINT('',(1.571514470104,69.72036154912));
#4590 = CARTESIAN_POINT('',(1.571515410311,69.79193412993));
#4591 = CARTESIAN_POINT('',(1.571515712612,69.863500326684));
#4592 = CARTESIAN_POINT('',(1.571514774186,69.935062960502));
#4593 = CARTESIAN_POINT('',(1.571513872894,70.006627184088));
#4594 = CARTESIAN_POINT('',(1.571514601988,70.07819619185));
#4595 = CARTESIAN_POINT('',(1.571515110984,70.23030253503));
#4596 = CARTESIAN_POINT('',(1.571515405518,70.310846005147));
#4597 = CARTESIAN_POINT('',(1.571515321648,70.391383407485));
#4598 = CARTESIAN_POINT('',(1.571514822498,70.471915080573));
#4599 = CARTESIAN_POINT('',(1.571514124648,70.552447949044));
#4600 = CARTESIAN_POINT('',(1.571513551946,70.632988324568));
#4601 = CARTESIAN_POINT('',(1.571513356264,70.713534311449));
#4602 = CARTESIAN_POINT('',(1.571513612785,70.852258897628));
#4603 = CARTESIAN_POINT('',(1.571513906521,70.910452839943));
#4604 = CARTESIAN_POINT('',(1.57151439686,70.968648368793));
#4605 = CARTESIAN_POINT('',(1.57151504664,71.026845990604));
#4606 = CARTESIAN_POINT('',(1.571515782881,71.085046750052));
#4607 = CARTESIAN_POINT('',(1.571516513631,71.143250748744));
#4608 = CARTESIAN_POINT('',(1.571517149845,71.201455425755));
#4609 = CARTESIAN_POINT('',(1.571518633513,71.38042671603));
#4610 = CARTESIAN_POINT('',(1.571518969542,71.501278764895));
#4611 = CARTESIAN_POINT('',(1.571518098053,71.62208300775));
#4612 = CARTESIAN_POINT('',(1.571515850437,71.742856612651));
#4613 = CARTESIAN_POINT('',(1.571513245737,71.863633552982));
#4614 = CARTESIAN_POINT('',(1.571511562187,71.984446905957));
#4615 = CARTESIAN_POINT('',(1.571511109503,72.105306014289));
#4616 = CARTESIAN_POINT('',(1.571512339229,72.375127779897));
#4617 = CARTESIAN_POINT('',(1.571514554056,72.524454457151));
#4618 = CARTESIAN_POINT('',(1.571517805044,72.673629529735));
#4619 = CARTESIAN_POINT('',(1.571520518698,72.822718970583));
#4620 = CARTESIAN_POINT('',(1.571519370549,72.971802155884));
#4621 = CARTESIAN_POINT('',(1.571516668587,73.120959405798));
#4622 = CARTESIAN_POINT('',(1.571514699302,73.27026956366));
#4623 = CARTESIAN_POINT('',(1.57151314994,73.552358718592));
#4624 = CARTESIAN_POINT('',(1.571513327414,73.685497052671));
#4625 = CARTESIAN_POINT('',(1.5715148363,73.818557930373));
#4626 = CARTESIAN_POINT('',(1.571516584563,73.951576001497));
#4627 = CARTESIAN_POINT('',(1.571517127371,74.084602178436));
#4628 = CARTESIAN_POINT('',(1.571511365884,74.217681064702));
#4629 = CARTESIAN_POINT('',(1.571514389978,74.350832204036));
#4630 = CARTESIAN_POINT('',(1.571516096622,74.483835564743));
#4631 = ( GEOMETRIC_REPRESENTATION_CONTEXT(2) 
PARAMETRIC_REPRESENTATION_CONTEXT() REPRESENTATION_CONTEXT('2D SPACE',''
  ) );
#4632 = PCURVE('',#4633,#4638);
#4633 = CYLINDRICAL_SURFACE('',#4634,7.);
#4634 = AXIS2_PLACEMENT_3D('',#4635,#4636,#4637);
#4635 = CARTESIAN_POINT('',(0.,0.,9.));
#4636 = DIRECTION('',(-0.,-0.,-1.));
#4637 = DIRECTION('',(1.,0.,0.));
#4638 = DEFINITIONAL_REPRESENTATION('',(#4639),#4705);
#4639 = B_SPLINE_CURVE_WITH_KNOTS('',8,(#4640,#4641,#4642,#4643,#4644,
    #4645,#4646,#4647,#4648,#4649,#4650,#4651,#4652,#4653,#4654,#4655,
    #4656,#4657,#4658,#4659,#4660,#4661,#4662,#4663,#4664,#4665,#4666,
    #4667,#4668,#4669,#4670,#4671,#4672,#4673,#4674,#4675,#4676,#4677,
    #4678,#4679,#4680,#4681,#4682,#4683,#4684,#4685,#4686,#4687,#4688,
    #4689,#4690,#4691,#4692,#4693,#4694,#4695,#4696,#4697,#4698,#4699,
    #4700,#4701,#4702,#4703,#4704),.UNSPECIFIED.,.F.,.F.,(9,7,7,7,7,7,7,
    7,7,9),(0.,0.133674801799,0.282192352872,0.341263580714,
    0.418158164705,0.504686487201,0.567209241849,0.696956746619,
    0.857102731432,1.),.UNSPECIFIED.);
#4640 = CARTESIAN_POINT('',(0.,-38.29999990931));
#4641 = CARTESIAN_POINT('',(-0.104945928457,-38.36681064617));
#4642 = CARTESIAN_POINT('',(-0.209980252458,-38.43367763964));
#4643 = CARTESIAN_POINT('',(-0.314968993282,-38.50051554879));
#4644 = CARTESIAN_POINT('',(-0.419924451095,-38.56733218832));
#4645 = CARTESIAN_POINT('',(-0.524879043253,-38.63414829644));
#4646 = CARTESIAN_POINT('',(-0.629864658845,-38.70098425137));
#4647 = CARTESIAN_POINT('',(-0.734897854822,-38.76785055254));
#4648 = CARTESIAN_POINT('',(-0.956454921228,-38.90889835008));
#4649 = CARTESIAN_POINT('',(-1.073201083612,-38.98322136218));
#4650 = CARTESIAN_POINT('',(-1.189864274776,-39.05749146102));
#4651 = CARTESIAN_POINT('',(-1.306477851199,-39.13172979048));
#4652 = CARTESIAN_POINT('',(-1.423091953717,-39.20596814735));
#4653 = CARTESIAN_POINT('',(-1.539756264782,-39.28023865473));
#4654 = CARTESIAN_POINT('',(-1.656503418438,-39.35456229815));
#4655 = CARTESIAN_POINT('',(-1.819485633792,-39.45832043));
#4656 = CARTESIAN_POINT('',(-1.865865265929,-39.48784678551));
#4657 = CARTESIAN_POINT('',(-1.912245337167,-39.51737343681));
#4658 = CARTESIAN_POINT('',(-1.958625087976,-39.5468998761));
#4659 = CARTESIAN_POINT('',(-2.005004157695,-39.57642585106));
#4660 = CARTESIAN_POINT('',(-2.05138258454,-39.60595136482));
#4661 = CARTESIAN_POINT('',(-2.097760805595,-39.63547667597));
#4662 = CARTESIAN_POINT('',(-2.204512237532,-39.70343658456));
#4663 = CARTESIAN_POINT('',(-2.264891925243,-39.7418750165));
#4664 = CARTESIAN_POINT('',(-2.32526792368,-39.78031158748));
#4665 = CARTESIAN_POINT('',(-2.385638447703,-39.81874473003));
#4666 = CARTESIAN_POINT('',(-2.446006499222,-39.85717595918));
#4667 = CARTESIAN_POINT('',(-2.506376145068,-39.89560804208));
#4668 = CARTESIAN_POINT('',(-2.566749296794,-39.93404269423));
#4669 = CARTESIAN_POINT('',(-2.695060606952,-40.015728253));
#4670 = CARTESIAN_POINT('',(-2.763003854602,-40.05898245413));
#4671 = CARTESIAN_POINT('',(-2.830941800022,-40.10223339669));
#4672 = CARTESIAN_POINT('',(-2.898874913907,-40.14548126247));
#4673 = CARTESIAN_POINT('',(-2.966809183559,-40.18872977021));
#4674 = CARTESIAN_POINT('',(-3.034749973575,-40.23198230946));
#4675 = CARTESIAN_POINT('',(-3.102695636638,-40.27523786216));
#4676 = CARTESIAN_POINT('',(-3.219718827175,-40.34973702571));
#4677 = CARTESIAN_POINT('',(-3.268809246438,-40.38098887619));
#4678 = CARTESIAN_POINT('',(-3.31790103843,-40.4122415787));
#4679 = CARTESIAN_POINT('',(-3.366994605749,-40.44349540518));
#4680 = CARTESIAN_POINT('',(-3.416090807042,-40.47475091666));
#4681 = CARTESIAN_POINT('',(-3.465189712375,-40.50600816772));
#4682 = CARTESIAN_POINT('',(-3.514289154327,-40.53726578304));
#4683 = CARTESIAN_POINT('',(-3.665263001827,-40.63337860479));
#4684 = CARTESIAN_POINT('',(-3.767209358667,-40.69827969263));
#4685 = CARTESIAN_POINT('',(-3.869115228604,-40.76315510724));
#4686 = CARTESIAN_POINT('',(-3.970995213093,-40.8280140684));
#4687 = CARTESIAN_POINT('',(-4.072878161843,-40.89287482074));
#4688 = CARTESIAN_POINT('',(-4.174791940272,-40.95775512775));
#4689 = CARTESIAN_POINT('',(-4.276744343746,-41.02266000673));
#4690 = CARTESIAN_POINT('',(-4.504356224882,-41.16756219312));
#4691 = CARTESIAN_POINT('',(-4.630322758634,-41.24775498993));
#4692 = CARTESIAN_POINT('',(-4.756161255765,-41.32786637061));
#4693 = CARTESIAN_POINT('',(-4.881927281217,-41.40793176444));
#4694 = CARTESIAN_POINT('',(-5.007688165326,-41.48799379898));
#4695 = CARTESIAN_POINT('',(-5.133512173544,-41.56809560833));
#4696 = CARTESIAN_POINT('',(-5.259465333256,-41.64827953373));
#4697 = CARTESIAN_POINT('',(-5.497426142702,-41.79976966728));
#4698 = CARTESIAN_POINT('',(-5.609736958879,-41.87126884993));
#4699 = CARTESIAN_POINT('',(-5.721981983053,-41.94272643624));
#4700 = CARTESIAN_POINT('',(-5.834190319585,-42.01416103415));
#4701 = CARTESIAN_POINT('',(-5.946404769885,-42.08559998513));
#4702 = CARTESIAN_POINT('',(-6.058664873418,-42.15706724256));
#4703 = CARTESIAN_POINT('',(-6.17098853176,-42.228573302));
#4704 = CARTESIAN_POINT('',(-6.28318530718,-42.3));
#4705 = ( GEOMETRIC_REPRESENTATION_CONTEXT(2) 
PARAMETRIC_REPRESENTATION_CONTEXT() REPRESENTATION_CONTEXT('2D SPACE',''
  ) );
#4706 = ORIENTED_EDGE('',*,*,#4707,.F.);
#4707 = EDGE_CURVE('',#4708,#4494,#4710,.T.);
#4708 = VERTEX_POINT('',#4709);
#4709 = CARTESIAN_POINT('',(7.,0.,43.299999570182));
#4710 = SURFACE_CURVE('',#4711,(#4770,#4832),.PCURVE_S1.);
#4711 = B_SPLINE_CURVE_WITH_KNOTS('',8,(#4712,#4713,#4714,#4715,#4716,
    #4717,#4718,#4719,#4720,#4721,#4722,#4723,#4724,#4725,#4726,#4727,
    #4728,#4729,#4730,#4731,#4732,#4733,#4734,#4735,#4736,#4737,#4738,
    #4739,#4740,#4741,#4742,#4743,#4744,#4745,#4746,#4747,#4748,#4749,
    #4750,#4751,#4752,#4753,#4754,#4755,#4756,#4757,#4758,#4759,#4760,
    #4761,#4762,#4763,#4764,#4765,#4766,#4767,#4768,#4769),
  .UNSPECIFIED.,.F.,.F.,(9,7,7,7,7,7,7,7,9),(0.,0.105217774249,
    0.205001892236,0.36113111255,0.495173673191,0.639918535808,
    0.756225395297,0.890999605698,1.),.UNSPECIFIED.);
#4712 = CARTESIAN_POINT('',(7.,-8.881784197001E-16,43.299999570182));
#4713 = CARTESIAN_POINT('',(7.,0.578217705283,43.352585924597));
#4714 = CARTESIAN_POINT('',(6.945414078458,1.156662922637,
    43.405193085237));
#4715 = CARTESIAN_POINT('',(6.836170312689,1.72902807742,43.457794178648
    ));
#4716 = CARTESIAN_POINT('',(6.673135031949,2.289275972357,
    43.510388710353));
#4717 = CARTESIAN_POINT('',(6.45791640034,2.831618941275,43.562983095838
    ));
#4718 = CARTESIAN_POINT('',(6.192798604744,3.350507730202,
    43.615584015402));
#4719 = CARTESIAN_POINT('',(5.880794302238,3.840659004727,
    43.668192107234));
#4720 = CARTESIAN_POINT('',(5.189144122358,4.730067632746,
    43.770658993558));
#4721 = CARTESIAN_POINT('',(4.813629399328,5.132962158241,
    43.820547920483));
#4722 = CARTESIAN_POINT('',(4.402498046021,5.501591098826,
    43.870434887637));
#4723 = CARTESIAN_POINT('',(3.959448851162,5.832335127209,
    43.920311000235));
#4724 = CARTESIAN_POINT('',(3.48854020974,6.122063242254,43.970195751165
    ));
#4725 = CARTESIAN_POINT('',(2.994170099136,6.368153394043,
    44.020082993658));
#4726 = CARTESIAN_POINT('',(2.481082589372,6.568487215754,44.06997789592
    ));
#4727 = CARTESIAN_POINT('',(1.130433145177,6.961215785503,
    44.197901690649));
#4728 = CARTESIAN_POINT('',(0.271574480445,7.085736571587,
    44.276066723998));
#4729 = CARTESIAN_POINT('',(-0.601354806144,7.088469406459,
    44.354157309587));
#4730 = CARTESIAN_POINT('',(-1.468352254686,6.968658004975,
    44.432206903118));
#4731 = CARTESIAN_POINT('',(-2.309998987445,6.728452846286,
    44.510258554155));
#4732 = CARTESIAN_POINT('',(-3.107634159358,6.373699624074,
    44.588351779721));
#4733 = CARTESIAN_POINT('',(-3.843226094192,5.913205967011,
    44.66651705426));
#4734 = CARTESIAN_POINT('',(-5.064780371405,4.887819795332,
    44.811563815263));
#4735 = CARTESIAN_POINT('',(-5.57258383974,4.34586401004,44.87862523951)
  );
#4736 = CARTESIAN_POINT('',(-6.013462122107,3.744035668565,
    44.945657166013));
#4737 = CARTESIAN_POINT('',(-6.379496550335,3.092206861781,
    45.012667287972));
#4738 = CARTESIAN_POINT('',(-6.664404335898,2.401070463611,
    45.079676339431));
#4739 = CARTESIAN_POINT('',(-6.863702944627,1.682182229049,
    45.146705329847));
#4740 = CARTESIAN_POINT('',(-6.97455838024,0.947833307263,
    45.213765158815));
#4741 = CARTESIAN_POINT('',(-7.020833284828,-0.583865263182,
    45.353130264559));
#4742 = CARTESIAN_POINT('',(-6.941584643798,-1.38308684246,
    45.425565184238));
#4743 = CARTESIAN_POINT('',(-6.758164328485,-2.169261370669,
    45.497953452187));
#4744 = CARTESIAN_POINT('',(-6.473541998593,-2.926753596698,
    45.570313814786));
#4745 = CARTESIAN_POINT('',(-6.092860123144,-3.640828839099,
    45.642674695729));
#4746 = CARTESIAN_POINT('',(-5.623771414088,-4.297882903087,
    45.715065075337));
#4747 = CARTESIAN_POINT('',(-5.076073598422,-4.88532624073,
    45.787501390945));
#4748 = CARTESIAN_POINT('',(-3.970718272464,-5.800177416958,
    45.917994019319));
#4749 = CARTESIAN_POINT('',(-3.435485313643,-6.156556499761,
    45.976158720485));
#4750 = CARTESIAN_POINT('',(-2.864024399391,-6.456176352824,
    46.03431061429));
#4751 = CARTESIAN_POINT('',(-2.263441069253,-6.694892724095,
    46.092448204855));
#4752 = CARTESIAN_POINT('',(-1.641219238961,-6.869586788925,
    46.150590342187));
#4753 = CARTESIAN_POINT('',(-1.005194149737,-6.978200838756,
    46.208736514323));
#4754 = CARTESIAN_POINT('',(-0.363537184209,-7.019717740389,
    46.266899563155));
#4755 = CARTESIAN_POINT('',(1.01532253144,-6.965470037647,46.39239737329
    ));
#4756 = CARTESIAN_POINT('',(1.752509902857,-6.846821808929,
    46.459812799091));
#4757 = CARTESIAN_POINT('',(2.473178858683,-6.638938361841,
    46.527197314517));
#4758 = CARTESIAN_POINT('',(3.164869058973,-6.344828823278,
    46.594561258222));
#4759 = CARTESIAN_POINT('',(3.81589139271,-5.96918132555,46.661925056422
    ));
#4760 = CARTESIAN_POINT('',(4.415464709083,-5.518508311838,
    46.729310274016));
#4761 = CARTESIAN_POINT('',(4.953675309059,-5.000970556033,
    46.796726165496));
#4762 = CARTESIAN_POINT('',(5.800995570124,-3.963242608499,
    46.918566967534));
#4763 = CARTESIAN_POINT('',(6.134652645943,-3.461973710505,46.9730708746
    ));
#4764 = CARTESIAN_POINT('',(6.418573114518,-2.928846566728,
    47.027566144465));
#4765 = CARTESIAN_POINT('',(6.649288726931,-2.369704491789,
    47.082051974276));
#4766 = CARTESIAN_POINT('',(6.824183252831,-1.790696506371,
    47.136535727823));
#4767 = CARTESIAN_POINT('',(6.941418141341,-1.19823510826,
    47.191025439718));
#4768 = CARTESIAN_POINT('',(7.,-0.599007061234,47.245522735431));
#4769 = CARTESIAN_POINT('',(7.,-6.217248937901E-15,47.299999909312));
#4770 = PCURVE('',#692,#4771);
#4771 = DEFINITIONAL_REPRESENTATION('',(#4772),#4831);
#4772 = B_SPLINE_CURVE_WITH_KNOTS('',8,(#4773,#4774,#4775,#4776,#4777,
    #4778,#4779,#4780,#4781,#4782,#4783,#4784,#4785,#4786,#4787,#4788,
    #4789,#4790,#4791,#4792,#4793,#4794,#4795,#4796,#4797,#4798,#4799,
    #4800,#4801,#4802,#4803,#4804,#4805,#4806,#4807,#4808,#4809,#4810,
    #4811,#4812,#4813,#4814,#4815,#4816,#4817,#4818,#4819,#4820,#4821,
    #4822,#4823,#4824,#4825,#4826,#4827,#4828,#4829,#4830),
  .UNSPECIFIED.,.F.,.F.,(9,7,7,7,7,7,7,7,9),(0.,0.105217774249,
    0.205001892236,0.36113111255,0.495173673191,0.639918535808,
    0.756225395297,0.890999605698,1.),.UNSPECIFIED.);
#4773 = CARTESIAN_POINT('',(1.57151355058,59.587067651435));
#4774 = CARTESIAN_POINT('',(1.571513547548,59.684988485815));
#4775 = CARTESIAN_POINT('',(1.571514049764,59.782948063379));
#4776 = CARTESIAN_POINT('',(1.571514861288,59.88089634318));
#4777 = CARTESIAN_POINT('',(1.571515762342,59.978832404459));
#4778 = CARTESIAN_POINT('',(1.571515732448,60.076768193462));
#4779 = CARTESIAN_POINT('',(1.571514703154,60.174716149545));
#4780 = CARTESIAN_POINT('',(1.57151437128,60.272677461081));
#4781 = CARTESIAN_POINT('',(1.571514823957,60.463480628876));
#4782 = CARTESIAN_POINT('',(1.571516252128,60.556378594615));
#4783 = CARTESIAN_POINT('',(1.57151479225,60.649272911073));
#4784 = CARTESIAN_POINT('',(1.571511859324,60.74214701531));
#4785 = CARTESIAN_POINT('',(1.571516633417,60.835037204941));
#4786 = CARTESIAN_POINT('',(1.571514979406,60.92793203411));
#4787 = CARTESIAN_POINT('',(1.571515287202,61.0208411265));
#4788 = CARTESIAN_POINT('',(1.571514266053,61.259047498785));
#4789 = CARTESIAN_POINT('',(1.571513012754,61.404598286053));
#4790 = CARTESIAN_POINT('',(1.571511843931,61.550010444503));
#4791 = CARTESIAN_POINT('',(1.571513942808,61.695346271683));
#4792 = CARTESIAN_POINT('',(1.571517479027,61.840685930257));
#4793 = CARTESIAN_POINT('',(1.571519111163,61.986103004575));
#4794 = CARTESIAN_POINT('',(1.57151888594,62.131654240957));
#4795 = CARTESIAN_POINT('',(1.5715163157,62.401745218336));
#4796 = CARTESIAN_POINT('',(1.571514279033,62.526620020738));
#4797 = CARTESIAN_POINT('',(1.571511887593,62.651439895515));
#4798 = CARTESIAN_POINT('',(1.571510193588,62.776219168204));
#4799 = CARTESIAN_POINT('',(1.571510417305,62.900996447434));
#4800 = CARTESIAN_POINT('',(1.571512069491,63.025810854919));
#4801 = CARTESIAN_POINT('',(1.571514136885,63.15068268676));
#4802 = CARTESIAN_POINT('',(1.571517719672,63.410193877259));
#4803 = CARTESIAN_POINT('',(1.571519178875,63.54507464343));
#4804 = CARTESIAN_POINT('',(1.571519291488,63.679868539631));
#4805 = CARTESIAN_POINT('',(1.571517375087,63.814610473282));
#4806 = CARTESIAN_POINT('',(1.571514367805,63.949353372253));
#4807 = CARTESIAN_POINT('',(1.57151310876,64.084151200541));
#4808 = CARTESIAN_POINT('',(1.571513259705,64.219034566055));
#4809 = CARTESIAN_POINT('',(1.571514444705,64.462024352908));
#4810 = CARTESIAN_POINT('',(1.571515243536,64.570332603835));
#4811 = CARTESIAN_POINT('',(1.571516115052,64.678617006246));
#4812 = CARTESIAN_POINT('',(1.571515708807,64.786874774616));
#4813 = CARTESIAN_POINT('',(1.571513485144,64.895141009554));
#4814 = CARTESIAN_POINT('',(1.571512489476,65.003414757629));
#4815 = CARTESIAN_POINT('',(1.571514108618,65.111719931772));
#4816 = CARTESIAN_POINT('',(1.571515214296,65.345408888119));
#4817 = CARTESIAN_POINT('',(1.571513798093,65.470942875366));
#4818 = CARTESIAN_POINT('',(1.571517003502,65.596419304526));
#4819 = CARTESIAN_POINT('',(1.571516046521,65.72185742719));
#4820 = CARTESIAN_POINT('',(1.57151432992,65.847295278871));
#4821 = CARTESIAN_POINT('',(1.571513047026,65.97277301556));
#4822 = CARTESIAN_POINT('',(1.571512940653,66.098307869944));
#4823 = CARTESIAN_POINT('',(1.571514255068,66.32518712654));
#4824 = CARTESIAN_POINT('',(1.571515389518,66.426678627826));
#4825 = CARTESIAN_POINT('',(1.571516938959,66.528154045816));
#4826 = CARTESIAN_POINT('',(1.571518355998,66.629611885535));
#4827 = CARTESIAN_POINT('',(1.571519031784,66.731065859051));
#4828 = CARTESIAN_POINT('',(1.571518725012,66.832530927561));
#4829 = CARTESIAN_POINT('',(1.571517722996,66.934010117871));
#4830 = CARTESIAN_POINT('',(1.571516392001,67.035451839402));
#4831 = ( GEOMETRIC_REPRESENTATION_CONTEXT(2) 
PARAMETRIC_REPRESENTATION_CONTEXT() REPRESENTATION_CONTEXT('2D SPACE',''
  ) );
#4832 = PCURVE('',#4169,#4833);
#4833 = DEFINITIONAL_REPRESENTATION('',(#4834),#4893);
#4834 = B_SPLINE_CURVE_WITH_KNOTS('',8,(#4835,#4836,#4837,#4838,#4839,
    #4840,#4841,#4842,#4843,#4844,#4845,#4846,#4847,#4848,#4849,#4850,
    #4851,#4852,#4853,#4854,#4855,#4856,#4857,#4858,#4859,#4860,#4861,
    #4862,#4863,#4864,#4865,#4866,#4867,#4868,#4869,#4870,#4871,#4872,
    #4873,#4874,#4875,#4876,#4877,#4878,#4879,#4880,#4881,#4882,#4883,
    #4884,#4885,#4886,#4887,#4888,#4889,#4890,#4891,#4892),
  .UNSPECIFIED.,.F.,.F.,(9,7,7,7,7,7,7,7,9),(0.,0.105217774249,
    0.205001892236,0.36113111255,0.495173673191,0.639918535808,
    0.756225395297,0.890999605698,1.),.UNSPECIFIED.);
#4835 = CARTESIAN_POINT('',(0.,-34.29999957018));
#4836 = CARTESIAN_POINT('',(-8.260252932619E-02,-34.35258592459));
#4837 = CARTESIAN_POINT('',(-0.16523757,-34.40519308523));
#4838 = CARTESIAN_POINT('',(-0.247862836812,-34.45779417864));
#4839 = CARTESIAN_POINT('',(-0.330477538076,-34.51038871035));
#4840 = CARTESIAN_POINT('',(-0.413091903629,-34.56298309583));
#4841 = CARTESIAN_POINT('',(-0.495716843801,-34.6155840154));
#4842 = CARTESIAN_POINT('',(-0.578353774267,-34.66819210723));
#4843 = CARTESIAN_POINT('',(-0.739309318828,-34.77065899355));
#4844 = CARTESIAN_POINT('',(-0.817675820561,-34.82054792048));
#4845 = CARTESIAN_POINT('',(-0.896034430904,-34.87043488763));
#4846 = CARTESIAN_POINT('',(-0.974386784933,-34.92031100023));
#4847 = CARTESIAN_POINT('',(-1.052740735791,-34.97019575116));
#4848 = CARTESIAN_POINT('',(-1.131105068804,-35.02008299365));
#4849 = CARTESIAN_POINT('',(-1.209478924442,-35.06997789592));
#4850 = CARTESIAN_POINT('',(-1.410420059624,-35.19790169064));
#4851 = CARTESIAN_POINT('',(-1.533200880095,-35.27606672399));
#4852 = CARTESIAN_POINT('',(-1.655865512053,-35.35415730958));
#4853 = CARTESIAN_POINT('',(-1.77846646599,-35.43220690312));
#4854 = CARTESIAN_POINT('',(-1.901070142022,-35.51025855415));
#4855 = CARTESIAN_POINT('',(-2.023738774957,-35.58835177972));
#4856 = CARTESIAN_POINT('',(-2.146520377545,-35.66651705426));
#4857 = CARTESIAN_POINT('',(-2.374359008824,-35.81156381526));
#4858 = CARTESIAN_POINT('',(-2.479698690282,-35.87862523951));
#4859 = CARTESIAN_POINT('',(-2.584992110204,-35.94565716601));
#4860 = CARTESIAN_POINT('',(-2.6902514396,-36.01266728797));
#4861 = CARTESIAN_POINT('',(-2.795509147838,-36.07967633943));
#4862 = CARTESIAN_POINT('',(-2.900798059538,-36.14670532984));
#4863 = CARTESIAN_POINT('',(-3.006135301869,-36.21376515881));
#4864 = CARTESIAN_POINT('',(-3.225049220162,-36.35313026455));
#4865 = CARTESIAN_POINT('',(-3.338829530458,-36.42556518423));
#4866 = CARTESIAN_POINT('',(-3.452536607316,-36.49795345218));
#4867 = CARTESIAN_POINT('',(-3.566200050264,-36.57031381478));
#4868 = CARTESIAN_POINT('',(-3.679864803096,-36.64267469573));
#4869 = CARTESIAN_POINT('',(-3.793575982384,-36.71506507533));
#4870 = CARTESIAN_POINT('',(-3.907358910064,-36.78750139094));
#4871 = CARTESIAN_POINT('',(-4.112335915807,-36.91799401931));
#4872 = CARTESIAN_POINT('',(-4.203700676248,-36.97615872048));
#4873 = CARTESIAN_POINT('',(-4.295043322494,-37.03431061429));
#4874 = CARTESIAN_POINT('',(-4.386368249075,-37.09244820485));
#4875 = CARTESIAN_POINT('',(-4.477692367822,-37.15059034218));
#4876 = CARTESIAN_POINT('',(-4.569033410869,-37.20873651432));
#4877 = CARTESIAN_POINT('',(-4.660394640518,-37.26689956315));
#4878 = CARTESIAN_POINT('',(-4.857526986443,-37.39239737329));
#4879 = CARTESIAN_POINT('',(-4.963424258207,-37.45981279909));
#4880 = CARTESIAN_POINT('',(-5.069271080715,-37.52719731451));
#4881 = CARTESIAN_POINT('',(-5.175084833205,-37.59456125822));
#4882 = CARTESIAN_POINT('',(-5.280898891379,-37.66192505642));
#4883 = CARTESIAN_POINT('',(-5.386747090369,-37.72931027401));
#4884 = CARTESIAN_POINT('',(-5.492643849519,-37.79672616549));
#4885 = CARTESIAN_POINT('',(-5.684031420709,-37.91856696753));
#4886 = CARTESIAN_POINT('',(-5.769646271617,-37.9730708746));
#4887 = CARTESIAN_POINT('',(-5.855247541106,-38.02756614446));
#4888 = CARTESIAN_POINT('',(-5.940833836304,-38.08205197427));
#4889 = CARTESIAN_POINT('',(-6.026416707128,-38.13653572782));
#4890 = CARTESIAN_POINT('',(-6.112008843518,-38.19102543971));
#4891 = CARTESIAN_POINT('',(-6.197612869861,-38.24552273543));
#4892 = CARTESIAN_POINT('',(-6.28318530718,-38.29999990931));
#4893 = ( GEOMETRIC_REPRESENTATION_CONTEXT(2) 
PARAMETRIC_REPRESENTATION_CONTEXT() REPRESENTATION_CONTEXT('2D SPACE',''
  ) );
#4894 = ORIENTED_EDGE('',*,*,#4895,.F.);
#4895 = EDGE_CURVE('',#4896,#4708,#4898,.T.);
#4896 = VERTEX_POINT('',#4897);
#4897 = CARTESIAN_POINT('',(7.,0.,39.300000429191));
#4898 = SURFACE_CURVE('',#4899,(#4965,#5034),.PCURVE_S1.);
#4899 = B_SPLINE_CURVE_WITH_KNOTS('',8,(#4900,#4901,#4902,#4903,#4904,
    #4905,#4906,#4907,#4908,#4909,#4910,#4911,#4912,#4913,#4914,#4915,
    #4916,#4917,#4918,#4919,#4920,#4921,#4922,#4923,#4924,#4925,#4926,
    #4927,#4928,#4929,#4930,#4931,#4932,#4933,#4934,#4935,#4936,#4937,
    #4938,#4939,#4940,#4941,#4942,#4943,#4944,#4945,#4946,#4947,#4948,
    #4949,#4950,#4951,#4952,#4953,#4954,#4955,#4956,#4957,#4958,#4959,
    #4960,#4961,#4962,#4963,#4964),.UNSPECIFIED.,.F.,.F.,(9,7,7,7,7,7,7,
    7,7,9),(0.,0.12960880786,0.278724534098,0.39765949826,0.451659962679
    ,0.512703171926,0.613075185264,0.731203989771,0.860932828384,1.),
  .UNSPECIFIED.);
#4900 = CARTESIAN_POINT('',(7.,-9.769962616701E-15,39.300000429191));
#4901 = CARTESIAN_POINT('',(7.,0.712375997561,39.364787889964));
#4902 = CARTESIAN_POINT('',(6.91714608515,1.425292747809,39.429624308421
    ));
#4903 = CARTESIAN_POINT('',(6.75121924873,2.126702429196,39.494436998013
    ));
#4904 = CARTESIAN_POINT('',(6.504348208578,2.805379067198,
    39.559232272707));
#4905 = CARTESIAN_POINT('',(6.180163670486,3.450710079564,
    39.624027775841));
#4906 = CARTESIAN_POINT('',(5.783893306653,4.052775251687,
    39.688841212582));
#4907 = CARTESIAN_POINT('',(5.322227468975,4.602330338483,
    39.753679810432));
#4908 = CARTESIAN_POINT('',(4.207913459373,5.65378544429,39.89301556766)
  );
#4909 = CARTESIAN_POINT('',(3.535752777317,6.137221106411,39.96765067564
    ));
#4910 = CARTESIAN_POINT('',(2.800892897016,6.528368704837,
    40.042231704465));
#4911 = CARTESIAN_POINT('',(2.018382228622,6.818420635073,
    40.116780389743));
#4912 = CARTESIAN_POINT('',(1.204074638743,7.001057272757,
    40.191329193177));
#4913 = CARTESIAN_POINT('',(0.374709347007,7.072950118907,
    40.265910396156));
#4914 = CARTESIAN_POINT('',(-0.452295799659,7.033296100465,
    40.340545594285));
#4915 = CARTESIAN_POINT('',(-1.901688098715,6.768380651788,
    40.474545402146));
#4916 = CARTESIAN_POINT('',(-2.532559664099,6.582137190809,
    40.534030835393));
#4917 = CARTESIAN_POINT('',(-3.142153065301,6.328726176674,
    40.593501301219));
#4918 = CARTESIAN_POINT('',(-3.722201848966,6.011149516396,
    40.652960772981));
#4919 = CARTESIAN_POINT('',(-4.265027965841,5.633430275968,
    40.712421443445));
#4920 = CARTESIAN_POINT('',(-4.763591237976,5.200641777365,
    40.771895028877));
#4921 = CARTESIAN_POINT('',(-5.21149233339,4.718866357821,
    40.831383135863));
#4922 = CARTESIAN_POINT('',(-5.78121205311,3.957989933202,
    40.917830291864));
#4923 = CARTESIAN_POINT('',(-5.947607753793,3.711765314183,
    40.944825217836));
#4924 = CARTESIAN_POINT('',(-6.102002110597,3.457569237959,
    40.971820704951));
#4925 = CARTESIAN_POINT('',(-6.243948135949,3.196090644365,
    40.99881620796));
#4926 = CARTESIAN_POINT('',(-6.373049380891,2.928043972656,
    41.025811188474));
#4927 = CARTESIAN_POINT('',(-6.488959935082,2.654169161505,
    41.052805114962));
#4928 = CARTESIAN_POINT('',(-6.591384426796,2.375231648998,
    41.079797462756));
#4929 = CARTESIAN_POINT('',(-6.780339044854,1.771876920134,
    41.137298036038));
#4930 = CARTESIAN_POINT('',(-6.863070143977,1.446199743538,
    41.16781109536));
#4931 = CARTESIAN_POINT('',(-6.927914559367,1.11615685284,
    41.198324378739));
#4932 = CARTESIAN_POINT('',(-6.974605589081,0.782912163579,
    41.22883645086));
#4933 = CARTESIAN_POINT('',(-7.002966590154,0.447627496847,
    41.259346954368));
#4934 = CARTESIAN_POINT('',(-7.012910978605,0.111462579288,
    41.289856609868));
#4935 = CARTESIAN_POINT('',(-7.004442229431,-0.224424956897,
    41.320367215923));
#4936 = CARTESIAN_POINT('',(-6.933606374204,-1.108815982914,
    41.401055863803));
#4937 = CARTESIAN_POINT('',(-6.840015539371,-1.654888049795,
    41.451239101784));
#4938 = CARTESIAN_POINT('',(-6.697285267108,-2.191689067205,
    41.501415081001));
#4939 = CARTESIAN_POINT('',(-6.506546239416,-2.714084924176,
    41.551583401918));
#4940 = CARTESIAN_POINT('',(-6.269523110812,-3.217173785567,
    41.601751738138));
#4941 = CARTESIAN_POINT('',(-5.988486247754,-3.696281567209,
    41.651927872141));
#4942 = CARTESIAN_POINT('',(-5.666288022007,-4.146993206794,
    41.702111576094));
#4943 = CARTESIAN_POINT('',(-4.883026381675,-5.057434618089,
    41.811337505555));
#4944 = CARTESIAN_POINT('',(-4.40721132571,-5.504967390169,
    41.870413423253));
#4945 = CARTESIAN_POINT('',(-3.884803009934,-5.90096242843,
    41.929473973701));
#4946 = CARTESIAN_POINT('',(-3.322407999563,-6.239920769848,
    41.988524417245));
#4947 = CARTESIAN_POINT('',(-2.72720949751,-6.517326715579,
    42.047577170934));
#4948 = CARTESIAN_POINT('',(-2.10696768288,-6.729711469087,
    42.106643457004));
#4949 = CARTESIAN_POINT('',(-1.469984695065,-6.87463990795,
    42.165724242484));
#4950 = CARTESIAN_POINT('',(-0.117224380332,-7.035242625871,
    42.289616097364));
#4951 = CARTESIAN_POINT('',(0.60116380162,-7.03694737065,42.354513089252
    ));
#4952 = CARTESIAN_POINT('',(1.317897542515,-6.954638646899,
    42.419385470348));
#4953 = CARTESIAN_POINT('',(2.021525185434,-6.789121419325,
    42.484237674909));
#4954 = CARTESIAN_POINT('',(2.701048935513,-6.542778293833,
    42.549086971764));
#4955 = CARTESIAN_POINT('',(3.345991892499,-6.21965734168,
    42.613951999855));
#4956 = CARTESIAN_POINT('',(3.946393697209,-5.825325308014,
    42.678842156389));
#4957 = CARTESIAN_POINT('',(5.079290022357,-4.876995371551,
    42.813207678346));
#4958 = CARTESIAN_POINT('',(5.604712016586,-4.3127714848,42.882786613717
    ));
#4959 = CARTESIAN_POINT('',(6.057742891436,-3.684358042474,
    42.952328200262));
#4960 = CARTESIAN_POINT('',(6.429648988292,-3.002826217736,
    43.02184608318));
#4961 = CARTESIAN_POINT('',(6.713536287989,-2.280181585536,
    43.091364048032));
#4962 = CARTESIAN_POINT('',(6.904616945808,-1.529410567985,
    43.160906718242));
#4963 = CARTESIAN_POINT('',(7.,-0.764342847101,43.230485953623));
#4964 = CARTESIAN_POINT('',(7.,-8.881784197001E-16,43.299999570182));
#4965 = PCURVE('',#692,#4966);
#4966 = DEFINITIONAL_REPRESENTATION('',(#4967),#5033);
#4967 = B_SPLINE_CURVE_WITH_KNOTS('',8,(#4968,#4969,#4970,#4971,#4972,
    #4973,#4974,#4975,#4976,#4977,#4978,#4979,#4980,#4981,#4982,#4983,
    #4984,#4985,#4986,#4987,#4988,#4989,#4990,#4991,#4992,#4993,#4994,
    #4995,#4996,#4997,#4998,#4999,#5000,#5001,#5002,#5003,#5004,#5005,
    #5006,#5007,#5008,#5009,#5010,#5011,#5012,#5013,#5014,#5015,#5016,
    #5017,#5018,#5019,#5020,#5021,#5022,#5023,#5024,#5025,#5026,#5027,
    #5028,#5029,#5030,#5031,#5032),.UNSPECIFIED.,.F.,.F.,(9,7,7,7,7,7,7,
    7,7,9),(0.,0.12960880786,0.278724534098,0.39765949826,0.451659962679
    ,0.512703171926,0.613075185264,0.731203989771,0.860932828384,1.),
  .UNSPECIFIED.);
#4968 = CARTESIAN_POINT('',(1.571513469813,52.138685694519));
#4969 = CARTESIAN_POINT('',(1.571513495895,52.259326158891));
#4970 = CARTESIAN_POINT('',(1.571514294165,52.380057787162));
#4971 = CARTESIAN_POINT('',(1.571516069628,52.500745230001));
#4972 = CARTESIAN_POINT('',(1.57151831198,52.621400244657));
#4973 = CARTESIAN_POINT('',(1.571519384213,52.742055684707));
#4974 = CARTESIAN_POINT('',(1.571518952415,52.862744518801));
#4975 = CARTESIAN_POINT('',(1.57151753371,52.983480205306));
#4976 = CARTESIAN_POINT('',(1.571513864773,53.242936746041));
#4977 = CARTESIAN_POINT('',(1.571511519479,53.381914473799));
#4978 = CARTESIAN_POINT('',(1.571509846979,53.520791501018));
#4979 = CARTESIAN_POINT('',(1.571510292528,53.659608301418));
#4980 = CARTESIAN_POINT('',(1.571513200928,53.798425321749));
#4981 = CARTESIAN_POINT('',(1.571516071156,53.937302673258));
#4982 = CARTESIAN_POINT('',(1.57151775945,54.076280568887));
#4983 = CARTESIAN_POINT('',(1.571518451891,54.325801060253));
#4984 = CARTESIAN_POINT('',(1.571517931245,54.436568640961));
#4985 = CARTESIAN_POINT('',(1.571516537119,54.547308350885));
#4986 = CARTESIAN_POINT('',(1.571514643428,54.658027588814));
#4987 = CARTESIAN_POINT('',(1.571513248017,54.768749058872));
#4988 = CARTESIAN_POINT('',(1.571513060496,54.879494577811));
#4989 = CARTESIAN_POINT('',(1.571513575334,54.990267137281));
#4990 = CARTESIAN_POINT('',(1.571514502171,55.151240031094));
#4991 = CARTESIAN_POINT('',(1.571514835409,55.201507171773));
#4992 = CARTESIAN_POINT('',(1.571515119235,55.251775357354));
#4993 = CARTESIAN_POINT('',(1.571515292575,55.302043572531));
#4994 = CARTESIAN_POINT('',(1.571515326524,55.352310814771));
#4995 = CARTESIAN_POINT('',(1.571515224342,55.402576094316));
#4996 = CARTESIAN_POINT('',(1.571515021455,55.452838434181));
#4997 = CARTESIAN_POINT('',(1.571514518676,55.559910015309));
#4998 = CARTESIAN_POINT('',(1.571514216874,55.616728257636));
#4999 = CARTESIAN_POINT('',(1.571514145803,55.673546917178));
#5000 = CARTESIAN_POINT('',(1.571514418017,55.730363321242));
#5001 = CARTESIAN_POINT('',(1.57151499286,55.787176804398));
#5002 = CARTESIAN_POINT('',(1.571515676477,55.843988708482));
#5003 = CARTESIAN_POINT('',(1.571516121806,55.900802382591));
#5004 = CARTESIAN_POINT('',(1.571515346437,56.051052382107));
#5005 = CARTESIAN_POINT('',(1.571514966528,56.144498383256));
#5006 = CARTESIAN_POINT('',(1.571515511356,56.237930867893));
#5007 = CARTESIAN_POINT('',(1.571515947464,56.331349092039));
#5008 = CARTESIAN_POINT('',(1.571515498257,56.424767344677));
#5009 = CARTESIAN_POINT('',(1.57151447826,56.518200117538));
#5010 = CARTESIAN_POINT('',(1.571513848821,56.611646986373));
#5011 = CARTESIAN_POINT('',(1.571513079121,56.815036140609));
#5012 = CARTESIAN_POINT('',(1.571513157428,56.9250411641));
#5013 = CARTESIAN_POINT('',(1.571514106711,57.035017572295));
#5014 = CARTESIAN_POINT('',(1.571515961301,57.144975160452));
#5015 = CARTESIAN_POINT('',(1.571517755759,57.25493705036));
#5016 = CARTESIAN_POINT('',(1.571518695426,57.364924138843));
#5017 = CARTESIAN_POINT('',(1.571518649544,57.47493822661));
#5018 = CARTESIAN_POINT('',(1.571516989052,57.705636740268));
#5019 = CARTESIAN_POINT('',(1.571515219723,57.826481162071));
#5020 = CARTESIAN_POINT('',(1.571512877142,57.947279756218));
#5021 = CARTESIAN_POINT('',(1.571510834874,58.06804077977));
#5022 = CARTESIAN_POINT('',(1.571510319533,58.188796388866));
#5023 = CARTESIAN_POINT('',(1.571511293613,58.309581290998));
#5024 = CARTESIAN_POINT('',(1.571513016963,58.430412984714));
#5025 = CARTESIAN_POINT('',(1.571516639918,58.680614470787));
#5026 = CARTESIAN_POINT('',(1.571518545732,58.810177120315));
#5027 = CARTESIAN_POINT('',(1.571519586141,58.939670222775));
#5028 = CARTESIAN_POINT('',(1.571518871243,59.069119186753));
#5029 = CARTESIAN_POINT('',(1.571516413417,59.198568303296));
#5030 = CARTESIAN_POINT('',(1.571514421093,59.328063423631));
#5031 = CARTESIAN_POINT('',(1.571513554587,59.457626631804));
#5032 = CARTESIAN_POINT('',(1.57151355058,59.587067651435));
#5033 = ( GEOMETRIC_REPRESENTATION_CONTEXT(2) 
PARAMETRIC_REPRESENTATION_CONTEXT() REPRESENTATION_CONTEXT('2D SPACE',''
  ) );
#5034 = PCURVE('',#3948,#5035);
#5035 = DEFINITIONAL_REPRESENTATION('',(#5036),#5102);
#5036 = B_SPLINE_CURVE_WITH_KNOTS('',8,(#5037,#5038,#5039,#5040,#5041,
    #5042,#5043,#5044,#5045,#5046,#5047,#5048,#5049,#5050,#5051,#5052,
    #5053,#5054,#5055,#5056,#5057,#5058,#5059,#5060,#5061,#5062,#5063,
    #5064,#5065,#5066,#5067,#5068,#5069,#5070,#5071,#5072,#5073,#5074,
    #5075,#5076,#5077,#5078,#5079,#5080,#5081,#5082,#5083,#5084,#5085,
    #5086,#5087,#5088,#5089,#5090,#5091,#5092,#5093,#5094,#5095,#5096,
    #5097,#5098,#5099,#5100,#5101),.UNSPECIFIED.,.F.,.F.,(9,7,7,7,7,7,7,
    7,7,9),(0.,0.12960880786,0.278724534098,0.39765949826,0.451659962679
    ,0.512703171926,0.613075185264,0.731203989771,0.860932828384,1.),
  .UNSPECIFIED.);
#5037 = CARTESIAN_POINT('',(0.,-30.30000042919));
#5038 = CARTESIAN_POINT('',(-0.101767999652,-30.36478788996));
#5039 = CARTESIAN_POINT('',(-0.203613160384,-30.42962430842));
#5040 = CARTESIAN_POINT('',(-0.305421169897,-30.49443699801));
#5041 = CARTESIAN_POINT('',(-0.407201640452,-30.5592322727));
#5042 = CARTESIAN_POINT('',(-0.508982165197,-30.62402777584));
#5043 = CARTESIAN_POINT('',(-0.610790731537,-30.68884121258));
#5044 = CARTESIAN_POINT('',(-0.71263880315,-30.75367981043));
#5045 = CARTESIAN_POINT('',(-0.931506648446,-30.89301556766));
#5046 = CARTESIAN_POINT('',(-1.04874312526,-30.96765067564));
#5047 = CARTESIAN_POINT('',(-1.165894793105,-31.04223170446));
#5048 = CARTESIAN_POINT('',(-1.282995792294,-31.11678038974));
#5049 = CARTESIAN_POINT('',(-1.400096786384,-31.19132919317));
#5050 = CARTESIAN_POINT('',(-1.517248444396,-31.26591039615));
#5051 = CARTESIAN_POINT('',(-1.634484915288,-31.34054559428));
#5052 = CARTESIAN_POINT('',(-1.844971146915,-31.47454540214));
#5053 = CARTESIAN_POINT('',(-1.938410650673,-31.53403083539));
#5054 = CARTESIAN_POINT('',(-2.031826795487,-31.59350130122));
#5055 = CARTESIAN_POINT('',(-2.125225858326,-31.65296077298));
#5056 = CARTESIAN_POINT('',(-2.218626942868,-31.71242144344));
#5057 = CARTESIAN_POINT('',(-2.312048156129,-31.77189502887));
#5058 = CARTESIAN_POINT('',(-2.405491846341,-31.83138313586));
#5059 = CARTESIAN_POINT('',(-2.541282313124,-31.91783029186));
#5060 = CARTESIAN_POINT('',(-2.583685655617,-31.94482521783));
#5061 = CARTESIAN_POINT('',(-2.626089831955,-31.97182070495));
#5062 = CARTESIAN_POINT('',(-2.668494004191,-31.99881620796));
#5063 = CARTESIAN_POINT('',(-2.710897350713,-32.02581118847));
#5064 = CARTESIAN_POINT('',(-2.753299066244,-32.05280511496));
#5065 = CARTESIAN_POINT('',(-2.795698361845,-32.07979746275));
#5066 = CARTESIAN_POINT('',(-2.886019871084,-32.13729803603));
#5067 = CARTESIAN_POINT('',(-2.933949837432,-32.16781109536));
#5068 = CARTESIAN_POINT('',(-2.981880251397,-32.19832437873));
#5069 = CARTESIAN_POINT('',(-3.029808751322,-32.22883645086));
#5070 = CARTESIAN_POINT('',(-3.077734726455,-32.25934695436));
#5071 = CARTESIAN_POINT('',(-3.125659316947,-32.28985660986));
#5072 = CARTESIAN_POINT('',(-3.173585413852,-32.32036721592));
#5073 = CARTESIAN_POINT('',(-3.300331601275,-32.4010558638));
#5074 = CARTESIAN_POINT('',(-3.379159858814,-32.45123910178));
#5075 = CARTESIAN_POINT('',(-3.457976054092,-32.501415081));
#5076 = CARTESIAN_POINT('',(-3.536779722863,-32.55158340191));
#5077 = CARTESIAN_POINT('',(-3.615583329122,-32.60175173813));
#5078 = CARTESIAN_POINT('',(-3.694399353342,-32.65192787214));
#5079 = CARTESIAN_POINT('',(-3.773227454079,-32.70211157609));
#5080 = CARTESIAN_POINT('',(-3.944798963572,-32.81133750555));
#5081 = CARTESIAN_POINT('',(-4.03759536199,-32.87041342325));
#5082 = CARTESIAN_POINT('',(-4.130367851506,-32.9294739737));
#5083 = CARTESIAN_POINT('',(-4.223124484904,-32.98852441724));
#5084 = CARTESIAN_POINT('',(-4.315884553173,-33.04757717093));
#5085 = CARTESIAN_POINT('',(-4.408665701589,-33.106643457));
#5086 = CARTESIAN_POINT('',(-4.501469514216,-33.16572424248));
#5087 = CARTESIAN_POINT('',(-4.696078158764,-33.28961609736));
#5088 = CARTESIAN_POINT('',(-4.798017949082,-33.35451308925));
#5089 = CARTESIAN_POINT('',(-4.899919124058,-33.41938547034));
#5090 = CARTESIAN_POINT('',(-5.001788747918,-33.4842376749));
#5091 = CARTESIAN_POINT('',(-5.103653904618,-33.54908697176));
#5092 = CARTESIAN_POINT('',(-5.205543713155,-33.61395199985));
#5093 = CARTESIAN_POINT('',(-5.307472899788,-33.67884215638));
#5094 = CARTESIAN_POINT('',(-5.518533571591,-33.81320767834));
#5095 = CARTESIAN_POINT('',(-5.627827734153,-33.88278661371));
#5096 = CARTESIAN_POINT('',(-5.737063204484,-33.95232820026));
#5097 = CARTESIAN_POINT('',(-5.846261534667,-34.02184608317));
#5098 = CARTESIAN_POINT('',(-5.955460362552,-34.09136404803));
#5099 = CARTESIAN_POINT('',(-6.064698265467,-34.16090671824));
#5100 = CARTESIAN_POINT('',(-6.173993471879,-34.23048595362));
#5101 = CARTESIAN_POINT('',(-6.28318530718,-34.29999957018));
#5102 = ( GEOMETRIC_REPRESENTATION_CONTEXT(2) 
PARAMETRIC_REPRESENTATION_CONTEXT() REPRESENTATION_CONTEXT('2D SPACE',''
  ) );
#5103 = ORIENTED_EDGE('',*,*,#5104,.F.);
#5104 = EDGE_CURVE('',#5105,#4896,#5107,.T.);
#5105 = VERTEX_POINT('',#5106);
#5106 = CARTESIAN_POINT('',(7.,0.,35.300000097726));
#5107 = SURFACE_CURVE('',#5108,(#5174,#5243),.PCURVE_S1.);
#5108 = B_SPLINE_CURVE_WITH_KNOTS('',8,(#5109,#5110,#5111,#5112,#5113,
    #5114,#5115,#5116,#5117,#5118,#5119,#5120,#5121,#5122,#5123,#5124,
    #5125,#5126,#5127,#5128,#5129,#5130,#5131,#5132,#5133,#5134,#5135,
    #5136,#5137,#5138,#5139,#5140,#5141,#5142,#5143,#5144,#5145,#5146,
    #5147,#5148,#5149,#5150,#5151,#5152,#5153,#5154,#5155,#5156,#5157,
    #5158,#5159,#5160,#5161,#5162,#5163,#5164,#5165,#5166,#5167,#5168,
    #5169,#5170,#5171,#5172,#5173),.UNSPECIFIED.,.F.,.F.,(9,7,7,7,7,7,7,
    7,7,9),(0.,0.113072354142,0.233975318696,0.286932600348,
    0.385278718078,0.47653695004,0.575245354304,0.684898948508,
    0.859078255387,1.),.UNSPECIFIED.);
#5109 = CARTESIAN_POINT('',(7.,5.329070518201E-15,35.300000097726));
#5110 = CARTESIAN_POINT('',(7.,0.621431790505,35.356516712061));
#5111 = CARTESIAN_POINT('',(6.936949663945,1.243067206428,
    35.413051876864));
#5112 = CARTESIAN_POINT('',(6.810782543541,1.857095601492,35.46957385287
    ));
#5113 = CARTESIAN_POINT('',(6.622667879842,2.456069168181,
    35.526085943679));
#5114 = CARTESIAN_POINT('',(6.374740012909,3.032876174717,
    35.582599091506));
#5115 = CARTESIAN_POINT('',(6.070009738365,3.58072188994,35.63912397145)
  );
#5116 = CARTESIAN_POINT('',(5.712451118951,4.0931728804,35.695662371919)
  );
#5117 = CARTESIAN_POINT('',(4.874002470812,5.068096268652,35.81260678355
    ));
#5118 = CARTESIAN_POINT('',(4.385865614458,5.525140412612,
    35.873068230383));
#5119 = CARTESIAN_POINT('',(3.849052617014,5.928031671487,
    35.933512314216));
#5120 = CARTESIAN_POINT('',(3.270696441353,6.270900230065,
    35.993943706817));
#5121 = CARTESIAN_POINT('',(2.658538655619,6.548966486119,
    36.054375461062));
#5122 = CARTESIAN_POINT('',(2.02092771681,6.758612621017,36.114820402066
    ));
#5123 = CARTESIAN_POINT('',(1.366776445959,6.897346394023,
    36.175281141572));
#5124 = CARTESIAN_POINT('',(0.416186841029,6.993674760383,
    36.262175345779));
#5125 = CARTESIAN_POINT('',(0.125212056487,7.009259383891,
    36.288645843503));
#5126 = CARTESIAN_POINT('',(-0.166404693859,7.011007277571,
    36.315117690815));
#5127 = CARTESIAN_POINT('',(-0.457884744585,6.998890085644,
    36.341589866248));
#5128 = CARTESIAN_POINT('',(-0.74845699348,6.972931133863,
    36.368061774961));
#5129 = CARTESIAN_POINT('',(-1.037357901541,6.93320542951,
    36.394533248738));
#5130 = CARTESIAN_POINT('',(-1.323831492977,6.879839661399,
    36.421004545992));
#5131 = CARTESIAN_POINT('',(-2.133237267906,6.688907993731,
    36.496636717348));
#5132 = CARTESIAN_POINT('',(-2.648501993283,6.518347155478,
    36.54580727321));
#5133 = CARTESIAN_POINT('',(-3.147959053349,6.302467831589,
    36.594972700927));
#5134 = CARTESIAN_POINT('',(-3.626984433487,6.04303302132,36.64413213681
    ));
#5135 = CARTESIAN_POINT('',(-4.081242790323,5.742320153568,
    36.693291992734));
#5136 = CARTESIAN_POINT('',(-4.506678783135,5.403081561531,
    36.742458527262));
#5137 = CARTESIAN_POINT('',(-4.899551528785,5.028575855173,
    36.791630167059));
#5138 = CARTESIAN_POINT('',(-5.58774638323,4.246018483595,
    36.886406030785));
#5139 = CARTESIAN_POINT('',(-5.888206608631,3.84216145354,
    36.932031976584));
#5140 = CARTESIAN_POINT('',(-6.155187655991,3.414131550386,
    36.97765549613));
#5141 = CARTESIAN_POINT('',(-6.386452393163,2.965197344931,
    37.023275348775));
#5142 = CARTESIAN_POINT('',(-6.580161516738,2.49882305539,
    37.068895516321));
#5143 = CARTESIAN_POINT('',(-6.734853082782,2.018650257966,
    37.114519800411));
#5144 = CARTESIAN_POINT('',(-6.849471807856,1.528501782306,
    37.160146474055));
#5145 = CARTESIAN_POINT('',(-7.003463779114,0.495813502116,
    37.255103557831));
#5146 = CARTESIAN_POINT('',(-7.0359737656,-4.803107023252E-02,
    37.30445884322));
#5147 = CARTESIAN_POINT('',(-7.020167299462,-0.594010184854,
    37.353810675118));
#5148 = CARTESIAN_POINT('',(-6.955964632013,-1.137104878312,
    37.403157072516));
#5149 = CARTESIAN_POINT('',(-6.843885674288,-1.672379184519,
    37.452503936957));
#5150 = CARTESIAN_POINT('',(-6.685006294122,-2.194983415375,
    37.501856859641));
#5151 = CARTESIAN_POINT('',(-6.481002302193,-2.700174501591,
    37.551213040435));
#5152 = CARTESIAN_POINT('',(-5.960202502964,-3.720109129554,
    37.655364648154));
#5153 = CARTESIAN_POINT('',(-5.63318038783,-4.230145784748,
    37.710201520002));
#5154 = CARTESIAN_POINT('',(-5.256394492146,-4.707034956565,
    37.765030822632));
#5155 = CARTESIAN_POINT('',(-4.833869830691,-5.145153338984,
    37.819852239669));
#5156 = CARTESIAN_POINT('',(-4.370270544424,-5.539546029449,
    37.874673329683));
#5157 = CARTESIAN_POINT('',(-3.870832707791,-5.885872688602,
    37.92950191868));
#5158 = CARTESIAN_POINT('',(-3.341410369907,-6.180470184109,
    37.984338374375));
#5159 = CARTESIAN_POINT('',(-1.91051158798,-6.801944636244,
    38.126216411556));
#5160 = CARTESIAN_POINT('',(-0.970754742651,-7.046963955122,
    38.213484610833));
#5161 = CARTESIAN_POINT('',(2.726559160109E-03,-7.142184385112,
    38.300625831644));
#5162 = CARTESIAN_POINT('',(0.982255047438,-7.084147859566,
    38.387710498531));
#5163 = CARTESIAN_POINT('',(1.940618789448,-6.873485804997,
    38.474795850134));
#5164 = CARTESIAN_POINT('',(2.851468163321,-6.516991628741,
    38.561939382939));
#5165 = CARTESIAN_POINT('',(3.689102554101,-6.025529980883,
    38.649206836826));
#5166 = CARTESIAN_POINT('',(5.029979062713,-4.929424547915,
    38.806712592779));
#5167 = CARTESIAN_POINT('',(5.568234359682,-4.362918684561,
    38.877221160641));
#5168 = CARTESIAN_POINT('',(6.032755666488,-3.729763721789,
    38.947686271426));
#5169 = CARTESIAN_POINT('',(6.414368031626,-3.041413416185,
    39.018129462403));
#5170 = CARTESIAN_POINT('',(6.70581714003,-2.310289290264,
    39.088574611031));
#5171 = CARTESIAN_POINT('',(6.902059393118,-1.549866899959,
    39.159046705062));
#5172 = CARTESIAN_POINT('',(7.,-0.77452189494,39.229561072646));
#5173 = CARTESIAN_POINT('',(7.,-9.769962616701E-15,39.300000429191));
#5174 = PCURVE('',#692,#5175);
#5175 = DEFINITIONAL_REPRESENTATION('',(#5176),#5242);
#5176 = B_SPLINE_CURVE_WITH_KNOTS('',8,(#5177,#5178,#5179,#5180,#5181,
    #5182,#5183,#5184,#5185,#5186,#5187,#5188,#5189,#5190,#5191,#5192,
    #5193,#5194,#5195,#5196,#5197,#5198,#5199,#5200,#5201,#5202,#5203,
    #5204,#5205,#5206,#5207,#5208,#5209,#5210,#5211,#5212,#5213,#5214,
    #5215,#5216,#5217,#5218,#5219,#5220,#5221,#5222,#5223,#5224,#5225,
    #5226,#5227,#5228,#5229,#5230,#5231,#5232,#5233,#5234,#5235,#5236,
    #5237,#5238,#5239,#5240,#5241),.UNSPECIFIED.,.F.,.F.,(9,7,7,7,7,7,7,
    7,7,9),(0.,0.113072354142,0.233975318696,0.286932600348,
    0.385278718078,0.47653695004,0.575245354304,0.684898948508,
    0.859078255387,1.),.UNSPECIFIED.);
#5177 = CARTESIAN_POINT('',(1.571516339512,44.690301520823));
#5178 = CARTESIAN_POINT('',(1.571517702594,44.795540876047));
#5179 = CARTESIAN_POINT('',(1.571518704829,44.900814774025));
#5180 = CARTESIAN_POINT('',(1.571518947211,45.006064113201));
#5181 = CARTESIAN_POINT('',(1.571518112652,45.111295045167));
#5182 = CARTESIAN_POINT('',(1.571516549664,45.2165279454));
#5183 = CARTESIAN_POINT('',(1.571515004603,45.321782691983));
#5184 = CARTESIAN_POINT('',(1.571514040772,45.427062615077));
#5185 = CARTESIAN_POINT('',(1.571513299664,45.644824323234));
#5186 = CARTESIAN_POINT('',(1.571513610616,45.757409334833));
#5187 = CARTESIAN_POINT('',(1.571514700659,45.869962014846));
#5188 = CARTESIAN_POINT('',(1.57151595031,45.982491062596));
#5189 = CARTESIAN_POINT('',(1.571516342504,46.09502078374));
#5190 = CARTESIAN_POINT('',(1.571514153996,46.207575059904));
#5191 = CARTESIAN_POINT('',(1.571513741604,46.320158754389));
#5192 = CARTESIAN_POINT('',(1.571515060613,46.481964094829));
#5193 = CARTESIAN_POINT('',(1.571515626281,46.531254699823));
#5194 = CARTESIAN_POINT('',(1.571516067685,46.580547817879));
#5195 = CARTESIAN_POINT('',(1.571516225698,46.629841546927));
#5196 = CARTESIAN_POINT('',(1.571516070235,46.679134779317));
#5197 = CARTESIAN_POINT('',(1.571515700254,46.728427201818));
#5198 = CARTESIAN_POINT('',(1.57151534375,46.777719295615));
#5199 = CARTESIAN_POINT('',(1.571515383782,46.918553650984));
#5200 = CARTESIAN_POINT('',(1.571515651521,47.010113940923));
#5201 = CARTESIAN_POINT('',(1.571515530663,47.101664681763));
#5202 = CARTESIAN_POINT('',(1.571514867852,47.193204265233));
#5203 = CARTESIAN_POINT('',(1.571513931051,47.284744630859));
#5204 = CARTESIAN_POINT('',(1.571513216492,47.376297432689));
#5205 = CARTESIAN_POINT('',(1.571513118196,47.467859741017));
#5206 = CARTESIAN_POINT('',(1.571513777342,47.644341487246));
#5207 = CARTESIAN_POINT('',(1.571514495496,47.729301373353));
#5208 = CARTESIAN_POINT('',(1.571515609272,47.814256741543));
#5209 = CARTESIAN_POINT('',(1.571516856633,47.899205281618));
#5210 = CARTESIAN_POINT('',(1.571517906275,47.984154408074));
#5211 = CARTESIAN_POINT('',(1.571518495981,48.069111199928));
#5212 = CARTESIAN_POINT('',(1.571518521833,48.154072441354));
#5213 = CARTESIAN_POINT('',(1.571517598552,48.33089163669));
#5214 = CARTESIAN_POINT('',(1.571516570803,48.422795910712));
#5215 = CARTESIAN_POINT('',(1.571515057411,48.514693754005));
#5216 = CARTESIAN_POINT('',(1.571513412937,48.606581477747));
#5217 = CARTESIAN_POINT('',(1.571512055665,48.698470071174));
#5218 = CARTESIAN_POINT('',(1.571511300191,48.790369945631));
#5219 = CARTESIAN_POINT('',(1.57151125109,48.882275886989));
#5220 = CARTESIAN_POINT('',(1.571512320383,49.076216167558));
#5221 = CARTESIAN_POINT('',(1.571513575636,49.17832768119));
#5222 = CARTESIAN_POINT('',(1.571515358137,49.280425100208));
#5223 = CARTESIAN_POINT('',(1.571517197955,49.382507835518));
#5224 = CARTESIAN_POINT('',(1.57151845643,49.484589961887));
#5225 = CARTESIAN_POINT('',(1.571518769244,49.586686052064));
#5226 = CARTESIAN_POINT('',(1.571518316184,49.688796790784));
#5227 = CARTESIAN_POINT('',(1.571516040859,49.952987300563));
#5228 = CARTESIAN_POINT('',(1.571513486658,50.115489055672));
#5229 = CARTESIAN_POINT('',(1.571511812949,50.277754364771));
#5230 = CARTESIAN_POINT('',(1.57151117745,50.439914364929));
#5231 = CARTESIAN_POINT('',(1.571519409592,50.602075640176));
#5232 = CARTESIAN_POINT('',(1.57151479142,50.764345254368));
#5233 = CARTESIAN_POINT('',(1.57151409384,50.926845621508));
#5234 = CARTESIAN_POINT('',(1.571515154811,51.22013644218));
#5235 = CARTESIAN_POINT('',(1.571517618403,51.351430156544));
#5236 = CARTESIAN_POINT('',(1.571506109303,51.482642949662));
#5237 = CARTESIAN_POINT('',(1.571523571291,51.613814925998));
#5238 = CARTESIAN_POINT('',(1.571512524693,51.744990547664));
#5239 = CARTESIAN_POINT('',(1.57151510091,51.876216344257));
#5240 = CARTESIAN_POINT('',(1.571513441455,52.007520858264));
#5241 = CARTESIAN_POINT('',(1.571513469813,52.138685694519));
#5242 = ( GEOMETRIC_REPRESENTATION_CONTEXT(2) 
PARAMETRIC_REPRESENTATION_CONTEXT() REPRESENTATION_CONTEXT('2D SPACE',''
  ) );
#5243 = PCURVE('',#3720,#5244);
#5244 = DEFINITIONAL_REPRESENTATION('',(#5245),#5311);
#5245 = B_SPLINE_CURVE_WITH_KNOTS('',8,(#5246,#5247,#5248,#5249,#5250,
    #5251,#5252,#5253,#5254,#5255,#5256,#5257,#5258,#5259,#5260,#5261,
    #5262,#5263,#5264,#5265,#5266,#5267,#5268,#5269,#5270,#5271,#5272,
    #5273,#5274,#5275,#5276,#5277,#5278,#5279,#5280,#5281,#5282,#5283,
    #5284,#5285,#5286,#5287,#5288,#5289,#5290,#5291,#5292,#5293,#5294,
    #5295,#5296,#5297,#5298,#5299,#5300,#5301,#5302,#5303,#5304,#5305,
    #5306,#5307,#5308,#5309,#5310),.UNSPECIFIED.,.F.,.F.,(9,7,7,7,7,7,7,
    7,7,9),(0.,0.113072354142,0.233975318696,0.286932600348,
    0.385278718078,0.47653695004,0.575245354304,0.684898948508,
    0.859078255387,1.),.UNSPECIFIED.);
#5246 = CARTESIAN_POINT('',(0.,-26.30000009772));
#5247 = CARTESIAN_POINT('',(-8.877597007219E-02,-26.35651671206));
#5248 = CARTESIAN_POINT('',(-0.177581060814,-26.41305187686));
#5249 = CARTESIAN_POINT('',(-0.266365464472,-26.46957385287));
#5250 = CARTESIAN_POINT('',(-0.355134455488,-26.52608594367));
#5251 = CARTESIAN_POINT('',(-0.443905299229,-26.5825990915));
#5252 = CARTESIAN_POINT('',(-0.532694729739,-26.63912397145));
#5253 = CARTESIAN_POINT('',(-0.621505383633,-26.69566237191));
#5254 = CARTESIAN_POINT('',(-0.805201658496,-26.81260678355));
#5255 = CARTESIAN_POINT('',(-0.900174338309,-26.87306823038));
#5256 = CARTESIAN_POINT('',(-0.995119424683,-26.93351231421));
#5257 = CARTESIAN_POINT('',(-1.090044169217,-26.99394370681));
#5258 = CARTESIAN_POINT('',(-1.184969134948,-27.05437546106));
#5259 = CARTESIAN_POINT('',(-1.279915216379,-27.11482040206));
#5260 = CARTESIAN_POINT('',(-1.37488733714,-27.17528114157));
#5261 = CARTESIAN_POINT('',(-1.511381319303,-27.26217534577));
#5262 = CARTESIAN_POINT('',(-1.552961201738,-27.2886458435));
#5263 = CARTESIAN_POINT('',(-1.594543182865,-27.31511769081));
#5264 = CARTESIAN_POINT('',(-1.636125732547,-27.34158986624));
#5265 = CARTESIAN_POINT('',(-1.67770793857,-27.36806177496));
#5266 = CARTESIAN_POINT('',(-1.719289506638,-27.39453324873));
#5267 = CARTESIAN_POINT('',(-1.760870760377,-27.42100454599));
#5268 = CARTESIAN_POINT('',(-1.879673685014,-27.49663671734));
#5269 = CARTESIAN_POINT('',(-1.956910381187,-27.54580727321));
#5270 = CARTESIAN_POINT('',(-2.034138688385,-27.59497270092));
#5271 = CARTESIAN_POINT('',(-2.111357548303,-27.64413213681));
#5272 = CARTESIAN_POINT('',(-2.188577281835,-27.69329199273));
#5273 = CARTESIAN_POINT('',(-2.265807774053,-27.74245852726));
#5274 = CARTESIAN_POINT('',(-2.343046448147,-27.79163016705));
#5275 = CARTESIAN_POINT('',(-2.491920329677,-27.88640603078));
#5276 = CARTESIAN_POINT('',(-2.563589636634,-27.93203197658));
#5277 = CARTESIAN_POINT('',(-2.635255161457,-27.97765549613));
#5278 = CARTESIAN_POINT('',(-2.70691487723,-28.02327534877));
#5279 = CARTESIAN_POINT('',(-2.778574991019,-28.06889551632));
#5280 = CARTESIAN_POINT('',(-2.85024147376,-28.11451980041));
#5281 = CARTESIAN_POINT('',(-2.921911646878,-28.16014647405));
#5282 = CARTESIAN_POINT('',(-3.071069733898,-28.25510355783));
#5283 = CARTESIAN_POINT('',(-3.148596716402,-28.30445884322));
#5284 = CARTESIAN_POINT('',(-3.226118275526,-28.35381067511));
#5285 = CARTESIAN_POINT('',(-3.303631345079,-28.40315707251));
#5286 = CARTESIAN_POINT('',(-3.381145211851,-28.45250393695));
#5287 = CARTESIAN_POINT('',(-3.458668637816,-28.50185685964));
#5288 = CARTESIAN_POINT('',(-3.536197182945,-28.55121304043));
#5289 = CARTESIAN_POINT('',(-3.699798183153,-28.65536464815));
#5290 = CARTESIAN_POINT('',(-3.785935733925,-28.71020152));
#5291 = CARTESIAN_POINT('',(-3.872061338833,-28.76503082263));
#5292 = CARTESIAN_POINT('',(-3.958174476615,-28.81985223966));
#5293 = CARTESIAN_POINT('',(-4.044287069412,-28.87467332968));
#5294 = CARTESIAN_POINT('',(-4.130411501019,-28.92950191868));
#5295 = CARTESIAN_POINT('',(-4.216548411651,-28.98433837437));
#5296 = CARTESIAN_POINT('',(-4.439410216491,-29.12621641155));
#5297 = CARTESIAN_POINT('',(-4.576491259695,-29.21348461083));
#5298 = CARTESIAN_POINT('',(-4.713373034334,-29.30062583164));
#5299 = CARTESIAN_POINT('',(-4.850165935645,-29.38771049853));
#5300 = CARTESIAN_POINT('',(-4.98695830893,-29.47479585013));
#5301 = CARTESIAN_POINT('',(-5.123840322973,-29.56193938293));
#5302 = CARTESIAN_POINT('',(-5.260920558148,-29.64920683682));
#5303 = CARTESIAN_POINT('',(-5.508331516426,-29.80671259277));
#5304 = CARTESIAN_POINT('',(-5.619085147361,-29.87722116064));
#5305 = CARTESIAN_POINT('',(-5.729775259292,-29.94768627142));
#5306 = CARTESIAN_POINT('',(-5.840425573889,-30.0181294624));
#5307 = CARTESIAN_POINT('',(-5.951078806824,-30.08857461103));
#5308 = CARTESIAN_POINT('',(-6.06177596028,-30.15904670506));
#5309 = CARTESIAN_POINT('',(-6.172539322188,-30.22956107264));
#5310 = CARTESIAN_POINT('',(-6.28318530718,-30.30000042919));
#5311 = ( GEOMETRIC_REPRESENTATION_CONTEXT(2) 
PARAMETRIC_REPRESENTATION_CONTEXT() REPRESENTATION_CONTEXT('2D SPACE',''
  ) );
#5312 = ORIENTED_EDGE('',*,*,#5313,.F.);
#5313 = EDGE_CURVE('',#5314,#5105,#5316,.T.);
#5314 = VERTEX_POINT('',#5315);
#5315 = CARTESIAN_POINT('',(7.,0.,31.299999999999));
#5316 = SURFACE_CURVE('',#5317,(#5383,#5452),.PCURVE_S1.);
#5317 = B_SPLINE_CURVE_WITH_KNOTS('',8,(#5318,#5319,#5320,#5321,#5322,
    #5323,#5324,#5325,#5326,#5327,#5328,#5329,#5330,#5331,#5332,#5333,
    #5334,#5335,#5336,#5337,#5338,#5339,#5340,#5341,#5342,#5343,#5344,
    #5345,#5346,#5347,#5348,#5349,#5350,#5351,#5352,#5353,#5354,#5355,
    #5356,#5357,#5358,#5359,#5360,#5361,#5362,#5363,#5364,#5365,#5366,
    #5367,#5368,#5369,#5370,#5371,#5372,#5373,#5374,#5375,#5376,#5377,
    #5378,#5379,#5380,#5381,#5382),.UNSPECIFIED.,.F.,.F.,(9,7,7,7,7,7,7,
    7,7,9),(0.,0.117885876571,0.235954682683,0.335267664648,
    0.433796056526,0.572899038374,0.63192601301,0.696287391279,
    0.840850328763,1.),.UNSPECIFIED.);
#5318 = CARTESIAN_POINT('',(7.,0.,31.299999999999));
#5319 = CARTESIAN_POINT('',(7.,0.647910631949,31.35892466384));
#5320 = CARTESIAN_POINT('',(6.931463097055,1.296146715969,
    31.417878014177));
#5321 = CARTESIAN_POINT('',(6.794269334387,1.935751700148,
    31.476816544202));
#5322 = CARTESIAN_POINT('',(6.589843209505,2.558273038812,
    31.535743089671));
#5323 = CARTESIAN_POINT('',(6.320682212093,3.155655732459,
    31.594669090507));
#5324 = CARTESIAN_POINT('',(5.990382364465,3.720275609368,
    31.653606686525));
#5325 = CARTESIAN_POINT('',(5.603591103397,4.244946578829,
    31.712559659666));
#5326 = CARTESIAN_POINT('',(4.728558185433,5.202100159924,
    31.830502794992));
#5327 = CARTESIAN_POINT('',(4.239750165006,5.634886785567,
    31.889548063064));
#5328 = CARTESIAN_POINT('',(3.70596343218,6.014808559242,31.948577901398
    ));
#5329 = CARTESIAN_POINT('',(3.133975046053,6.336568239303,
    32.007596120324));
#5330 = CARTESIAN_POINT('',(2.531096383996,6.595882945105,
    32.066614899084));
#5331 = CARTESIAN_POINT('',(1.90516978831,6.789534891767,32.125646063094
    ));
#5332 = CARTESIAN_POINT('',(1.264531224437,6.915348724316,
    32.184692222707));
#5333 = CARTESIAN_POINT('',(7.445714314981E-02,7.02085363694,
    32.293348952963));
#5334 = CARTESIAN_POINT('',(-0.473666341131,7.020614145189,
    32.343001540324));
#5335 = CARTESIAN_POINT('',(-1.020982500713,6.97143215402,
    32.392648829705));
#5336 = CARTESIAN_POINT('',(-1.562394475481,6.873539939873,
    32.442289606322));
#5337 = CARTESIAN_POINT('',(-2.092926398656,6.727773806341,
    32.491930504241));
#5338 = CARTESIAN_POINT('',(-2.607727440531,6.535529428627,
    32.541578032626));
#5339 = CARTESIAN_POINT('',(-3.10209594468,6.298802854999,
    32.591230567012));
#5340 = CARTESIAN_POINT('',(-4.037242806801,5.744031561591,
    32.69011788149));
#5341 = CARTESIAN_POINT('',(-4.47864712511,5.426505585066,
    32.739376995315));
#5342 = CARTESIAN_POINT('',(-4.891305190505,5.070324902419,
    32.788631414719));
#5343 = CARTESIAN_POINT('',(-5.271305103868,4.678575677687,
    32.837879800856));
#5344 = CARTESIAN_POINT('',(-5.61516975917,4.254753916898,
    32.887128168291));
#5345 = CARTESIAN_POINT('',(-5.91983634441,3.802729876429,
    32.936382210014));
#5346 = CARTESIAN_POINT('',(-6.182700072347,3.326767535,32.985639487573)
  );
#5347 = CARTESIAN_POINT('',(-6.710938827299,2.132517367921,
    33.104401639091));
#5348 = CARTESIAN_POINT('',(-6.933201495755,1.394181359556,
    33.173987510097));
#5349 = CARTESIAN_POINT('',(-7.062143386726,0.630208218184,
    33.243536518364));
#5350 = CARTESIAN_POINT('',(-7.094816877123,-0.14558766306,
    33.313061079787));
#5351 = CARTESIAN_POINT('',(-7.030344063953,-0.919387680508,
    33.382585747668));
#5352 = CARTESIAN_POINT('',(-6.870172372457,-1.677422287138,
    33.452135098497));
#5353 = CARTESIAN_POINT('',(-6.6178110841,-2.40601824399,33.521721523334
    ));
#5354 = CARTESIAN_POINT('',(-6.136896773256,-3.382856518111,
    33.620743733222));
#5355 = CARTESIAN_POINT('',(-5.978181825327,-3.666326020146,
    33.650247930491));
#5356 = CARTESIAN_POINT('',(-5.804527407796,-3.941250420524,
    33.679752123728));
#5357 = CARTESIAN_POINT('',(-5.616486790798,-4.206695032626,
    33.709254360964));
#5358 = CARTESIAN_POINT('',(-5.414665265636,-4.461784945104,
    33.738754193803));
#5359 = CARTESIAN_POINT('',(-5.199720144777,-4.705705021882,
    33.768252677431));
#5360 = CARTESIAN_POINT('',(-4.972360761856,-4.937699902161,
    33.797752370612));
#5361 = CARTESIAN_POINT('',(-4.472736090399,-5.396273441122,
    33.859428732402));
#5362 = CARTESIAN_POINT('',(-4.198269697498,-5.620452843548,
    33.891603546456));
#5363 = CARTESIAN_POINT('',(-3.910992233627,-5.828653293076,
    33.923780365665));
#5364 = CARTESIAN_POINT('',(-3.612002575436,-6.020015140042,
    33.955958035379));
#5365 = CARTESIAN_POINT('',(-3.302455535569,-6.193777999729,
    33.988135658481));
#5366 = CARTESIAN_POINT('',(-2.983561862661,-6.349280752373,
    34.020312595384));
#5367 = CARTESIAN_POINT('',(-2.65658824134,-6.485961543157,
    34.052488464033));
#5368 = CARTESIAN_POINT('',(-1.573259821969,-6.867043017433,
    34.156931102183));
#5369 = CARTESIAN_POINT('',(-0.788584121706,-7.033785164097,
    34.22928275288));
#5370 = CARTESIAN_POINT('',(1.526108510355E-02,-7.097547256698,
    34.301590966809));
#5371 = CARTESIAN_POINT('',(0.822481749535,-7.056401545259,
    34.373870225513));
#5372 = CARTESIAN_POINT('',(1.617524244086,-6.910787425175,
    34.446149669972));
#5373 = CARTESIAN_POINT('',(2.385158427377,-6.663867262393,
    34.518457408006));
#5374 = CARTESIAN_POINT('',(3.110492067936,-6.321106037345,
    34.59081262015));
#5375 = CARTESIAN_POINT('',(4.51581004464,-5.419675282277,
    34.742653758127));
#5376 = CARTESIAN_POINT('',(5.185934000138,-4.841362257179,
    34.822348906548));
#5377 = CARTESIAN_POINT('',(5.769946418095,-4.168989892126,
    34.901967240325));
#5378 = CARTESIAN_POINT('',(6.253342475237,-3.418082157663,
    34.981543947549));
#5379 = CARTESIAN_POINT('',(6.624400866836,-2.605773899176,
    35.061120271645));
#5380 = CARTESIAN_POINT('',(6.875033410005,-1.751177028908,
    35.140738289106));
#5381 = CARTESIAN_POINT('',(7.,-0.874879729988,35.220433456551));
#5382 = CARTESIAN_POINT('',(7.,5.329070518201E-15,35.300000097726));
#5383 = PCURVE('',#692,#5384);
#5384 = DEFINITIONAL_REPRESENTATION('',(#5385),#5451);
#5385 = B_SPLINE_CURVE_WITH_KNOTS('',8,(#5386,#5387,#5388,#5389,#5390,
    #5391,#5392,#5393,#5394,#5395,#5396,#5397,#5398,#5399,#5400,#5401,
    #5402,#5403,#5404,#5405,#5406,#5407,#5408,#5409,#5410,#5411,#5412,
    #5413,#5414,#5415,#5416,#5417,#5418,#5419,#5420,#5421,#5422,#5423,
    #5424,#5425,#5426,#5427,#5428,#5429,#5430,#5431,#5432,#5433,#5434,
    #5435,#5436,#5437,#5438,#5439,#5440,#5441,#5442,#5443,#5444,#5445,
    #5446,#5447,#5448,#5449,#5450),.UNSPECIFIED.,.F.,.F.,(9,7,7,7,7,7,7,
    7,7,9),(0.,0.117885876571,0.235954682683,0.335267664648,
    0.433796056526,0.572899038374,0.63192601301,0.696287391279,
    0.840850328763,1.),.UNSPECIFIED.);
#5386 = CARTESIAN_POINT('',(1.571514235759,37.241917782372));
#5387 = CARTESIAN_POINT('',(1.57151452783,37.351641156682));
#5388 = CARTESIAN_POINT('',(1.571517250687,37.461417947975));
#5389 = CARTESIAN_POINT('',(1.57150985551,37.571167142478));
#5390 = CARTESIAN_POINT('',(1.571521606973,37.680894020519));
#5391 = CARTESIAN_POINT('',(1.571512781154,37.790619884466));
#5392 = CARTESIAN_POINT('',(1.571515222473,37.900367339711));
#5393 = CARTESIAN_POINT('',(1.571513663157,38.010143428655));
#5394 = CARTESIAN_POINT('',(1.571513121338,38.229764856097));
#5395 = CARTESIAN_POINT('',(1.571513429842,38.339712807045));
#5396 = CARTESIAN_POINT('',(1.57151461466,38.449632026337));
#5397 = CARTESIAN_POINT('',(1.571516548417,38.559529609169));
#5398 = CARTESIAN_POINT('',(1.571518197936,38.669428234506));
#5399 = CARTESIAN_POINT('',(1.571518877096,38.779349922341));
#5400 = CARTESIAN_POINT('',(1.571518562948,38.889299533422));
#5401 = CARTESIAN_POINT('',(1.571516738252,39.091628784147));
#5402 = CARTESIAN_POINT('',(1.571515431518,39.184086662948));
#5403 = CARTESIAN_POINT('',(1.571513812544,39.276534676412));
#5404 = CARTESIAN_POINT('',(1.571512301222,39.368970562493));
#5405 = CARTESIAN_POINT('',(1.571511300427,39.461406674451));
#5406 = CARTESIAN_POINT('',(1.571511026735,39.553855132966));
#5407 = CARTESIAN_POINT('',(1.571511447895,39.646312913124));
#5408 = CARTESIAN_POINT('',(1.571513199282,39.830450574888));
#5409 = CARTESIAN_POINT('',(1.571514520533,39.922175768234));
#5410 = CARTESIAN_POINT('',(1.571516110275,40.013892220128));
#5411 = CARTESIAN_POINT('',(1.571517550275,40.105597437508));
#5412 = CARTESIAN_POINT('',(1.571518463117,40.197302620062));
#5413 = CARTESIAN_POINT('',(1.571518675711,40.289018368681));
#5414 = CARTESIAN_POINT('',(1.571518267785,40.380740142728));
#5415 = CARTESIAN_POINT('',(1.571516428953,40.601886656843));
#5416 = CARTESIAN_POINT('',(1.571514625101,40.731462221176));
#5417 = CARTESIAN_POINT('',(1.571512860036,40.86096914357));
#5418 = CARTESIAN_POINT('',(1.571512058809,40.990430543609));
#5419 = CARTESIAN_POINT('',(1.571513926559,41.119892141829));
#5420 = CARTESIAN_POINT('',(1.571515375625,41.249399702114));
#5421 = CARTESIAN_POINT('',(1.571515416314,41.378976297739));
#5422 = CARTESIAN_POINT('',(1.571514914492,41.563365147703));
#5423 = CARTESIAN_POINT('',(1.571514618518,41.618304792148));
#5424 = CARTESIAN_POINT('',(1.571514416836,41.673244429088));
#5425 = CARTESIAN_POINT('',(1.571514432373,41.728180423764));
#5426 = CARTESIAN_POINT('',(1.571514670217,41.783111941223));
#5427 = CARTESIAN_POINT('',(1.571515017618,41.838040946322));
#5428 = CARTESIAN_POINT('',(1.571515243989,41.892972203724));
#5429 = CARTESIAN_POINT('',(1.571514735852,42.00781950347));
#5430 = CARTESIAN_POINT('',(1.571514564625,42.067732092452));
#5431 = CARTESIAN_POINT('',(1.571514532718,42.127648415226));
#5432 = CARTESIAN_POINT('',(1.571514643475,42.187566321722));
#5433 = CARTESIAN_POINT('',(1.571514858097,42.247484141422));
#5434 = CARTESIAN_POINT('',(1.571515095637,42.307400683353));
#5435 = CARTESIAN_POINT('',(1.571515233002,42.367315236094));
#5436 = CARTESIAN_POINT('',(1.571514817338,42.561797443243));
#5437 = CARTESIAN_POINT('',(1.571513792238,42.696523154574));
#5438 = CARTESIAN_POINT('',(1.571512200235,42.83116798249));
#5439 = CARTESIAN_POINT('',(1.57151244601,42.965758893005));
#5440 = CARTESIAN_POINT('',(1.571515095129,43.100350149346));
#5441 = CARTESIAN_POINT('',(1.571517345385,43.234994091131));
#5442 = CARTESIAN_POINT('',(1.571518461715,43.369726434226));
#5443 = CARTESIAN_POINT('',(1.571518176424,43.652469193049));
#5444 = CARTESIAN_POINT('',(1.571516517465,43.8008692013));
#5445 = CARTESIAN_POINT('',(1.571513328458,43.949126173269));
#5446 = CARTESIAN_POINT('',(1.571509868762,44.097305632764));
#5447 = CARTESIAN_POINT('',(1.571509622728,44.245484378726));
#5448 = CARTESIAN_POINT('',(1.571511793262,44.393740761691));
#5449 = CARTESIAN_POINT('',(1.571514420504,44.542140805375));
#5450 = CARTESIAN_POINT('',(1.571516339512,44.690301520823));
#5451 = ( GEOMETRIC_REPRESENTATION_CONTEXT(2) 
PARAMETRIC_REPRESENTATION_CONTEXT() REPRESENTATION_CONTEXT('2D SPACE',''
  ) );
#5452 = PCURVE('',#3506,#5453);
#5453 = DEFINITIONAL_REPRESENTATION('',(#5454),#5520);
#5454 = B_SPLINE_CURVE_WITH_KNOTS('',8,(#5455,#5456,#5457,#5458,#5459,
    #5460,#5461,#5462,#5463,#5464,#5465,#5466,#5467,#5468,#5469,#5470,
    #5471,#5472,#5473,#5474,#5475,#5476,#5477,#5478,#5479,#5480,#5481,
    #5482,#5483,#5484,#5485,#5486,#5487,#5488,#5489,#5490,#5491,#5492,
    #5493,#5494,#5495,#5496,#5497,#5498,#5499,#5500,#5501,#5502,#5503,
    #5504,#5505,#5506,#5507,#5508,#5509,#5510,#5511,#5512,#5513,#5514,
    #5515,#5516,#5517,#5518,#5519),.UNSPECIFIED.,.F.,.F.,(9,7,7,7,7,7,7,
    7,7,9),(0.,0.117885876571,0.235954682683,0.335267664648,
    0.433796056526,0.572899038374,0.63192601301,0.696287391279,
    0.840850328763,1.),.UNSPECIFIED.);
#5455 = CARTESIAN_POINT('',(0.,-22.29999999999));
#5456 = CARTESIAN_POINT('',(-9.255866170703E-02,-22.35892466384));
#5457 = CARTESIAN_POINT('',(-0.185163774865,-22.41787801417));
#5458 = CARTESIAN_POINT('',(-0.277744486472,-22.4768165442));
#5459 = CARTESIAN_POINT('',(-0.370305376478,-22.53574308967));
#5460 = CARTESIAN_POINT('',(-0.462865320014,-22.5946690905));
#5461 = CARTESIAN_POINT('',(-0.555443687764,-22.65360668652));
#5462 = CARTESIAN_POINT('',(-0.648046531445,-22.71255965966));
#5463 = CARTESIAN_POINT('',(-0.833311129059,-22.83050279499));
#5464 = CARTESIAN_POINT('',(-0.926059444798,-22.88954806306));
#5465 = CARTESIAN_POINT('',(-1.018783708403,-22.94857790139));
#5466 = CARTESIAN_POINT('',(-1.111489687658,-23.00759612032));
#5467 = CARTESIAN_POINT('',(-1.204196335289,-23.06661489908));
#5468 = CARTESIAN_POINT('',(-1.29692226993,-23.12564606309));
#5469 = CARTESIAN_POINT('',(-1.389671666675,-23.1846922227));
#5470 = CARTESIAN_POINT('',(-1.560349044965,-23.29334895296));
#5471 = CARTESIAN_POINT('',(-1.638343031988,-23.34300154032));
#5472 = CARTESIAN_POINT('',(-1.716328723608,-23.3926488297));
#5473 = CARTESIAN_POINT('',(-1.7943042433,-23.44228960632));
#5474 = CARTESIAN_POINT('',(-1.872280010787,-23.49193050424));
#5475 = CARTESIAN_POINT('',(-1.950266217229,-23.54157803262));
#5476 = CARTESIAN_POINT('',(-2.028260266686,-23.59123056701));
#5477 = CARTESIAN_POINT('',(-2.183592093308,-23.69011788149));
#5478 = CARTESIAN_POINT('',(-2.260968094244,-23.73937699531));
#5479 = CARTESIAN_POINT('',(-2.338336669114,-23.78863141471));
#5480 = CARTESIAN_POINT('',(-2.415695721563,-23.83787980085));
#5481 = CARTESIAN_POINT('',(-2.4930547376,-23.88712816829));
#5482 = CARTESIAN_POINT('',(-2.57042271753,-23.93638221001));
#5483 = CARTESIAN_POINT('',(-2.647795878619,-23.98563948757));
#5484 = CARTESIAN_POINT('',(-2.834347269131,-24.10440163909));
#5485 = CARTESIAN_POINT('',(-2.943652819002,-24.17398751009));
#5486 = CARTESIAN_POINT('',(-3.052900631468,-24.24353651836));
#5487 = CARTESIAN_POINT('',(-3.162110033161,-24.31306107978));
#5488 = CARTESIAN_POINT('',(-3.271319172212,-24.38258574766));
#5489 = CARTESIAN_POINT('',(-3.380566170536,-24.45213509849));
#5490 = CARTESIAN_POINT('',(-3.489871441106,-24.52172152333));
#5491 = CARTESIAN_POINT('',(-3.645414701587,-24.62074373322));
#5492 = CARTESIAN_POINT('',(-3.691759844251,-24.65024793049));
#5493 = CARTESIAN_POINT('',(-3.738105081768,-24.67975212372));
#5494 = CARTESIAN_POINT('',(-3.784447280602,-24.70925436096));
#5495 = CARTESIAN_POINT('',(-3.83078569639,-24.7387541938));
#5496 = CARTESIAN_POINT('',(-3.877121973948,-24.76825267743));
#5497 = CARTESIAN_POINT('',(-3.923460147268,-24.79775237061));
#5498 = CARTESIAN_POINT('',(-4.020341571001,-24.8594287324));
#5499 = CARTESIAN_POINT('',(-4.070882009439,-24.89160354645));
#5500 = CARTESIAN_POINT('',(-4.121425561578,-24.92378036566));
#5501 = CARTESIAN_POINT('',(-4.171970301628,-24.95595803537));
#5502 = CARTESIAN_POINT('',(-4.222514771263,-24.98813565848));
#5503 = CARTESIAN_POINT('',(-4.273057979619,-25.02031259538));
#5504 = CARTESIAN_POINT('',(-4.323599403296,-25.05248846403));
#5505 = CARTESIAN_POINT('',(-4.487656607994,-25.15693110218));
#5506 = CARTESIAN_POINT('',(-4.601305612183,-25.22928275288));
#5507 = CARTESIAN_POINT('',(-4.71488689899,-25.3015909668));
#5508 = CARTESIAN_POINT('',(-4.828423534775,-25.37387022551));
#5509 = CARTESIAN_POINT('',(-4.941960395161,-25.44614966997));
#5510 = CARTESIAN_POINT('',(-5.055541445292,-25.518457408));
#5511 = CARTESIAN_POINT('',(-5.16919681742,-25.59081262015));
#5512 = CARTESIAN_POINT('',(-5.407708188039,-25.74265375812));
#5513 = CARTESIAN_POINT('',(-5.532892804588,-25.82234890654));
#5514 = CARTESIAN_POINT('',(-5.657956735781,-25.90196724032));
#5515 = CARTESIAN_POINT('',(-5.782955562762,-25.98154394754));
#5516 = CARTESIAN_POINT('',(-5.907954020244,-26.06112027164));
#5517 = CARTESIAN_POINT('',(-6.033017743387,-26.1407382891));
#5518 = CARTESIAN_POINT('',(-6.15820248861,-26.22043345655));
#5519 = CARTESIAN_POINT('',(-6.28318530718,-26.30000009772));
#5520 = ( GEOMETRIC_REPRESENTATION_CONTEXT(2) 
PARAMETRIC_REPRESENTATION_CONTEXT() REPRESENTATION_CONTEXT('2D SPACE',''
  ) );
#5521 = ORIENTED_EDGE('',*,*,#5522,.F.);
#5522 = EDGE_CURVE('',#5523,#5314,#5525,.T.);
#5523 = VERTEX_POINT('',#5524);
#5524 = CARTESIAN_POINT('',(7.,0.,27.299999909146));
#5525 = SURFACE_CURVE('',#5526,(#5585,#5647),.PCURVE_S1.);
#5526 = B_SPLINE_CURVE_WITH_KNOTS('',8,(#5527,#5528,#5529,#5530,#5531,
    #5532,#5533,#5534,#5535,#5536,#5537,#5538,#5539,#5540,#5541,#5542,
    #5543,#5544,#5545,#5546,#5547,#5548,#5549,#5550,#5551,#5552,#5553,
    #5554,#5555,#5556,#5557,#5558,#5559,#5560,#5561,#5562,#5563,#5564,
    #5565,#5566,#5567,#5568,#5569,#5570,#5571,#5572,#5573,#5574,#5575,
    #5576,#5577,#5578,#5579,#5580,#5581,#5582,#5583,#5584),
  .UNSPECIFIED.,.F.,.F.,(9,7,7,7,7,7,7,7,9),(0.,0.133896717156,
    0.282758153628,0.391186195828,0.509347879346,0.624952812744,
    0.75558251212,0.88331675565,1.),.UNSPECIFIED.);
#5527 = CARTESIAN_POINT('',(7.,0.,27.299999909146));
#5528 = CARTESIAN_POINT('',(7.,0.735897501232,27.366926693098));
#5529 = CARTESIAN_POINT('',(6.911584344493,1.472419832128,
    27.433910199326));
#5530 = CARTESIAN_POINT('',(6.734491601603,2.196220416424,
    27.500864362083));
#5531 = CARTESIAN_POINT('',(6.471177309342,2.894934456779,
    27.567797120777));
#5532 = CARTESIAN_POINT('',(6.125769315662,3.556914443365,
    27.634729360222));
#5533 = CARTESIAN_POINT('',(5.704209995864,4.171326866633,
    27.701681602742));
#5534 = CARTESIAN_POINT('',(5.214059959085,4.728126930332,
    27.768664469521));
#5535 = CARTESIAN_POINT('',(4.055430984038,5.763932107402,
    27.910005877789));
#5536 = CARTESIAN_POINT('',(3.371866874636,6.228429008381,
    27.984507530068));
#5537 = CARTESIAN_POINT('',(2.628299012819,6.599344027468,
    28.058955592563));
#5538 = CARTESIAN_POINT('',(1.839919194511,6.868315936359,
    28.133371597952));
#5539 = CARTESIAN_POINT('',(1.022653724771,7.029473938089,
    28.207787597686));
#5540 = CARTESIAN_POINT('',(0.193233086624,7.079936458176,
    28.282236047128));
#5541 = CARTESIAN_POINT('',(-0.630998434123,7.019349363138,
    28.356738347737));
#5542 = CARTESIAN_POINT('',(-2.015231003327,6.730081800637,
    28.485348290882));
#5543 = CARTESIAN_POINT('',(-2.586949654534,6.551370530624,
    28.539569415043));
#5544 = CARTESIAN_POINT('',(-3.140237014739,6.31719160573,
    28.593778872058));
#5545 = CARTESIAN_POINT('',(-3.668847226477,6.029877957468,
    28.647982589976));
#5546 = CARTESIAN_POINT('',(-4.166965507383,5.69247810111,
    28.702179011771));
#5547 = CARTESIAN_POINT('',(-4.629217149179,5.308764608958,
    28.756386154955));
#5548 = CARTESIAN_POINT('',(-5.050680851295,4.883210000754,
    28.810601153682));
#5549 = CARTESIAN_POINT('',(-5.837230827057,3.917712739604,
    28.923857815997));
#5550 = CARTESIAN_POINT('',(-6.194208047933,3.370503025422,
    28.982946258413));
#5551 = CARTESIAN_POINT('',(-6.492226489693,2.786472044897,
    29.042019768492));
#5552 = CARTESIAN_POINT('',(-6.727028524362,2.173112426732,
    29.101081820813));
#5553 = CARTESIAN_POINT('',(-6.895439515848,1.538302005198,
    29.160143941428));
#5554 = CARTESIAN_POINT('',(-6.99542109364,0.890285824467,
    29.219218225264));
#5555 = CARTESIAN_POINT('',(-7.026041986535,0.237641783063,
    29.278307734915));
#5556 = CARTESIAN_POINT('',(-6.950670576003,-1.044923269886,
    29.395152488124));
#5557 = CARTESIAN_POINT('',(-6.847581156056,-1.675690395572,
    29.45296901555));
#5558 = CARTESIAN_POINT('',(-6.679040355446,-2.294495491904,
    29.510774275679));
#5559 = CARTESIAN_POINT('',(-6.446824933819,-2.893420143134,
    29.568568191967));
#5560 = CARTESIAN_POINT('',(-6.153701068715,-3.464984643799,
    29.626360493816));
#5561 = CARTESIAN_POINT('',(-5.80343097394,-4.002174082044,
    29.684161775841));
#5562 = CARTESIAN_POINT('',(-5.40072023875,-4.498443110996,
    29.741975918612));
#5563 = CARTESIAN_POINT('',(-4.44404496097,-5.455823228044,
    29.865065743246));
#5564 = CARTESIAN_POINT('',(-3.876596969069,-5.904610513552,
    29.930415295286));
#5565 = CARTESIAN_POINT('',(-3.257807759933,-6.285385131365,
    29.995737231774));
#5566 = CARTESIAN_POINT('',(-2.59736079381,-6.591593067133,
    30.061038871093));
#5567 = CARTESIAN_POINT('',(-1.905572435699,-6.818215061641,
    30.126339027232));
#5568 = CARTESIAN_POINT('',(-1.193407063487,-6.961901317266,
    30.191657352095));
#5569 = CARTESIAN_POINT('',(-0.472388116538,-7.020857128237,
    30.257002861342));
#5570 = CARTESIAN_POINT('',(0.946909998681,-6.971107790686,30.3861613482
    ));
#5571 = CARTESIAN_POINT('',(1.646237328463,-6.866058459506,
    30.450057825122));
#5572 = CARTESIAN_POINT('',(2.331716252639,-6.680778122021,
    30.513930515428));
#5573 = CARTESIAN_POINT('',(2.992697299444,-6.41764170082,
    30.577786366939));
#5574 = CARTESIAN_POINT('',(3.619141493906,-6.080424637828,
    30.641642686919));
#5575 = CARTESIAN_POINT('',(4.201696602326,-5.674385997235,
    30.705516649697));
#5576 = CARTESIAN_POINT('',(4.73168375001,-5.206163206931,30.76941450623
    ));
#5577 = CARTESIAN_POINT('',(5.630752610981,-4.207847760211,
    30.891598947421));
#5578 = CARTESIAN_POINT('',(6.010265512426,-3.686082532877,
    30.949957511183));
#5579 = CARTESIAN_POINT('',(6.334192443455,-3.125510331938,
    31.00830216709));
#5580 = CARTESIAN_POINT('',(6.598056344283,-2.533136537664,
    31.066635386209));
#5581 = CARTESIAN_POINT('',(6.798402528808,-1.916380138246,
    31.124968288098));
#5582 = CARTESIAN_POINT('',(6.932836974025,-1.283064748656,
    31.183311760645));
#5583 = CARTESIAN_POINT('',(7.,-0.641383840546,31.241668919549));
#5584 = CARTESIAN_POINT('',(7.,0.,31.299999999999));
#5585 = PCURVE('',#692,#5586);
#5586 = DEFINITIONAL_REPRESENTATION('',(#5587),#5646);
#5587 = B_SPLINE_CURVE_WITH_KNOTS('',8,(#5588,#5589,#5590,#5591,#5592,
    #5593,#5594,#5595,#5596,#5597,#5598,#5599,#5600,#5601,#5602,#5603,
    #5604,#5605,#5606,#5607,#5608,#5609,#5610,#5611,#5612,#5613,#5614,
    #5615,#5616,#5617,#5618,#5619,#5620,#5621,#5622,#5623,#5624,#5625,
    #5626,#5627,#5628,#5629,#5630,#5631,#5632,#5633,#5634,#5635,#5636,
    #5637,#5638,#5639,#5640,#5641,#5642,#5643,#5644,#5645),
  .UNSPECIFIED.,.F.,.F.,(9,7,7,7,7,7,7,7,9),(0.,0.133896717156,
    0.282758153628,0.391186195828,0.509347879346,0.624952812744,
    0.75558251212,0.88331675565,1.),.UNSPECIFIED.);
#5588 = CARTESIAN_POINT('',(1.571516392019,29.793534056719));
#5589 = CARTESIAN_POINT('',(1.571514756995,29.918158145984));
#5590 = CARTESIAN_POINT('',(1.571512627584,30.042887857573));
#5591 = CARTESIAN_POINT('',(1.571510715043,30.167562928816));
#5592 = CARTESIAN_POINT('',(1.571510065564,30.292198143666));
#5593 = CARTESIAN_POINT('',(1.571511369501,30.416832391533));
#5594 = CARTESIAN_POINT('',(1.571513593373,30.541503887092));
#5595 = CARTESIAN_POINT('',(1.571515679032,30.666232407967));
#5596 = CARTESIAN_POINT('',(1.571518567839,30.929423663277));
#5597 = CARTESIAN_POINT('',(1.571519198496,31.068152883727));
#5598 = CARTESIAN_POINT('',(1.5715181922,31.206782314851));
#5599 = CARTESIAN_POINT('',(1.571515322563,31.345352052509));
#5600 = CARTESIAN_POINT('',(1.571512751694,31.483921779767));
#5601 = CARTESIAN_POINT('',(1.57151280435,31.6225519314));
#5602 = CARTESIAN_POINT('',(1.571513719518,31.761282359094));
#5603 = CARTESIAN_POINT('',(1.571515066963,32.000766405522));
#5604 = CARTESIAN_POINT('',(1.571515564669,32.101731337926));
#5605 = CARTESIAN_POINT('',(1.571515299619,32.202674544982));
#5606 = CARTESIAN_POINT('',(1.571515887168,32.303607065297));
#5607 = CARTESIAN_POINT('',(1.571510896895,32.404525999527));
#5608 = CARTESIAN_POINT('',(1.571517030379,32.505464898008));
#5609 = CARTESIAN_POINT('',(1.571515065834,32.606418424266));
#5610 = CARTESIAN_POINT('',(1.571514334487,32.817313189579));
#5611 = CARTESIAN_POINT('',(1.571514502706,32.927341535296));
#5612 = CARTESIAN_POINT('',(1.571516155319,33.037342075568));
#5613 = CARTESIAN_POINT('',(1.571515677747,33.147321280403));
#5614 = CARTESIAN_POINT('',(1.571514484754,33.257300612393));
#5615 = CARTESIAN_POINT('',(1.571513478862,33.367302593488));
#5616 = CARTESIAN_POINT('',(1.571513207202,33.477332926499));
#5617 = CARTESIAN_POINT('',(1.571513983415,33.694909061111));
#5618 = CARTESIAN_POINT('',(1.571515005679,33.80256897915));
#5619 = CARTESIAN_POINT('',(1.571516618207,33.910207916405));
#5620 = CARTESIAN_POINT('',(1.57151830411,34.017825730347));
#5621 = CARTESIAN_POINT('',(1.571519123295,34.125440538067));
#5622 = CARTESIAN_POINT('',(1.571518841254,34.233072067698));
#5623 = CARTESIAN_POINT('',(1.571517746963,34.340727545276));
#5624 = CARTESIAN_POINT('',(1.571514680307,34.569932601712));
#5625 = CARTESIAN_POINT('',(1.571512610328,34.691619733924));
#5626 = CARTESIAN_POINT('',(1.571510770256,34.813255443343));
#5627 = CARTESIAN_POINT('',(1.571510122177,34.934853357506));
#5628 = CARTESIAN_POINT('',(1.571511295578,35.056448509766));
#5629 = CARTESIAN_POINT('',(1.571513397488,35.178077493969));
#5630 = CARTESIAN_POINT('',(1.571515441834,35.299757098113));
#5631 = CARTESIAN_POINT('',(1.571518227779,35.540262585547));
#5632 = CARTESIAN_POINT('',(1.571518998447,35.65924395256));
#5633 = CARTESIAN_POINT('',(1.571518627886,35.778181026611));
#5634 = CARTESIAN_POINT('',(1.571516938337,35.897086745168));
#5635 = CARTESIAN_POINT('',(1.571514709196,36.015993336107));
#5636 = CARTESIAN_POINT('',(1.571513476173,36.134932779627));
#5637 = CARTESIAN_POINT('',(1.571513306711,36.253916715602));
#5638 = CARTESIAN_POINT('',(1.571514078079,36.481435861254));
#5639 = CARTESIAN_POINT('',(1.571514922337,36.590105102927));
#5640 = CARTESIAN_POINT('',(1.571515869435,36.698748446847));
#5641 = CARTESIAN_POINT('',(1.571516061899,36.807370494365));
#5642 = CARTESIAN_POINT('',(1.571514756052,36.915991951173));
#5643 = CARTESIAN_POINT('',(1.571512189532,37.024633091559));
#5644 = CARTESIAN_POINT('',(1.57151394663,37.133299717252));
#5645 = CARTESIAN_POINT('',(1.571514235759,37.241917782372));
#5646 = ( GEOMETRIC_REPRESENTATION_CONTEXT(2) 
PARAMETRIC_REPRESENTATION_CONTEXT() REPRESENTATION_CONTEXT('2D SPACE',''
  ) );
#5647 = PCURVE('',#3292,#5648);
#5648 = DEFINITIONAL_REPRESENTATION('',(#5649),#5708);
#5649 = B_SPLINE_CURVE_WITH_KNOTS('',8,(#5650,#5651,#5652,#5653,#5654,
    #5655,#5656,#5657,#5658,#5659,#5660,#5661,#5662,#5663,#5664,#5665,
    #5666,#5667,#5668,#5669,#5670,#5671,#5672,#5673,#5674,#5675,#5676,
    #5677,#5678,#5679,#5680,#5681,#5682,#5683,#5684,#5685,#5686,#5687,
    #5688,#5689,#5690,#5691,#5692,#5693,#5694,#5695,#5696,#5697,#5698,
    #5699,#5700,#5701,#5702,#5703,#5704,#5705,#5706,#5707),
  .UNSPECIFIED.,.F.,.F.,(9,7,7,7,7,7,7,7,9),(0.,0.133896717156,
    0.282758153628,0.391186195828,0.509347879346,0.624952812744,
    0.75558251212,0.88331675565,1.),.UNSPECIFIED.);
#5650 = CARTESIAN_POINT('',(0.,-18.29999990914));
#5651 = CARTESIAN_POINT('',(-0.105128214462,-18.36692669309));
#5652 = CARTESIAN_POINT('',(-0.21034555591,-18.43391019932));
#5653 = CARTESIAN_POINT('',(-0.31551690757,-18.50086436208));
#5654 = CARTESIAN_POINT('',(-0.420654765882,-18.56779712077));
#5655 = CARTESIAN_POINT('',(-0.525791776814,-18.63472936022));
#5656 = CARTESIAN_POINT('',(-0.630960055308,-18.70168160274));
#5657 = CARTESIAN_POINT('',(-0.736176350993,-18.76866446952));
#5658 = CARTESIAN_POINT('',(-0.958194619531,-18.91000587778));
#5659 = CARTESIAN_POINT('',(-1.075221390037,-18.98450753006));
#5660 = CARTESIAN_POINT('',(-1.19216412945,-19.05895559256));
#5661 = CARTESIAN_POINT('',(-1.309056805021,-19.13337159795));
#5662 = CARTESIAN_POINT('',(-1.425949957463,-19.20778759768));
#5663 = CARTESIAN_POINT('',(-1.542893772062,-19.28223604712));
#5664 = CARTESIAN_POINT('',(-1.659921543788,-19.35673834773));
#5665 = CARTESIAN_POINT('',(-1.86194071485,-19.48534829088));
#5666 = CARTESIAN_POINT('',(-1.947110113698,-19.53956941504));
#5667 = CARTESIAN_POINT('',(-2.032263489863,-19.59377887205));
#5668 = CARTESIAN_POINT('',(-2.11740197671,-19.64798258997));
#5669 = CARTESIAN_POINT('',(-2.202538475079,-19.70217901177));
#5670 = CARTESIAN_POINT('',(-2.287685741962,-19.75638615495));
#5671 = CARTESIAN_POINT('',(-2.37284666222,-19.81060115368));
#5672 = CARTESIAN_POINT('',(-2.550750891539,-19.92385781599));
#5673 = CARTESIAN_POINT('',(-2.643567344515,-19.98294625841));
#5674 = CARTESIAN_POINT('',(-2.736359258417,-20.04201976849));
#5675 = CARTESIAN_POINT('',(-2.829132794076,-20.10108182081));
#5676 = CARTESIAN_POINT('',(-2.921906726389,-20.16014394142));
#5677 = CARTESIAN_POINT('',(-3.014700130041,-20.21921822526));
#5678 = CARTESIAN_POINT('',(-3.107517748469,-20.27830773491));
#5679 = CARTESIAN_POINT('',(-3.291057432471,-20.39515248812));
#5680 = CARTESIAN_POINT('',(-3.38187575659,-20.45296901554));
#5681 = CARTESIAN_POINT('',(-3.472676405794,-20.51077427568));
#5682 = CARTESIAN_POINT('',(-3.563459081733,-20.56856819196));
#5683 = CARTESIAN_POINT('',(-3.65423901639,-20.62636049381));
#5684 = CARTESIAN_POINT('',(-3.745032949353,-20.68416177584));
#5685 = CARTESIAN_POINT('',(-3.835847057175,-20.74197591861));
#5686 = CARTESIAN_POINT('',(-4.029195863034,-20.86506574324));
#5687 = CARTESIAN_POINT('',(-4.131846602438,-20.93041529528));
#5688 = CARTESIAN_POINT('',(-4.234454061411,-20.99573723177));
#5689 = CARTESIAN_POINT('',(-4.337029754927,-21.06103887109));
#5690 = CARTESIAN_POINT('',(-4.439603092422,-21.12633902723));
#5691 = CARTESIAN_POINT('',(-4.542204827554,-21.19165735209));
#5692 = CARTESIAN_POINT('',(-4.644849174449,-21.25700286134));
#5693 = CARTESIAN_POINT('',(-4.847730568193,-21.3861613482));
#5694 = CARTESIAN_POINT('',(-4.948098775295,-21.45005782512));
#5695 = CARTESIAN_POINT('',(-5.048429699278,-21.51393051542));
#5696 = CARTESIAN_POINT('',(-5.148734362873,-21.57778636694));
#5697 = CARTESIAN_POINT('',(-5.249040065008,-21.64164268691));
#5698 = CARTESIAN_POINT('',(-5.349373550549,-21.70551664969));
#5699 = CARTESIAN_POINT('',(-5.449744330682,-21.76941450623));
#5700 = CARTESIAN_POINT('',(-5.641671110296,-21.89159894742));
#5701 = CARTESIAN_POINT('',(-5.73334022613,-21.94995751118));
#5702 = CARTESIAN_POINT('',(-5.824987171517,-22.00830216709));
#5703 = CARTESIAN_POINT('',(-5.916615949229,-22.0666353862));
#5704 = CARTESIAN_POINT('',(-6.00824435373,-22.12496828809));
#5705 = CARTESIAN_POINT('',(-6.099890381331,-22.18331176064));
#5706 = CARTESIAN_POINT('',(-6.191559044244,-22.24166891954));
#5707 = CARTESIAN_POINT('',(-6.28318530718,-22.29999999999));
#5708 = ( GEOMETRIC_REPRESENTATION_CONTEXT(2) 
PARAMETRIC_REPRESENTATION_CONTEXT() REPRESENTATION_CONTEXT('2D SPACE',''
  ) );
#5709 = ORIENTED_EDGE('',*,*,#5710,.F.);
#5710 = EDGE_CURVE('',#5711,#5523,#5713,.T.);
#5711 = VERTEX_POINT('',#5712);
#5712 = CARTESIAN_POINT('',(7.,0.,23.299999570166));
#5713 = SURFACE_CURVE('',#5714,(#5794,#5877),.PCURVE_S1.);
#5714 = B_SPLINE_CURVE_WITH_KNOTS('',8,(#5715,#5716,#5717,#5718,#5719,
    #5720,#5721,#5722,#5723,#5724,#5725,#5726,#5727,#5728,#5729,#5730,
    #5731,#5732,#5733,#5734,#5735,#5736,#5737,#5738,#5739,#5740,#5741,
    #5742,#5743,#5744,#5745,#5746,#5747,#5748,#5749,#5750,#5751,#5752,
    #5753,#5754,#5755,#5756,#5757,#5758,#5759,#5760,#5761,#5762,#5763,
    #5764,#5765,#5766,#5767,#5768,#5769,#5770,#5771,#5772,#5773,#5774,
    #5775,#5776,#5777,#5778,#5779,#5780,#5781,#5782,#5783,#5784,#5785,
    #5786,#5787,#5788,#5789,#5790,#5791,#5792,#5793),.UNSPECIFIED.,.F.,
  .F.,(9,7,7,7,7,7,7,7,7,7,7,9),(0.,6.825524356816E-02,0.129757153956,
    0.254522591624,0.300144955227,0.438676579378,0.566352635602,
    0.690976476338,0.733316125726,0.784558199113,0.887440926035,1.),
  .UNSPECIFIED.);
#5715 = CARTESIAN_POINT('',(7.,-8.881784197001E-16,23.299999570166));
#5716 = CARTESIAN_POINT('',(7.,0.375035066508,23.33410735817));
#5717 = CARTESIAN_POINT('',(6.977036551305,0.750075384036,
    23.368215652869));
#5718 = CARTESIAN_POINT('',(6.931108414662,1.123479686627,
    23.402324471846));
#5719 = CARTESIAN_POINT('',(6.862355443885,1.49362044795,23.436434855633
    ));
#5720 = CARTESIAN_POINT('',(6.771051311825,1.858883138364,
    23.470547898316));
#5721 = CARTESIAN_POINT('',(6.657605820688,2.21766803374,23.50466355342)
  );
#5722 = CARTESIAN_POINT('',(6.522576796699,2.568394576035,
    23.538779215095));
#5723 = CARTESIAN_POINT('',(6.226229989911,3.216871408233,
    23.603622123879));
#5724 = CARTESIAN_POINT('',(6.068772581895,3.516566740347,
    23.634364247623));
#5725 = CARTESIAN_POINT('',(5.894835020984,3.807425050798,
    23.665107658608));
#5726 = CARTESIAN_POINT('',(5.705021198135,4.088361749128,23.69584881099
    ));
#5727 = CARTESIAN_POINT('',(5.500007754958,4.358368400767,
    23.726586986506));
#5728 = CARTESIAN_POINT('',(5.280532825734,4.616506716515,23.75732360181
    ));
#5729 = CARTESIAN_POINT('',(5.047388985819,4.861905016334,
    23.788061236963));
#5730 = CARTESIAN_POINT('',(4.302437898945,5.56410247741,23.881165208755
    ));
#5731 = CARTESIAN_POINT('',(3.750469503133,5.978894777547,23.94356847479
    ));
#5732 = CARTESIAN_POINT('',(3.153172410258,6.330673502711,24.00595383187
    ));
#5733 = CARTESIAN_POINT('',(2.519077951453,6.613879960546,
    24.068325136494));
#5734 = CARTESIAN_POINT('',(1.857237468927,6.824268905124,
    24.130697271172));
#5735 = CARTESIAN_POINT('',(1.17723414757,6.958984584071,24.193085303141
    ));
#5736 = CARTESIAN_POINT('',(0.489118399546,7.016485783568,
    24.255495084838));
#5737 = CARTESIAN_POINT('',(-0.447073968441,6.990208180357,
    24.340671143023));
#5738 = CARTESIAN_POINT('',(-0.697452198223,6.972909183255,
    24.363477098188));
#5739 = CARTESIAN_POINT('',(-0.947057148823,6.945361899007,
    24.386283467173));
#5740 = CARTESIAN_POINT('',(-1.19540665242,6.907605997202,
    24.409090940807));
#5741 = CARTESIAN_POINT('',(-1.442017191713,6.859708071182,
    24.431899863343));
#5742 = CARTESIAN_POINT('',(-1.686404374122,6.80176361508,
    24.454710058099));
#5743 = CARTESIAN_POINT('',(-1.928083405989,6.733899000858,
    24.477520653091));
#5744 = CARTESIAN_POINT('',(-2.890729224062,6.420564648383,
    24.569589863729));
#5745 = CARTESIAN_POINT('',(-3.586238125306,6.094603241103,
    24.638912564485));
#5746 = CARTESIAN_POINT('',(-4.238897800199,5.682697430188,
    24.708198979519));
#5747 = CARTESIAN_POINT('',(-4.836596786763,5.191779247456,
    24.777461710084));
#5748 = CARTESIAN_POINT('',(-5.368574336116,4.630307102155,
    24.846724729449));
#5749 = CARTESIAN_POINT('',(-5.825627865981,4.008414814805,
    24.916011977874));
#5750 = CARTESIAN_POINT('',(-6.199978315179,3.337697350491,
    24.985335752524));
#5751 = CARTESIAN_POINT('',(-6.750230952065,1.981667383693,
    25.118427347201));
#5752 = CARTESIAN_POINT('',(-6.939790219642,1.300619200313,
    25.182302659174));
#5753 = CARTESIAN_POINT('',(-7.050507496187,0.599460924167,
    25.24615490765));
#5754 = CARTESIAN_POINT('',(-7.080201827746,-0.11111612059,
    25.309990325291));
#5755 = CARTESIAN_POINT('',(-7.028224278195,-0.820411778747,
    25.373825825511));
#5756 = CARTESIAN_POINT('',(-6.895558906353,-1.517751517485,
    25.437678232449));
#5757 = CARTESIAN_POINT('',(-6.684720934673,-2.192517413296,
    25.501553667444));
#5758 = CARTESIAN_POINT('',(-6.123140645418,-3.460708504553,
    25.627692187423));
#5759 = CARTESIAN_POINT('',(-5.77551775978,-4.056472993451,
    25.690034841168));
#5760 = CARTESIAN_POINT('',(-5.361832631766,-4.611781336437,
    25.752355599446));
#5761 = CARTESIAN_POINT('',(-4.887772983755,-5.118251128283,
    25.814660607365));
#5762 = CARTESIAN_POINT('',(-4.360016055142,-5.568483730524,
    25.876965291511));
#5763 = CARTESIAN_POINT('',(-3.786259476482,-5.956152158199,
    25.939285611691));
#5764 = CARTESIAN_POINT('',(-3.175148488557,-6.275967207828,
    26.001626427113));
#5765 = CARTESIAN_POINT('',(-2.319704869819,-6.608565733034,
    26.085099164033));
#5766 = CARTESIAN_POINT('',(-2.099563849125,-6.68466759079,
    26.106267398486));
#5767 = CARTESIAN_POINT('',(-1.876572866434,-6.752387396466,
    26.12743656666));
#5768 = CARTESIAN_POINT('',(-1.651104341532,-6.811600615325,
    26.148606678459));
#5769 = CARTESIAN_POINT('',(-1.423541031525,-6.862201505724,
    26.169777384808));
#5770 = CARTESIAN_POINT('',(-1.194276247001,-6.904104957922,
    26.190947848388));
#5771 = CARTESIAN_POINT('',(-0.963714068189,-6.937248332884,
    26.212116614372));
#5772 = CARTESIAN_POINT('',(-0.452161043749,-6.99105709368,
    26.25889651749));
#5773 = CARTESIAN_POINT('',(-0.170677728283,-7.007642594295,
    26.28451312512));
#5774 = CARTESIAN_POINT('',(0.111481370741,-7.011273125749,
    26.310131158776));
#5775 = CARTESIAN_POINT('',(0.393617952765,-7.001918012035,
    26.335750348273));
#5776 = CARTESIAN_POINT('',(0.675034431213,-6.979592578325,
    26.361370298509));
#5777 = CARTESIAN_POINT('',(0.955033933493,-6.944358150974,
    26.386990489467));
#5778 = CARTESIAN_POINT('',(1.232920300994,-6.896322057521,
    26.412610276218));
#5779 = CARTESIAN_POINT('',(2.060293323922,-6.713796738644,
    26.489665385532));
#5780 = CARTESIAN_POINT('',(2.601452035892,-6.540931954164,
    26.54111276678));
#5781 = CARTESIAN_POINT('',(3.1257730972,-6.31826503328,26.592552443078)
  );
#5782 = CARTESIAN_POINT('',(3.62794613187,-6.04777420223,26.643986375112
    ));
#5783 = CARTESIAN_POINT('',(4.103005558437,-5.73204831657,
    26.695421714754));
#5784 = CARTESIAN_POINT('',(4.546312251881,-5.374243223286,
    26.746865054957));
#5785 = CARTESIAN_POINT('',(4.953591629293,-4.97813006071,
    26.798316088369));
#5786 = CARTESIAN_POINT('',(5.723083222142,-4.077886913753,
    26.906022377567));
#5787 = CARTESIAN_POINT('',(6.077762939197,-3.566739619618,
    26.962317654277));
#5788 = CARTESIAN_POINT('',(6.379997025264,-3.020618024806,
    27.018601600885));
#5789 = CARTESIAN_POINT('',(6.625868858369,-2.4458739001,27.074876074688
    ));
#5790 = CARTESIAN_POINT('',(6.812405512188,-1.849225322939,
    27.13115077272));
#5791 = CARTESIAN_POINT('',(6.937498875976,-1.237713160993,
    27.187435072479));
#5792 = CARTESIAN_POINT('',(7.,-0.618719164423,27.243730002297));
#5793 = CARTESIAN_POINT('',(7.,0.,27.299999909146));
#5794 = PCURVE('',#692,#5795);
#5795 = DEFINITIONAL_REPRESENTATION('',(#5796),#5876);
#5796 = B_SPLINE_CURVE_WITH_KNOTS('',8,(#5797,#5798,#5799,#5800,#5801,
    #5802,#5803,#5804,#5805,#5806,#5807,#5808,#5809,#5810,#5811,#5812,
    #5813,#5814,#5815,#5816,#5817,#5818,#5819,#5820,#5821,#5822,#5823,
    #5824,#5825,#5826,#5827,#5828,#5829,#5830,#5831,#5832,#5833,#5834,
    #5835,#5836,#5837,#5838,#5839,#5840,#5841,#5842,#5843,#5844,#5845,
    #5846,#5847,#5848,#5849,#5850,#5851,#5852,#5853,#5854,#5855,#5856,
    #5857,#5858,#5859,#5860,#5861,#5862,#5863,#5864,#5865,#5866,#5867,
    #5868,#5869,#5870,#5871,#5872,#5873,#5874,#5875),.UNSPECIFIED.,.F.,
  .F.,(9,7,7,7,7,7,7,7,7,7,7,9),(0.,6.825524356816E-02,0.129757153956,
    0.254522591624,0.300144955227,0.438676579378,0.566352635602,
    0.690976476338,0.733316125726,0.784558199113,0.887440926035,1.),
  .UNSPECIFIED.);
#5797 = CARTESIAN_POINT('',(1.571513548757,22.345149869034));
#5798 = CARTESIAN_POINT('',(1.571513545582,22.408661840863));
#5799 = CARTESIAN_POINT('',(1.571513748311,22.472174756207));
#5800 = CARTESIAN_POINT('',(1.571514131983,22.535688647804));
#5801 = CARTESIAN_POINT('',(1.571514597083,22.59920545323));
#5802 = CARTESIAN_POINT('',(1.571515008882,22.662727209774));
#5803 = CARTESIAN_POINT('',(1.571515246344,22.726253830898));
#5804 = CARTESIAN_POINT('',(1.571515260591,22.789780464258));
#5805 = CARTESIAN_POINT('',(1.571515036952,22.910524178143));
#5806 = CARTESIAN_POINT('',(1.571514888929,22.96776896039));
#5807 = CARTESIAN_POINT('',(1.571514492823,23.025016139603));
#5808 = CARTESIAN_POINT('',(1.57151425316,23.082259113081));
#5809 = CARTESIAN_POINT('',(1.57151445872,23.139496543347));
#5810 = CARTESIAN_POINT('',(1.571514964073,23.19673106835));
#5811 = CARTESIAN_POINT('',(1.571515278982,23.25396749241));
#5812 = CARTESIAN_POINT('',(1.57151463297,23.427336015544));
#5813 = CARTESIAN_POINT('',(1.571513279845,23.543536880698));
#5814 = CARTESIAN_POINT('',(1.571515991689,23.659704397649));
#5815 = CARTESIAN_POINT('',(1.571516138741,23.775845747603));
#5816 = CARTESIAN_POINT('',(1.571515052935,23.891988643166));
#5817 = CARTESIAN_POINT('',(1.571513825925,24.008161141037));
#5818 = CARTESIAN_POINT('',(1.571513294798,24.124374138977));
#5819 = CARTESIAN_POINT('',(1.571513579231,24.282980126774));
#5820 = CARTESIAN_POINT('',(1.571513754334,24.325447002133));
#5821 = CARTESIAN_POINT('',(1.571514033069,24.367914648066));
#5822 = CARTESIAN_POINT('',(1.571514405786,24.410384350959));
#5823 = CARTESIAN_POINT('',(1.571514851974,24.452856751848));
#5824 = CARTESIAN_POINT('',(1.571515343727,24.495331521732));
#5825 = CARTESIAN_POINT('',(1.571515849217,24.537807036895));
#5826 = CARTESIAN_POINT('',(1.571517814745,24.709248735545));
#5827 = CARTESIAN_POINT('',(1.571519124422,24.838334251652));
#5828 = CARTESIAN_POINT('',(1.571519407256,24.967352200283));
#5829 = CARTESIAN_POINT('',(1.571517776674,25.096326046089));
#5830 = CARTESIAN_POINT('',(1.571514859663,25.225300429705));
#5831 = CARTESIAN_POINT('',(1.571512508693,25.354319930197));
#5832 = CARTESIAN_POINT('',(1.571511399242,25.483407446));
#5833 = CARTESIAN_POINT('',(1.571511585498,25.731236757324));
#5834 = CARTESIAN_POINT('',(1.571512698676,25.850178713156));
#5835 = CARTESIAN_POINT('',(1.571514786512,25.969077722531));
#5836 = CARTESIAN_POINT('',(1.571517262721,26.087945391304));
#5837 = CARTESIAN_POINT('',(1.571518843169,26.206813213882));
#5838 = CARTESIAN_POINT('',(1.571518948589,26.32571251834));
#5839 = CARTESIAN_POINT('',(1.571518062478,26.444654703254));
#5840 = CARTESIAN_POINT('',(1.571515621864,26.679536722755));
#5841 = CARTESIAN_POINT('',(1.571514079625,26.795624722008));
#5842 = CARTESIAN_POINT('',(1.571512837651,26.911671949815));
#5843 = CARTESIAN_POINT('',(1.571512576682,27.027689848943));
#5844 = CARTESIAN_POINT('',(1.571513976232,27.14370714514));
#5845 = CARTESIAN_POINT('',(1.571515254304,27.259753557164));
#5846 = CARTESIAN_POINT('',(1.571515441439,27.375838133284));
#5847 = CARTESIAN_POINT('',(1.571514988684,27.531272373557));
#5848 = CARTESIAN_POINT('',(1.571514817382,27.570689655911));
#5849 = CARTESIAN_POINT('',(1.571514596639,27.610108676943));
#5850 = CARTESIAN_POINT('',(1.571514373334,27.649529455096));
#5851 = CARTESIAN_POINT('',(1.571514213406,27.688951340359));
#5852 = CARTESIAN_POINT('',(1.57151418108,27.728372773562));
#5853 = CARTESIAN_POINT('',(1.571514318099,27.767791045679));
#5854 = CARTESIAN_POINT('',(1.571514991899,27.854899710969));
#5855 = CARTESIAN_POINT('',(1.571515602226,27.902600290728));
#5856 = CARTESIAN_POINT('',(1.571516107592,27.950303525888));
#5857 = CARTESIAN_POINT('',(1.571516310484,27.998008913332));
#5858 = CARTESIAN_POINT('',(1.571516162219,28.045715717345));
#5859 = CARTESIAN_POINT('',(1.571515762943,28.093422969607));
#5860 = CARTESIAN_POINT('',(1.57151536163,28.141129469195));
#5861 = CARTESIAN_POINT('',(1.571515344941,28.284613471486));
#5862 = CARTESIAN_POINT('',(1.57151561847,28.380413428613));
#5863 = CARTESIAN_POINT('',(1.57151568055,28.476199038387));
#5864 = CARTESIAN_POINT('',(1.571514899467,28.571973951788));
#5865 = CARTESIAN_POINT('',(1.571513794288,28.667751486288));
#5866 = CARTESIAN_POINT('',(1.571513176145,28.76354391861));
#5867 = CARTESIAN_POINT('',(1.571513093344,28.859350676416));
#5868 = CARTESIAN_POINT('',(1.571514006137,29.059910114761));
#5869 = CARTESIAN_POINT('',(1.571515088321,29.164737318098));
#5870 = CARTESIAN_POINT('',(1.571516697281,29.269543423693));
#5871 = CARTESIAN_POINT('',(1.571518259453,29.374331890039));
#5872 = CARTESIAN_POINT('',(1.571519061319,29.47912077392));
#5873 = CARTESIAN_POINT('',(1.571518789581,29.583927537115));
#5874 = CARTESIAN_POINT('',(1.571517766695,29.688754094499));
#5875 = CARTESIAN_POINT('',(1.571516392019,29.793534056719));
#5876 = ( GEOMETRIC_REPRESENTATION_CONTEXT(2) 
PARAMETRIC_REPRESENTATION_CONTEXT() REPRESENTATION_CONTEXT('2D SPACE',''
  ) );
#5877 = PCURVE('',#3071,#5878);
#5878 = DEFINITIONAL_REPRESENTATION('',(#5879),#5959);
#5879 = B_SPLINE_CURVE_WITH_KNOTS('',8,(#5880,#5881,#5882,#5883,#5884,
    #5885,#5886,#5887,#5888,#5889,#5890,#5891,#5892,#5893,#5894,#5895,
    #5896,#5897,#5898,#5899,#5900,#5901,#5902,#5903,#5904,#5905,#5906,
    #5907,#5908,#5909,#5910,#5911,#5912,#5913,#5914,#5915,#5916,#5917,
    #5918,#5919,#5920,#5921,#5922,#5923,#5924,#5925,#5926,#5927,#5928,
    #5929,#5930,#5931,#5932,#5933,#5934,#5935,#5936,#5937,#5938,#5939,
    #5940,#5941,#5942,#5943,#5944,#5945,#5946,#5947,#5948,#5949,#5950,
    #5951,#5952,#5953,#5954,#5955,#5956,#5957,#5958),.UNSPECIFIED.,.F.,
  .F.,(9,7,7,7,7,7,7,7,7,7,7,9),(0.,6.825524356816E-02,0.129757153956,
    0.254522591624,0.300144955227,0.438676579378,0.566352635602,
    0.690976476338,0.733316125726,0.784558199113,0.887440926035,1.),
  .UNSPECIFIED.);
#5880 = CARTESIAN_POINT('',(0.,-14.29999957016));
#5881 = CARTESIAN_POINT('',(-5.357643807252E-02,-14.33410735817));
#5882 = CARTESIAN_POINT('',(-0.107153599921,-14.36821565286));
#5883 = CARTESIAN_POINT('',(-0.160731494829,-14.40232447184));
#5884 = CARTESIAN_POINT('',(-0.214311744583,-14.43643485563));
#5885 = CARTESIAN_POINT('',(-0.267896083197,-14.47054789831));
#5886 = CARTESIAN_POINT('',(-0.321484486762,-14.50466355342));
#5887 = CARTESIAN_POINT('',(-0.375072933414,-14.53877921509));
#5888 = CARTESIAN_POINT('',(-0.476927534844,-14.60362212387));
#5889 = CARTESIAN_POINT('',(-0.525217140918,-14.63436424762));
#5890 = CARTESIAN_POINT('',(-0.573508590349,-14.6651076586));
#5891 = CARTESIAN_POINT('',(-0.621796817193,-14.69584881099));
#5892 = CARTESIAN_POINT('',(-0.670080821739,-14.7265869865));
#5893 = CARTESIAN_POINT('',(-0.718362285062,-14.75732360181));
#5894 = CARTESIAN_POINT('',(-0.766644687266,-14.78806123696));
#5895 = CARTESIAN_POINT('',(-0.912892547615,-14.88116520875));
#5896 = CARTESIAN_POINT('',(-1.010916674041,-14.94356847479));
#5897 = CARTESIAN_POINT('',(-1.108911203603,-15.00595383187));
#5898 = CARTESIAN_POINT('',(-1.206882808002,-15.06832513649));
#5899 = CARTESIAN_POINT('',(-1.304855926069,-15.13069727117));
#5900 = CARTESIAN_POINT('',(-1.402854388288,-15.19308530314));
#5901 = CARTESIAN_POINT('',(-1.500887382379,-15.25549508483));
#5902 = CARTESIAN_POINT('',(-1.634681822817,-15.34067114302));
#5903 = CARTESIAN_POINT('',(-1.670505415527,-15.36347709818));
#5904 = CARTESIAN_POINT('',(-1.706329679136,-15.38628346717));
#5905 = CARTESIAN_POINT('',(-1.7421556902,-15.4090909408));
#5906 = CARTESIAN_POINT('',(-1.777983980659,-15.43189986334));
#5907 = CARTESIAN_POINT('',(-1.813814264935,-15.45471005809));
#5908 = CARTESIAN_POINT('',(-1.849645167015,-15.47752065309));
#5909 = CARTESIAN_POINT('',(-1.994267503301,-15.56958986372));
#5910 = CARTESIAN_POINT('',(-2.103159482147,-15.63891256448));
#5911 = CARTESIAN_POINT('',(-2.211994219137,-15.70819897951));
#5912 = CARTESIAN_POINT('',(-2.32079156062,-15.77746171008));
#5913 = CARTESIAN_POINT('',(-2.429589477909,-15.84672472944));
#5914 = CARTESIAN_POINT('',(-2.538425611091,-15.91601197787));
#5915 = CARTESIAN_POINT('',(-2.647319188236,-15.98533575252));
#5916 = CARTESIAN_POINT('',(-2.856379048585,-16.1184273472));
#5917 = CARTESIAN_POINT('',(-2.956714181036,-16.18230265917));
#5918 = CARTESIAN_POINT('',(-3.057013016653,-16.24615490765));
#5919 = CARTESIAN_POINT('',(-3.157285289478,-16.30999032529));
#5920 = CARTESIAN_POINT('',(-3.257557601645,-16.37382582551));
#5921 = CARTESIAN_POINT('',(-3.357856592112,-16.43767823244));
#5922 = CARTESIAN_POINT('',(-3.4581919513,-16.50155366744));
#5923 = CARTESIAN_POINT('',(-3.656330279872,-16.62769218742));
#5924 = CARTESIAN_POINT('',(-3.754258229002,-16.69003484116));
#5925 = CARTESIAN_POINT('',(-3.852151873498,-16.75235559944));
#5926 = CARTESIAN_POINT('',(-3.950020699312,-16.81466060736));
#5927 = CARTESIAN_POINT('',(-4.04788864226,-16.87696529151));
#5928 = CARTESIAN_POINT('',(-4.145780521358,-16.93928561169));
#5929 = CARTESIAN_POINT('',(-4.24370449493,-17.00162642711));
#5930 = CARTESIAN_POINT('',(-4.374822572561,-17.08509916403));
#5931 = CARTESIAN_POINT('',(-4.408073443922,-17.10626739848));
#5932 = CARTESIAN_POINT('',(-4.441325832549,-17.12743656666));
#5933 = CARTESIAN_POINT('',(-4.474579770073,-17.14860667845));
#5934 = CARTESIAN_POINT('',(-4.507834718835,-17.1697773848));
#5935 = CARTESIAN_POINT('',(-4.541089361674,-17.19094784838));
#5936 = CARTESIAN_POINT('',(-4.574341391704,-17.21211661437));
#5937 = CARTESIAN_POINT('',(-4.64782356774,-17.25889651749));
#5938 = CARTESIAN_POINT('',(-4.688062163579,-17.28451312512));
#5939 = CARTESIAN_POINT('',(-4.72830297784,-17.31013115877));
#5940 = CARTESIAN_POINT('',(-4.768545655498,-17.33575034827));
#5941 = CARTESIAN_POINT('',(-4.808789598278,-17.3613702985));
#5942 = CARTESIAN_POINT('',(-4.849033964657,-17.38699048946));
#5943 = CARTESIAN_POINT('',(-4.889277669861,-17.41261027621));
#5944 = CARTESIAN_POINT('',(-5.010315833104,-17.48966538553));
#5945 = CARTESIAN_POINT('',(-5.091129002083,-17.54111276678));
#5946 = CARTESIAN_POINT('',(-5.17192962958,-17.59255244307));
#5947 = CARTESIAN_POINT('',(-5.252721220563,-17.64398637511));
#5948 = CARTESIAN_POINT('',(-5.3335152718,-17.69542171475));
#5949 = CARTESIAN_POINT('',(-5.414322158212,-17.74686505495));
#5950 = CARTESIAN_POINT('',(-5.495141328199,-17.79831608836));
#5951 = CARTESIAN_POINT('',(-5.664326351605,-17.90602237756));
#5952 = CARTESIAN_POINT('',(-5.752755090349,-17.96231765427));
#5953 = CARTESIAN_POINT('',(-5.841166040802,-18.01860160088));
#5954 = CARTESIAN_POINT('',(-5.92956195977,-18.07487607468));
#5955 = CARTESIAN_POINT('',(-6.017958049914,-18.13115077272));
#5956 = CARTESIAN_POINT('',(-6.106369116386,-18.18743507247));
#5957 = CARTESIAN_POINT('',(-6.194796855119,-18.24373000229));
#5958 = CARTESIAN_POINT('',(-6.28318530718,-18.29999990914));
#5959 = ( GEOMETRIC_REPRESENTATION_CONTEXT(2) 
PARAMETRIC_REPRESENTATION_CONTEXT() REPRESENTATION_CONTEXT('2D SPACE',''
  ) );
#5960 = ORIENTED_EDGE('',*,*,#5961,.F.);
#5961 = EDGE_CURVE('',#5962,#5711,#5964,.T.);
#5962 = VERTEX_POINT('',#5963);
#5963 = CARTESIAN_POINT('',(7.,0.,19.300000429175));
#5964 = SURFACE_CURVE('',#5965,(#6038,#6114),.PCURVE_S1.);
#5965 = B_SPLINE_CURVE_WITH_KNOTS('',8,(#5966,#5967,#5968,#5969,#5970,
    #5971,#5972,#5973,#5974,#5975,#5976,#5977,#5978,#5979,#5980,#5981,
    #5982,#5983,#5984,#5985,#5986,#5987,#5988,#5989,#5990,#5991,#5992,
    #5993,#5994,#5995,#5996,#5997,#5998,#5999,#6000,#6001,#6002,#6003,
    #6004,#6005,#6006,#6007,#6008,#6009,#6010,#6011,#6012,#6013,#6014,
    #6015,#6016,#6017,#6018,#6019,#6020,#6021,#6022,#6023,#6024,#6025,
    #6026,#6027,#6028,#6029,#6030,#6031,#6032,#6033,#6034,#6035,#6036,
    #6037),.UNSPECIFIED.,.F.,.F.,(9,7,7,7,7,7,7,7,7,7,9),(0.,
    0.112021096488,0.224297272166,0.359681353735,0.479968741603,
    0.538705680927,0.634779491561,0.722376828302,0.796668780101,
    0.917166780281,1.),.UNSPECIFIED.);
#5966 = CARTESIAN_POINT('',(7.,1.7763568394E-15,19.300000429175));
#5967 = CARTESIAN_POINT('',(7.,0.615762651926,19.356001331499));
#5968 = CARTESIAN_POINT('',(6.938094831618,1.231781902531,
    19.412025462786));
#5969 = CARTESIAN_POINT('',(6.814199812513,1.840426883238,
    19.468039139952));
#5970 = CARTESIAN_POINT('',(6.629439534983,2.434427492419,
    19.524043970491));
#5971 = CARTESIAN_POINT('',(6.385877123188,3.006841317918,
    19.580049378668));
#5972 = CARTESIAN_POINT('',(6.086429984297,3.551032483651,
    19.636064270708));
#5973 = CARTESIAN_POINT('',(5.734954814032,4.06071508757,19.692088649554
    ));
#5974 = CARTESIAN_POINT('',(4.937107078017,5.000581560151,
    19.804210839594));
#5975 = CARTESIAN_POINT('',(4.490133651836,5.431036983416,
    19.860362864521));
#5976 = CARTESIAN_POINT('',(4.000488252791,5.815525827229,
    19.916504066516));
#5977 = CARTESIAN_POINT('',(3.473797133589,6.149190286954,19.97263384389
    ));
#5978 = CARTESIAN_POINT('',(2.9161844896,6.428059034588,20.028761182833)
  );
#5979 = CARTESIAN_POINT('',(2.33420874979,6.648966897948,20.084896173737
    ));
#5980 = CARTESIAN_POINT('',(1.734890100899,6.809627212969,
    20.141042006821));
#5981 = CARTESIAN_POINT('',(0.391306611191,7.02855983132,20.264846783825
    ));
#5982 = CARTESIAN_POINT('',(-0.358326446266,7.059105372903,
    20.332581987785));
#5983 = CARTESIAN_POINT('',(-1.109532414514,6.998034249,20.400284542984)
  );
#5984 = CARTESIAN_POINT('',(-1.849300964828,6.845838740356,
    20.467964672829));
#5985 = CARTESIAN_POINT('',(-2.565072922929,6.604839054485,
    20.535644004028));
#5986 = CARTESIAN_POINT('',(-3.244834014387,6.279359299003,
    20.60334467627));
#5987 = CARTESIAN_POINT('',(-3.877109579561,5.875526890792,20.6710776559
    ));
#5988 = CARTESIAN_POINT('',(-4.961708660595,4.981829061882,
    20.79888920714));
#5989 = CARTESIAN_POINT('',(-5.4268601312,4.506064983729,20.859052463632
    ));
#5990 = CARTESIAN_POINT('',(-5.839459937704,3.980953066871,
    20.919199143177));
#5991 = CARTESIAN_POINT('',(-6.19356509173,3.413392471305,
    20.979333230387));
#5992 = CARTESIAN_POINT('',(-6.484297570459,2.810903443466,
    21.039467759359));
#5993 = CARTESIAN_POINT('',(-6.707902569676,2.181626386002,
    21.099615287415));
#5994 = CARTESIAN_POINT('',(-6.861719250871,1.534271798503,
    21.159779074411));
#5995 = CARTESIAN_POINT('',(-6.985191017409,0.557986283693,
    21.249274738112));
#5996 = CARTESIAN_POINT('',(-7.008817477036,0.235536140561,
    21.278637268263));
#5997 = CARTESIAN_POINT('',(-7.015427674862,-8.80051122189E-02,
    21.307999915204));
#5998 = CARTESIAN_POINT('',(-7.004966814644,-0.411593586103,
    21.337363027157));
#5999 = CARTESIAN_POINT('',(-6.977457588702,-0.734186399488,
    21.366726657796));
#6000 = CARTESIAN_POINT('',(-6.933000177928,-1.054741677712,
    21.396090566243));
#6001 = CARTESIAN_POINT('',(-6.871772251778,-1.372218553052,
    21.425454217073));
#6002 = CARTESIAN_POINT('',(-6.66686719268,-2.198126103526,
    21.502844024707));
#6003 = CARTESIAN_POINT('',(-6.49549401337,-2.69979176926,
    21.550878803252));
#6004 = CARTESIAN_POINT('',(-6.281025623415,-3.185979474123,
    21.598908601643));
#6005 = CARTESIAN_POINT('',(-6.025137811981,-3.652399815516,
    21.646933263007));
#6006 = CARTESIAN_POINT('',(-5.729972733024,-4.095024317972,
    21.694958785083));
#6007 = CARTESIAN_POINT('',(-5.398107046693,-4.510079027917,
    21.74299077752));
#6008 = CARTESIAN_POINT('',(-5.032581433441,-4.89407606126,
    21.791027579272));
#6009 = CARTESIAN_POINT('',(-4.276303942182,-5.562827102177,
    21.882841266084));
#6010 = CARTESIAN_POINT('',(-3.89046940663,-5.853484221501,
    21.926638444354));
#6011 = CARTESIAN_POINT('',(-3.482162294087,-6.113454419638,
    21.970434023704));
#6012 = CARTESIAN_POINT('',(-3.054260591643,-6.340733238755,
    22.014226514306));
#6013 = CARTESIAN_POINT('',(-2.609811064207,-6.533655940752,
    22.058018981405));
#6014 = CARTESIAN_POINT('',(-2.152013127928,-6.690879912761,
    22.101814627958));
#6015 = CARTESIAN_POINT('',(-1.6842213864,-6.811405342736,
    22.145612462221));
#6016 = CARTESIAN_POINT('',(-0.807748018235,-6.965221147486,
    22.226542173215));
#6017 = CARTESIAN_POINT('',(-0.400757022817,-7.009002975736,
    22.263687374159));
#6018 = CARTESIAN_POINT('',(8.86435569307E-03,-7.025588119658,
    22.300833402017));
#6019 = CARTESIAN_POINT('',(0.418982474574,-7.014808775838,22.3379790543
    ));
#6020 = CARTESIAN_POINT('',(0.827474142372,-6.976695450813,
    22.375125243772));
#6021 = CARTESIAN_POINT('',(1.232229105977,-6.911467864697,
    22.412273039852));
#6022 = CARTESIAN_POINT('',(1.631152731666,-6.819542175286,
    22.449421684777));
#6023 = CARTESIAN_POINT('',(2.656378411411,-6.510184181155,
    22.546813839153));
#6024 = CARTESIAN_POINT('',(3.270183750094,-6.25013184856,
    22.607088929228));
#6025 = CARTESIAN_POINT('',(3.854423229474,-5.924041408086,
    22.667347194227));
#6026 = CARTESIAN_POINT('',(4.400922853283,-5.535997147509,
    22.727594075186));
#6027 = CARTESIAN_POINT('',(4.902239277508,-5.091075806859,
    22.787843123696));
#6028 = CARTESIAN_POINT('',(5.351722891246,-4.595375625552,
    22.848106841626));
#6029 = CARTESIAN_POINT('',(5.743513521336,-4.055966633764,
    22.908387426025));
#6030 = CARTESIAN_POINT('',(6.299421719156,-3.086202816519,
    23.010046469659));
#6031 = CARTESIAN_POINT('',(6.496555449531,-2.67423497062,
    23.051467411151));
#6032 = CARTESIAN_POINT('',(6.662840093645,-2.247967781294,
    23.092888593663));
#6033 = CARTESIAN_POINT('',(6.797086892495,-1.810111088317,
    23.134309256694));
#6034 = CARTESIAN_POINT('',(6.898394703679,-1.363463555579,
    23.175731492714));
#6035 = CARTESIAN_POINT('',(6.966140425259,-0.910905381137,
    23.217156895283));
#6036 = CARTESIAN_POINT('',(7.,-0.455399317196,23.258583007409));
#6037 = CARTESIAN_POINT('',(7.,-8.881784197001E-16,23.299999570166));
#6038 = PCURVE('',#692,#6039);
#6039 = DEFINITIONAL_REPRESENTATION('',(#6040),#6113);
#6040 = B_SPLINE_CURVE_WITH_KNOTS('',8,(#6041,#6042,#6043,#6044,#6045,
    #6046,#6047,#6048,#6049,#6050,#6051,#6052,#6053,#6054,#6055,#6056,
    #6057,#6058,#6059,#6060,#6061,#6062,#6063,#6064,#6065,#6066,#6067,
    #6068,#6069,#6070,#6071,#6072,#6073,#6074,#6075,#6076,#6077,#6078,
    #6079,#6080,#6081,#6082,#6083,#6084,#6085,#6086,#6087,#6088,#6089,
    #6090,#6091,#6092,#6093,#6094,#6095,#6096,#6097,#6098,#6099,#6100,
    #6101,#6102,#6103,#6104,#6105,#6106,#6107,#6108,#6109,#6110,#6111,
    #6112),.UNSPECIFIED.,.F.,.F.,(9,7,7,7,7,7,7,7,7,7,9),(0.,
    0.112021096488,0.224297272166,0.359681353735,0.479968741603,
    0.538705680927,0.634779491561,0.722376828302,0.796668780101,
    0.917166780281,1.),.UNSPECIFIED.);
#6041 = CARTESIAN_POINT('',(1.571513467991,14.896767912118));
#6042 = CARTESIAN_POINT('',(1.571513492545,15.001046962123));
#6043 = CARTESIAN_POINT('',(1.571514090388,15.105369266682));
#6044 = CARTESIAN_POINT('',(1.5715154142,15.209672104657));
#6045 = CARTESIAN_POINT('',(1.571517136293,15.313958469379));
#6046 = CARTESIAN_POINT('',(1.571518491876,15.41824590973));
#6047 = CARTESIAN_POINT('',(1.571518907646,15.522551009931));
#6048 = CARTESIAN_POINT('',(1.571518464048,15.626873775466));
#6049 = CARTESIAN_POINT('',(1.571516412687,15.835656044606));
#6050 = CARTESIAN_POINT('',(1.571514806705,15.940216499382));
#6051 = CARTESIAN_POINT('',(1.571512906597,16.044756800829));
#6052 = CARTESIAN_POINT('',(1.571511327555,16.149275828555));
#6053 = CARTESIAN_POINT('',(1.571510664228,16.253790315682));
#6054 = CARTESIAN_POINT('',(1.571511088284,16.358319051466));
#6055 = CARTESIAN_POINT('',(1.571512225513,16.462867976435));
#6056 = CARTESIAN_POINT('',(1.571515353919,16.693404342735));
#6057 = CARTESIAN_POINT('',(1.571517472109,16.819533787577));
#6058 = CARTESIAN_POINT('',(1.571519205206,16.945602437314));
#6059 = CARTESIAN_POINT('',(1.571519547909,17.0716293289));
#6060 = CARTESIAN_POINT('',(1.57151788612,17.19765473325));
#6061 = CARTESIAN_POINT('',(1.57151579078,17.323719876734));
#6062 = CARTESIAN_POINT('',(1.571514357562,17.449845179662));
#6063 = CARTESIAN_POINT('',(1.571513271158,17.687842543813));
#6064 = CARTESIAN_POINT('',(1.571513433977,17.799872296405));
#6065 = CARTESIAN_POINT('',(1.571514435623,17.911871181116));
#6066 = CARTESIAN_POINT('',(1.571515766234,18.023846617715));
#6067 = CARTESIAN_POINT('',(1.571516461266,18.135822876907));
#6068 = CARTESIAN_POINT('',(1.571514591548,18.247823341638));
#6069 = CARTESIAN_POINT('',(1.571513663648,18.359854082076));
#6070 = CARTESIAN_POINT('',(1.571513720565,18.526503589548));
#6071 = CARTESIAN_POINT('',(1.57151404,18.581179436237));
#6072 = CARTESIAN_POINT('',(1.57151442916,18.6358555004));
#6073 = CARTESIAN_POINT('',(1.571514739395,18.69053243046));
#6074 = CARTESIAN_POINT('',(1.571514904433,18.745210326362));
#6075 = CARTESIAN_POINT('',(1.571514940389,18.79988873957));
#6076 = CARTESIAN_POINT('',(1.571514945758,18.854566673069));
#6077 = CARTESIAN_POINT('',(1.571515356027,18.998673915725));
#6078 = CARTESIAN_POINT('',(1.571515659307,19.088119279389));
#6079 = CARTESIAN_POINT('',(1.571515508988,19.177555369527));
#6080 = CARTESIAN_POINT('',(1.571514836815,19.266981894028));
#6081 = CARTESIAN_POINT('',(1.571513928955,19.356410021261));
#6082 = CARTESIAN_POINT('',(1.571513244671,19.445850196927));
#6083 = CARTESIAN_POINT('',(1.571513133279,19.535299327997));
#6084 = CARTESIAN_POINT('',(1.571513737606,19.706265216771));
#6085 = CARTESIAN_POINT('',(1.571514398924,19.787819762381));
#6086 = CARTESIAN_POINT('',(1.571515429393,19.869371330648));
#6087 = CARTESIAN_POINT('',(1.571516611178,19.950917147373));
#6088 = CARTESIAN_POINT('',(1.571517657233,20.032462920339));
#6089 = CARTESIAN_POINT('',(1.571518323835,20.114014613753));
#6090 = CARTESIAN_POINT('',(1.571518490968,20.195570380887));
#6091 = CARTESIAN_POINT('',(1.571517972753,20.346269263034));
#6092 = CARTESIAN_POINT('',(1.57151741124,20.415437189009));
#6093 = CARTESIAN_POINT('',(1.571516543329,20.484606654775));
#6094 = CARTESIAN_POINT('',(1.571515466564,20.553775421186));
#6095 = CARTESIAN_POINT('',(1.571514327703,20.6229451879));
#6096 = CARTESIAN_POINT('',(1.571513287291,20.692117946275));
#6097 = CARTESIAN_POINT('',(1.571512479849,20.761292285281));
#6098 = CARTESIAN_POINT('',(1.571511142157,20.942645815587));
#6099 = CARTESIAN_POINT('',(1.571511099604,21.054883813034));
#6100 = CARTESIAN_POINT('',(1.571512133975,21.167090480565));
#6101 = CARTESIAN_POINT('',(1.571514161986,21.279275949902));
#6102 = CARTESIAN_POINT('',(1.571516407567,21.391465455468));
#6103 = CARTESIAN_POINT('',(1.571517923851,21.503682276903));
#6104 = CARTESIAN_POINT('',(1.571518459237,21.61593050531));
#6105 = CARTESIAN_POINT('',(1.571518004773,21.80522939255));
#6106 = CARTESIAN_POINT('',(1.57151744228,21.882359157421));
#6107 = CARTESIAN_POINT('',(1.571516547964,21.959489371093));
#6108 = CARTESIAN_POINT('',(1.571515503708,22.036618617445));
#6109 = CARTESIAN_POINT('',(1.571514540509,22.113750792859));
#6110 = CARTESIAN_POINT('',(1.571513858267,22.190888864689));
#6111 = CARTESIAN_POINT('',(1.571513552613,22.268028257782));
#6112 = CARTESIAN_POINT('',(1.571513548757,22.345149869034));
#6113 = ( GEOMETRIC_REPRESENTATION_CONTEXT(2) 
PARAMETRIC_REPRESENTATION_CONTEXT() REPRESENTATION_CONTEXT('2D SPACE',''
  ) );
#6114 = PCURVE('',#2843,#6115);
#6115 = DEFINITIONAL_REPRESENTATION('',(#6116),#6189);
#6116 = B_SPLINE_CURVE_WITH_KNOTS('',8,(#6117,#6118,#6119,#6120,#6121,
    #6122,#6123,#6124,#6125,#6126,#6127,#6128,#6129,#6130,#6131,#6132,
    #6133,#6134,#6135,#6136,#6137,#6138,#6139,#6140,#6141,#6142,#6143,
    #6144,#6145,#6146,#6147,#6148,#6149,#6150,#6151,#6152,#6153,#6154,
    #6155,#6156,#6157,#6158,#6159,#6160,#6161,#6162,#6163,#6164,#6165,
    #6166,#6167,#6168,#6169,#6170,#6171,#6172,#6173,#6174,#6175,#6176,
    #6177,#6178,#6179,#6180,#6181,#6182,#6183,#6184,#6185,#6186,#6187,
    #6188),.UNSPECIFIED.,.F.,.F.,(9,7,7,7,7,7,7,7,7,7,9),(0.,
    0.112021096488,0.224297272166,0.359681353735,0.479968741603,
    0.538705680927,0.634779491561,0.722376828302,0.796668780101,
    0.917166780281,1.),.UNSPECIFIED.);
#6117 = CARTESIAN_POINT('',(0.,-10.30000042917));
#6118 = CARTESIAN_POINT('',(-8.796609313233E-02,-10.35600133149));
#6119 = CARTESIAN_POINT('',(-0.17596886682,-10.41202546278));
#6120 = CARTESIAN_POINT('',(-0.263955326512,-10.46803913995));
#6121 = CARTESIAN_POINT('',(-0.351927806932,-10.52404397049));
#6122 = CARTESIAN_POINT('',(-0.439901018217,-10.58004937866));
#6123 = CARTESIAN_POINT('',(-0.527888977526,-10.6360642707));
#6124 = CARTESIAN_POINT('',(-0.615891768759,-10.69208864955));
#6125 = CARTESIAN_POINT('',(-0.792012668569,-10.80421083959));
#6126 = CARTESIAN_POINT('',(-0.880215936556,-10.86036286452));
#6127 = CARTESIAN_POINT('',(-0.968402245937,-10.91650406651));
#6128 = CARTESIAN_POINT('',(-1.056570703372,-10.97263384389));
#6129 = CARTESIAN_POINT('',(-1.144735392677,-11.02876118283));
#6130 = CARTESIAN_POINT('',(-1.23291208926,-11.08489617373));
#6131 = CARTESIAN_POINT('',(-1.32110575968,-11.14104200682));
#6132 = CARTESIAN_POINT('',(-1.515577733695,-11.26484678382));
#6133 = CARTESIAN_POINT('',(-1.621975800788,-11.33258198778));
#6134 = CARTESIAN_POINT('',(-1.7283225104,-11.40028454298));
#6135 = CARTESIAN_POINT('',(-1.834634001109,-11.46796467282));
#6136 = CARTESIAN_POINT('',(-1.940944493889,-11.53564400402));
#6137 = CARTESIAN_POINT('',(-2.047288847209,-11.60334467627));
#6138 = CARTESIAN_POINT('',(-2.153684004228,-11.6710776559));
#6139 = CARTESIAN_POINT('',(-2.354450442596,-11.79888920714));
#6140 = CARTESIAN_POINT('',(-2.448954781859,-11.85905246363));
#6141 = CARTESIAN_POINT('',(-2.543432788826,-11.91919914317));
#6142 = CARTESIAN_POINT('',(-2.637890608307,-11.97933323038));
#6143 = CARTESIAN_POINT('',(-2.732348723441,-12.03946775935));
#6144 = CARTESIAN_POINT('',(-2.826827504172,-12.09961528741));
#6145 = CARTESIAN_POINT('',(-2.921332925731,-12.15977907441));
#6146 = CARTESIAN_POINT('',(-3.061913259621,-12.24927473811));
#6147 = CARTESIAN_POINT('',(-3.108035991419,-12.27863726826));
#6148 = CARTESIAN_POINT('',(-3.154158895976,-12.3079999152));
#6149 = CARTESIAN_POINT('',(-3.200282574711,-12.33736302715));
#6150 = CARTESIAN_POINT('',(-3.246407121998,-12.36672665779));
#6151 = CARTESIAN_POINT('',(-3.292532125167,-12.39609056624));
#6152 = CARTESIAN_POINT('',(-3.338656664503,-12.42545421707));
#6153 = CARTESIAN_POINT('',(-3.460220401474,-12.5028440247));
#6154 = CARTESIAN_POINT('',(-3.535672986762,-12.55087880325));
#6155 = CARTESIAN_POINT('',(-3.611117461982,-12.59890860164));
#6156 = CARTESIAN_POINT('',(-3.686553852532,-12.646933263));
#6157 = CARTESIAN_POINT('',(-3.76199179913,-12.69495878508));
#6158 = CARTESIAN_POINT('',(-3.83744016004,-12.74299077752));
#6159 = CARTESIAN_POINT('',(-3.91289623271,-12.79102757927));
#6160 = CARTESIAN_POINT('',(-4.057117123276,-12.88284126608));
#6161 = CARTESIAN_POINT('',(-4.125913794731,-12.92663844435));
#6162 = CARTESIAN_POINT('',(-4.194707985675,-12.9704340237));
#6163 = CARTESIAN_POINT('',(-4.263497286519,-13.0142265143));
#6164 = CARTESIAN_POINT('',(-4.332286467131,-13.0580189814));
#6165 = CARTESIAN_POINT('',(-4.401080552822,-13.10181462795));
#6166 = CARTESIAN_POINT('',(-4.46987801082,-13.14561246222));
#6167 = CARTESIAN_POINT('',(-4.597001995526,-13.22654217321));
#6168 = CARTESIAN_POINT('',(-4.655349463253,-13.26368737415));
#6169 = CARTESIAN_POINT('',(-4.713698218266,-13.30083340201));
#6170 = CARTESIAN_POINT('',(-4.772046392124,-13.3379790543));
#6171 = CARTESIAN_POINT('',(-4.830395433516,-13.37512524377));
#6172 = CARTESIAN_POINT('',(-4.888747027058,-13.41227303985));
#6173 = CARTESIAN_POINT('',(-4.947099977457,-13.44942168477));
#6174 = CARTESIAN_POINT('',(-5.10008324071,-13.54681383915));
#6175 = CARTESIAN_POINT('',(-5.194763183368,-13.60708892922));
#6176 = CARTESIAN_POINT('',(-5.289416693877,-13.66734719422));
#6177 = CARTESIAN_POINT('',(-5.38405224963,-13.72759407518));
#6178 = CARTESIAN_POINT('',(-5.478691080539,-13.78784312369));
#6179 = CARTESIAN_POINT('',(-5.573352916239,-13.84810684162));
#6180 = CARTESIAN_POINT('',(-5.668041316689,-13.90838742602));
#6181 = CARTESIAN_POINT('',(-5.8277269636,-14.01004646965));
#6182 = CARTESIAN_POINT('',(-5.892790879494,-14.05146741115));
#6183 = CARTESIAN_POINT('',(-5.957855243863,-14.09288859366));
#6184 = CARTESIAN_POINT('',(-6.022918865105,-14.13430925669));
#6185 = CARTESIAN_POINT('',(-6.087985004282,-14.17573149271));
#6186 = CARTESIAN_POINT('',(-6.153056110731,-14.21715689528));
#6187 = CARTESIAN_POINT('',(-6.218128261866,-14.2585830074));
#6188 = CARTESIAN_POINT('',(-6.28318530718,-14.29999957016));
#6189 = ( GEOMETRIC_REPRESENTATION_CONTEXT(2) 
PARAMETRIC_REPRESENTATION_CONTEXT() REPRESENTATION_CONTEXT('2D SPACE',''
  ) );
#6190 = ORIENTED_EDGE('',*,*,#6191,.F.);
#6191 = EDGE_CURVE('',#1856,#5962,#6192,.T.);
#6192 = SURFACE_CURVE('',#6193,(#6266,#6342),.PCURVE_S1.);
#6193 = B_SPLINE_CURVE_WITH_KNOTS('',8,(#6194,#6195,#6196,#6197,#6198,
    #6199,#6200,#6201,#6202,#6203,#6204,#6205,#6206,#6207,#6208,#6209,
    #6210,#6211,#6212,#6213,#6214,#6215,#6216,#6217,#6218,#6219,#6220,
    #6221,#6222,#6223,#6224,#6225,#6226,#6227,#6228,#6229,#6230,#6231,
    #6232,#6233,#6234,#6235,#6236,#6237,#6238,#6239,#6240,#6241,#6242,
    #6243,#6244,#6245,#6246,#6247,#6248,#6249,#6250,#6251,#6252,#6253,
    #6254,#6255,#6256,#6257,#6258,#6259,#6260,#6261,#6262,#6263,#6264,
    #6265),.UNSPECIFIED.,.F.,.F.,(9,7,7,7,7,7,7,7,7,7,9),(0.,
    0.129088022117,0.224355306056,0.274270502777,0.368612367006,
    0.473315253507,0.580986375601,0.704365518653,0.821352173478,
    0.912141795238,1.),.UNSPECIFIED.);
#6194 = CARTESIAN_POINT('',(7.,-8.881784197001E-16,15.300000097559));
#6195 = CARTESIAN_POINT('',(7.,0.709474642069,15.364523839825));
#6196 = CARTESIAN_POINT('',(6.917819576774,1.419453941982,15.42909343462
    ));
#6197 = CARTESIAN_POINT('',(6.753255439971,2.118058360169,
    15.493638931458));
#6198 = CARTESIAN_POINT('',(6.508399036844,2.794210225399,
    15.558166941907));
#6199 = CARTESIAN_POINT('',(6.186820900488,3.437423919355,
    15.622694801931));
#6200 = CARTESIAN_POINT('',(5.793662455869,4.037892417292,
    15.687240266862));
#6201 = CARTESIAN_POINT('',(5.335511398714,4.586466693825,
    15.751810309269));
#6202 = CARTESIAN_POINT('',(4.44151383473,5.435725155888,15.86395304362)
  );
#6203 = CARTESIAN_POINT('',(4.030915413511,5.764038680967,
    15.911591236001));
#6204 = CARTESIAN_POINT('',(3.592707774464,6.056758767415,
    15.959227264462));
#6205 = CARTESIAN_POINT('',(3.130564281267,6.311197008559,
    16.006856255736));
#6206 = CARTESIAN_POINT('',(2.648386184146,6.525161333456,
    16.054482178495));
#6207 = CARTESIAN_POINT('',(2.150266278791,6.696912298041,
    16.102110883863));
#6208 = CARTESIAN_POINT('',(1.640487855676,6.825179954323,
    16.149744013017));
#6209 = CARTESIAN_POINT('',(0.852714559026,6.953285153122,16.22232933563
    ));
#6210 = CARTESIAN_POINT('',(0.579954749327,6.985185707966,
    16.247279506919));
#6211 = CARTESIAN_POINT('',(0.305882475346,7.004854137835,
    16.272227378976));
#6212 = CARTESIAN_POINT('',(3.11121233879E-02,7.012232347471,
    16.297175401925));
#6213 = CARTESIAN_POINT('',(-0.243730478178,7.007295456925,
    16.322125094932));
#6214 = CARTESIAN_POINT('',(-0.518008282102,6.990055492329,
    16.347076885337));
#6215 = CARTESIAN_POINT('',(-0.791073489038,6.960566281188,
    16.372030074723));
#6216 = CARTESIAN_POINT('',(-1.57483801118,6.840234347284,
    16.444144903055));
#6217 = CARTESIAN_POINT('',(-2.080833640674,6.718128173234,
    16.491314991654));
#6218 = CARTESIAN_POINT('',(-2.575801818068,6.553270327192,
    16.538479209738));
#6219 = CARTESIAN_POINT('',(-3.055539913928,6.346872086748,
    16.585636430589));
#6220 = CARTESIAN_POINT('',(-3.51606365461,6.100599870738,
    16.632792268601));
#6221 = CARTESIAN_POINT('',(-3.953600655287,5.816535404646,
    16.679953134713));
#6222 = CARTESIAN_POINT('',(-4.364609829118,5.497192890597,
    16.727120467388));
#6223 = CARTESIAN_POINT('',(-5.168910361003,4.755379307202,
    16.826629634585));
#6224 = CARTESIAN_POINT('',(-5.555438807364,4.325304242747,
    16.878987992136));
#6225 = CARTESIAN_POINT('',(-5.90084736345,3.859513922704,
    16.931338659839));
#6226 = CARTESIAN_POINT('',(-6.201358595492,3.362641170886,
    16.983683995244));
#6227 = CARTESIAN_POINT('',(-6.453843039497,2.839698942978,
    17.036031405764));
#6228 = CARTESIAN_POINT('',(-6.655781042467,2.296050683399,
    17.088387075732));
#6229 = CARTESIAN_POINT('',(-6.805333460796,1.737432141477,
    17.140749700858));
#6230 = CARTESIAN_POINT('',(-7.000451572731,0.586479606388,
    17.246917449318));
#6231 = CARTESIAN_POINT('',(-7.043032057941,-6.850380696337E-03,
    17.300766522861));
#6232 = CARTESIAN_POINT('',(-7.028056827982,-0.60332453976,
    17.354608920095));
#6233 = CARTESIAN_POINT('',(-6.95538237423,-1.196402107691,
    17.408444412152));
#6234 = CARTESIAN_POINT('',(-6.825712241765,-1.779679234113,
    17.462280148182));
#6235 = CARTESIAN_POINT('',(-6.640520889654,-2.34688824138,
    17.516123626396));
#6236 = CARTESIAN_POINT('',(-6.402121276733,-2.891918663097,
    17.569975482011));
#6237 = CARTESIAN_POINT('',(-5.783572470228,-4.001289923061,
    17.685491066378));
#6238 = CARTESIAN_POINT('',(-5.387466353503,-4.557479605611,
    17.747214021734));
#6239 = CARTESIAN_POINT('',(-4.930446522939,-5.068353970817,
    17.808918068869));
#6240 = CARTESIAN_POINT('',(-4.418747916383,-5.526282541091,
    17.870606775039));
#6241 = CARTESIAN_POINT('',(-3.859472774413,-5.924684145348,
    17.932294166743));
#6242 = CARTESIAN_POINT('',(-3.260604821415,-6.258096290336,
    17.993994842183));
#6243 = CARTESIAN_POINT('',(-2.630934926932,-6.522134453955,
    18.055714492238));
#6244 = CARTESIAN_POINT('',(-1.363512477821,-6.895973644139,
    18.175890385684));
#6245 = CARTESIAN_POINT('',(-0.727292114102,-7.013227360908,
    18.234404670723));
#6246 = CARTESIAN_POINT('',(-8.004600633181E-02,-7.063224742235,
    18.292902783863));
#6247 = CARTESIAN_POINT('',(0.56991893023,-7.044952949687,
    18.351388376205));
#6248 = CARTESIAN_POINT('',(1.21436354038,-6.95850842087,18.409873776698
    ));
#6249 = CARTESIAN_POINT('',(1.845144283829,-6.805124960022,
    18.468371449166));
#6250 = CARTESIAN_POINT('',(2.454235940058,-6.587135553252,
    18.526885434464));
#6251 = CARTESIAN_POINT('',(3.483640133622,-6.092074569625,
    18.630769410636));
#6252 = CARTESIAN_POINT('',(3.915913549282,-5.839053416347,
    18.676171738506));
#6253 = CARTESIAN_POINT('',(4.327025325051,-5.551045940298,
    18.72157029636));
#6254 = CARTESIAN_POINT('',(4.71368577203,-5.230159163339,
    18.766964187656));
#6255 = CARTESIAN_POINT('',(5.072895230156,-4.878826658007,18.8123577743
    ));
#6256 = CARTESIAN_POINT('',(5.401930376499,-4.499781124947,
    18.85775496395));
#6257 = CARTESIAN_POINT('',(5.698365209864,-4.096066320916,
    18.903154735297));
#6258 = CARTESIAN_POINT('',(6.213436453245,-3.259832050865,
    18.992475411969));
#6259 = CARTESIAN_POINT('',(6.434360568501,-2.828525940638,
    19.036410893664));
#6260 = CARTESIAN_POINT('',(6.620979791003,-2.38024243903,
    19.080344131066));
#6261 = CARTESIAN_POINT('',(6.771802737114,-1.918188226348,
    19.124273792585));
#6262 = CARTESIAN_POINT('',(6.885704716425,-1.445678458231,
    19.168203158699));
#6263 = CARTESIAN_POINT('',(6.961907493366,-0.966123375791,
    19.212135802557));
#6264 = CARTESIAN_POINT('',(7.,-0.483027298527,19.256071222881));
#6265 = CARTESIAN_POINT('',(7.,1.7763568394E-15,19.300000429175));
#6266 = PCURVE('',#692,#6267);
#6267 = DEFINITIONAL_REPRESENTATION('',(#6268),#6341);
#6268 = B_SPLINE_CURVE_WITH_KNOTS('',8,(#6269,#6270,#6271,#6272,#6273,
    #6274,#6275,#6276,#6277,#6278,#6279,#6280,#6281,#6282,#6283,#6284,
    #6285,#6286,#6287,#6288,#6289,#6290,#6291,#6292,#6293,#6294,#6295,
    #6296,#6297,#6298,#6299,#6300,#6301,#6302,#6303,#6304,#6305,#6306,
    #6307,#6308,#6309,#6310,#6311,#6312,#6313,#6314,#6315,#6316,#6317,
    #6318,#6319,#6320,#6321,#6322,#6323,#6324,#6325,#6326,#6327,#6328,
    #6329,#6330,#6331,#6332,#6333,#6334,#6335,#6336,#6337,#6338,#6339,
    #6340),.UNSPECIFIED.,.F.,.F.,(9,7,7,7,7,7,7,7,7,7,9),(0.,
    0.129088022117,0.224355306056,0.274270502777,0.368612367006,
    0.473315253507,0.580986375601,0.704365518653,0.821352173478,
    0.912141795238,1.),.UNSPECIFIED.);
#6269 = CARTESIAN_POINT('',(1.571516339512,7.44838373814));
#6270 = CARTESIAN_POINT('',(1.571517895855,7.56853313337));
#6271 = CARTESIAN_POINT('',(1.571518987404,7.688767910408));
#6272 = CARTESIAN_POINT('',(1.571518984634,7.808957814745));
#6273 = CARTESIAN_POINT('',(1.571517542931,7.929115157694));
#6274 = CARTESIAN_POINT('',(1.571515256287,8.049272220582));
#6275 = CARTESIAN_POINT('',(1.571513771917,8.169462065502));
#6276 = CARTESIAN_POINT('',(1.571513358987,8.289697676029));
#6277 = CARTESIAN_POINT('',(1.571513815241,8.498518200658));
#6278 = CARTESIAN_POINT('',(1.571514337067,8.587225082854));
#6279 = CARTESIAN_POINT('',(1.571515198955,8.675927935623));
#6280 = CARTESIAN_POINT('',(1.571515761979,8.764617684479));
#6281 = CARTESIAN_POINT('',(1.571515576497,8.853301719463));
#6282 = CARTESIAN_POINT('',(1.571514766261,8.941990935932));
#6283 = CARTESIAN_POINT('',(1.571513956453,9.030688389916));
#6284 = CARTESIAN_POINT('',(1.571513635208,9.165849220763));
#6285 = CARTESIAN_POINT('',(1.571513698695,9.212308832151));
#6286 = CARTESIAN_POINT('',(1.57151388463,9.258764162152));
#6287 = CARTESIAN_POINT('',(1.571514258565,9.30521977313));
#6288 = CARTESIAN_POINT('',(1.571514704652,9.351678493913));
#6289 = CARTESIAN_POINT('',(1.571514931575,9.398141120251));
#6290 = CARTESIAN_POINT('',(1.571514782863,9.444606351627));
#6291 = CARTESIAN_POINT('',(1.571514981464,9.578891077007));
#6292 = CARTESIAN_POINT('',(1.571515316592,9.666726305076));
#6293 = CARTESIAN_POINT('',(1.571515720678,9.754550601687));
#6294 = CARTESIAN_POINT('',(1.571515674307,9.842361868775));
#6295 = CARTESIAN_POINT('',(1.571515008894,9.930170560886));
#6296 = CARTESIAN_POINT('',(1.571514108214,10.017988615799));
#6297 = CARTESIAN_POINT('',(1.571513577512,10.105818712077));
#6298 = CARTESIAN_POINT('',(1.571513161227,10.291114323245));
#6299 = CARTESIAN_POINT('',(1.571513405064,10.388610605603));
#6300 = CARTESIAN_POINT('',(1.571514318134,10.486092568719));
#6301 = CARTESIAN_POINT('',(1.57151580449,10.583564602586));
#6302 = CARTESIAN_POINT('',(1.571517318348,10.681040500529));
#6303 = CARTESIAN_POINT('',(1.571518292636,10.77853177836));
#6304 = CARTESIAN_POINT('',(1.571518560357,10.87603600735));
#6305 = CARTESIAN_POINT('',(1.571517800139,11.073730535311));
#6306 = CARTESIAN_POINT('',(1.571516737221,11.174002673781));
#6307 = CARTESIAN_POINT('',(1.571515071062,11.274262380319));
#6308 = CARTESIAN_POINT('',(1.571513190459,11.374509228775));
#6309 = CARTESIAN_POINT('',(1.571511708471,11.474756531541));
#6310 = CARTESIAN_POINT('',(1.571511067576,11.575018250986));
#6311 = CARTESIAN_POINT('',(1.571511255845,11.675295569944));
#6312 = CARTESIAN_POINT('',(1.571512959333,11.890396664711));
#6313 = CARTESIAN_POINT('',(1.571514664302,12.005330726135));
#6314 = CARTESIAN_POINT('',(1.571516811302,12.120229578635));
#6315 = CARTESIAN_POINT('',(1.571518659731,12.235099864834));
#6316 = CARTESIAN_POINT('',(1.571519227723,12.349967703339));
#6317 = CARTESIAN_POINT('',(1.571518520243,12.464860277419));
#6318 = CARTESIAN_POINT('',(1.57151721933,12.579788184058));
#6319 = CARTESIAN_POINT('',(1.571514700277,12.803567221211));
#6320 = CARTESIAN_POINT('',(1.571513478552,12.912526430838));
#6321 = CARTESIAN_POINT('',(1.571512797569,13.021455526849));
#6322 = CARTESIAN_POINT('',(1.571513064074,13.130361307912));
#6323 = CARTESIAN_POINT('',(1.571514410623,13.23926673174));
#6324 = CARTESIAN_POINT('',(1.571515308076,13.348195007167));
#6325 = CARTESIAN_POINT('',(1.571515361485,13.457153658646));
#6326 = CARTESIAN_POINT('',(1.571514884855,13.650595583622));
#6327 = CARTESIAN_POINT('',(1.571513800479,13.735139071705));
#6328 = CARTESIAN_POINT('',(1.571514549575,13.819675539658));
#6329 = CARTESIAN_POINT('',(1.571515601572,13.90420331803));
#6330 = CARTESIAN_POINT('',(1.571515484714,13.988730529111));
#6331 = CARTESIAN_POINT('',(1.571514590606,14.073264449337));
#6332 = CARTESIAN_POINT('',(1.571514484363,14.157803176929));
#6333 = CARTESIAN_POINT('',(1.571514948726,14.324126841773));
#6334 = CARTESIAN_POINT('',(1.571515348594,14.405938921625));
#6335 = CARTESIAN_POINT('',(1.571515460667,14.487746822385));
#6336 = CARTESIAN_POINT('',(1.571515110859,14.56954806451));
#6337 = CARTESIAN_POINT('',(1.571514432101,14.651348756564));
#6338 = CARTESIAN_POINT('',(1.571513766627,14.733155552091));
#6339 = CARTESIAN_POINT('',(1.57151344873,14.814967517666));
#6340 = CARTESIAN_POINT('',(1.571513467991,14.896767912118));
#6341 = ( GEOMETRIC_REPRESENTATION_CONTEXT(2) 
PARAMETRIC_REPRESENTATION_CONTEXT() REPRESENTATION_CONTEXT('2D SPACE',''
  ) );
#6342 = PCURVE('',#2629,#6343);
#6343 = DEFINITIONAL_REPRESENTATION('',(#6344),#6417);
#6344 = B_SPLINE_CURVE_WITH_KNOTS('',8,(#6345,#6346,#6347,#6348,#6349,
    #6350,#6351,#6352,#6353,#6354,#6355,#6356,#6357,#6358,#6359,#6360,
    #6361,#6362,#6363,#6364,#6365,#6366,#6367,#6368,#6369,#6370,#6371,
    #6372,#6373,#6374,#6375,#6376,#6377,#6378,#6379,#6380,#6381,#6382,
    #6383,#6384,#6385,#6386,#6387,#6388,#6389,#6390,#6391,#6392,#6393,
    #6394,#6395,#6396,#6397,#6398,#6399,#6400,#6401,#6402,#6403,#6404,
    #6405,#6406,#6407,#6408,#6409,#6410,#6411,#6412,#6413,#6414,#6415,
    #6416),.UNSPECIFIED.,.F.,.F.,(9,7,7,7,7,7,7,7,7,7,9),(0.,
    0.129088022117,0.224355306056,0.274270502777,0.368612367006,
    0.473315253507,0.580986375601,0.704365518653,0.821352173478,
    0.912141795238,1.),.UNSPECIFIED.);
#6345 = CARTESIAN_POINT('',(0.,-6.300000097559));
#6346 = CARTESIAN_POINT('',(-0.101353520296,-6.364523839825));
#6347 = CARTESIAN_POINT('',(-0.202779040696,-6.429093434621));
#6348 = CARTESIAN_POINT('',(-0.304166760535,-6.493638931457));
#6349 = CARTESIAN_POINT('',(-0.405527180949,-6.558166941908));
#6350 = CARTESIAN_POINT('',(-0.506887682849,-6.62269480193));
#6351 = CARTESIAN_POINT('',(-0.608275970534,-6.687240266862));
#6352 = CARTESIAN_POINT('',(-0.709702675529,-6.751810309269));
#6353 = CARTESIAN_POINT('',(-0.885856109332,-6.86395304362));
#6354 = CARTESIAN_POINT('',(-0.960685856048,-6.911591236001));
#6355 = CARTESIAN_POINT('',(-1.035512014762,-6.959227264462));
#6356 = CARTESIAN_POINT('',(-1.110326900204,-7.006856255736));
#6357 = CARTESIAN_POINT('',(-1.185136896336,-7.054482178495));
#6358 = CARTESIAN_POINT('',(-1.259951507644,-7.102110883863));
#6359 = CARTESIAN_POINT('',(-1.334773566543,-7.149744013017));
#6360 = CARTESIAN_POINT('',(-1.448790904007,-7.22232933563));
#6361 = CARTESIAN_POINT('',(-1.487982850168,-7.247279506919));
#6362 = CARTESIAN_POINT('',(-1.527171181216,-7.272227378976));
#6363 = CARTESIAN_POINT('',(-1.566359538322,-7.297175401925));
#6364 = CARTESIAN_POINT('',(-1.605550359104,-7.322125094932));
#6365 = CARTESIAN_POINT('',(-1.644744623508,-7.347076885337));
#6366 = CARTESIAN_POINT('',(-1.683941444438,-7.372030074723));
#6367 = CARTESIAN_POINT('',(-1.797219736438,-7.444144903055));
#6368 = CARTESIAN_POINT('',(-1.871314496399,-7.491314991654));
#6369 = CARTESIAN_POINT('',(-1.945399553737,-7.538479209738));
#6370 = CARTESIAN_POINT('',(-2.019473363259,-7.585636430589));
#6371 = CARTESIAN_POINT('',(-2.093545040494,-7.632792268601));
#6372 = CARTESIAN_POINT('',(-2.167624807505,-7.679953134713));
#6373 = CARTESIAN_POINT('',(-2.241714907871,-7.727120467388));
#6374 = CARTESIAN_POINT('',(-2.39802352059,-7.826629634585));
#6375 = CARTESIAN_POINT('',(-2.480268018199,-7.878987992136));
#6376 = CARTESIAN_POINT('',(-2.562500585026,-7.931338659839));
#6377 = CARTESIAN_POINT('',(-2.644724776674,-7.983683995244));
#6378 = CARTESIAN_POINT('',(-2.72695211487,-8.036031405764));
#6379 = CARTESIAN_POINT('',(-2.809192286584,-8.088387075732));
#6380 = CARTESIAN_POINT('',(-2.891443286056,-8.140749700858));
#6381 = CARTESIAN_POINT('',(-3.058211046829,-8.246917449318));
#6382 = CARTESIAN_POINT('',(-3.142796842678,-8.300766522861));
#6383 = CARTESIAN_POINT('',(-3.227372144358,-8.354608920095));
#6384 = CARTESIAN_POINT('',(-3.311936662639,-8.408444412152));
#6385 = CARTESIAN_POINT('',(-3.396501645459,-8.462280148182));
#6386 = CARTESIAN_POINT('',(-3.481078834273,-8.516123626396));
#6387 = CARTESIAN_POINT('',(-3.565669172972,-8.569975482011));
#6388 = CARTESIAN_POINT('',(-3.747120646131,-8.685491066378));
#6389 = CARTESIAN_POINT('',(-3.844074802494,-8.747214021734));
#6390 = CARTESIAN_POINT('',(-3.940999174486,-8.808918068869));
#6391 = CARTESIAN_POINT('',(-4.037899362074,-8.870606775039));
#6392 = CARTESIAN_POINT('',(-4.134797498546,-8.932294166743));
#6393 = CARTESIAN_POINT('',(-4.231716687297,-8.993994842183));
#6394 = CARTESIAN_POINT('',(-4.328665866278,-9.055714492238));
#6395 = CARTESIAN_POINT('',(-4.517438237821,-9.175890385684));
#6396 = CARTESIAN_POINT('',(-4.609352593414,-9.234404670723));
#6397 = CARTESIAN_POINT('',(-4.701241539997,-9.292902783864));
#6398 = CARTESIAN_POINT('',(-4.7931106487,-9.351388376203));
#6399 = CARTESIAN_POINT('',(-4.884979067481,-9.4098737767));
#6400 = CARTESIAN_POINT('',(-4.976866314694,-9.468371449165));
#6401 = CARTESIAN_POINT('',(-5.068779228257,-9.526885434464));
#6402 = CARTESIAN_POINT('',(-5.231959257249,-9.630769410636));
#6403 = CARTESIAN_POINT('',(-5.303276894525,-9.676171738506));
#6404 = CARTESIAN_POINT('',(-5.374589546954,-9.72157029636));
#6405 = CARTESIAN_POINT('',(-5.445894737902,-9.766964187656));
#6406 = CARTESIAN_POINT('',(-5.517198769163,-9.8123577743));
#6407 = CARTESIAN_POINT('',(-5.588508464974,-9.85775496395));
#6408 = CARTESIAN_POINT('',(-5.659823117259,-9.903154735297));
#6409 = CARTESIAN_POINT('',(-5.800127897762,-9.992475411969));
#6410 = CARTESIAN_POINT('',(-5.869141404257,-10.03641089366));
#6411 = CARTESIAN_POINT('',(-5.9381511202,-10.08034413106));
#6412 = CARTESIAN_POINT('',(-6.007155154292,-10.12427379258));
#6413 = CARTESIAN_POINT('',(-6.076158843053,-10.16820315869));
#6414 = CARTESIAN_POINT('',(-6.145167868732,-10.21213580255));
#6415 = CARTESIAN_POINT('',(-6.21418140739,-10.25607122288));
#6416 = CARTESIAN_POINT('',(-6.28318530718,-10.30000042917));
#6417 = ( GEOMETRIC_REPRESENTATION_CONTEXT(2) 
PARAMETRIC_REPRESENTATION_CONTEXT() REPRESENTATION_CONTEXT('2D SPACE',''
  ) );
#6418 = ADVANCED_FACE('',(#6419),#514,.T.);
#6419 = FACE_BOUND('',#6420,.F.);
#6420 = EDGE_LOOP('',(#6421,#6422,#6423,#6424));
#6421 = ORIENTED_EDGE('',*,*,#1799,.F.);
#6422 = ORIENTED_EDGE('',*,*,#497,.F.);
#6423 = ORIENTED_EDGE('',*,*,#2071,.T.);
#6424 = ORIENTED_EDGE('',*,*,#6425,.F.);
#6425 = EDGE_CURVE('',#1800,#2072,#6426,.T.);
#6426 = SURFACE_CURVE('',#6427,(#6431,#6438),.PCURVE_S1.);
#6427 = LINE('',#6428,#6429);
#6428 = CARTESIAN_POINT('',(7.,0.,9.));
#6429 = VECTOR('',#6430,1.);
#6430 = DIRECTION('',(0.,0.,1.));
#6431 = PCURVE('',#514,#6432);
#6432 = DEFINITIONAL_REPRESENTATION('',(#6433),#6437);
#6433 = LINE('',#6434,#6435);
#6434 = CARTESIAN_POINT('',(-6.28318530718,0.));
#6435 = VECTOR('',#6436,1.);
#6436 = DIRECTION('',(-0.,-1.));
#6437 = ( GEOMETRIC_REPRESENTATION_CONTEXT(2) 
PARAMETRIC_REPRESENTATION_CONTEXT() REPRESENTATION_CONTEXT('2D SPACE',''
  ) );
#6438 = PCURVE('',#1995,#6439);
#6439 = DEFINITIONAL_REPRESENTATION('',(#6440),#6444);
#6440 = LINE('',#6441,#6442);
#6441 = CARTESIAN_POINT('',(-0.,0.));
#6442 = VECTOR('',#6443,1.);
#6443 = DIRECTION('',(-0.,-1.));
#6444 = ( GEOMETRIC_REPRESENTATION_CONTEXT(2) 
PARAMETRIC_REPRESENTATION_CONTEXT() REPRESENTATION_CONTEXT('2D SPACE',''
  ) );
#6445 = ADVANCED_FACE('',(#6446),#1995,.T.);
#6446 = FACE_BOUND('',#6447,.F.);
#6447 = EDGE_LOOP('',(#6448,#6449,#6450,#6451));
#6448 = ORIENTED_EDGE('',*,*,#1855,.F.);
#6449 = ORIENTED_EDGE('',*,*,#6425,.T.);
#6450 = ORIENTED_EDGE('',*,*,#2259,.T.);
#6451 = ORIENTED_EDGE('',*,*,#6452,.F.);
#6452 = EDGE_CURVE('',#1856,#2260,#6453,.T.);
#6453 = SURFACE_CURVE('',#6454,(#6458,#6465),.PCURVE_S1.);
#6454 = LINE('',#6455,#6456);
#6455 = CARTESIAN_POINT('',(7.,0.,9.));
#6456 = VECTOR('',#6457,1.);
#6457 = DIRECTION('',(0.,0.,1.));
#6458 = PCURVE('',#1995,#6459);
#6459 = DEFINITIONAL_REPRESENTATION('',(#6460),#6464);
#6460 = LINE('',#6461,#6462);
#6461 = CARTESIAN_POINT('',(-6.28318530718,0.));
#6462 = VECTOR('',#6463,1.);
#6463 = DIRECTION('',(-0.,-1.));
#6464 = ( GEOMETRIC_REPRESENTATION_CONTEXT(2) 
PARAMETRIC_REPRESENTATION_CONTEXT() REPRESENTATION_CONTEXT('2D SPACE',''
  ) );
#6465 = PCURVE('',#2629,#6466);
#6466 = DEFINITIONAL_REPRESENTATION('',(#6467),#6471);
#6467 = LINE('',#6468,#6469);
#6468 = CARTESIAN_POINT('',(-0.,0.));
#6469 = VECTOR('',#6470,1.);
#6470 = DIRECTION('',(-0.,-1.));
#6471 = ( GEOMETRIC_REPRESENTATION_CONTEXT(2) 
PARAMETRIC_REPRESENTATION_CONTEXT() REPRESENTATION_CONTEXT('2D SPACE',''
  ) );
#6472 = ADVANCED_FACE('',(#6473),#2629,.T.);
#6473 = FACE_BOUND('',#6474,.F.);
#6474 = EDGE_LOOP('',(#6475,#6476,#6477,#6478));
#6475 = ORIENTED_EDGE('',*,*,#6191,.F.);
#6476 = ORIENTED_EDGE('',*,*,#6452,.T.);
#6477 = ORIENTED_EDGE('',*,*,#2489,.T.);
#6478 = ORIENTED_EDGE('',*,*,#6479,.F.);
#6479 = EDGE_CURVE('',#5962,#2490,#6480,.T.);
#6480 = SURFACE_CURVE('',#6481,(#6485,#6492),.PCURVE_S1.);
#6481 = LINE('',#6482,#6483);
#6482 = CARTESIAN_POINT('',(7.,0.,9.));
#6483 = VECTOR('',#6484,1.);
#6484 = DIRECTION('',(0.,0.,1.));
#6485 = PCURVE('',#2629,#6486);
#6486 = DEFINITIONAL_REPRESENTATION('',(#6487),#6491);
#6487 = LINE('',#6488,#6489);
#6488 = CARTESIAN_POINT('',(-6.28318530718,0.));
#6489 = VECTOR('',#6490,1.);
#6490 = DIRECTION('',(-0.,-1.));
#6491 = ( GEOMETRIC_REPRESENTATION_CONTEXT(2) 
PARAMETRIC_REPRESENTATION_CONTEXT() REPRESENTATION_CONTEXT('2D SPACE',''
  ) );
#6492 = PCURVE('',#2843,#6493);
#6493 = DEFINITIONAL_REPRESENTATION('',(#6494),#6498);
#6494 = LINE('',#6495,#6496);
#6495 = CARTESIAN_POINT('',(-0.,0.));
#6496 = VECTOR('',#6497,1.);
#6497 = DIRECTION('',(-0.,-1.));
#6498 = ( GEOMETRIC_REPRESENTATION_CONTEXT(2) 
PARAMETRIC_REPRESENTATION_CONTEXT() REPRESENTATION_CONTEXT('2D SPACE',''
  ) );
#6499 = ADVANCED_FACE('',(#6500),#2843,.T.);
#6500 = FACE_BOUND('',#6501,.F.);
#6501 = EDGE_LOOP('',(#6502,#6503,#6504,#6505));
#6502 = ORIENTED_EDGE('',*,*,#5961,.F.);
#6503 = ORIENTED_EDGE('',*,*,#6479,.T.);
#6504 = ORIENTED_EDGE('',*,*,#2703,.T.);
#6505 = ORIENTED_EDGE('',*,*,#6506,.F.);
#6506 = EDGE_CURVE('',#5711,#2704,#6507,.T.);
#6507 = SURFACE_CURVE('',#6508,(#6512,#6519),.PCURVE_S1.);
#6508 = LINE('',#6509,#6510);
#6509 = CARTESIAN_POINT('',(7.,0.,9.));
#6510 = VECTOR('',#6511,1.);
#6511 = DIRECTION('',(0.,0.,1.));
#6512 = PCURVE('',#2843,#6513);
#6513 = DEFINITIONAL_REPRESENTATION('',(#6514),#6518);
#6514 = LINE('',#6515,#6516);
#6515 = CARTESIAN_POINT('',(-6.28318530718,0.));
#6516 = VECTOR('',#6517,1.);
#6517 = DIRECTION('',(-0.,-1.));
#6518 = ( GEOMETRIC_REPRESENTATION_CONTEXT(2) 
PARAMETRIC_REPRESENTATION_CONTEXT() REPRESENTATION_CONTEXT('2D SPACE',''
  ) );
#6519 = PCURVE('',#3071,#6520);
#6520 = DEFINITIONAL_REPRESENTATION('',(#6521),#6525);
#6521 = LINE('',#6522,#6523);
#6522 = CARTESIAN_POINT('',(-0.,0.));
#6523 = VECTOR('',#6524,1.);
#6524 = DIRECTION('',(-0.,-1.));
#6525 = ( GEOMETRIC_REPRESENTATION_CONTEXT(2) 
PARAMETRIC_REPRESENTATION_CONTEXT() REPRESENTATION_CONTEXT('2D SPACE',''
  ) );
#6526 = ADVANCED_FACE('',(#6527),#3071,.T.);
#6527 = FACE_BOUND('',#6528,.F.);
#6528 = EDGE_LOOP('',(#6529,#6530,#6531,#6532));
#6529 = ORIENTED_EDGE('',*,*,#5710,.F.);
#6530 = ORIENTED_EDGE('',*,*,#6506,.T.);
#6531 = ORIENTED_EDGE('',*,*,#2917,.T.);
#6532 = ORIENTED_EDGE('',*,*,#6533,.F.);
#6533 = EDGE_CURVE('',#5523,#2918,#6534,.T.);
#6534 = SURFACE_CURVE('',#6535,(#6539,#6546),.PCURVE_S1.);
#6535 = LINE('',#6536,#6537);
#6536 = CARTESIAN_POINT('',(7.,0.,9.));
#6537 = VECTOR('',#6538,1.);
#6538 = DIRECTION('',(0.,0.,1.));
#6539 = PCURVE('',#3071,#6540);
#6540 = DEFINITIONAL_REPRESENTATION('',(#6541),#6545);
#6541 = LINE('',#6542,#6543);
#6542 = CARTESIAN_POINT('',(-6.28318530718,0.));
#6543 = VECTOR('',#6544,1.);
#6544 = DIRECTION('',(-0.,-1.));
#6545 = ( GEOMETRIC_REPRESENTATION_CONTEXT(2) 
PARAMETRIC_REPRESENTATION_CONTEXT() REPRESENTATION_CONTEXT('2D SPACE',''
  ) );
#6546 = PCURVE('',#3292,#6547);
#6547 = DEFINITIONAL_REPRESENTATION('',(#6548),#6552);
#6548 = LINE('',#6549,#6550);
#6549 = CARTESIAN_POINT('',(-0.,0.));
#6550 = VECTOR('',#6551,1.);
#6551 = DIRECTION('',(-0.,-1.));
#6552 = ( GEOMETRIC_REPRESENTATION_CONTEXT(2) 
PARAMETRIC_REPRESENTATION_CONTEXT() REPRESENTATION_CONTEXT('2D SPACE',''
  ) );
#6553 = ADVANCED_FACE('',(#6554),#3292,.T.);
#6554 = FACE_BOUND('',#6555,.F.);
#6555 = EDGE_LOOP('',(#6556,#6557,#6558,#6559));
#6556 = ORIENTED_EDGE('',*,*,#5522,.F.);
#6557 = ORIENTED_EDGE('',*,*,#6533,.T.);
#6558 = ORIENTED_EDGE('',*,*,#3152,.T.);
#6559 = ORIENTED_EDGE('',*,*,#6560,.F.);
#6560 = EDGE_CURVE('',#5314,#3153,#6561,.T.);
#6561 = SURFACE_CURVE('',#6562,(#6566,#6573),.PCURVE_S1.);
#6562 = LINE('',#6563,#6564);
#6563 = CARTESIAN_POINT('',(7.,0.,9.));
#6564 = VECTOR('',#6565,1.);
#6565 = DIRECTION('',(0.,0.,1.));
#6566 = PCURVE('',#3292,#6567);
#6567 = DEFINITIONAL_REPRESENTATION('',(#6568),#6572);
#6568 = LINE('',#6569,#6570);
#6569 = CARTESIAN_POINT('',(-6.28318530718,0.));
#6570 = VECTOR('',#6571,1.);
#6571 = DIRECTION('',(-0.,-1.));
#6572 = ( GEOMETRIC_REPRESENTATION_CONTEXT(2) 
PARAMETRIC_REPRESENTATION_CONTEXT() REPRESENTATION_CONTEXT('2D SPACE',''
  ) );
#6573 = PCURVE('',#3506,#6574);
#6574 = DEFINITIONAL_REPRESENTATION('',(#6575),#6579);
#6575 = LINE('',#6576,#6577);
#6576 = CARTESIAN_POINT('',(-0.,0.));
#6577 = VECTOR('',#6578,1.);
#6578 = DIRECTION('',(-0.,-1.));
#6579 = ( GEOMETRIC_REPRESENTATION_CONTEXT(2) 
PARAMETRIC_REPRESENTATION_CONTEXT() REPRESENTATION_CONTEXT('2D SPACE',''
  ) );
#6580 = ADVANCED_FACE('',(#6581),#3506,.T.);
#6581 = FACE_BOUND('',#6582,.F.);
#6582 = EDGE_LOOP('',(#6583,#6584,#6585,#6586));
#6583 = ORIENTED_EDGE('',*,*,#5313,.F.);
#6584 = ORIENTED_EDGE('',*,*,#6560,.T.);
#6585 = ORIENTED_EDGE('',*,*,#3366,.T.);
#6586 = ORIENTED_EDGE('',*,*,#6587,.F.);
#6587 = EDGE_CURVE('',#5105,#3367,#6588,.T.);
#6588 = SURFACE_CURVE('',#6589,(#6593,#6600),.PCURVE_S1.);
#6589 = LINE('',#6590,#6591);
#6590 = CARTESIAN_POINT('',(7.,0.,9.));
#6591 = VECTOR('',#6592,1.);
#6592 = DIRECTION('',(0.,0.,1.));
#6593 = PCURVE('',#3506,#6594);
#6594 = DEFINITIONAL_REPRESENTATION('',(#6595),#6599);
#6595 = LINE('',#6596,#6597);
#6596 = CARTESIAN_POINT('',(-6.28318530718,0.));
#6597 = VECTOR('',#6598,1.);
#6598 = DIRECTION('',(-0.,-1.));
#6599 = ( GEOMETRIC_REPRESENTATION_CONTEXT(2) 
PARAMETRIC_REPRESENTATION_CONTEXT() REPRESENTATION_CONTEXT('2D SPACE',''
  ) );
#6600 = PCURVE('',#3720,#6601);
#6601 = DEFINITIONAL_REPRESENTATION('',(#6602),#6606);
#6602 = LINE('',#6603,#6604);
#6603 = CARTESIAN_POINT('',(-0.,0.));
#6604 = VECTOR('',#6605,1.);
#6605 = DIRECTION('',(-0.,-1.));
#6606 = ( GEOMETRIC_REPRESENTATION_CONTEXT(2) 
PARAMETRIC_REPRESENTATION_CONTEXT() REPRESENTATION_CONTEXT('2D SPACE',''
  ) );
#6607 = ADVANCED_FACE('',(#6608),#3720,.T.);
#6608 = FACE_BOUND('',#6609,.F.);
#6609 = EDGE_LOOP('',(#6610,#6611,#6612,#6613));
#6610 = ORIENTED_EDGE('',*,*,#5104,.F.);
#6611 = ORIENTED_EDGE('',*,*,#6587,.T.);
#6612 = ORIENTED_EDGE('',*,*,#3580,.T.);
#6613 = ORIENTED_EDGE('',*,*,#6614,.F.);
#6614 = EDGE_CURVE('',#4896,#3581,#6615,.T.);
#6615 = SURFACE_CURVE('',#6616,(#6620,#6627),.PCURVE_S1.);
#6616 = LINE('',#6617,#6618);
#6617 = CARTESIAN_POINT('',(7.,0.,9.));
#6618 = VECTOR('',#6619,1.);
#6619 = DIRECTION('',(0.,0.,1.));
#6620 = PCURVE('',#3720,#6621);
#6621 = DEFINITIONAL_REPRESENTATION('',(#6622),#6626);
#6622 = LINE('',#6623,#6624);
#6623 = CARTESIAN_POINT('',(-6.28318530718,0.));
#6624 = VECTOR('',#6625,1.);
#6625 = DIRECTION('',(-0.,-1.));
#6626 = ( GEOMETRIC_REPRESENTATION_CONTEXT(2) 
PARAMETRIC_REPRESENTATION_CONTEXT() REPRESENTATION_CONTEXT('2D SPACE',''
  ) );
#6627 = PCURVE('',#3948,#6628);
#6628 = DEFINITIONAL_REPRESENTATION('',(#6629),#6633);
#6629 = LINE('',#6630,#6631);
#6630 = CARTESIAN_POINT('',(-0.,0.));
#6631 = VECTOR('',#6632,1.);
#6632 = DIRECTION('',(-0.,-1.));
#6633 = ( GEOMETRIC_REPRESENTATION_CONTEXT(2) 
PARAMETRIC_REPRESENTATION_CONTEXT() REPRESENTATION_CONTEXT('2D SPACE',''
  ) );
#6634 = ADVANCED_FACE('',(#6635),#3948,.T.);
#6635 = FACE_BOUND('',#6636,.F.);
#6636 = EDGE_LOOP('',(#6637,#6638,#6639,#6640));
#6637 = ORIENTED_EDGE('',*,*,#4895,.F.);
#6638 = ORIENTED_EDGE('',*,*,#6614,.T.);
#6639 = ORIENTED_EDGE('',*,*,#3794,.T.);
#6640 = ORIENTED_EDGE('',*,*,#6641,.F.);
#6641 = EDGE_CURVE('',#4708,#3795,#6642,.T.);
#6642 = SURFACE_CURVE('',#6643,(#6647,#6654),.PCURVE_S1.);
#6643 = LINE('',#6644,#6645);
#6644 = CARTESIAN_POINT('',(7.,0.,9.));
#6645 = VECTOR('',#6646,1.);
#6646 = DIRECTION('',(0.,0.,1.));
#6647 = PCURVE('',#3948,#6648);
#6648 = DEFINITIONAL_REPRESENTATION('',(#6649),#6653);
#6649 = LINE('',#6650,#6651);
#6650 = CARTESIAN_POINT('',(-6.28318530718,0.));
#6651 = VECTOR('',#6652,1.);
#6652 = DIRECTION('',(-0.,-1.));
#6653 = ( GEOMETRIC_REPRESENTATION_CONTEXT(2) 
PARAMETRIC_REPRESENTATION_CONTEXT() REPRESENTATION_CONTEXT('2D SPACE',''
  ) );
#6654 = PCURVE('',#4169,#6655);
#6655 = DEFINITIONAL_REPRESENTATION('',(#6656),#6660);
#6656 = LINE('',#6657,#6658);
#6657 = CARTESIAN_POINT('',(-0.,0.));
#6658 = VECTOR('',#6659,1.);
#6659 = DIRECTION('',(-0.,-1.));
#6660 = ( GEOMETRIC_REPRESENTATION_CONTEXT(2) 
PARAMETRIC_REPRESENTATION_CONTEXT() REPRESENTATION_CONTEXT('2D SPACE',''
  ) );
#6661 = ADVANCED_FACE('',(#6662),#4169,.T.);
#6662 = FACE_BOUND('',#6663,.F.);
#6663 = EDGE_LOOP('',(#6664,#6665,#6666,#6667));
#6664 = ORIENTED_EDGE('',*,*,#4707,.F.);
#6665 = ORIENTED_EDGE('',*,*,#6641,.T.);
#6666 = ORIENTED_EDGE('',*,*,#4029,.T.);
#6667 = ORIENTED_EDGE('',*,*,#6668,.F.);
#6668 = EDGE_CURVE('',#4494,#4030,#6669,.T.);
#6669 = SURFACE_CURVE('',#6670,(#6674,#6681),.PCURVE_S1.);
#6670 = LINE('',#6671,#6672);
#6671 = CARTESIAN_POINT('',(7.,0.,9.));
#6672 = VECTOR('',#6673,1.);
#6673 = DIRECTION('',(0.,0.,1.));
#6674 = PCURVE('',#4169,#6675);
#6675 = DEFINITIONAL_REPRESENTATION('',(#6676),#6680);
#6676 = LINE('',#6677,#6678);
#6677 = CARTESIAN_POINT('',(-6.28318530718,0.));
#6678 = VECTOR('',#6679,1.);
#6679 = DIRECTION('',(-0.,-1.));
#6680 = ( GEOMETRIC_REPRESENTATION_CONTEXT(2) 
PARAMETRIC_REPRESENTATION_CONTEXT() REPRESENTATION_CONTEXT('2D SPACE',''
  ) );
#6681 = PCURVE('',#4633,#6682);
#6682 = DEFINITIONAL_REPRESENTATION('',(#6683),#6687);
#6683 = LINE('',#6684,#6685);
#6684 = CARTESIAN_POINT('',(-0.,0.));
#6685 = VECTOR('',#6686,1.);
#6686 = DIRECTION('',(-0.,-1.));
#6687 = ( GEOMETRIC_REPRESENTATION_CONTEXT(2) 
PARAMETRIC_REPRESENTATION_CONTEXT() REPRESENTATION_CONTEXT('2D SPACE',''
  ) );
#6688 = ADVANCED_FACE('',(#6689),#4633,.T.);
#6689 = FACE_BOUND('',#6690,.F.);
#6690 = EDGE_LOOP('',(#6691,#6692,#6693,#6716));
#6691 = ORIENTED_EDGE('',*,*,#4493,.F.);
#6692 = ORIENTED_EDGE('',*,*,#6668,.T.);
#6693 = ORIENTED_EDGE('',*,*,#6694,.T.);
#6694 = EDGE_CURVE('',#4030,#6695,#6697,.T.);
#6695 = VERTEX_POINT('',#6696);
#6696 = CARTESIAN_POINT('',(7.,0.,51.));
#6697 = SURFACE_CURVE('',#6698,(#6702,#6709),.PCURVE_S1.);
#6698 = LINE('',#6699,#6700);
#6699 = CARTESIAN_POINT('',(7.,0.,9.));
#6700 = VECTOR('',#6701,1.);
#6701 = DIRECTION('',(0.,0.,1.));
#6702 = PCURVE('',#4633,#6703);
#6703 = DEFINITIONAL_REPRESENTATION('',(#6704),#6708);
#6704 = LINE('',#6705,#6706);
#6705 = CARTESIAN_POINT('',(-0.,0.));
#6706 = VECTOR('',#6707,1.);
#6707 = DIRECTION('',(-0.,-1.));
#6708 = ( GEOMETRIC_REPRESENTATION_CONTEXT(2) 
PARAMETRIC_REPRESENTATION_CONTEXT() REPRESENTATION_CONTEXT('2D SPACE',''
  ) );
#6709 = PCURVE('',#4263,#6710);
#6710 = DEFINITIONAL_REPRESENTATION('',(#6711),#6715);
#6711 = LINE('',#6712,#6713);
#6712 = CARTESIAN_POINT('',(2.05950204359E-04,40.999999999616));
#6713 = VECTOR('',#6714,1.);
#6714 = DIRECTION('',(0.,-1.));
#6715 = ( GEOMETRIC_REPRESENTATION_CONTEXT(2) 
PARAMETRIC_REPRESENTATION_CONTEXT() REPRESENTATION_CONTEXT('2D SPACE',''
  ) );
#6716 = ORIENTED_EDGE('',*,*,#6717,.T.);
#6717 = EDGE_CURVE('',#6695,#4280,#6718,.T.);
#6718 = SURFACE_CURVE('',#6719,(#6724,#6731),.PCURVE_S1.);
#6719 = CIRCLE('',#6720,7.);
#6720 = AXIS2_PLACEMENT_3D('',#6721,#6722,#6723);
#6721 = CARTESIAN_POINT('',(0.,0.,51.));
#6722 = DIRECTION('',(0.,0.,1.));
#6723 = DIRECTION('',(1.,0.,0.));
#6724 = PCURVE('',#4633,#6725);
#6725 = DEFINITIONAL_REPRESENTATION('',(#6726),#6730);
#6726 = LINE('',#6727,#6728);
#6727 = CARTESIAN_POINT('',(-0.,-42.));
#6728 = VECTOR('',#6729,1.);
#6729 = DIRECTION('',(-1.,0.));
#6730 = ( GEOMETRIC_REPRESENTATION_CONTEXT(2) 
PARAMETRIC_REPRESENTATION_CONTEXT() REPRESENTATION_CONTEXT('2D SPACE',''
  ) );
#6731 = PCURVE('',#4419,#6732);
#6732 = DEFINITIONAL_REPRESENTATION('',(#6733),#6737);
#6733 = CIRCLE('',#6734,7.);
#6734 = AXIS2_PLACEMENT_2D('',#6735,#6736);
#6735 = CARTESIAN_POINT('',(1.953485903628E-16,-4.9564344165E-16));
#6736 = DIRECTION('',(1.,0.));
#6737 = ( GEOMETRIC_REPRESENTATION_CONTEXT(2) 
PARAMETRIC_REPRESENTATION_CONTEXT() REPRESENTATION_CONTEXT('2D SPACE',''
  ) );
#6738 = ADVANCED_FACE('',(#6739),#4419,.T.);
#6739 = FACE_BOUND('',#6740,.T.);
#6740 = EDGE_LOOP('',(#6741,#6760,#6761));
#6741 = ORIENTED_EDGE('',*,*,#6742,.T.);
#6742 = EDGE_CURVE('',#4244,#6695,#6743,.T.);
#6743 = SURFACE_CURVE('',#6744,(#6748,#6754),.PCURVE_S1.);
#6744 = LINE('',#6745,#6746);
#6745 = CARTESIAN_POINT('',(3.500102975102,-5.934476788485E-07,51.));
#6746 = VECTOR('',#6747,1.);
#6747 = DIRECTION('',(1.,1.695608915441E-07,-0.));
#6748 = PCURVE('',#4419,#6749);
#6749 = DEFINITIONAL_REPRESENTATION('',(#6750),#6753);
#6750 = B_SPLINE_CURVE_WITH_KNOTS('',1,(#6751,#6752),.UNSPECIFIED.,.F.,
  .F.,(2,2),(-7.395497240798E-02,3.499897024898),
  .PIECEWISE_BEZIER_KNOTS.);
#6751 = CARTESIAN_POINT('',(3.426148002694,-6.059875503998E-07));
#6752 = CARTESIAN_POINT('',(7.,-2.019490121975E-12));
#6753 = ( GEOMETRIC_REPRESENTATION_CONTEXT(2) 
PARAMETRIC_REPRESENTATION_CONTEXT() REPRESENTATION_CONTEXT('2D SPACE',''
  ) );
#6754 = PCURVE('',#4263,#6755);
#6755 = DEFINITIONAL_REPRESENTATION('',(#6756),#6759);
#6756 = B_SPLINE_CURVE_WITH_KNOTS('',1,(#6757,#6758),.UNSPECIFIED.,.F.,
  .F.,(2,2),(-7.395497240798E-02,3.499897024898),
  .PIECEWISE_BEZIER_KNOTS.);
#6757 = CARTESIAN_POINT('',(3.57405794751,-1.000000000384));
#6758 = CARTESIAN_POINT('',(2.05950204359E-04,-1.000000000384));
#6759 = ( GEOMETRIC_REPRESENTATION_CONTEXT(2) 
PARAMETRIC_REPRESENTATION_CONTEXT() REPRESENTATION_CONTEXT('2D SPACE',''
  ) );
#6760 = ORIENTED_EDGE('',*,*,#6717,.T.);
#6761 = ORIENTED_EDGE('',*,*,#4279,.F.);
#6762 = ADVANCED_FACE('',(#6763),#4263,.T.);
#6763 = FACE_BOUND('',#6764,.T.);
#6764 = EDGE_LOOP('',(#6765,#6766,#6767));
#6765 = ORIENTED_EDGE('',*,*,#4243,.T.);
#6766 = ORIENTED_EDGE('',*,*,#6694,.T.);
#6767 = ORIENTED_EDGE('',*,*,#6742,.F.);
#6768 = ( GEOMETRIC_REPRESENTATION_CONTEXT(3) 
GLOBAL_UNCERTAINTY_ASSIGNED_CONTEXT((#6772)) 
GLOBAL_UNIT_ASSIGNED_CONTEXT((#6769,#6770,#6771)) REPRESENTATION_CONTEXT
('Context #1','3D Context with UNIT and UNCERTAINTY') );
#6769 = ( LENGTH_UNIT() NAMED_UNIT(*) SI_UNIT(.MILLI.,.METRE.) );
#6770 = ( NAMED_UNIT(*) PLANE_ANGLE_UNIT() SI_UNIT($,.RADIAN.) );
#6771 = ( NAMED_UNIT(*) SI_UNIT($,.STERADIAN.) SOLID_ANGLE_UNIT() );
#6772 = UNCERTAINTY_MEASURE_WITH_UNIT(LENGTH_MEASURE(5.E-06),#6769,
  'distance_accuracy_value','confusion accuracy');
#6773 = CONTEXT_DEPENDENT_SHAPE_REPRESENTATION(#6774,#6776);
#6774 = ( REPRESENTATION_RELATIONSHIP('','',#40,#10) 
REPRESENTATION_RELATIONSHIP_WITH_TRANSFORMATION(#6775) 
SHAPE_REPRESENTATION_RELATIONSHIP() );
#6775 = ITEM_DEFINED_TRANSFORMATION('','',#11,#15);
#6776 = PRODUCT_DEFINITION_SHAPE('Placement','Placement of an item',
  #6777);
#6777 = NEXT_ASSEMBLY_USAGE_OCCURRENCE('1','HexBolt','',#5,#35,$);
#6778 = PRODUCT_RELATED_PRODUCT_CATEGORY('part',$,(#37));
#6779 = SHAPE_DEFINITION_REPRESENTATION(#6780,#6786);
#6780 = PRODUCT_DEFINITION_SHAPE('','',#6781);
#6781 = PRODUCT_DEFINITION('design','',#6782,#6785);
#6782 = PRODUCT_DEFINITION_FORMATION('','',#6783);
#6783 = PRODUCT('Washer','Washer','',(#6784));
#6784 = PRODUCT_CONTEXT('',#2,'mechanical');
#6785 = PRODUCT_DEFINITION_CONTEXT('part definition',#2,'design');
#6786 = ADVANCED_BREP_SHAPE_REPRESENTATION('',(#11,#6787),#6969);
#6787 = MANIFOLD_SOLID_BREP('',#6788);
#6788 = CLOSED_SHELL('',(#6789,#6877,#6912,#6942));
#6789 = ADVANCED_FACE('',(#6790),#6804,.T.);
#6790 = FACE_BOUND('',#6791,.F.);
#6791 = EDGE_LOOP('',(#6792,#6822,#6849,#6850));
#6792 = ORIENTED_EDGE('',*,*,#6793,.T.);
#6793 = EDGE_CURVE('',#6794,#6796,#6798,.T.);
#6794 = VERTEX_POINT('',#6795);
#6795 = CARTESIAN_POINT('',(13.,0.,9.));
#6796 = VERTEX_POINT('',#6797);
#6797 = CARTESIAN_POINT('',(13.,0.,12.));
#6798 = SEAM_CURVE('',#6799,(#6803,#6815),.PCURVE_S1.);
#6799 = LINE('',#6800,#6801);
#6800 = CARTESIAN_POINT('',(13.,0.,9.));
#6801 = VECTOR('',#6802,1.);
#6802 = DIRECTION('',(0.,0.,1.));
#6803 = PCURVE('',#6804,#6809);
#6804 = CYLINDRICAL_SURFACE('',#6805,13.);
#6805 = AXIS2_PLACEMENT_3D('',#6806,#6807,#6808);
#6806 = CARTESIAN_POINT('',(0.,0.,9.));
#6807 = DIRECTION('',(-0.,-0.,-1.));
#6808 = DIRECTION('',(1.,0.,0.));
#6809 = DEFINITIONAL_REPRESENTATION('',(#6810),#6814);
#6810 = LINE('',#6811,#6812);
#6811 = CARTESIAN_POINT('',(-0.,0.));
#6812 = VECTOR('',#6813,1.);
#6813 = DIRECTION('',(-0.,-1.));
#6814 = ( GEOMETRIC_REPRESENTATION_CONTEXT(2) 
PARAMETRIC_REPRESENTATION_CONTEXT() REPRESENTATION_CONTEXT('2D SPACE',''
  ) );
#6815 = PCURVE('',#6804,#6816);
#6816 = DEFINITIONAL_REPRESENTATION('',(#6817),#6821);
#6817 = LINE('',#6818,#6819);
#6818 = CARTESIAN_POINT('',(-6.28318530718,0.));
#6819 = VECTOR('',#6820,1.);
#6820 = DIRECTION('',(-0.,-1.));
#6821 = ( GEOMETRIC_REPRESENTATION_CONTEXT(2) 
PARAMETRIC_REPRESENTATION_CONTEXT() REPRESENTATION_CONTEXT('2D SPACE',''
  ) );
#6822 = ORIENTED_EDGE('',*,*,#6823,.T.);
#6823 = EDGE_CURVE('',#6796,#6796,#6824,.T.);
#6824 = SURFACE_CURVE('',#6825,(#6830,#6837),.PCURVE_S1.);
#6825 = CIRCLE('',#6826,13.);
#6826 = AXIS2_PLACEMENT_3D('',#6827,#6828,#6829);
#6827 = CARTESIAN_POINT('',(0.,0.,12.));
#6828 = DIRECTION('',(0.,0.,1.));
#6829 = DIRECTION('',(1.,0.,0.));
#6830 = PCURVE('',#6804,#6831);
#6831 = DEFINITIONAL_REPRESENTATION('',(#6832),#6836);
#6832 = LINE('',#6833,#6834);
#6833 = CARTESIAN_POINT('',(-0.,-3.));
#6834 = VECTOR('',#6835,1.);
#6835 = DIRECTION('',(-1.,0.));
#6836 = ( GEOMETRIC_REPRESENTATION_CONTEXT(2) 
PARAMETRIC_REPRESENTATION_CONTEXT() REPRESENTATION_CONTEXT('2D SPACE',''
  ) );
#6837 = PCURVE('',#6838,#6843);
#6838 = PLANE('',#6839);
#6839 = AXIS2_PLACEMENT_3D('',#6840,#6841,#6842);
#6840 = CARTESIAN_POINT('',(-4.207508100121E-16,1.152322960418E-15,12.)
  );
#6841 = DIRECTION('',(0.,0.,1.));
#6842 = DIRECTION('',(1.,0.,-0.));
#6843 = DEFINITIONAL_REPRESENTATION('',(#6844),#6848);
#6844 = CIRCLE('',#6845,13.);
#6845 = AXIS2_PLACEMENT_2D('',#6846,#6847);
#6846 = CARTESIAN_POINT('',(4.207508100121E-16,-1.152322960418E-15));
#6847 = DIRECTION('',(1.,0.));
#6848 = ( GEOMETRIC_REPRESENTATION_CONTEXT(2) 
PARAMETRIC_REPRESENTATION_CONTEXT() REPRESENTATION_CONTEXT('2D SPACE',''
  ) );
#6849 = ORIENTED_EDGE('',*,*,#6793,.F.);
#6850 = ORIENTED_EDGE('',*,*,#6851,.F.);
#6851 = EDGE_CURVE('',#6794,#6794,#6852,.T.);
#6852 = SURFACE_CURVE('',#6853,(#6858,#6865),.PCURVE_S1.);
#6853 = CIRCLE('',#6854,13.);
#6854 = AXIS2_PLACEMENT_3D('',#6855,#6856,#6857);
#6855 = CARTESIAN_POINT('',(0.,0.,9.));
#6856 = DIRECTION('',(0.,0.,1.));
#6857 = DIRECTION('',(1.,0.,0.));
#6858 = PCURVE('',#6804,#6859);
#6859 = DEFINITIONAL_REPRESENTATION('',(#6860),#6864);
#6860 = LINE('',#6861,#6862);
#6861 = CARTESIAN_POINT('',(-0.,0.));
#6862 = VECTOR('',#6863,1.);
#6863 = DIRECTION('',(-1.,0.));
#6864 = ( GEOMETRIC_REPRESENTATION_CONTEXT(2) 
PARAMETRIC_REPRESENTATION_CONTEXT() REPRESENTATION_CONTEXT('2D SPACE',''
  ) );
#6865 = PCURVE('',#6866,#6871);
#6866 = PLANE('',#6867);
#6867 = AXIS2_PLACEMENT_3D('',#6868,#6869,#6870);
#6868 = CARTESIAN_POINT('',(-4.207508100121E-16,1.152322960418E-15,9.));
#6869 = DIRECTION('',(0.,0.,1.));
#6870 = DIRECTION('',(1.,0.,-0.));
#6871 = DEFINITIONAL_REPRESENTATION('',(#6872),#6876);
#6872 = CIRCLE('',#6873,13.);
#6873 = AXIS2_PLACEMENT_2D('',#6874,#6875);
#6874 = CARTESIAN_POINT('',(4.207508100121E-16,-1.152322960418E-15));
#6875 = DIRECTION('',(1.,0.));
#6876 = ( GEOMETRIC_REPRESENTATION_CONTEXT(2) 
PARAMETRIC_REPRESENTATION_CONTEXT() REPRESENTATION_CONTEXT('2D SPACE',''
  ) );
#6877 = ADVANCED_FACE('',(#6878,#6881),#6866,.F.);
#6878 = FACE_BOUND('',#6879,.F.);
#6879 = EDGE_LOOP('',(#6880));
#6880 = ORIENTED_EDGE('',*,*,#6851,.T.);
#6881 = FACE_BOUND('',#6882,.F.);
#6882 = EDGE_LOOP('',(#6883));
#6883 = ORIENTED_EDGE('',*,*,#6884,.F.);
#6884 = EDGE_CURVE('',#6885,#6885,#6887,.T.);
#6885 = VERTEX_POINT('',#6886);
#6886 = CARTESIAN_POINT('',(7.6,-1.861463134704E-15,9.));
#6887 = SURFACE_CURVE('',#6888,(#6893,#6900),.PCURVE_S1.);
#6888 = CIRCLE('',#6889,7.6);
#6889 = AXIS2_PLACEMENT_3D('',#6890,#6891,#6892);
#6890 = CARTESIAN_POINT('',(0.,0.,9.));
#6891 = DIRECTION('',(0.,0.,1.));
#6892 = DIRECTION('',(1.,0.,0.));
#6893 = PCURVE('',#6866,#6894);
#6894 = DEFINITIONAL_REPRESENTATION('',(#6895),#6899);
#6895 = CIRCLE('',#6896,7.6);
#6896 = AXIS2_PLACEMENT_2D('',#6897,#6898);
#6897 = CARTESIAN_POINT('',(4.207508100121E-16,-1.152322960418E-15));
#6898 = DIRECTION('',(1.,0.));
#6899 = ( GEOMETRIC_REPRESENTATION_CONTEXT(2) 
PARAMETRIC_REPRESENTATION_CONTEXT() REPRESENTATION_CONTEXT('2D SPACE',''
  ) );
#6900 = PCURVE('',#6901,#6906);
#6901 = CYLINDRICAL_SURFACE('',#6902,7.6);
#6902 = AXIS2_PLACEMENT_3D('',#6903,#6904,#6905);
#6903 = CARTESIAN_POINT('',(0.,0.,9.));
#6904 = DIRECTION('',(0.,0.,1.));
#6905 = DIRECTION('',(1.,0.,0.));
#6906 = DEFINITIONAL_REPRESENTATION('',(#6907),#6911);
#6907 = LINE('',#6908,#6909);
#6908 = CARTESIAN_POINT('',(0.,0.));
#6909 = VECTOR('',#6910,1.);
#6910 = DIRECTION('',(1.,0.));
#6911 = ( GEOMETRIC_REPRESENTATION_CONTEXT(2) 
PARAMETRIC_REPRESENTATION_CONTEXT() REPRESENTATION_CONTEXT('2D SPACE',''
  ) );
#6912 = ADVANCED_FACE('',(#6913,#6916),#6838,.T.);
#6913 = FACE_BOUND('',#6914,.T.);
#6914 = EDGE_LOOP('',(#6915));
#6915 = ORIENTED_EDGE('',*,*,#6823,.T.);
#6916 = FACE_BOUND('',#6917,.T.);
#6917 = EDGE_LOOP('',(#6918));
#6918 = ORIENTED_EDGE('',*,*,#6919,.F.);
#6919 = EDGE_CURVE('',#6920,#6920,#6922,.T.);
#6920 = VERTEX_POINT('',#6921);
#6921 = CARTESIAN_POINT('',(7.6,-1.861463134704E-15,12.));
#6922 = SURFACE_CURVE('',#6923,(#6928,#6935),.PCURVE_S1.);
#6923 = CIRCLE('',#6924,7.6);
#6924 = AXIS2_PLACEMENT_3D('',#6925,#6926,#6927);
#6925 = CARTESIAN_POINT('',(0.,0.,12.));
#6926 = DIRECTION('',(0.,0.,1.));
#6927 = DIRECTION('',(1.,0.,-0.));
#6928 = PCURVE('',#6838,#6929);
#6929 = DEFINITIONAL_REPRESENTATION('',(#6930),#6934);
#6930 = CIRCLE('',#6931,7.6);
#6931 = AXIS2_PLACEMENT_2D('',#6932,#6933);
#6932 = CARTESIAN_POINT('',(4.207508100121E-16,-1.152322960418E-15));
#6933 = DIRECTION('',(1.,0.));
#6934 = ( GEOMETRIC_REPRESENTATION_CONTEXT(2) 
PARAMETRIC_REPRESENTATION_CONTEXT() REPRESENTATION_CONTEXT('2D SPACE',''
  ) );
#6935 = PCURVE('',#6901,#6936);
#6936 = DEFINITIONAL_REPRESENTATION('',(#6937),#6941);
#6937 = LINE('',#6938,#6939);
#6938 = CARTESIAN_POINT('',(0.,3.));
#6939 = VECTOR('',#6940,1.);
#6940 = DIRECTION('',(1.,0.));
#6941 = ( GEOMETRIC_REPRESENTATION_CONTEXT(2) 
PARAMETRIC_REPRESENTATION_CONTEXT() REPRESENTATION_CONTEXT('2D SPACE',''
  ) );
#6942 = ADVANCED_FACE('',(#6943),#6901,.F.);
#6943 = FACE_BOUND('',#6944,.F.);
#6944 = EDGE_LOOP('',(#6945,#6946,#6967,#6968));
#6945 = ORIENTED_EDGE('',*,*,#6919,.F.);
#6946 = ORIENTED_EDGE('',*,*,#6947,.F.);
#6947 = EDGE_CURVE('',#6885,#6920,#6948,.T.);
#6948 = SEAM_CURVE('',#6949,(#6953,#6960),.PCURVE_S1.);
#6949 = LINE('',#6950,#6951);
#6950 = CARTESIAN_POINT('',(7.6,-1.861463134704E-15,9.));
#6951 = VECTOR('',#6952,1.);
#6952 = DIRECTION('',(0.,0.,1.));
#6953 = PCURVE('',#6901,#6954);
#6954 = DEFINITIONAL_REPRESENTATION('',(#6955),#6959);
#6955 = LINE('',#6956,#6957);
#6956 = CARTESIAN_POINT('',(6.28318530718,-0.));
#6957 = VECTOR('',#6958,1.);
#6958 = DIRECTION('',(0.,1.));
#6959 = ( GEOMETRIC_REPRESENTATION_CONTEXT(2) 
PARAMETRIC_REPRESENTATION_CONTEXT() REPRESENTATION_CONTEXT('2D SPACE',''
  ) );
#6960 = PCURVE('',#6901,#6961);
#6961 = DEFINITIONAL_REPRESENTATION('',(#6962),#6966);
#6962 = LINE('',#6963,#6964);
#6963 = CARTESIAN_POINT('',(0.,-0.));
#6964 = VECTOR('',#6965,1.);
#6965 = DIRECTION('',(0.,1.));
#6966 = ( GEOMETRIC_REPRESENTATION_CONTEXT(2) 
PARAMETRIC_REPRESENTATION_CONTEXT() REPRESENTATION_CONTEXT('2D SPACE',''
  ) );
#6967 = ORIENTED_EDGE('',*,*,#6884,.T.);
#6968 = ORIENTED_EDGE('',*,*,#6947,.T.);
#6969 = ( GEOMETRIC_REPRESENTATION_CONTEXT(3) 
GLOBAL_UNCERTAINTY_ASSIGNED_CONTEXT((#6973)) 
GLOBAL_UNIT_ASSIGNED_CONTEXT((#6970,#6971,#6972)) REPRESENTATION_CONTEXT
('Context #1','3D Context with UNIT and UNCERTAINTY') );
#6970 = ( LENGTH_UNIT() NAMED_UNIT(*) SI_UNIT(.MILLI.,.METRE.) );
#6971 = ( NAMED_UNIT(*) PLANE_ANGLE_UNIT() SI_UNIT($,.RADIAN.) );
#6972 = ( NAMED_UNIT(*) SI_UNIT($,.STERADIAN.) SOLID_ANGLE_UNIT() );
#6973 = UNCERTAINTY_MEASURE_WITH_UNIT(LENGTH_MEASURE(1.E-07),#6970,
  'distance_accuracy_value','confusion accuracy');
#6974 = CONTEXT_DEPENDENT_SHAPE_REPRESENTATION(#6975,#6977);
#6975 = ( REPRESENTATION_RELATIONSHIP('','',#6786,#10) 
REPRESENTATION_RELATIONSHIP_WITH_TRANSFORMATION(#6976) 
SHAPE_REPRESENTATION_RELATIONSHIP() );
#6976 = ITEM_DEFINED_TRANSFORMATION('','',#11,#19);
#6977 = PRODUCT_DEFINITION_SHAPE('Placement','Placement of an item',
  #6978);
#6978 = NEXT_ASSEMBLY_USAGE_OCCURRENCE('2','Washer','',#5,#6781,$);
#6979 = PRODUCT_RELATED_PRODUCT_CATEGORY('part',$,(#6783));
#6980 = SHAPE_DEFINITION_REPRESENTATION(#6981,#6987);
#6981 = PRODUCT_DEFINITION_SHAPE('','',#6982);
#6982 = PRODUCT_DEFINITION('design','',#6983,#6986);
#6983 = PRODUCT_DEFINITION_FORMATION('','',#6984);
#6984 = PRODUCT('HexNut','HexNut','',(#6985));
#6985 = PRODUCT_CONTEXT('',#2,'mechanical');
#6986 = PRODUCT_DEFINITION_CONTEXT('part definition',#2,'design');
#6987 = ADVANCED_BREP_SHAPE_REPRESENTATION('',(#11,#6988),#7558);
#6988 = MANIFOLD_SOLID_BREP('',#6989);
#6989 = CLOSED_SHELL('',(#6990,#7110,#7186,#7262,#7371,#7470,#7497,#7524
    ,#7531));
#6990 = ADVANCED_FACE('',(#6991),#7005,.F.);
#6991 = FACE_BOUND('',#6992,.F.);
#6992 = EDGE_LOOP('',(#6993,#7028,#7056,#7084));
#6993 = ORIENTED_EDGE('',*,*,#6994,.T.);
#6994 = EDGE_CURVE('',#6995,#6997,#6999,.T.);
#6995 = VERTEX_POINT('',#6996);
#6996 = CARTESIAN_POINT('',(12.,0.,12.));
#6997 = VERTEX_POINT('',#6998);
#6998 = CARTESIAN_POINT('',(12.,0.,22.));
#6999 = SURFACE_CURVE('',#7000,(#7004,#7016),.PCURVE_S1.);
#7000 = LINE('',#7001,#7002);
#7001 = CARTESIAN_POINT('',(12.,0.,12.));
#7002 = VECTOR('',#7003,1.);
#7003 = DIRECTION('',(0.,0.,1.));
#7004 = PCURVE('',#7005,#7010);
#7005 = PLANE('',#7006);
#7006 = AXIS2_PLACEMENT_3D('',#7007,#7008,#7009);
#7007 = CARTESIAN_POINT('',(12.,0.,12.));
#7008 = DIRECTION('',(-0.866025403784,-0.5,0.));
#7009 = DIRECTION('',(-0.5,0.866025403784,0.));
#7010 = DEFINITIONAL_REPRESENTATION('',(#7011),#7015);
#7011 = LINE('',#7012,#7013);
#7012 = CARTESIAN_POINT('',(0.,0.));
#7013 = VECTOR('',#7014,1.);
#7014 = DIRECTION('',(0.,-1.));
#7015 = ( GEOMETRIC_REPRESENTATION_CONTEXT(2) 
PARAMETRIC_REPRESENTATION_CONTEXT() REPRESENTATION_CONTEXT('2D SPACE',''
  ) );
#7016 = PCURVE('',#7017,#7022);
#7017 = PLANE('',#7018);
#7018 = AXIS2_PLACEMENT_3D('',#7019,#7020,#7021);
#7019 = CARTESIAN_POINT('',(6.,-10.39230484541,12.));
#7020 = DIRECTION('',(-0.866025403784,0.5,0.));
#7021 = DIRECTION('',(0.5,0.866025403784,0.));
#7022 = DEFINITIONAL_REPRESENTATION('',(#7023),#7027);
#7023 = LINE('',#7024,#7025);
#7024 = CARTESIAN_POINT('',(12.,0.));
#7025 = VECTOR('',#7026,1.);
#7026 = DIRECTION('',(0.,-1.));
#7027 = ( GEOMETRIC_REPRESENTATION_CONTEXT(2) 
PARAMETRIC_REPRESENTATION_CONTEXT() REPRESENTATION_CONTEXT('2D SPACE',''
  ) );
#7028 = ORIENTED_EDGE('',*,*,#7029,.T.);
#7029 = EDGE_CURVE('',#6997,#7030,#7032,.T.);
#7030 = VERTEX_POINT('',#7031);
#7031 = CARTESIAN_POINT('',(6.,10.392304845413,22.));
#7032 = SURFACE_CURVE('',#7033,(#7037,#7044),.PCURVE_S1.);
#7033 = LINE('',#7034,#7035);
#7034 = CARTESIAN_POINT('',(12.,0.,22.));
#7035 = VECTOR('',#7036,1.);
#7036 = DIRECTION('',(-0.5,0.866025403784,0.));
#7037 = PCURVE('',#7005,#7038);
#7038 = DEFINITIONAL_REPRESENTATION('',(#7039),#7043);
#7039 = LINE('',#7040,#7041);
#7040 = CARTESIAN_POINT('',(0.,-10.));
#7041 = VECTOR('',#7042,1.);
#7042 = DIRECTION('',(1.,0.));
#7043 = ( GEOMETRIC_REPRESENTATION_CONTEXT(2) 
PARAMETRIC_REPRESENTATION_CONTEXT() REPRESENTATION_CONTEXT('2D SPACE',''
  ) );
#7044 = PCURVE('',#7045,#7050);
#7045 = PLANE('',#7046);
#7046 = AXIS2_PLACEMENT_3D('',#7047,#7048,#7049);
#7047 = CARTESIAN_POINT('',(-5.921189464668E-16,5.921189464668E-16,22.)
  );
#7048 = DIRECTION('',(0.,0.,1.));
#7049 = DIRECTION('',(1.,0.,-0.));
#7050 = DEFINITIONAL_REPRESENTATION('',(#7051),#7055);
#7051 = LINE('',#7052,#7053);
#7052 = CARTESIAN_POINT('',(12.,-5.921189464668E-16));
#7053 = VECTOR('',#7054,1.);
#7054 = DIRECTION('',(-0.5,0.866025403784));
#7055 = ( GEOMETRIC_REPRESENTATION_CONTEXT(2) 
PARAMETRIC_REPRESENTATION_CONTEXT() REPRESENTATION_CONTEXT('2D SPACE',''
  ) );
#7056 = ORIENTED_EDGE('',*,*,#7057,.F.);
#7057 = EDGE_CURVE('',#7058,#7030,#7060,.T.);
#7058 = VERTEX_POINT('',#7059);
#7059 = CARTESIAN_POINT('',(6.,10.392304845413,12.));
#7060 = SURFACE_CURVE('',#7061,(#7065,#7072),.PCURVE_S1.);
#7061 = LINE('',#7062,#7063);
#7062 = CARTESIAN_POINT('',(6.,10.392304845413,12.));
#7063 = VECTOR('',#7064,1.);
#7064 = DIRECTION('',(0.,0.,1.));
#7065 = PCURVE('',#7005,#7066);
#7066 = DEFINITIONAL_REPRESENTATION('',(#7067),#7071);
#7067 = LINE('',#7068,#7069);
#7068 = CARTESIAN_POINT('',(12.,0.));
#7069 = VECTOR('',#7070,1.);
#7070 = DIRECTION('',(0.,-1.));
#7071 = ( GEOMETRIC_REPRESENTATION_CONTEXT(2) 
PARAMETRIC_REPRESENTATION_CONTEXT() REPRESENTATION_CONTEXT('2D SPACE',''
  ) );
#7072 = PCURVE('',#7073,#7078);
#7073 = PLANE('',#7074);
#7074 = AXIS2_PLACEMENT_3D('',#7075,#7076,#7077);
#7075 = CARTESIAN_POINT('',(6.,10.392304845413,12.));
#7076 = DIRECTION('',(0.,-1.,0.));
#7077 = DIRECTION('',(-1.,0.,0.));
#7078 = DEFINITIONAL_REPRESENTATION('',(#7079),#7083);
#7079 = LINE('',#7080,#7081);
#7080 = CARTESIAN_POINT('',(0.,-0.));
#7081 = VECTOR('',#7082,1.);
#7082 = DIRECTION('',(0.,-1.));
#7083 = ( GEOMETRIC_REPRESENTATION_CONTEXT(2) 
PARAMETRIC_REPRESENTATION_CONTEXT() REPRESENTATION_CONTEXT('2D SPACE',''
  ) );
#7084 = ORIENTED_EDGE('',*,*,#7085,.F.);
#7085 = EDGE_CURVE('',#6995,#7058,#7086,.T.);
#7086 = SURFACE_CURVE('',#7087,(#7091,#7098),.PCURVE_S1.);
#7087 = LINE('',#7088,#7089);
#7088 = CARTESIAN_POINT('',(12.,0.,12.));
#7089 = VECTOR('',#7090,1.);
#7090 = DIRECTION('',(-0.5,0.866025403784,0.));
#7091 = PCURVE('',#7005,#7092);
#7092 = DEFINITIONAL_REPRESENTATION('',(#7093),#7097);
#7093 = LINE('',#7094,#7095);
#7094 = CARTESIAN_POINT('',(0.,0.));
#7095 = VECTOR('',#7096,1.);
#7096 = DIRECTION('',(1.,0.));
#7097 = ( GEOMETRIC_REPRESENTATION_CONTEXT(2) 
PARAMETRIC_REPRESENTATION_CONTEXT() REPRESENTATION_CONTEXT('2D SPACE',''
  ) );
#7098 = PCURVE('',#7099,#7104);
#7099 = PLANE('',#7100);
#7100 = AXIS2_PLACEMENT_3D('',#7101,#7102,#7103);
#7101 = CARTESIAN_POINT('',(-5.921189464668E-16,5.921189464668E-16,12.)
  );
#7102 = DIRECTION('',(0.,0.,1.));
#7103 = DIRECTION('',(1.,0.,-0.));
#7104 = DEFINITIONAL_REPRESENTATION('',(#7105),#7109);
#7105 = LINE('',#7106,#7107);
#7106 = CARTESIAN_POINT('',(12.,-5.921189464668E-16));
#7107 = VECTOR('',#7108,1.);
#7108 = DIRECTION('',(-0.5,0.866025403784));
#7109 = ( GEOMETRIC_REPRESENTATION_CONTEXT(2) 
PARAMETRIC_REPRESENTATION_CONTEXT() REPRESENTATION_CONTEXT('2D SPACE',''
  ) );
#7110 = ADVANCED_FACE('',(#7111),#7017,.F.);
#7111 = FACE_BOUND('',#7112,.F.);
#7112 = EDGE_LOOP('',(#7113,#7143,#7164,#7165));
#7113 = ORIENTED_EDGE('',*,*,#7114,.T.);
#7114 = EDGE_CURVE('',#7115,#7117,#7119,.T.);
#7115 = VERTEX_POINT('',#7116);
#7116 = CARTESIAN_POINT('',(6.,-10.39230484541,12.));
#7117 = VERTEX_POINT('',#7118);
#7118 = CARTESIAN_POINT('',(6.,-10.39230484541,22.));
#7119 = SURFACE_CURVE('',#7120,(#7124,#7131),.PCURVE_S1.);
#7120 = LINE('',#7121,#7122);
#7121 = CARTESIAN_POINT('',(6.,-10.39230484541,12.));
#7122 = VECTOR('',#7123,1.);
#7123 = DIRECTION('',(0.,0.,1.));
#7124 = PCURVE('',#7017,#7125);
#7125 = DEFINITIONAL_REPRESENTATION('',(#7126),#7130);
#7126 = LINE('',#7127,#7128);
#7127 = CARTESIAN_POINT('',(0.,0.));
#7128 = VECTOR('',#7129,1.);
#7129 = DIRECTION('',(0.,-1.));
#7130 = ( GEOMETRIC_REPRESENTATION_CONTEXT(2) 
PARAMETRIC_REPRESENTATION_CONTEXT() REPRESENTATION_CONTEXT('2D SPACE',''
  ) );
#7131 = PCURVE('',#7132,#7137);
#7132 = PLANE('',#7133);
#7133 = AXIS2_PLACEMENT_3D('',#7134,#7135,#7136);
#7134 = CARTESIAN_POINT('',(-6.,-10.39230484541,12.));
#7135 = DIRECTION('',(5.921189464668E-16,1.,-0.));
#7136 = DIRECTION('',(1.,-5.921189464668E-16,0.));
#7137 = DEFINITIONAL_REPRESENTATION('',(#7138),#7142);
#7138 = LINE('',#7139,#7140);
#7139 = CARTESIAN_POINT('',(12.,0.));
#7140 = VECTOR('',#7141,1.);
#7141 = DIRECTION('',(0.,-1.));
#7142 = ( GEOMETRIC_REPRESENTATION_CONTEXT(2) 
PARAMETRIC_REPRESENTATION_CONTEXT() REPRESENTATION_CONTEXT('2D SPACE',''
  ) );
#7143 = ORIENTED_EDGE('',*,*,#7144,.T.);
#7144 = EDGE_CURVE('',#7117,#6997,#7145,.T.);
#7145 = SURFACE_CURVE('',#7146,(#7150,#7157),.PCURVE_S1.);
#7146 = LINE('',#7147,#7148);
#7147 = CARTESIAN_POINT('',(6.,-10.39230484541,22.));
#7148 = VECTOR('',#7149,1.);
#7149 = DIRECTION('',(0.5,0.866025403784,0.));
#7150 = PCURVE('',#7017,#7151);
#7151 = DEFINITIONAL_REPRESENTATION('',(#7152),#7156);
#7152 = LINE('',#7153,#7154);
#7153 = CARTESIAN_POINT('',(0.,-10.));
#7154 = VECTOR('',#7155,1.);
#7155 = DIRECTION('',(1.,0.));
#7156 = ( GEOMETRIC_REPRESENTATION_CONTEXT(2) 
PARAMETRIC_REPRESENTATION_CONTEXT() REPRESENTATION_CONTEXT('2D SPACE',''
  ) );
#7157 = PCURVE('',#7045,#7158);
#7158 = DEFINITIONAL_REPRESENTATION('',(#7159),#7163);
#7159 = LINE('',#7160,#7161);
#7160 = CARTESIAN_POINT('',(6.,-10.39230484541));
#7161 = VECTOR('',#7162,1.);
#7162 = DIRECTION('',(0.5,0.866025403784));
#7163 = ( GEOMETRIC_REPRESENTATION_CONTEXT(2) 
PARAMETRIC_REPRESENTATION_CONTEXT() REPRESENTATION_CONTEXT('2D SPACE',''
  ) );
#7164 = ORIENTED_EDGE('',*,*,#6994,.F.);
#7165 = ORIENTED_EDGE('',*,*,#7166,.F.);
#7166 = EDGE_CURVE('',#7115,#6995,#7167,.T.);
#7167 = SURFACE_CURVE('',#7168,(#7172,#7179),.PCURVE_S1.);
#7168 = LINE('',#7169,#7170);
#7169 = CARTESIAN_POINT('',(6.,-10.39230484541,12.));
#7170 = VECTOR('',#7171,1.);
#7171 = DIRECTION('',(0.5,0.866025403784,0.));
#7172 = PCURVE('',#7017,#7173);
#7173 = DEFINITIONAL_REPRESENTATION('',(#7174),#7178);
#7174 = LINE('',#7175,#7176);
#7175 = CARTESIAN_POINT('',(0.,0.));
#7176 = VECTOR('',#7177,1.);
#7177 = DIRECTION('',(1.,0.));
#7178 = ( GEOMETRIC_REPRESENTATION_CONTEXT(2) 
PARAMETRIC_REPRESENTATION_CONTEXT() REPRESENTATION_CONTEXT('2D SPACE',''
  ) );
#7179 = PCURVE('',#7099,#7180);
#7180 = DEFINITIONAL_REPRESENTATION('',(#7181),#7185);
#7181 = LINE('',#7182,#7183);
#7182 = CARTESIAN_POINT('',(6.,-10.39230484541));
#7183 = VECTOR('',#7184,1.);
#7184 = DIRECTION('',(0.5,0.866025403784));
#7185 = ( GEOMETRIC_REPRESENTATION_CONTEXT(2) 
PARAMETRIC_REPRESENTATION_CONTEXT() REPRESENTATION_CONTEXT('2D SPACE',''
  ) );
#7186 = ADVANCED_FACE('',(#7187),#7073,.F.);
#7187 = FACE_BOUND('',#7188,.F.);
#7188 = EDGE_LOOP('',(#7189,#7190,#7213,#7241));
#7189 = ORIENTED_EDGE('',*,*,#7057,.T.);
#7190 = ORIENTED_EDGE('',*,*,#7191,.T.);
#7191 = EDGE_CURVE('',#7030,#7192,#7194,.T.);
#7192 = VERTEX_POINT('',#7193);
#7193 = CARTESIAN_POINT('',(-6.,10.392304845413,22.));
#7194 = SURFACE_CURVE('',#7195,(#7199,#7206),.PCURVE_S1.);
#7195 = LINE('',#7196,#7197);
#7196 = CARTESIAN_POINT('',(6.,10.392304845413,22.));
#7197 = VECTOR('',#7198,1.);
#7198 = DIRECTION('',(-1.,0.,0.));
#7199 = PCURVE('',#7073,#7200);
#7200 = DEFINITIONAL_REPRESENTATION('',(#7201),#7205);
#7201 = LINE('',#7202,#7203);
#7202 = CARTESIAN_POINT('',(0.,-10.));
#7203 = VECTOR('',#7204,1.);
#7204 = DIRECTION('',(1.,0.));
#7205 = ( GEOMETRIC_REPRESENTATION_CONTEXT(2) 
PARAMETRIC_REPRESENTATION_CONTEXT() REPRESENTATION_CONTEXT('2D SPACE',''
  ) );
#7206 = PCURVE('',#7045,#7207);
#7207 = DEFINITIONAL_REPRESENTATION('',(#7208),#7212);
#7208 = LINE('',#7209,#7210);
#7209 = CARTESIAN_POINT('',(6.,10.392304845413));
#7210 = VECTOR('',#7211,1.);
#7211 = DIRECTION('',(-1.,0.));
#7212 = ( GEOMETRIC_REPRESENTATION_CONTEXT(2) 
PARAMETRIC_REPRESENTATION_CONTEXT() REPRESENTATION_CONTEXT('2D SPACE',''
  ) );
#7213 = ORIENTED_EDGE('',*,*,#7214,.F.);
#7214 = EDGE_CURVE('',#7215,#7192,#7217,.T.);
#7215 = VERTEX_POINT('',#7216);
#7216 = CARTESIAN_POINT('',(-6.,10.392304845413,12.));
#7217 = SURFACE_CURVE('',#7218,(#7222,#7229),.PCURVE_S1.);
#7218 = LINE('',#7219,#7220);
#7219 = CARTESIAN_POINT('',(-6.,10.392304845413,12.));
#7220 = VECTOR('',#7221,1.);
#7221 = DIRECTION('',(0.,0.,1.));
#7222 = PCURVE('',#7073,#7223);
#7223 = DEFINITIONAL_REPRESENTATION('',(#7224),#7228);
#7224 = LINE('',#7225,#7226);
#7225 = CARTESIAN_POINT('',(12.,0.));
#7226 = VECTOR('',#7227,1.);
#7227 = DIRECTION('',(0.,-1.));
#7228 = ( GEOMETRIC_REPRESENTATION_CONTEXT(2) 
PARAMETRIC_REPRESENTATION_CONTEXT() REPRESENTATION_CONTEXT('2D SPACE',''
  ) );
#7229 = PCURVE('',#7230,#7235);
#7230 = PLANE('',#7231);
#7231 = AXIS2_PLACEMENT_3D('',#7232,#7233,#7234);
#7232 = CARTESIAN_POINT('',(-6.,10.392304845413,12.));
#7233 = DIRECTION('',(0.866025403784,-0.5,0.));
#7234 = DIRECTION('',(-0.5,-0.866025403784,0.));
#7235 = DEFINITIONAL_REPRESENTATION('',(#7236),#7240);
#7236 = LINE('',#7237,#7238);
#7237 = CARTESIAN_POINT('',(0.,0.));
#7238 = VECTOR('',#7239,1.);
#7239 = DIRECTION('',(0.,-1.));
#7240 = ( GEOMETRIC_REPRESENTATION_CONTEXT(2) 
PARAMETRIC_REPRESENTATION_CONTEXT() REPRESENTATION_CONTEXT('2D SPACE',''
  ) );
#7241 = ORIENTED_EDGE('',*,*,#7242,.F.);
#7242 = EDGE_CURVE('',#7058,#7215,#7243,.T.);
#7243 = SURFACE_CURVE('',#7244,(#7248,#7255),.PCURVE_S1.);
#7244 = LINE('',#7245,#7246);
#7245 = CARTESIAN_POINT('',(6.,10.392304845413,12.));
#7246 = VECTOR('',#7247,1.);
#7247 = DIRECTION('',(-1.,0.,0.));
#7248 = PCURVE('',#7073,#7249);
#7249 = DEFINITIONAL_REPRESENTATION('',(#7250),#7254);
#7250 = LINE('',#7251,#7252);
#7251 = CARTESIAN_POINT('',(0.,-0.));
#7252 = VECTOR('',#7253,1.);
#7253 = DIRECTION('',(1.,0.));
#7254 = ( GEOMETRIC_REPRESENTATION_CONTEXT(2) 
PARAMETRIC_REPRESENTATION_CONTEXT() REPRESENTATION_CONTEXT('2D SPACE',''
  ) );
#7255 = PCURVE('',#7099,#7256);
#7256 = DEFINITIONAL_REPRESENTATION('',(#7257),#7261);
#7257 = LINE('',#7258,#7259);
#7258 = CARTESIAN_POINT('',(6.,10.392304845413));
#7259 = VECTOR('',#7260,1.);
#7260 = DIRECTION('',(-1.,0.));
#7261 = ( GEOMETRIC_REPRESENTATION_CONTEXT(2) 
PARAMETRIC_REPRESENTATION_CONTEXT() REPRESENTATION_CONTEXT('2D SPACE',''
  ) );
#7262 = ADVANCED_FACE('',(#7263,#7340),#7099,.F.);
#7263 = FACE_BOUND('',#7264,.F.);
#7264 = EDGE_LOOP('',(#7265,#7266,#7267,#7290,#7318,#7339));
#7265 = ORIENTED_EDGE('',*,*,#7085,.T.);
#7266 = ORIENTED_EDGE('',*,*,#7242,.T.);
#7267 = ORIENTED_EDGE('',*,*,#7268,.T.);
#7268 = EDGE_CURVE('',#7215,#7269,#7271,.T.);
#7269 = VERTEX_POINT('',#7270);
#7270 = CARTESIAN_POINT('',(-12.,1.469576158977E-15,12.));
#7271 = SURFACE_CURVE('',#7272,(#7276,#7283),.PCURVE_S1.);
#7272 = LINE('',#7273,#7274);
#7273 = CARTESIAN_POINT('',(-6.,10.392304845413,12.));
#7274 = VECTOR('',#7275,1.);
#7275 = DIRECTION('',(-0.5,-0.866025403784,0.));
#7276 = PCURVE('',#7099,#7277);
#7277 = DEFINITIONAL_REPRESENTATION('',(#7278),#7282);
#7278 = LINE('',#7279,#7280);
#7279 = CARTESIAN_POINT('',(-6.,10.392304845413));
#7280 = VECTOR('',#7281,1.);
#7281 = DIRECTION('',(-0.5,-0.866025403784));
#7282 = ( GEOMETRIC_REPRESENTATION_CONTEXT(2) 
PARAMETRIC_REPRESENTATION_CONTEXT() REPRESENTATION_CONTEXT('2D SPACE',''
  ) );
#7283 = PCURVE('',#7230,#7284);
#7284 = DEFINITIONAL_REPRESENTATION('',(#7285),#7289);
#7285 = LINE('',#7286,#7287);
#7286 = CARTESIAN_POINT('',(0.,0.));
#7287 = VECTOR('',#7288,1.);
#7288 = DIRECTION('',(1.,0.));
#7289 = ( GEOMETRIC_REPRESENTATION_CONTEXT(2) 
PARAMETRIC_REPRESENTATION_CONTEXT() REPRESENTATION_CONTEXT('2D SPACE',''
  ) );
#7290 = ORIENTED_EDGE('',*,*,#7291,.T.);
#7291 = EDGE_CURVE('',#7269,#7292,#7294,.T.);
#7292 = VERTEX_POINT('',#7293);
#7293 = CARTESIAN_POINT('',(-6.,-10.39230484541,12.));
#7294 = SURFACE_CURVE('',#7295,(#7299,#7306),.PCURVE_S1.);
#7295 = LINE('',#7296,#7297);
#7296 = CARTESIAN_POINT('',(-12.,1.469576158977E-15,12.));
#7297 = VECTOR('',#7298,1.);
#7298 = DIRECTION('',(0.5,-0.866025403784,0.));
#7299 = PCURVE('',#7099,#7300);
#7300 = DEFINITIONAL_REPRESENTATION('',(#7301),#7305);
#7301 = LINE('',#7302,#7303);
#7302 = CARTESIAN_POINT('',(-12.,8.774572125101E-16));
#7303 = VECTOR('',#7304,1.);
#7304 = DIRECTION('',(0.5,-0.866025403784));
#7305 = ( GEOMETRIC_REPRESENTATION_CONTEXT(2) 
PARAMETRIC_REPRESENTATION_CONTEXT() REPRESENTATION_CONTEXT('2D SPACE',''
  ) );
#7306 = PCURVE('',#7307,#7312);
#7307 = PLANE('',#7308);
#7308 = AXIS2_PLACEMENT_3D('',#7309,#7310,#7311);
#7309 = CARTESIAN_POINT('',(-12.,1.469576158977E-15,12.));
#7310 = DIRECTION('',(0.866025403784,0.5,-0.));
#7311 = DIRECTION('',(0.5,-0.866025403784,0.));
#7312 = DEFINITIONAL_REPRESENTATION('',(#7313),#7317);
#7313 = LINE('',#7314,#7315);
#7314 = CARTESIAN_POINT('',(0.,0.));
#7315 = VECTOR('',#7316,1.);
#7316 = DIRECTION('',(1.,0.));
#7317 = ( GEOMETRIC_REPRESENTATION_CONTEXT(2) 
PARAMETRIC_REPRESENTATION_CONTEXT() REPRESENTATION_CONTEXT('2D SPACE',''
  ) );
#7318 = ORIENTED_EDGE('',*,*,#7319,.T.);
#7319 = EDGE_CURVE('',#7292,#7115,#7320,.T.);
#7320 = SURFACE_CURVE('',#7321,(#7325,#7332),.PCURVE_S1.);
#7321 = LINE('',#7322,#7323);
#7322 = CARTESIAN_POINT('',(-6.,-10.39230484541,12.));
#7323 = VECTOR('',#7324,1.);
#7324 = DIRECTION('',(1.,-5.921189464668E-16,0.));
#7325 = PCURVE('',#7099,#7326);
#7326 = DEFINITIONAL_REPRESENTATION('',(#7327),#7331);
#7327 = LINE('',#7328,#7329);
#7328 = CARTESIAN_POINT('',(-6.,-10.39230484541));
#7329 = VECTOR('',#7330,1.);
#7330 = DIRECTION('',(1.,-5.921189464668E-16));
#7331 = ( GEOMETRIC_REPRESENTATION_CONTEXT(2) 
PARAMETRIC_REPRESENTATION_CONTEXT() REPRESENTATION_CONTEXT('2D SPACE',''
  ) );
#7332 = PCURVE('',#7132,#7333);
#7333 = DEFINITIONAL_REPRESENTATION('',(#7334),#7338);
#7334 = LINE('',#7335,#7336);
#7335 = CARTESIAN_POINT('',(0.,0.));
#7336 = VECTOR('',#7337,1.);
#7337 = DIRECTION('',(1.,0.));
#7338 = ( GEOMETRIC_REPRESENTATION_CONTEXT(2) 
PARAMETRIC_REPRESENTATION_CONTEXT() REPRESENTATION_CONTEXT('2D SPACE',''
  ) );
#7339 = ORIENTED_EDGE('',*,*,#7166,.T.);
#7340 = FACE_BOUND('',#7341,.F.);
#7341 = EDGE_LOOP('',(#7342));
#7342 = ORIENTED_EDGE('',*,*,#7343,.F.);
#7343 = EDGE_CURVE('',#7344,#7344,#7346,.T.);
#7344 = VERTEX_POINT('',#7345);
#7345 = CARTESIAN_POINT('',(7.,-1.714505518806E-15,12.));
#7346 = SURFACE_CURVE('',#7347,(#7352,#7359),.PCURVE_S1.);
#7347 = CIRCLE('',#7348,7.);
#7348 = AXIS2_PLACEMENT_3D('',#7349,#7350,#7351);
#7349 = CARTESIAN_POINT('',(0.,0.,12.));
#7350 = DIRECTION('',(0.,0.,1.));
#7351 = DIRECTION('',(1.,0.,0.));
#7352 = PCURVE('',#7099,#7353);
#7353 = DEFINITIONAL_REPRESENTATION('',(#7354),#7358);
#7354 = CIRCLE('',#7355,7.);
#7355 = AXIS2_PLACEMENT_2D('',#7356,#7357);
#7356 = CARTESIAN_POINT('',(5.921189464668E-16,-5.921189464668E-16));
#7357 = DIRECTION('',(1.,0.));
#7358 = ( GEOMETRIC_REPRESENTATION_CONTEXT(2) 
PARAMETRIC_REPRESENTATION_CONTEXT() REPRESENTATION_CONTEXT('2D SPACE',''
  ) );
#7359 = PCURVE('',#7360,#7365);
#7360 = CYLINDRICAL_SURFACE('',#7361,7.);
#7361 = AXIS2_PLACEMENT_3D('',#7362,#7363,#7364);
#7362 = CARTESIAN_POINT('',(0.,0.,12.));
#7363 = DIRECTION('',(0.,0.,1.));
#7364 = DIRECTION('',(1.,0.,0.));
#7365 = DEFINITIONAL_REPRESENTATION('',(#7366),#7370);
#7366 = LINE('',#7367,#7368);
#7367 = CARTESIAN_POINT('',(0.,0.));
#7368 = VECTOR('',#7369,1.);
#7369 = DIRECTION('',(1.,0.));
#7370 = ( GEOMETRIC_REPRESENTATION_CONTEXT(2) 
PARAMETRIC_REPRESENTATION_CONTEXT() REPRESENTATION_CONTEXT('2D SPACE',''
  ) );
#7371 = ADVANCED_FACE('',(#7372,#7444),#7045,.T.);
#7372 = FACE_BOUND('',#7373,.T.);
#7373 = EDGE_LOOP('',(#7374,#7375,#7376,#7399,#7422,#7443));
#7374 = ORIENTED_EDGE('',*,*,#7029,.T.);
#7375 = ORIENTED_EDGE('',*,*,#7191,.T.);
#7376 = ORIENTED_EDGE('',*,*,#7377,.T.);
#7377 = EDGE_CURVE('',#7192,#7378,#7380,.T.);
#7378 = VERTEX_POINT('',#7379);
#7379 = CARTESIAN_POINT('',(-12.,1.469576158977E-15,22.));
#7380 = SURFACE_CURVE('',#7381,(#7385,#7392),.PCURVE_S1.);
#7381 = LINE('',#7382,#7383);
#7382 = CARTESIAN_POINT('',(-6.,10.392304845413,22.));
#7383 = VECTOR('',#7384,1.);
#7384 = DIRECTION('',(-0.5,-0.866025403784,0.));
#7385 = PCURVE('',#7045,#7386);
#7386 = DEFINITIONAL_REPRESENTATION('',(#7387),#7391);
#7387 = LINE('',#7388,#7389);
#7388 = CARTESIAN_POINT('',(-6.,10.392304845413));
#7389 = VECTOR('',#7390,1.);
#7390 = DIRECTION('',(-0.5,-0.866025403784));
#7391 = ( GEOMETRIC_REPRESENTATION_CONTEXT(2) 
PARAMETRIC_REPRESENTATION_CONTEXT() REPRESENTATION_CONTEXT('2D SPACE',''
  ) );
#7392 = PCURVE('',#7230,#7393);
#7393 = DEFINITIONAL_REPRESENTATION('',(#7394),#7398);
#7394 = LINE('',#7395,#7396);
#7395 = CARTESIAN_POINT('',(0.,-10.));
#7396 = VECTOR('',#7397,1.);
#7397 = DIRECTION('',(1.,0.));
#7398 = ( GEOMETRIC_REPRESENTATION_CONTEXT(2) 
PARAMETRIC_REPRESENTATION_CONTEXT() REPRESENTATION_CONTEXT('2D SPACE',''
  ) );
#7399 = ORIENTED_EDGE('',*,*,#7400,.T.);
#7400 = EDGE_CURVE('',#7378,#7401,#7403,.T.);
#7401 = VERTEX_POINT('',#7402);
#7402 = CARTESIAN_POINT('',(-6.,-10.39230484541,22.));
#7403 = SURFACE_CURVE('',#7404,(#7408,#7415),.PCURVE_S1.);
#7404 = LINE('',#7405,#7406);
#7405 = CARTESIAN_POINT('',(-12.,1.469576158977E-15,22.));
#7406 = VECTOR('',#7407,1.);
#7407 = DIRECTION('',(0.5,-0.866025403784,0.));
#7408 = PCURVE('',#7045,#7409);
#7409 = DEFINITIONAL_REPRESENTATION('',(#7410),#7414);
#7410 = LINE('',#7411,#7412);
#7411 = CARTESIAN_POINT('',(-12.,8.774572125101E-16));
#7412 = VECTOR('',#7413,1.);
#7413 = DIRECTION('',(0.5,-0.866025403784));
#7414 = ( GEOMETRIC_REPRESENTATION_CONTEXT(2) 
PARAMETRIC_REPRESENTATION_CONTEXT() REPRESENTATION_CONTEXT('2D SPACE',''
  ) );
#7415 = PCURVE('',#7307,#7416);
#7416 = DEFINITIONAL_REPRESENTATION('',(#7417),#7421);
#7417 = LINE('',#7418,#7419);
#7418 = CARTESIAN_POINT('',(0.,-10.));
#7419 = VECTOR('',#7420,1.);
#7420 = DIRECTION('',(1.,0.));
#7421 = ( GEOMETRIC_REPRESENTATION_CONTEXT(2) 
PARAMETRIC_REPRESENTATION_CONTEXT() REPRESENTATION_CONTEXT('2D SPACE',''
  ) );
#7422 = ORIENTED_EDGE('',*,*,#7423,.T.);
#7423 = EDGE_CURVE('',#7401,#7117,#7424,.T.);
#7424 = SURFACE_CURVE('',#7425,(#7429,#7436),.PCURVE_S1.);
#7425 = LINE('',#7426,#7427);
#7426 = CARTESIAN_POINT('',(-6.,-10.39230484541,22.));
#7427 = VECTOR('',#7428,1.);
#7428 = DIRECTION('',(1.,-5.921189464668E-16,0.));
#7429 = PCURVE('',#7045,#7430);
#7430 = DEFINITIONAL_REPRESENTATION('',(#7431),#7435);
#7431 = LINE('',#7432,#7433);
#7432 = CARTESIAN_POINT('',(-6.,-10.39230484541));
#7433 = VECTOR('',#7434,1.);
#7434 = DIRECTION('',(1.,-5.921189464668E-16));
#7435 = ( GEOMETRIC_REPRESENTATION_CONTEXT(2) 
PARAMETRIC_REPRESENTATION_CONTEXT() REPRESENTATION_CONTEXT('2D SPACE',''
  ) );
#7436 = PCURVE('',#7132,#7437);
#7437 = DEFINITIONAL_REPRESENTATION('',(#7438),#7442);
#7438 = LINE('',#7439,#7440);
#7439 = CARTESIAN_POINT('',(0.,-10.));
#7440 = VECTOR('',#7441,1.);
#7441 = DIRECTION('',(1.,0.));
#7442 = ( GEOMETRIC_REPRESENTATION_CONTEXT(2) 
PARAMETRIC_REPRESENTATION_CONTEXT() REPRESENTATION_CONTEXT('2D SPACE',''
  ) );
#7443 = ORIENTED_EDGE('',*,*,#7144,.T.);
#7444 = FACE_BOUND('',#7445,.T.);
#7445 = EDGE_LOOP('',(#7446));
#7446 = ORIENTED_EDGE('',*,*,#7447,.F.);
#7447 = EDGE_CURVE('',#7448,#7448,#7450,.T.);
#7448 = VERTEX_POINT('',#7449);
#7449 = CARTESIAN_POINT('',(7.,-1.714505518806E-15,22.));
#7450 = SURFACE_CURVE('',#7451,(#7456,#7463),.PCURVE_S1.);
#7451 = CIRCLE('',#7452,7.);
#7452 = AXIS2_PLACEMENT_3D('',#7453,#7454,#7455);
#7453 = CARTESIAN_POINT('',(0.,0.,22.));
#7454 = DIRECTION('',(0.,0.,1.));
#7455 = DIRECTION('',(1.,0.,-0.));
#7456 = PCURVE('',#7045,#7457);
#7457 = DEFINITIONAL_REPRESENTATION('',(#7458),#7462);
#7458 = CIRCLE('',#7459,7.);
#7459 = AXIS2_PLACEMENT_2D('',#7460,#7461);
#7460 = CARTESIAN_POINT('',(5.921189464668E-16,-5.921189464668E-16));
#7461 = DIRECTION('',(1.,0.));
#7462 = ( GEOMETRIC_REPRESENTATION_CONTEXT(2) 
PARAMETRIC_REPRESENTATION_CONTEXT() REPRESENTATION_CONTEXT('2D SPACE',''
  ) );
#7463 = PCURVE('',#7360,#7464);
#7464 = DEFINITIONAL_REPRESENTATION('',(#7465),#7469);
#7465 = LINE('',#7466,#7467);
#7466 = CARTESIAN_POINT('',(0.,10.));
#7467 = VECTOR('',#7468,1.);
#7468 = DIRECTION('',(1.,0.));
#7469 = ( GEOMETRIC_REPRESENTATION_CONTEXT(2) 
PARAMETRIC_REPRESENTATION_CONTEXT() REPRESENTATION_CONTEXT('2D SPACE',''
  ) );
#7470 = ADVANCED_FACE('',(#7471),#7132,.F.);
#7471 = FACE_BOUND('',#7472,.F.);
#7472 = EDGE_LOOP('',(#7473,#7494,#7495,#7496));
#7473 = ORIENTED_EDGE('',*,*,#7474,.T.);
#7474 = EDGE_CURVE('',#7292,#7401,#7475,.T.);
#7475 = SURFACE_CURVE('',#7476,(#7480,#7487),.PCURVE_S1.);
#7476 = LINE('',#7477,#7478);
#7477 = CARTESIAN_POINT('',(-6.,-10.39230484541,12.));
#7478 = VECTOR('',#7479,1.);
#7479 = DIRECTION('',(0.,0.,1.));
#7480 = PCURVE('',#7132,#7481);
#7481 = DEFINITIONAL_REPRESENTATION('',(#7482),#7486);
#7482 = LINE('',#7483,#7484);
#7483 = CARTESIAN_POINT('',(0.,0.));
#7484 = VECTOR('',#7485,1.);
#7485 = DIRECTION('',(0.,-1.));
#7486 = ( GEOMETRIC_REPRESENTATION_CONTEXT(2) 
PARAMETRIC_REPRESENTATION_CONTEXT() REPRESENTATION_CONTEXT('2D SPACE',''
  ) );
#7487 = PCURVE('',#7307,#7488);
#7488 = DEFINITIONAL_REPRESENTATION('',(#7489),#7493);
#7489 = LINE('',#7490,#7491);
#7490 = CARTESIAN_POINT('',(12.,0.));
#7491 = VECTOR('',#7492,1.);
#7492 = DIRECTION('',(0.,-1.));
#7493 = ( GEOMETRIC_REPRESENTATION_CONTEXT(2) 
PARAMETRIC_REPRESENTATION_CONTEXT() REPRESENTATION_CONTEXT('2D SPACE',''
  ) );
#7494 = ORIENTED_EDGE('',*,*,#7423,.T.);
#7495 = ORIENTED_EDGE('',*,*,#7114,.F.);
#7496 = ORIENTED_EDGE('',*,*,#7319,.F.);
#7497 = ADVANCED_FACE('',(#7498),#7230,.F.);
#7498 = FACE_BOUND('',#7499,.F.);
#7499 = EDGE_LOOP('',(#7500,#7501,#7502,#7523));
#7500 = ORIENTED_EDGE('',*,*,#7214,.T.);
#7501 = ORIENTED_EDGE('',*,*,#7377,.T.);
#7502 = ORIENTED_EDGE('',*,*,#7503,.F.);
#7503 = EDGE_CURVE('',#7269,#7378,#7504,.T.);
#7504 = SURFACE_CURVE('',#7505,(#7509,#7516),.PCURVE_S1.);
#7505 = LINE('',#7506,#7507);
#7506 = CARTESIAN_POINT('',(-12.,1.469576158977E-15,12.));
#7507 = VECTOR('',#7508,1.);
#7508 = DIRECTION('',(0.,0.,1.));
#7509 = PCURVE('',#7230,#7510);
#7510 = DEFINITIONAL_REPRESENTATION('',(#7511),#7515);
#7511 = LINE('',#7512,#7513);
#7512 = CARTESIAN_POINT('',(12.,0.));
#7513 = VECTOR('',#7514,1.);
#7514 = DIRECTION('',(0.,-1.));
#7515 = ( GEOMETRIC_REPRESENTATION_CONTEXT(2) 
PARAMETRIC_REPRESENTATION_CONTEXT() REPRESENTATION_CONTEXT('2D SPACE',''
  ) );
#7516 = PCURVE('',#7307,#7517);
#7517 = DEFINITIONAL_REPRESENTATION('',(#7518),#7522);
#7518 = LINE('',#7519,#7520);
#7519 = CARTESIAN_POINT('',(0.,0.));
#7520 = VECTOR('',#7521,1.);
#7521 = DIRECTION('',(0.,-1.));
#7522 = ( GEOMETRIC_REPRESENTATION_CONTEXT(2) 
PARAMETRIC_REPRESENTATION_CONTEXT() REPRESENTATION_CONTEXT('2D SPACE',''
  ) );
#7523 = ORIENTED_EDGE('',*,*,#7268,.F.);
#7524 = ADVANCED_FACE('',(#7525),#7307,.F.);
#7525 = FACE_BOUND('',#7526,.F.);
#7526 = EDGE_LOOP('',(#7527,#7528,#7529,#7530));
#7527 = ORIENTED_EDGE('',*,*,#7503,.T.);
#7528 = ORIENTED_EDGE('',*,*,#7400,.T.);
#7529 = ORIENTED_EDGE('',*,*,#7474,.F.);
#7530 = ORIENTED_EDGE('',*,*,#7291,.F.);
#7531 = ADVANCED_FACE('',(#7532),#7360,.F.);
#7532 = FACE_BOUND('',#7533,.F.);
#7533 = EDGE_LOOP('',(#7534,#7535,#7556,#7557));
#7534 = ORIENTED_EDGE('',*,*,#7447,.F.);
#7535 = ORIENTED_EDGE('',*,*,#7536,.F.);
#7536 = EDGE_CURVE('',#7344,#7448,#7537,.T.);
#7537 = SEAM_CURVE('',#7538,(#7542,#7549),.PCURVE_S1.);
#7538 = LINE('',#7539,#7540);
#7539 = CARTESIAN_POINT('',(7.,-1.714505518806E-15,12.));
#7540 = VECTOR('',#7541,1.);
#7541 = DIRECTION('',(0.,0.,1.));
#7542 = PCURVE('',#7360,#7543);
#7543 = DEFINITIONAL_REPRESENTATION('',(#7544),#7548);
#7544 = LINE('',#7545,#7546);
#7545 = CARTESIAN_POINT('',(6.28318530718,-0.));
#7546 = VECTOR('',#7547,1.);
#7547 = DIRECTION('',(0.,1.));
#7548 = ( GEOMETRIC_REPRESENTATION_CONTEXT(2) 
PARAMETRIC_REPRESENTATION_CONTEXT() REPRESENTATION_CONTEXT('2D SPACE',''
  ) );
#7549 = PCURVE('',#7360,#7550);
#7550 = DEFINITIONAL_REPRESENTATION('',(#7551),#7555);
#7551 = LINE('',#7552,#7553);
#7552 = CARTESIAN_POINT('',(0.,-0.));
#7553 = VECTOR('',#7554,1.);
#7554 = DIRECTION('',(0.,1.));
#7555 = ( GEOMETRIC_REPRESENTATION_CONTEXT(2) 
PARAMETRIC_REPRESENTATION_CONTEXT() REPRESENTATION_CONTEXT('2D SPACE',''
  ) );
#7556 = ORIENTED_EDGE('',*,*,#7343,.T.);
#7557 = ORIENTED_EDGE('',*,*,#7536,.T.);
#7558 = ( GEOMETRIC_REPRESENTATION_CONTEXT(3) 
GLOBAL_UNCERTAINTY_ASSIGNED_CONTEXT((#7562)) 
GLOBAL_UNIT_ASSIGNED_CONTEXT((#7559,#7560,#7561)) REPRESENTATION_CONTEXT
('Context #1','3D Context with UNIT and UNCERTAINTY') );
#7559 = ( LENGTH_UNIT() NAMED_UNIT(*) SI_UNIT(.MILLI.,.METRE.) );
#7560 = ( NAMED_UNIT(*) PLANE_ANGLE_UNIT() SI_UNIT($,.RADIAN.) );
#7561 = ( NAMED_UNIT(*) SI_UNIT($,.STERADIAN.) SOLID_ANGLE_UNIT() );
#7562 = UNCERTAINTY_MEASURE_WITH_UNIT(LENGTH_MEASURE(1.E-07),#7559,
  'distance_accuracy_value','confusion accuracy');
#7563 = CONTEXT_DEPENDENT_SHAPE_REPRESENTATION(#7564,#7566);
#7564 = ( REPRESENTATION_RELATIONSHIP('','',#6987,#10) 
REPRESENTATION_RELATIONSHIP_WITH_TRANSFORMATION(#7565) 
SHAPE_REPRESENTATION_RELATIONSHIP() );
#7565 = ITEM_DEFINED_TRANSFORMATION('','',#11,#23);
#7566 = PRODUCT_DEFINITION_SHAPE('Placement','Placement of an item',
  #7567);
#7567 = NEXT_ASSEMBLY_USAGE_OCCURRENCE('3','HexNut','',#5,#6982,$);
#7568 = PRODUCT_RELATED_PRODUCT_CATEGORY('part',$,(#6984));
#7569 = MECHANICAL_DESIGN_GEOMETRIC_PRESENTATION_REPRESENTATION('',(
    #7570),#6768);
#7570 = STYLED_ITEM('color',(#7571),#41);
#7571 = PRESENTATION_STYLE_ASSIGNMENT((#7572));
#7572 = SURFACE_STYLE_USAGE(.BOTH.,#7573);
#7573 = SURFACE_SIDE_STYLE('',(#7574));
#7574 = SURFACE_STYLE_FILL_AREA(#7575);
#7575 = FILL_AREA_STYLE('',(#7576));
#7576 = FILL_AREA_STYLE_COLOUR('',#7577);
#7577 = COLOUR_RGB('',0.55000000909,0.55000000909,0.599999994755);
#7578 = MECHANICAL_DESIGN_GEOMETRIC_PRESENTATION_REPRESENTATION('',(
    #7579),#7558);
#7579 = STYLED_ITEM('color',(#7580),#6988);
#7580 = PRESENTATION_STYLE_ASSIGNMENT((#7581));
#7581 = SURFACE_STYLE_USAGE(.BOTH.,#7582);
#7582 = SURFACE_SIDE_STYLE('',(#7583));
#7583 = SURFACE_STYLE_FILL_AREA(#7584);
#7584 = FILL_AREA_STYLE('',(#7585));
#7585 = FILL_AREA_STYLE_COLOUR('',#7586);
#7586 = COLOUR_RGB('',0.700000005816,0.45000000386,0.299999996101);
#7587 = MECHANICAL_DESIGN_GEOMETRIC_PRESENTATION_REPRESENTATION('',(
    #7588),#6969);
#7588 = STYLED_ITEM('color',(#7589),#6787);
#7589 = PRESENTATION_STYLE_ASSIGNMENT((#7590));
#7590 = SURFACE_STYLE_USAGE(.BOTH.,#7591);
#7591 = SURFACE_SIDE_STYLE('',(#7592));
#7592 = SURFACE_STYLE_FILL_AREA(#7593);
#7593 = FILL_AREA_STYLE('',(#7594));
#7594 = FILL_AREA_STYLE_COLOUR('',#7595);
#7595 = COLOUR_RGB('',0.800000010877,0.800000010877,0.399999997426);
ENDSEC;
END-ISO-10303-21;
