ISO-10303-21;
HEADER;
FILE_DESCRIPTION(('Open CASCADE Model'),'2;1');
FILE_NAME('Open CASCADE Shape Model','2026-05-26T15:14:02',('Author'),(
    'Open CASCADE'),'Open CASCADE STEP processor 7.8','Open CASCADE 7.8'
  ,'Unknown');
FILE_SCHEMA(('AUTOMOTIVE_DESIGN { 1 0 10303 214 1 1 1 1 }'));
ENDSEC;
DATA;
#1 = APPLICATION_PROTOCOL_DEFINITION('international standard',
  'automotive_design',2000,#2);
#2 = APPLICATION_CONTEXT(
  'core data for automotive mechanical design processes');
#3 = SHAPE_DEFINITION_REPRESENTATION(#4,#10);
#4 = PRODUCT_DEFINITION_SHAPE('','',#5);
#5 = PRODUCT_DEFINITION('design','',#6,#9);
#6 = PRODUCT_DEFINITION_FORMATION('','',#7);
#7 = PRODUCT('Open CASCADE STEP translator 7.8 3',
  'Open CASCADE STEP translator 7.8 3','',(#8));
#8 = PRODUCT_CONTEXT('',#2,'mechanical');
#9 = PRODUCT_DEFINITION_CONTEXT('part definition',#2,'design');
#10 = ADVANCED_BREP_SHAPE_REPRESENTATION('',(#11,#15),#3710);
#11 = AXIS2_PLACEMENT_3D('',#12,#13,#14);
#12 = CARTESIAN_POINT('',(0.,0.,0.));
#13 = DIRECTION('',(0.,0.,1.));
#14 = DIRECTION('',(1.,0.,-0.));
#15 = MANIFOLD_SOLID_BREP('',#16);
#16 = CLOSED_SHELL('',(#17,#837,#910,#1021,#1069,#1180,#1228,#1348,#1396
    ,#1507,#1555,#1666,#1714,#1825,#1873,#1984,#2032,#2152,#2200,#2320,
    #2368,#2479,#2527,#2638,#2686,#2797,#2845,#2965,#3013,#3113,#3541,
    #3546,#3551,#3556,#3561,#3566,#3571,#3576,#3581,#3586,#3591,#3596,
    #3601,#3606,#3612,#3651,#3706));
#17 = ADVANCED_FACE('',(#18),#33,.F.);
#18 = FACE_BOUND('',#19,.T.);
#19 = EDGE_LOOP('',(#20,#56,#85,#114,#143,#172,#201,#230,#259,#288,#317,
    #346,#375,#404,#433,#462,#491,#520,#549,#578,#607,#636,#665,#694,
    #723,#752,#781,#810));
#20 = ORIENTED_EDGE('',*,*,#21,.F.);
#21 = EDGE_CURVE('',#22,#24,#26,.T.);
#22 = VERTEX_POINT('',#23);
#23 = CARTESIAN_POINT('',(17.812222222222,2.593210270335,0.));
#24 = VERTEX_POINT('',#25);
#25 = CARTESIAN_POINT('',(17.173409458793,5.392031858274,0.));
#26 = SURFACE_CURVE('',#27,(#32,#44),.PCURVE_S1.);
#27 = CIRCLE('',#28,18.);
#28 = AXIS2_PLACEMENT_3D('',#29,#30,#31);
#29 = CARTESIAN_POINT('',(0.,0.,0.));
#30 = DIRECTION('',(0.,0.,1.));
#31 = DIRECTION('',(1.,0.,-0.));
#32 = PCURVE('',#33,#38);
#33 = PLANE('',#34);
#34 = AXIS2_PLACEMENT_3D('',#35,#36,#37);
#35 = CARTESIAN_POINT('',(0.,0.,0.));
#36 = DIRECTION('',(0.,0.,1.));
#37 = DIRECTION('',(1.,0.,-0.));
#38 = DEFINITIONAL_REPRESENTATION('',(#39),#43);
#39 = CIRCLE('',#40,18.);
#40 = AXIS2_PLACEMENT_2D('',#41,#42);
#41 = CARTESIAN_POINT('',(0.,0.));
#42 = DIRECTION('',(1.,-0.));
#43 = ( GEOMETRIC_REPRESENTATION_CONTEXT(2) 
PARAMETRIC_REPRESENTATION_CONTEXT() REPRESENTATION_CONTEXT('2D SPACE',''
  ) );
#44 = PCURVE('',#45,#50);
#45 = CYLINDRICAL_SURFACE('',#46,18.);
#46 = AXIS2_PLACEMENT_3D('',#47,#48,#49);
#47 = CARTESIAN_POINT('',(0.,0.,0.));
#48 = DIRECTION('',(0.,0.,1.));
#49 = DIRECTION('',(1.,0.,-0.));
#50 = DEFINITIONAL_REPRESENTATION('',(#51),#55);
#51 = LINE('',#52,#53);
#52 = CARTESIAN_POINT('',(0.,0.));
#53 = VECTOR('',#54,1.);
#54 = DIRECTION('',(1.,0.));
#55 = ( GEOMETRIC_REPRESENTATION_CONTEXT(2) 
PARAMETRIC_REPRESENTATION_CONTEXT() REPRESENTATION_CONTEXT('2D SPACE',''
  ) );
#56 = ORIENTED_EDGE('',*,*,#57,.T.);
#57 = EDGE_CURVE('',#22,#58,#60,.T.);
#58 = VERTEX_POINT('',#59);
#59 = CARTESIAN_POINT('',(17.812222222222,-2.593210270335,0.));
#60 = SURFACE_CURVE('',#61,(#66,#73),.PCURVE_S1.);
#61 = CIRCLE('',#62,2.6);
#62 = AXIS2_PLACEMENT_3D('',#63,#64,#65);
#63 = CARTESIAN_POINT('',(18.,0.,0.));
#64 = DIRECTION('',(0.,0.,1.));
#65 = DIRECTION('',(1.,0.,0.));
#66 = PCURVE('',#33,#67);
#67 = DEFINITIONAL_REPRESENTATION('',(#68),#72);
#68 = CIRCLE('',#69,2.6);
#69 = AXIS2_PLACEMENT_2D('',#70,#71);
#70 = CARTESIAN_POINT('',(18.,0.));
#71 = DIRECTION('',(1.,-0.));
#72 = ( GEOMETRIC_REPRESENTATION_CONTEXT(2) 
PARAMETRIC_REPRESENTATION_CONTEXT() REPRESENTATION_CONTEXT('2D SPACE',''
  ) );
#73 = PCURVE('',#74,#79);
#74 = CYLINDRICAL_SURFACE('',#75,2.6);
#75 = AXIS2_PLACEMENT_3D('',#76,#77,#78);
#76 = CARTESIAN_POINT('',(18.,0.,0.));
#77 = DIRECTION('',(-0.,-0.,-1.));
#78 = DIRECTION('',(1.,0.,0.));
#79 = DEFINITIONAL_REPRESENTATION('',(#80),#84);
#80 = LINE('',#81,#82);
#81 = CARTESIAN_POINT('',(-0.,0.));
#82 = VECTOR('',#83,1.);
#83 = DIRECTION('',(-1.,0.));
#84 = ( GEOMETRIC_REPRESENTATION_CONTEXT(2) 
PARAMETRIC_REPRESENTATION_CONTEXT() REPRESENTATION_CONTEXT('2D SPACE',''
  ) );
#85 = ORIENTED_EDGE('',*,*,#86,.F.);
#86 = EDGE_CURVE('',#87,#58,#89,.T.);
#87 = VERTEX_POINT('',#88);
#88 = CARTESIAN_POINT('',(17.173409458793,-5.392031858274,0.));
#89 = SURFACE_CURVE('',#90,(#95,#102),.PCURVE_S1.);
#90 = CIRCLE('',#91,18.);
#91 = AXIS2_PLACEMENT_3D('',#92,#93,#94);
#92 = CARTESIAN_POINT('',(0.,0.,0.));
#93 = DIRECTION('',(0.,0.,1.));
#94 = DIRECTION('',(1.,0.,-0.));
#95 = PCURVE('',#33,#96);
#96 = DEFINITIONAL_REPRESENTATION('',(#97),#101);
#97 = CIRCLE('',#98,18.);
#98 = AXIS2_PLACEMENT_2D('',#99,#100);
#99 = CARTESIAN_POINT('',(0.,0.));
#100 = DIRECTION('',(1.,-0.));
#101 = ( GEOMETRIC_REPRESENTATION_CONTEXT(2) 
PARAMETRIC_REPRESENTATION_CONTEXT() REPRESENTATION_CONTEXT('2D SPACE',''
  ) );
#102 = PCURVE('',#103,#108);
#103 = CYLINDRICAL_SURFACE('',#104,18.);
#104 = AXIS2_PLACEMENT_3D('',#105,#106,#107);
#105 = CARTESIAN_POINT('',(0.,0.,0.));
#106 = DIRECTION('',(0.,0.,1.));
#107 = DIRECTION('',(1.,0.,-0.));
#108 = DEFINITIONAL_REPRESENTATION('',(#109),#113);
#109 = LINE('',#110,#111);
#110 = CARTESIAN_POINT('',(0.,0.));
#111 = VECTOR('',#112,1.);
#112 = DIRECTION('',(1.,0.));
#113 = ( GEOMETRIC_REPRESENTATION_CONTEXT(2) 
PARAMETRIC_REPRESENTATION_CONTEXT() REPRESENTATION_CONTEXT('2D SPACE',''
  ) );
#114 = ORIENTED_EDGE('',*,*,#115,.T.);
#115 = EDGE_CURVE('',#87,#116,#118,.T.);
#116 = VERTEX_POINT('',#117);
#117 = CARTESIAN_POINT('',(14.923105921971,-10.06483530126,0.));
#118 = SURFACE_CURVE('',#119,(#124,#131),.PCURVE_S1.);
#119 = CIRCLE('',#120,2.6);
#120 = AXIS2_PLACEMENT_3D('',#121,#122,#123);
#121 = CARTESIAN_POINT('',(16.217439622244,-7.809907304116,0.));
#122 = DIRECTION('',(0.,0.,1.));
#123 = DIRECTION('',(1.,0.,0.));
#124 = PCURVE('',#33,#125);
#125 = DEFINITIONAL_REPRESENTATION('',(#126),#130);
#126 = CIRCLE('',#127,2.6);
#127 = AXIS2_PLACEMENT_2D('',#128,#129);
#128 = CARTESIAN_POINT('',(16.217439622244,-7.809907304116));
#129 = DIRECTION('',(1.,-0.));
#130 = ( GEOMETRIC_REPRESENTATION_CONTEXT(2) 
PARAMETRIC_REPRESENTATION_CONTEXT() REPRESENTATION_CONTEXT('2D SPACE',''
  ) );
#131 = PCURVE('',#132,#137);
#132 = CYLINDRICAL_SURFACE('',#133,2.6);
#133 = AXIS2_PLACEMENT_3D('',#134,#135,#136);
#134 = CARTESIAN_POINT('',(16.217439622244,-7.809907304116,0.));
#135 = DIRECTION('',(-0.,-0.,-1.));
#136 = DIRECTION('',(1.,0.,0.));
#137 = DEFINITIONAL_REPRESENTATION('',(#138),#142);
#138 = LINE('',#139,#140);
#139 = CARTESIAN_POINT('',(-0.,0.));
#140 = VECTOR('',#141,1.);
#141 = DIRECTION('',(-1.,0.));
#142 = ( GEOMETRIC_REPRESENTATION_CONTEXT(2) 
PARAMETRIC_REPRESENTATION_CONTEXT() REPRESENTATION_CONTEXT('2D SPACE',''
  ) );
#143 = ORIENTED_EDGE('',*,*,#144,.F.);
#144 = EDGE_CURVE('',#145,#116,#147,.T.);
#145 = VERTEX_POINT('',#146);
#146 = CARTESIAN_POINT('',(13.133192334005,-12.30931594842,0.));
#147 = SURFACE_CURVE('',#148,(#153,#160),.PCURVE_S1.);
#148 = CIRCLE('',#149,18.);
#149 = AXIS2_PLACEMENT_3D('',#150,#151,#152);
#150 = CARTESIAN_POINT('',(0.,0.,0.));
#151 = DIRECTION('',(0.,0.,1.));
#152 = DIRECTION('',(1.,0.,-0.));
#153 = PCURVE('',#33,#154);
#154 = DEFINITIONAL_REPRESENTATION('',(#155),#159);
#155 = CIRCLE('',#156,18.);
#156 = AXIS2_PLACEMENT_2D('',#157,#158);
#157 = CARTESIAN_POINT('',(0.,0.));
#158 = DIRECTION('',(1.,-0.));
#159 = ( GEOMETRIC_REPRESENTATION_CONTEXT(2) 
PARAMETRIC_REPRESENTATION_CONTEXT() REPRESENTATION_CONTEXT('2D SPACE',''
  ) );
#160 = PCURVE('',#161,#166);
#161 = CYLINDRICAL_SURFACE('',#162,18.);
#162 = AXIS2_PLACEMENT_3D('',#163,#164,#165);
#163 = CARTESIAN_POINT('',(0.,0.,0.));
#164 = DIRECTION('',(0.,0.,1.));
#165 = DIRECTION('',(1.,0.,-0.));
#166 = DEFINITIONAL_REPRESENTATION('',(#167),#171);
#167 = LINE('',#168,#169);
#168 = CARTESIAN_POINT('',(0.,0.));
#169 = VECTOR('',#170,1.);
#170 = DIRECTION('',(1.,0.));
#171 = ( GEOMETRIC_REPRESENTATION_CONTEXT(2) 
PARAMETRIC_REPRESENTATION_CONTEXT() REPRESENTATION_CONTEXT('2D SPACE',''
  ) );
#172 = ORIENTED_EDGE('',*,*,#173,.T.);
#173 = EDGE_CURVE('',#145,#174,#176,.T.);
#174 = VERTEX_POINT('',#175);
#175 = CARTESIAN_POINT('',(9.078285473989,-15.54299626367,0.));
#176 = SURFACE_CURVE('',#177,(#182,#189),.PCURVE_S1.);
#177 = CIRCLE('',#178,2.6);
#178 = AXIS2_PLACEMENT_3D('',#179,#180,#181);
#179 = CARTESIAN_POINT('',(11.222816433457,-14.07296668442,0.));
#180 = DIRECTION('',(0.,0.,1.));
#181 = DIRECTION('',(1.,0.,0.));
#182 = PCURVE('',#33,#183);
#183 = DEFINITIONAL_REPRESENTATION('',(#184),#188);
#184 = CIRCLE('',#185,2.6);
#185 = AXIS2_PLACEMENT_2D('',#186,#187);
#186 = CARTESIAN_POINT('',(11.222816433457,-14.07296668442));
#187 = DIRECTION('',(1.,-0.));
#188 = ( GEOMETRIC_REPRESENTATION_CONTEXT(2) 
PARAMETRIC_REPRESENTATION_CONTEXT() REPRESENTATION_CONTEXT('2D SPACE',''
  ) );
#189 = PCURVE('',#190,#195);
#190 = CYLINDRICAL_SURFACE('',#191,2.6);
#191 = AXIS2_PLACEMENT_3D('',#192,#193,#194);
#192 = CARTESIAN_POINT('',(11.222816433457,-14.07296668442,0.));
#193 = DIRECTION('',(-0.,-0.,-1.));
#194 = DIRECTION('',(1.,0.,0.));
#195 = DEFINITIONAL_REPRESENTATION('',(#196),#200);
#196 = LINE('',#197,#198);
#197 = CARTESIAN_POINT('',(-0.,0.));
#198 = VECTOR('',#199,1.);
#199 = DIRECTION('',(-1.,0.));
#200 = ( GEOMETRIC_REPRESENTATION_CONTEXT(2) 
PARAMETRIC_REPRESENTATION_CONTEXT() REPRESENTATION_CONTEXT('2D SPACE',''
  ) );
#201 = ORIENTED_EDGE('',*,*,#202,.F.);
#202 = EDGE_CURVE('',#203,#174,#205,.T.);
#203 = VERTEX_POINT('',#204);
#204 = CARTESIAN_POINT('',(6.491785399433,-16.78858905113,0.));
#205 = SURFACE_CURVE('',#206,(#211,#218),.PCURVE_S1.);
#206 = CIRCLE('',#207,18.);
#207 = AXIS2_PLACEMENT_3D('',#208,#209,#210);
#208 = CARTESIAN_POINT('',(0.,0.,0.));
#209 = DIRECTION('',(0.,0.,1.));
#210 = DIRECTION('',(1.,0.,-0.));
#211 = PCURVE('',#33,#212);
#212 = DEFINITIONAL_REPRESENTATION('',(#213),#217);
#213 = CIRCLE('',#214,18.);
#214 = AXIS2_PLACEMENT_2D('',#215,#216);
#215 = CARTESIAN_POINT('',(0.,0.));
#216 = DIRECTION('',(1.,-0.));
#217 = ( GEOMETRIC_REPRESENTATION_CONTEXT(2) 
PARAMETRIC_REPRESENTATION_CONTEXT() REPRESENTATION_CONTEXT('2D SPACE',''
  ) );
#218 = PCURVE('',#219,#224);
#219 = CYLINDRICAL_SURFACE('',#220,18.);
#220 = AXIS2_PLACEMENT_3D('',#221,#222,#223);
#221 = CARTESIAN_POINT('',(0.,0.,0.));
#222 = DIRECTION('',(0.,0.,1.));
#223 = DIRECTION('',(1.,0.,-0.));
#224 = DEFINITIONAL_REPRESENTATION('',(#225),#229);
#225 = LINE('',#226,#227);
#226 = CARTESIAN_POINT('',(0.,0.));
#227 = VECTOR('',#228,1.);
#228 = DIRECTION('',(1.,0.));
#229 = ( GEOMETRIC_REPRESENTATION_CONTEXT(2) 
PARAMETRIC_REPRESENTATION_CONTEXT() REPRESENTATION_CONTEXT('2D SPACE',''
  ) );
#230 = ORIENTED_EDGE('',*,*,#231,.T.);
#231 = EDGE_CURVE('',#203,#232,#234,.T.);
#232 = VERTEX_POINT('',#233);
#233 = CARTESIAN_POINT('',(1.43539925002,-17.94267619373,0.));
#234 = SURFACE_CURVE('',#235,(#240,#247),.PCURVE_S1.);
#235 = CIRCLE('',#236,2.6);
#236 = AXIS2_PLACEMENT_3D('',#237,#238,#239);
#237 = CARTESIAN_POINT('',(4.005376811214,-17.54870241927,0.));
#238 = DIRECTION('',(0.,0.,1.));
#239 = DIRECTION('',(1.,0.,0.));
#240 = PCURVE('',#33,#241);
#241 = DEFINITIONAL_REPRESENTATION('',(#242),#246);
#242 = CIRCLE('',#243,2.6);
#243 = AXIS2_PLACEMENT_2D('',#244,#245);
#244 = CARTESIAN_POINT('',(4.005376811214,-17.54870241927));
#245 = DIRECTION('',(1.,-0.));
#246 = ( GEOMETRIC_REPRESENTATION_CONTEXT(2) 
PARAMETRIC_REPRESENTATION_CONTEXT() REPRESENTATION_CONTEXT('2D SPACE',''
  ) );
#247 = PCURVE('',#248,#253);
#248 = CYLINDRICAL_SURFACE('',#249,2.6);
#249 = AXIS2_PLACEMENT_3D('',#250,#251,#252);
#250 = CARTESIAN_POINT('',(4.005376811214,-17.54870241927,0.));
#251 = DIRECTION('',(-0.,-0.,-1.));
#252 = DIRECTION('',(1.,0.,0.));
#253 = DEFINITIONAL_REPRESENTATION('',(#254),#258);
#254 = LINE('',#255,#256);
#255 = CARTESIAN_POINT('',(-0.,0.));
#256 = VECTOR('',#257,1.);
#257 = DIRECTION('',(-1.,0.));
#258 = ( GEOMETRIC_REPRESENTATION_CONTEXT(2) 
PARAMETRIC_REPRESENTATION_CONTEXT() REPRESENTATION_CONTEXT('2D SPACE',''
  ) );
#259 = ORIENTED_EDGE('',*,*,#260,.F.);
#260 = EDGE_CURVE('',#261,#232,#263,.T.);
#261 = VERTEX_POINT('',#262);
#262 = CARTESIAN_POINT('',(-1.43539925002,-17.94267619373,0.));
#263 = SURFACE_CURVE('',#264,(#269,#276),.PCURVE_S1.);
#264 = CIRCLE('',#265,18.);
#265 = AXIS2_PLACEMENT_3D('',#266,#267,#268);
#266 = CARTESIAN_POINT('',(0.,0.,0.));
#267 = DIRECTION('',(0.,0.,1.));
#268 = DIRECTION('',(1.,0.,-0.));
#269 = PCURVE('',#33,#270);
#270 = DEFINITIONAL_REPRESENTATION('',(#271),#275);
#271 = CIRCLE('',#272,18.);
#272 = AXIS2_PLACEMENT_2D('',#273,#274);
#273 = CARTESIAN_POINT('',(0.,0.));
#274 = DIRECTION('',(1.,-0.));
#275 = ( GEOMETRIC_REPRESENTATION_CONTEXT(2) 
PARAMETRIC_REPRESENTATION_CONTEXT() REPRESENTATION_CONTEXT('2D SPACE',''
  ) );
#276 = PCURVE('',#277,#282);
#277 = CYLINDRICAL_SURFACE('',#278,18.);
#278 = AXIS2_PLACEMENT_3D('',#279,#280,#281);
#279 = CARTESIAN_POINT('',(0.,0.,0.));
#280 = DIRECTION('',(0.,0.,1.));
#281 = DIRECTION('',(1.,0.,-0.));
#282 = DEFINITIONAL_REPRESENTATION('',(#283),#287);
#283 = LINE('',#284,#285);
#284 = CARTESIAN_POINT('',(0.,0.));
#285 = VECTOR('',#286,1.);
#286 = DIRECTION('',(1.,0.));
#287 = ( GEOMETRIC_REPRESENTATION_CONTEXT(2) 
PARAMETRIC_REPRESENTATION_CONTEXT() REPRESENTATION_CONTEXT('2D SPACE',''
  ) );
#288 = ORIENTED_EDGE('',*,*,#289,.T.);
#289 = EDGE_CURVE('',#261,#290,#292,.T.);
#290 = VERTEX_POINT('',#291);
#291 = CARTESIAN_POINT('',(-6.491785399433,-16.78858905113,0.));
#292 = SURFACE_CURVE('',#293,(#298,#305),.PCURVE_S1.);
#293 = CIRCLE('',#294,2.6);
#294 = AXIS2_PLACEMENT_3D('',#295,#296,#297);
#295 = CARTESIAN_POINT('',(-4.005376811214,-17.54870241927,0.));
#296 = DIRECTION('',(-0.,0.,1.));
#297 = DIRECTION('',(0.988452908151,-0.151528374791,0.));
#298 = PCURVE('',#33,#299);
#299 = DEFINITIONAL_REPRESENTATION('',(#300),#304);
#300 = CIRCLE('',#301,2.6);
#301 = AXIS2_PLACEMENT_2D('',#302,#303);
#302 = CARTESIAN_POINT('',(-4.005376811214,-17.54870241927));
#303 = DIRECTION('',(0.988452908151,-0.151528374791));
#304 = ( GEOMETRIC_REPRESENTATION_CONTEXT(2) 
PARAMETRIC_REPRESENTATION_CONTEXT() REPRESENTATION_CONTEXT('2D SPACE',''
  ) );
#305 = PCURVE('',#306,#311);
#306 = CYLINDRICAL_SURFACE('',#307,2.6);
#307 = AXIS2_PLACEMENT_3D('',#308,#309,#310);
#308 = CARTESIAN_POINT('',(-4.005376811214,-17.54870241927,0.));
#309 = DIRECTION('',(-0.,-0.,-1.));
#310 = DIRECTION('',(1.,0.,0.));
#311 = DEFINITIONAL_REPRESENTATION('',(#312),#316);
#312 = LINE('',#313,#314);
#313 = CARTESIAN_POINT('',(-6.131070987756,0.));
#314 = VECTOR('',#315,1.);
#315 = DIRECTION('',(-1.,0.));
#316 = ( GEOMETRIC_REPRESENTATION_CONTEXT(2) 
PARAMETRIC_REPRESENTATION_CONTEXT() REPRESENTATION_CONTEXT('2D SPACE',''
  ) );
#317 = ORIENTED_EDGE('',*,*,#318,.F.);
#318 = EDGE_CURVE('',#319,#290,#321,.T.);
#319 = VERTEX_POINT('',#320);
#320 = CARTESIAN_POINT('',(-9.078285473989,-15.54299626367,0.));
#321 = SURFACE_CURVE('',#322,(#327,#334),.PCURVE_S1.);
#322 = CIRCLE('',#323,18.);
#323 = AXIS2_PLACEMENT_3D('',#324,#325,#326);
#324 = CARTESIAN_POINT('',(0.,0.,0.));
#325 = DIRECTION('',(0.,0.,1.));
#326 = DIRECTION('',(1.,0.,-0.));
#327 = PCURVE('',#33,#328);
#328 = DEFINITIONAL_REPRESENTATION('',(#329),#333);
#329 = CIRCLE('',#330,18.);
#330 = AXIS2_PLACEMENT_2D('',#331,#332);
#331 = CARTESIAN_POINT('',(0.,0.));
#332 = DIRECTION('',(1.,-0.));
#333 = ( GEOMETRIC_REPRESENTATION_CONTEXT(2) 
PARAMETRIC_REPRESENTATION_CONTEXT() REPRESENTATION_CONTEXT('2D SPACE',''
  ) );
#334 = PCURVE('',#335,#340);
#335 = CYLINDRICAL_SURFACE('',#336,18.);
#336 = AXIS2_PLACEMENT_3D('',#337,#338,#339);
#337 = CARTESIAN_POINT('',(0.,0.,0.));
#338 = DIRECTION('',(0.,0.,1.));
#339 = DIRECTION('',(1.,0.,-0.));
#340 = DEFINITIONAL_REPRESENTATION('',(#341),#345);
#341 = LINE('',#342,#343);
#342 = CARTESIAN_POINT('',(0.,0.));
#343 = VECTOR('',#344,1.);
#344 = DIRECTION('',(1.,0.));
#345 = ( GEOMETRIC_REPRESENTATION_CONTEXT(2) 
PARAMETRIC_REPRESENTATION_CONTEXT() REPRESENTATION_CONTEXT('2D SPACE',''
  ) );
#346 = ORIENTED_EDGE('',*,*,#347,.T.);
#347 = EDGE_CURVE('',#319,#348,#350,.T.);
#348 = VERTEX_POINT('',#349);
#349 = CARTESIAN_POINT('',(-13.133192334,-12.30931594842,0.));
#350 = SURFACE_CURVE('',#351,(#356,#363),.PCURVE_S1.);
#351 = CIRCLE('',#352,2.6);
#352 = AXIS2_PLACEMENT_3D('',#353,#354,#355);
#353 = CARTESIAN_POINT('',(-11.22281643345,-14.07296668442,0.));
#354 = DIRECTION('',(-0.,0.,1.));
#355 = DIRECTION('',(0.824819599795,-0.565395992021,0.));
#356 = PCURVE('',#33,#357);
#357 = DEFINITIONAL_REPRESENTATION('',(#358),#362);
#358 = CIRCLE('',#359,2.6);
#359 = AXIS2_PLACEMENT_2D('',#360,#361);
#360 = CARTESIAN_POINT('',(-11.22281643345,-14.07296668442));
#361 = DIRECTION('',(0.824819599795,-0.565395992021));
#362 = ( GEOMETRIC_REPRESENTATION_CONTEXT(2) 
PARAMETRIC_REPRESENTATION_CONTEXT() REPRESENTATION_CONTEXT('2D SPACE',''
  ) );
#363 = PCURVE('',#364,#369);
#364 = CYLINDRICAL_SURFACE('',#365,2.6);
#365 = AXIS2_PLACEMENT_3D('',#366,#367,#368);
#366 = CARTESIAN_POINT('',(-11.22281643345,-14.07296668442,0.));
#367 = DIRECTION('',(-0.,-0.,-1.));
#368 = DIRECTION('',(1.,0.,0.));
#369 = DEFINITIONAL_REPRESENTATION('',(#370),#374);
#370 = LINE('',#371,#372);
#371 = CARTESIAN_POINT('',(-5.682272037244,0.));
#372 = VECTOR('',#373,1.);
#373 = DIRECTION('',(-1.,0.));
#374 = ( GEOMETRIC_REPRESENTATION_CONTEXT(2) 
PARAMETRIC_REPRESENTATION_CONTEXT() REPRESENTATION_CONTEXT('2D SPACE',''
  ) );
#375 = ORIENTED_EDGE('',*,*,#376,.F.);
#376 = EDGE_CURVE('',#377,#348,#379,.T.);
#377 = VERTEX_POINT('',#378);
#378 = CARTESIAN_POINT('',(-14.92310592197,-10.06483530126,0.));
#379 = SURFACE_CURVE('',#380,(#385,#392),.PCURVE_S1.);
#380 = CIRCLE('',#381,18.);
#381 = AXIS2_PLACEMENT_3D('',#382,#383,#384);
#382 = CARTESIAN_POINT('',(0.,0.,0.));
#383 = DIRECTION('',(0.,0.,1.));
#384 = DIRECTION('',(1.,0.,-0.));
#385 = PCURVE('',#33,#386);
#386 = DEFINITIONAL_REPRESENTATION('',(#387),#391);
#387 = CIRCLE('',#388,18.);
#388 = AXIS2_PLACEMENT_2D('',#389,#390);
#389 = CARTESIAN_POINT('',(0.,0.));
#390 = DIRECTION('',(1.,-0.));
#391 = ( GEOMETRIC_REPRESENTATION_CONTEXT(2) 
PARAMETRIC_REPRESENTATION_CONTEXT() REPRESENTATION_CONTEXT('2D SPACE',''
  ) );
#392 = PCURVE('',#393,#398);
#393 = CYLINDRICAL_SURFACE('',#394,18.);
#394 = AXIS2_PLACEMENT_3D('',#395,#396,#397);
#395 = CARTESIAN_POINT('',(0.,0.,0.));
#396 = DIRECTION('',(0.,0.,1.));
#397 = DIRECTION('',(1.,0.,-0.));
#398 = DEFINITIONAL_REPRESENTATION('',(#399),#403);
#399 = LINE('',#400,#401);
#400 = CARTESIAN_POINT('',(0.,0.));
#401 = VECTOR('',#402,1.);
#402 = DIRECTION('',(1.,0.));
#403 = ( GEOMETRIC_REPRESENTATION_CONTEXT(2) 
PARAMETRIC_REPRESENTATION_CONTEXT() REPRESENTATION_CONTEXT('2D SPACE',''
  ) );
#404 = ORIENTED_EDGE('',*,*,#405,.T.);
#405 = EDGE_CURVE('',#377,#406,#408,.T.);
#406 = VERTEX_POINT('',#407);
#407 = CARTESIAN_POINT('',(-17.17340945879,-5.392031858274,0.));
#408 = SURFACE_CURVE('',#409,(#414,#421),.PCURVE_S1.);
#409 = CIRCLE('',#410,2.6);
#410 = AXIS2_PLACEMENT_3D('',#411,#412,#413);
#411 = CARTESIAN_POINT('',(-16.21743962224,-7.809907304116,0.));
#412 = DIRECTION('',(0.,0.,1.));
#413 = DIRECTION('',(0.497820653951,-0.867279998904,0.));
#414 = PCURVE('',#33,#415);
#415 = DEFINITIONAL_REPRESENTATION('',(#416),#420);
#416 = CIRCLE('',#417,2.6);
#417 = AXIS2_PLACEMENT_2D('',#418,#419);
#418 = CARTESIAN_POINT('',(-16.21743962224,-7.809907304116));
#419 = DIRECTION('',(0.497820653951,-0.867279998904));
#420 = ( GEOMETRIC_REPRESENTATION_CONTEXT(2) 
PARAMETRIC_REPRESENTATION_CONTEXT() REPRESENTATION_CONTEXT('2D SPACE',''
  ) );
#421 = PCURVE('',#422,#427);
#422 = CYLINDRICAL_SURFACE('',#423,2.6);
#423 = AXIS2_PLACEMENT_3D('',#424,#425,#426);
#424 = CARTESIAN_POINT('',(-16.21743962224,-7.809907304116,0.));
#425 = DIRECTION('',(-0.,-0.,-1.));
#426 = DIRECTION('',(1.,0.,0.));
#427 = DEFINITIONAL_REPRESENTATION('',(#428),#432);
#428 = LINE('',#429,#430);
#429 = CARTESIAN_POINT('',(-5.233473086731,0.));
#430 = VECTOR('',#431,1.);
#431 = DIRECTION('',(-1.,0.));
#432 = ( GEOMETRIC_REPRESENTATION_CONTEXT(2) 
PARAMETRIC_REPRESENTATION_CONTEXT() REPRESENTATION_CONTEXT('2D SPACE',''
  ) );
#433 = ORIENTED_EDGE('',*,*,#434,.F.);
#434 = EDGE_CURVE('',#435,#406,#437,.T.);
#435 = VERTEX_POINT('',#436);
#436 = CARTESIAN_POINT('',(-17.81222222222,-2.593210270335,0.));
#437 = SURFACE_CURVE('',#438,(#443,#450),.PCURVE_S1.);
#438 = CIRCLE('',#439,18.);
#439 = AXIS2_PLACEMENT_3D('',#440,#441,#442);
#440 = CARTESIAN_POINT('',(0.,0.,0.));
#441 = DIRECTION('',(0.,0.,1.));
#442 = DIRECTION('',(1.,0.,-0.));
#443 = PCURVE('',#33,#444);
#444 = DEFINITIONAL_REPRESENTATION('',(#445),#449);
#445 = CIRCLE('',#446,18.);
#446 = AXIS2_PLACEMENT_2D('',#447,#448);
#447 = CARTESIAN_POINT('',(0.,0.));
#448 = DIRECTION('',(1.,-0.));
#449 = ( GEOMETRIC_REPRESENTATION_CONTEXT(2) 
PARAMETRIC_REPRESENTATION_CONTEXT() REPRESENTATION_CONTEXT('2D SPACE',''
  ) );
#450 = PCURVE('',#451,#456);
#451 = CYLINDRICAL_SURFACE('',#452,18.);
#452 = AXIS2_PLACEMENT_3D('',#453,#454,#455);
#453 = CARTESIAN_POINT('',(0.,0.,0.));
#454 = DIRECTION('',(0.,0.,1.));
#455 = DIRECTION('',(1.,0.,-0.));
#456 = DEFINITIONAL_REPRESENTATION('',(#457),#461);
#457 = LINE('',#458,#459);
#458 = CARTESIAN_POINT('',(0.,0.));
#459 = VECTOR('',#460,1.);
#460 = DIRECTION('',(1.,0.));
#461 = ( GEOMETRIC_REPRESENTATION_CONTEXT(2) 
PARAMETRIC_REPRESENTATION_CONTEXT() REPRESENTATION_CONTEXT('2D SPACE',''
  ) );
#462 = ORIENTED_EDGE('',*,*,#463,.T.);
#463 = EDGE_CURVE('',#435,#464,#466,.T.);
#464 = VERTEX_POINT('',#465);
#465 = CARTESIAN_POINT('',(-17.81222222222,2.593210270335,0.));
#466 = SURFACE_CURVE('',#467,(#472,#479),.PCURVE_S1.);
#467 = CIRCLE('',#468,2.6);
#468 = AXIS2_PLACEMENT_3D('',#469,#470,#471);
#469 = CARTESIAN_POINT('',(-18.,2.204364238465E-15,0.));
#470 = DIRECTION('',(0.,0.,1.));
#471 = DIRECTION('',(7.222222222222E-02,-0.997388565514,0.));
#472 = PCURVE('',#33,#473);
#473 = DEFINITIONAL_REPRESENTATION('',(#474),#478);
#474 = CIRCLE('',#475,2.6);
#475 = AXIS2_PLACEMENT_2D('',#476,#477);
#476 = CARTESIAN_POINT('',(-18.,2.204364238465E-15));
#477 = DIRECTION('',(7.222222222222E-02,-0.997388565514));
#478 = ( GEOMETRIC_REPRESENTATION_CONTEXT(2) 
PARAMETRIC_REPRESENTATION_CONTEXT() REPRESENTATION_CONTEXT('2D SPACE',''
  ) );
#479 = PCURVE('',#480,#485);
#480 = CYLINDRICAL_SURFACE('',#481,2.6);
#481 = AXIS2_PLACEMENT_3D('',#482,#483,#484);
#482 = CARTESIAN_POINT('',(-18.,2.204364238465E-15,0.));
#483 = DIRECTION('',(-0.,-0.,-1.));
#484 = DIRECTION('',(1.,0.,0.));
#485 = DEFINITIONAL_REPRESENTATION('',(#486),#490);
#486 = LINE('',#487,#488);
#487 = CARTESIAN_POINT('',(-4.784674136218,0.));
#488 = VECTOR('',#489,1.);
#489 = DIRECTION('',(-1.,0.));
#490 = ( GEOMETRIC_REPRESENTATION_CONTEXT(2) 
PARAMETRIC_REPRESENTATION_CONTEXT() REPRESENTATION_CONTEXT('2D SPACE',''
  ) );
#491 = ORIENTED_EDGE('',*,*,#492,.F.);
#492 = EDGE_CURVE('',#493,#464,#495,.T.);
#493 = VERTEX_POINT('',#494);
#494 = CARTESIAN_POINT('',(-17.17340945879,5.392031858274,0.));
#495 = SURFACE_CURVE('',#496,(#501,#508),.PCURVE_S1.);
#496 = CIRCLE('',#497,18.);
#497 = AXIS2_PLACEMENT_3D('',#498,#499,#500);
#498 = CARTESIAN_POINT('',(0.,0.,0.));
#499 = DIRECTION('',(0.,0.,1.));
#500 = DIRECTION('',(1.,0.,-0.));
#501 = PCURVE('',#33,#502);
#502 = DEFINITIONAL_REPRESENTATION('',(#503),#507);
#503 = CIRCLE('',#504,18.);
#504 = AXIS2_PLACEMENT_2D('',#505,#506);
#505 = CARTESIAN_POINT('',(0.,0.));
#506 = DIRECTION('',(1.,-0.));
#507 = ( GEOMETRIC_REPRESENTATION_CONTEXT(2) 
PARAMETRIC_REPRESENTATION_CONTEXT() REPRESENTATION_CONTEXT('2D SPACE',''
  ) );
#508 = PCURVE('',#509,#514);
#509 = CYLINDRICAL_SURFACE('',#510,18.);
#510 = AXIS2_PLACEMENT_3D('',#511,#512,#513);
#511 = CARTESIAN_POINT('',(0.,0.,0.));
#512 = DIRECTION('',(0.,0.,1.));
#513 = DIRECTION('',(1.,0.,-0.));
#514 = DEFINITIONAL_REPRESENTATION('',(#515),#519);
#515 = LINE('',#516,#517);
#516 = CARTESIAN_POINT('',(0.,0.));
#517 = VECTOR('',#518,1.);
#518 = DIRECTION('',(1.,0.));
#519 = ( GEOMETRIC_REPRESENTATION_CONTEXT(2) 
PARAMETRIC_REPRESENTATION_CONTEXT() REPRESENTATION_CONTEXT('2D SPACE',''
  ) );
#520 = ORIENTED_EDGE('',*,*,#521,.T.);
#521 = EDGE_CURVE('',#493,#522,#524,.T.);
#522 = VERTEX_POINT('',#523);
#523 = CARTESIAN_POINT('',(-14.92310592197,10.064835301268,0.));
#524 = SURFACE_CURVE('',#525,(#530,#537),.PCURVE_S1.);
#525 = CIRCLE('',#526,2.6);
#526 = AXIS2_PLACEMENT_3D('',#527,#528,#529);
#527 = CARTESIAN_POINT('',(-16.21743962224,7.809907304116,0.));
#528 = DIRECTION('',(0.,0.,1.));
#529 = DIRECTION('',(-0.367680706365,-0.929952094555,0.));
#530 = PCURVE('',#33,#531);
#531 = DEFINITIONAL_REPRESENTATION('',(#532),#536);
#532 = CIRCLE('',#533,2.6);
#533 = AXIS2_PLACEMENT_2D('',#534,#535);
#534 = CARTESIAN_POINT('',(-16.21743962224,7.809907304116));
#535 = DIRECTION('',(-0.367680706365,-0.929952094555));
#536 = ( GEOMETRIC_REPRESENTATION_CONTEXT(2) 
PARAMETRIC_REPRESENTATION_CONTEXT() REPRESENTATION_CONTEXT('2D SPACE',''
  ) );
#537 = PCURVE('',#538,#543);
#538 = CYLINDRICAL_SURFACE('',#539,2.6);
#539 = AXIS2_PLACEMENT_3D('',#540,#541,#542);
#540 = CARTESIAN_POINT('',(-16.21743962224,7.809907304116,0.));
#541 = DIRECTION('',(-0.,-0.,-1.));
#542 = DIRECTION('',(1.,0.,0.));
#543 = DEFINITIONAL_REPRESENTATION('',(#544),#548);
#544 = LINE('',#545,#546);
#545 = CARTESIAN_POINT('',(-4.335875185705,0.));
#546 = VECTOR('',#547,1.);
#547 = DIRECTION('',(-1.,0.));
#548 = ( GEOMETRIC_REPRESENTATION_CONTEXT(2) 
PARAMETRIC_REPRESENTATION_CONTEXT() REPRESENTATION_CONTEXT('2D SPACE',''
  ) );
#549 = ORIENTED_EDGE('',*,*,#550,.F.);
#550 = EDGE_CURVE('',#551,#522,#553,.T.);
#551 = VERTEX_POINT('',#552);
#552 = CARTESIAN_POINT('',(-13.133192334,12.309315948421,0.));
#553 = SURFACE_CURVE('',#554,(#559,#566),.PCURVE_S1.);
#554 = CIRCLE('',#555,18.);
#555 = AXIS2_PLACEMENT_3D('',#556,#557,#558);
#556 = CARTESIAN_POINT('',(0.,0.,0.));
#557 = DIRECTION('',(0.,0.,1.));
#558 = DIRECTION('',(1.,0.,-0.));
#559 = PCURVE('',#33,#560);
#560 = DEFINITIONAL_REPRESENTATION('',(#561),#565);
#561 = CIRCLE('',#562,18.);
#562 = AXIS2_PLACEMENT_2D('',#563,#564);
#563 = CARTESIAN_POINT('',(0.,0.));
#564 = DIRECTION('',(1.,-0.));
#565 = ( GEOMETRIC_REPRESENTATION_CONTEXT(2) 
PARAMETRIC_REPRESENTATION_CONTEXT() REPRESENTATION_CONTEXT('2D SPACE',''
  ) );
#566 = PCURVE('',#567,#572);
#567 = CYLINDRICAL_SURFACE('',#568,18.);
#568 = AXIS2_PLACEMENT_3D('',#569,#570,#571);
#569 = CARTESIAN_POINT('',(0.,0.,0.));
#570 = DIRECTION('',(0.,0.,1.));
#571 = DIRECTION('',(1.,0.,-0.));
#572 = DEFINITIONAL_REPRESENTATION('',(#573),#577);
#573 = LINE('',#574,#575);
#574 = CARTESIAN_POINT('',(0.,0.));
#575 = VECTOR('',#576,1.);
#576 = DIRECTION('',(1.,0.));
#577 = ( GEOMETRIC_REPRESENTATION_CONTEXT(2) 
PARAMETRIC_REPRESENTATION_CONTEXT() REPRESENTATION_CONTEXT('2D SPACE',''
  ) );
#578 = ORIENTED_EDGE('',*,*,#579,.T.);
#579 = EDGE_CURVE('',#551,#580,#582,.T.);
#580 = VERTEX_POINT('',#581);
#581 = CARTESIAN_POINT('',(-9.078285473989,15.542996263679,0.));
#582 = SURFACE_CURVE('',#583,(#588,#595),.PCURVE_S1.);
#583 = CIRCLE('',#584,2.6);
#584 = AXIS2_PLACEMENT_3D('',#585,#586,#587);
#585 = CARTESIAN_POINT('',(-11.22281643345,14.072966684425,0.));
#586 = DIRECTION('',(0.,0.,1.));
#587 = DIRECTION('',(-0.734759961749,-0.678327206155,0.));
#588 = PCURVE('',#33,#589);
#589 = DEFINITIONAL_REPRESENTATION('',(#590),#594);
#590 = CIRCLE('',#591,2.6);
#591 = AXIS2_PLACEMENT_2D('',#592,#593);
#592 = CARTESIAN_POINT('',(-11.22281643345,14.072966684425));
#593 = DIRECTION('',(-0.734759961749,-0.678327206155));
#594 = ( GEOMETRIC_REPRESENTATION_CONTEXT(2) 
PARAMETRIC_REPRESENTATION_CONTEXT() REPRESENTATION_CONTEXT('2D SPACE',''
  ) );
#595 = PCURVE('',#596,#601);
#596 = CYLINDRICAL_SURFACE('',#597,2.6);
#597 = AXIS2_PLACEMENT_3D('',#598,#599,#600);
#598 = CARTESIAN_POINT('',(-11.22281643345,14.072966684425,0.));
#599 = DIRECTION('',(-0.,-0.,-1.));
#600 = DIRECTION('',(1.,0.,0.));
#601 = DEFINITIONAL_REPRESENTATION('',(#602),#606);
#602 = LINE('',#603,#604);
#603 = CARTESIAN_POINT('',(-3.887076235192,0.));
#604 = VECTOR('',#605,1.);
#605 = DIRECTION('',(-1.,0.));
#606 = ( GEOMETRIC_REPRESENTATION_CONTEXT(2) 
PARAMETRIC_REPRESENTATION_CONTEXT() REPRESENTATION_CONTEXT('2D SPACE',''
  ) );
#607 = ORIENTED_EDGE('',*,*,#608,.F.);
#608 = EDGE_CURVE('',#609,#580,#611,.T.);
#609 = VERTEX_POINT('',#610);
#610 = CARTESIAN_POINT('',(-6.491785399433,16.78858905113,0.));
#611 = SURFACE_CURVE('',#612,(#617,#624),.PCURVE_S1.);
#612 = CIRCLE('',#613,18.);
#613 = AXIS2_PLACEMENT_3D('',#614,#615,#616);
#614 = CARTESIAN_POINT('',(0.,0.,0.));
#615 = DIRECTION('',(0.,0.,1.));
#616 = DIRECTION('',(1.,0.,-0.));
#617 = PCURVE('',#33,#618);
#618 = DEFINITIONAL_REPRESENTATION('',(#619),#623);
#619 = CIRCLE('',#620,18.);
#620 = AXIS2_PLACEMENT_2D('',#621,#622);
#621 = CARTESIAN_POINT('',(0.,0.));
#622 = DIRECTION('',(1.,-0.));
#623 = ( GEOMETRIC_REPRESENTATION_CONTEXT(2) 
PARAMETRIC_REPRESENTATION_CONTEXT() REPRESENTATION_CONTEXT('2D SPACE',''
  ) );
#624 = PCURVE('',#625,#630);
#625 = CYLINDRICAL_SURFACE('',#626,18.);
#626 = AXIS2_PLACEMENT_3D('',#627,#628,#629);
#627 = CARTESIAN_POINT('',(0.,0.,0.));
#628 = DIRECTION('',(0.,0.,1.));
#629 = DIRECTION('',(1.,0.,-0.));
#630 = DEFINITIONAL_REPRESENTATION('',(#631),#635);
#631 = LINE('',#632,#633);
#632 = CARTESIAN_POINT('',(0.,0.));
#633 = VECTOR('',#634,1.);
#634 = DIRECTION('',(1.,0.));
#635 = ( GEOMETRIC_REPRESENTATION_CONTEXT(2) 
PARAMETRIC_REPRESENTATION_CONTEXT() REPRESENTATION_CONTEXT('2D SPACE',''
  ) );
#636 = ORIENTED_EDGE('',*,*,#637,.T.);
#637 = EDGE_CURVE('',#609,#638,#640,.T.);
#638 = VERTEX_POINT('',#639);
#639 = CARTESIAN_POINT('',(-1.43539925002,17.94267619373,0.));
#640 = SURFACE_CURVE('',#641,(#646,#653),.PCURVE_S1.);
#641 = CIRCLE('',#642,2.6);
#642 = AXIS2_PLACEMENT_3D('',#643,#644,#645);
#643 = CARTESIAN_POINT('',(-4.005376811214,17.548702419273,0.));
#644 = DIRECTION('',(0.,0.,1.));
#645 = DIRECTION('',(-0.956310995469,-0.29235129544,0.));
#646 = PCURVE('',#33,#647);
#647 = DEFINITIONAL_REPRESENTATION('',(#648),#652);
#648 = CIRCLE('',#649,2.6);
#649 = AXIS2_PLACEMENT_2D('',#650,#651);
#650 = CARTESIAN_POINT('',(-4.005376811214,17.548702419273));
#651 = DIRECTION('',(-0.956310995469,-0.29235129544));
#652 = ( GEOMETRIC_REPRESENTATION_CONTEXT(2) 
PARAMETRIC_REPRESENTATION_CONTEXT() REPRESENTATION_CONTEXT('2D SPACE',''
  ) );
#653 = PCURVE('',#654,#659);
#654 = CYLINDRICAL_SURFACE('',#655,2.6);
#655 = AXIS2_PLACEMENT_3D('',#656,#657,#658);
#656 = CARTESIAN_POINT('',(-4.005376811214,17.548702419273,0.));
#657 = DIRECTION('',(-0.,-0.,-1.));
#658 = DIRECTION('',(1.,0.,0.));
#659 = DEFINITIONAL_REPRESENTATION('',(#660),#664);
#660 = LINE('',#661,#662);
#661 = CARTESIAN_POINT('',(-3.438277284679,0.));
#662 = VECTOR('',#663,1.);
#663 = DIRECTION('',(-1.,0.));
#664 = ( GEOMETRIC_REPRESENTATION_CONTEXT(2) 
PARAMETRIC_REPRESENTATION_CONTEXT() REPRESENTATION_CONTEXT('2D SPACE',''
  ) );
#665 = ORIENTED_EDGE('',*,*,#666,.F.);
#666 = EDGE_CURVE('',#667,#638,#669,.T.);
#667 = VERTEX_POINT('',#668);
#668 = CARTESIAN_POINT('',(1.43539925002,17.94267619373,0.));
#669 = SURFACE_CURVE('',#670,(#675,#682),.PCURVE_S1.);
#670 = CIRCLE('',#671,18.);
#671 = AXIS2_PLACEMENT_3D('',#672,#673,#674);
#672 = CARTESIAN_POINT('',(0.,0.,0.));
#673 = DIRECTION('',(0.,0.,1.));
#674 = DIRECTION('',(1.,0.,-0.));
#675 = PCURVE('',#33,#676);
#676 = DEFINITIONAL_REPRESENTATION('',(#677),#681);
#677 = CIRCLE('',#678,18.);
#678 = AXIS2_PLACEMENT_2D('',#679,#680);
#679 = CARTESIAN_POINT('',(0.,0.));
#680 = DIRECTION('',(1.,-0.));
#681 = ( GEOMETRIC_REPRESENTATION_CONTEXT(2) 
PARAMETRIC_REPRESENTATION_CONTEXT() REPRESENTATION_CONTEXT('2D SPACE',''
  ) );
#682 = PCURVE('',#683,#688);
#683 = CYLINDRICAL_SURFACE('',#684,18.);
#684 = AXIS2_PLACEMENT_3D('',#685,#686,#687);
#685 = CARTESIAN_POINT('',(0.,0.,0.));
#686 = DIRECTION('',(0.,0.,1.));
#687 = DIRECTION('',(1.,0.,-0.));
#688 = DEFINITIONAL_REPRESENTATION('',(#689),#693);
#689 = LINE('',#690,#691);
#690 = CARTESIAN_POINT('',(0.,0.));
#691 = VECTOR('',#692,1.);
#692 = DIRECTION('',(1.,0.));
#693 = ( GEOMETRIC_REPRESENTATION_CONTEXT(2) 
PARAMETRIC_REPRESENTATION_CONTEXT() REPRESENTATION_CONTEXT('2D SPACE',''
  ) );
#694 = ORIENTED_EDGE('',*,*,#695,.T.);
#695 = EDGE_CURVE('',#667,#696,#698,.T.);
#696 = VERTEX_POINT('',#697);
#697 = CARTESIAN_POINT('',(6.491785399433,16.78858905113,0.));
#698 = SURFACE_CURVE('',#699,(#704,#711),.PCURVE_S1.);
#699 = CIRCLE('',#700,2.6);
#700 = AXIS2_PLACEMENT_3D('',#701,#702,#703);
#701 = CARTESIAN_POINT('',(4.005376811214,17.548702419273,0.));
#702 = DIRECTION('',(0.,0.,1.));
#703 = DIRECTION('',(1.,0.,0.));
#704 = PCURVE('',#33,#705);
#705 = DEFINITIONAL_REPRESENTATION('',(#706),#710);
#706 = CIRCLE('',#707,2.6);
#707 = AXIS2_PLACEMENT_2D('',#708,#709);
#708 = CARTESIAN_POINT('',(4.005376811214,17.548702419273));
#709 = DIRECTION('',(1.,-0.));
#710 = ( GEOMETRIC_REPRESENTATION_CONTEXT(2) 
PARAMETRIC_REPRESENTATION_CONTEXT() REPRESENTATION_CONTEXT('2D SPACE',''
  ) );
#711 = PCURVE('',#712,#717);
#712 = CYLINDRICAL_SURFACE('',#713,2.6);
#713 = AXIS2_PLACEMENT_3D('',#714,#715,#716);
#714 = CARTESIAN_POINT('',(4.005376811214,17.548702419273,0.));
#715 = DIRECTION('',(-0.,-0.,-1.));
#716 = DIRECTION('',(1.,0.,0.));
#717 = DEFINITIONAL_REPRESENTATION('',(#718),#722);
#718 = LINE('',#719,#720);
#719 = CARTESIAN_POINT('',(-0.,0.));
#720 = VECTOR('',#721,1.);
#721 = DIRECTION('',(-1.,0.));
#722 = ( GEOMETRIC_REPRESENTATION_CONTEXT(2) 
PARAMETRIC_REPRESENTATION_CONTEXT() REPRESENTATION_CONTEXT('2D SPACE',''
  ) );
#723 = ORIENTED_EDGE('',*,*,#724,.F.);
#724 = EDGE_CURVE('',#725,#696,#727,.T.);
#725 = VERTEX_POINT('',#726);
#726 = CARTESIAN_POINT('',(9.078285473989,15.542996263679,0.));
#727 = SURFACE_CURVE('',#728,(#733,#740),.PCURVE_S1.);
#728 = CIRCLE('',#729,18.);
#729 = AXIS2_PLACEMENT_3D('',#730,#731,#732);
#730 = CARTESIAN_POINT('',(0.,0.,0.));
#731 = DIRECTION('',(0.,0.,1.));
#732 = DIRECTION('',(1.,0.,-0.));
#733 = PCURVE('',#33,#734);
#734 = DEFINITIONAL_REPRESENTATION('',(#735),#739);
#735 = CIRCLE('',#736,18.);
#736 = AXIS2_PLACEMENT_2D('',#737,#738);
#737 = CARTESIAN_POINT('',(0.,0.));
#738 = DIRECTION('',(1.,-0.));
#739 = ( GEOMETRIC_REPRESENTATION_CONTEXT(2) 
PARAMETRIC_REPRESENTATION_CONTEXT() REPRESENTATION_CONTEXT('2D SPACE',''
  ) );
#740 = PCURVE('',#741,#746);
#741 = CYLINDRICAL_SURFACE('',#742,18.);
#742 = AXIS2_PLACEMENT_3D('',#743,#744,#745);
#743 = CARTESIAN_POINT('',(0.,0.,0.));
#744 = DIRECTION('',(0.,0.,1.));
#745 = DIRECTION('',(1.,0.,-0.));
#746 = DEFINITIONAL_REPRESENTATION('',(#747),#751);
#747 = LINE('',#748,#749);
#748 = CARTESIAN_POINT('',(0.,0.));
#749 = VECTOR('',#750,1.);
#750 = DIRECTION('',(1.,0.));
#751 = ( GEOMETRIC_REPRESENTATION_CONTEXT(2) 
PARAMETRIC_REPRESENTATION_CONTEXT() REPRESENTATION_CONTEXT('2D SPACE',''
  ) );
#752 = ORIENTED_EDGE('',*,*,#753,.T.);
#753 = EDGE_CURVE('',#725,#754,#756,.T.);
#754 = VERTEX_POINT('',#755);
#755 = CARTESIAN_POINT('',(13.133192334005,12.309315948421,0.));
#756 = SURFACE_CURVE('',#757,(#762,#769),.PCURVE_S1.);
#757 = CIRCLE('',#758,2.6);
#758 = AXIS2_PLACEMENT_3D('',#759,#760,#761);
#759 = CARTESIAN_POINT('',(11.222816433457,14.072966684425,0.));
#760 = DIRECTION('',(0.,0.,1.));
#761 = DIRECTION('',(1.,0.,0.));
#762 = PCURVE('',#33,#763);
#763 = DEFINITIONAL_REPRESENTATION('',(#764),#768);
#764 = CIRCLE('',#765,2.6);
#765 = AXIS2_PLACEMENT_2D('',#766,#767);
#766 = CARTESIAN_POINT('',(11.222816433457,14.072966684425));
#767 = DIRECTION('',(1.,-0.));
#768 = ( GEOMETRIC_REPRESENTATION_CONTEXT(2) 
PARAMETRIC_REPRESENTATION_CONTEXT() REPRESENTATION_CONTEXT('2D SPACE',''
  ) );
#769 = PCURVE('',#770,#775);
#770 = CYLINDRICAL_SURFACE('',#771,2.6);
#771 = AXIS2_PLACEMENT_3D('',#772,#773,#774);
#772 = CARTESIAN_POINT('',(11.222816433457,14.072966684425,0.));
#773 = DIRECTION('',(-0.,-0.,-1.));
#774 = DIRECTION('',(1.,0.,0.));
#775 = DEFINITIONAL_REPRESENTATION('',(#776),#780);
#776 = LINE('',#777,#778);
#777 = CARTESIAN_POINT('',(-0.,0.));
#778 = VECTOR('',#779,1.);
#779 = DIRECTION('',(-1.,0.));
#780 = ( GEOMETRIC_REPRESENTATION_CONTEXT(2) 
PARAMETRIC_REPRESENTATION_CONTEXT() REPRESENTATION_CONTEXT('2D SPACE',''
  ) );
#781 = ORIENTED_EDGE('',*,*,#782,.F.);
#782 = EDGE_CURVE('',#783,#754,#785,.T.);
#783 = VERTEX_POINT('',#784);
#784 = CARTESIAN_POINT('',(14.923105921971,10.064835301268,0.));
#785 = SURFACE_CURVE('',#786,(#791,#798),.PCURVE_S1.);
#786 = CIRCLE('',#787,18.);
#787 = AXIS2_PLACEMENT_3D('',#788,#789,#790);
#788 = CARTESIAN_POINT('',(0.,0.,0.));
#789 = DIRECTION('',(0.,0.,1.));
#790 = DIRECTION('',(1.,0.,-0.));
#791 = PCURVE('',#33,#792);
#792 = DEFINITIONAL_REPRESENTATION('',(#793),#797);
#793 = CIRCLE('',#794,18.);
#794 = AXIS2_PLACEMENT_2D('',#795,#796);
#795 = CARTESIAN_POINT('',(0.,0.));
#796 = DIRECTION('',(1.,-0.));
#797 = ( GEOMETRIC_REPRESENTATION_CONTEXT(2) 
PARAMETRIC_REPRESENTATION_CONTEXT() REPRESENTATION_CONTEXT('2D SPACE',''
  ) );
#798 = PCURVE('',#799,#804);
#799 = CYLINDRICAL_SURFACE('',#800,18.);
#800 = AXIS2_PLACEMENT_3D('',#801,#802,#803);
#801 = CARTESIAN_POINT('',(0.,0.,0.));
#802 = DIRECTION('',(0.,0.,1.));
#803 = DIRECTION('',(1.,0.,-0.));
#804 = DEFINITIONAL_REPRESENTATION('',(#805),#809);
#805 = LINE('',#806,#807);
#806 = CARTESIAN_POINT('',(0.,0.));
#807 = VECTOR('',#808,1.);
#808 = DIRECTION('',(1.,0.));
#809 = ( GEOMETRIC_REPRESENTATION_CONTEXT(2) 
PARAMETRIC_REPRESENTATION_CONTEXT() REPRESENTATION_CONTEXT('2D SPACE',''
  ) );
#810 = ORIENTED_EDGE('',*,*,#811,.T.);
#811 = EDGE_CURVE('',#783,#24,#812,.T.);
#812 = SURFACE_CURVE('',#813,(#818,#825),.PCURVE_S1.);
#813 = CIRCLE('',#814,2.6);
#814 = AXIS2_PLACEMENT_3D('',#815,#816,#817);
#815 = CARTESIAN_POINT('',(16.217439622244,7.809907304116,0.));
#816 = DIRECTION('',(0.,0.,1.));
#817 = DIRECTION('',(1.,0.,0.));
#818 = PCURVE('',#33,#819);
#819 = DEFINITIONAL_REPRESENTATION('',(#820),#824);
#820 = CIRCLE('',#821,2.6);
#821 = AXIS2_PLACEMENT_2D('',#822,#823);
#822 = CARTESIAN_POINT('',(16.217439622244,7.809907304116));
#823 = DIRECTION('',(1.,-0.));
#824 = ( GEOMETRIC_REPRESENTATION_CONTEXT(2) 
PARAMETRIC_REPRESENTATION_CONTEXT() REPRESENTATION_CONTEXT('2D SPACE',''
  ) );
#825 = PCURVE('',#826,#831);
#826 = CYLINDRICAL_SURFACE('',#827,2.6);
#827 = AXIS2_PLACEMENT_3D('',#828,#829,#830);
#828 = CARTESIAN_POINT('',(16.217439622244,7.809907304116,0.));
#829 = DIRECTION('',(-0.,-0.,-1.));
#830 = DIRECTION('',(1.,0.,0.));
#831 = DEFINITIONAL_REPRESENTATION('',(#832),#836);
#832 = LINE('',#833,#834);
#833 = CARTESIAN_POINT('',(-0.,0.));
#834 = VECTOR('',#835,1.);
#835 = DIRECTION('',(-1.,0.));
#836 = ( GEOMETRIC_REPRESENTATION_CONTEXT(2) 
PARAMETRIC_REPRESENTATION_CONTEXT() REPRESENTATION_CONTEXT('2D SPACE',''
  ) );
#837 = ADVANCED_FACE('',(#838),#45,.T.);
#838 = FACE_BOUND('',#839,.T.);
#839 = EDGE_LOOP('',(#840,#861,#862,#883));
#840 = ORIENTED_EDGE('',*,*,#841,.F.);
#841 = EDGE_CURVE('',#22,#842,#844,.T.);
#842 = VERTEX_POINT('',#843);
#843 = CARTESIAN_POINT('',(17.812222222222,2.593210270335,5.));
#844 = SURFACE_CURVE('',#845,(#849,#855),.PCURVE_S1.);
#845 = LINE('',#846,#847);
#846 = CARTESIAN_POINT('',(17.812222222222,2.593210270335,0.));
#847 = VECTOR('',#848,1.);
#848 = DIRECTION('',(0.,0.,1.));
#849 = PCURVE('',#45,#850);
#850 = DEFINITIONAL_REPRESENTATION('',(#851),#854);
#851 = B_SPLINE_CURVE_WITH_KNOTS('',1,(#852,#853),.UNSPECIFIED.,.F.,.F.,
  (2,2),(-6.E-07,5.0000006),.PIECEWISE_BEZIER_KNOTS.);
#852 = CARTESIAN_POINT('',(0.144570311666,-6.E-07));
#853 = CARTESIAN_POINT('',(0.144570311666,5.0000006));
#854 = ( GEOMETRIC_REPRESENTATION_CONTEXT(2) 
PARAMETRIC_REPRESENTATION_CONTEXT() REPRESENTATION_CONTEXT('2D SPACE',''
  ) );
#855 = PCURVE('',#74,#856);
#856 = DEFINITIONAL_REPRESENTATION('',(#857),#860);
#857 = B_SPLINE_CURVE_WITH_KNOTS('',1,(#858,#859),.UNSPECIFIED.,.F.,.F.,
  (2,2),(-6.E-07,5.0000006),.PIECEWISE_BEZIER_KNOTS.);
#858 = CARTESIAN_POINT('',(-1.643081482628,6.E-07));
#859 = CARTESIAN_POINT('',(-1.643081482628,-5.0000006));
#860 = ( GEOMETRIC_REPRESENTATION_CONTEXT(2) 
PARAMETRIC_REPRESENTATION_CONTEXT() REPRESENTATION_CONTEXT('2D SPACE',''
  ) );
#861 = ORIENTED_EDGE('',*,*,#21,.T.);
#862 = ORIENTED_EDGE('',*,*,#863,.T.);
#863 = EDGE_CURVE('',#24,#864,#866,.T.);
#864 = VERTEX_POINT('',#865);
#865 = CARTESIAN_POINT('',(17.173409458793,5.392031858274,5.));
#866 = SURFACE_CURVE('',#867,(#871,#877),.PCURVE_S1.);
#867 = LINE('',#868,#869);
#868 = CARTESIAN_POINT('',(17.173409458793,5.392031858274,0.));
#869 = VECTOR('',#870,1.);
#870 = DIRECTION('',(0.,0.,1.));
#871 = PCURVE('',#45,#872);
#872 = DEFINITIONAL_REPRESENTATION('',(#873),#876);
#873 = B_SPLINE_CURVE_WITH_KNOTS('',1,(#874,#875),.UNSPECIFIED.,.F.,.F.,
  (2,2),(-6.E-07,5.0000006),.PIECEWISE_BEZIER_KNOTS.);
#874 = CARTESIAN_POINT('',(0.304228638846,-6.E-07));
#875 = CARTESIAN_POINT('',(0.304228638846,5.0000006));
#876 = ( GEOMETRIC_REPRESENTATION_CONTEXT(2) 
PARAMETRIC_REPRESENTATION_CONTEXT() REPRESENTATION_CONTEXT('2D SPACE',''
  ) );
#877 = PCURVE('',#826,#878);
#878 = DEFINITIONAL_REPRESENTATION('',(#879),#882);
#879 = B_SPLINE_CURVE_WITH_KNOTS('',1,(#880,#881),.UNSPECIFIED.,.F.,.F.,
  (2,2),(-6.E-07,5.0000006),.PIECEWISE_BEZIER_KNOTS.);
#880 = CARTESIAN_POINT('',(-5.088902775064,6.E-07));
#881 = CARTESIAN_POINT('',(-5.088902775064,-5.0000006));
#882 = ( GEOMETRIC_REPRESENTATION_CONTEXT(2) 
PARAMETRIC_REPRESENTATION_CONTEXT() REPRESENTATION_CONTEXT('2D SPACE',''
  ) );
#883 = ORIENTED_EDGE('',*,*,#884,.F.);
#884 = EDGE_CURVE('',#842,#864,#885,.T.);
#885 = SURFACE_CURVE('',#886,(#891,#898),.PCURVE_S1.);
#886 = CIRCLE('',#887,18.);
#887 = AXIS2_PLACEMENT_3D('',#888,#889,#890);
#888 = CARTESIAN_POINT('',(0.,0.,5.));
#889 = DIRECTION('',(0.,0.,1.));
#890 = DIRECTION('',(1.,0.,-0.));
#891 = PCURVE('',#45,#892);
#892 = DEFINITIONAL_REPRESENTATION('',(#893),#897);
#893 = LINE('',#894,#895);
#894 = CARTESIAN_POINT('',(0.,5.));
#895 = VECTOR('',#896,1.);
#896 = DIRECTION('',(1.,0.));
#897 = ( GEOMETRIC_REPRESENTATION_CONTEXT(2) 
PARAMETRIC_REPRESENTATION_CONTEXT() REPRESENTATION_CONTEXT('2D SPACE',''
  ) );
#898 = PCURVE('',#899,#904);
#899 = CONICAL_SURFACE('',#900,18.,0.231090667196);
#900 = AXIS2_PLACEMENT_3D('',#901,#902,#903);
#901 = CARTESIAN_POINT('',(0.,0.,5.));
#902 = DIRECTION('',(-0.,-0.,-1.));
#903 = DIRECTION('',(1.,0.,-0.));
#904 = DEFINITIONAL_REPRESENTATION('',(#905),#909);
#905 = LINE('',#906,#907);
#906 = CARTESIAN_POINT('',(-0.,-0.));
#907 = VECTOR('',#908,1.);
#908 = DIRECTION('',(-1.,-0.));
#909 = ( GEOMETRIC_REPRESENTATION_CONTEXT(2) 
PARAMETRIC_REPRESENTATION_CONTEXT() REPRESENTATION_CONTEXT('2D SPACE',''
  ) );
#910 = ADVANCED_FACE('',(#911),#826,.F.);
#911 = FACE_BOUND('',#912,.T.);
#912 = EDGE_LOOP('',(#913,#914,#935,#964,#993,#1020));
#913 = ORIENTED_EDGE('',*,*,#811,.F.);
#914 = ORIENTED_EDGE('',*,*,#915,.T.);
#915 = EDGE_CURVE('',#783,#916,#918,.T.);
#916 = VERTEX_POINT('',#917);
#917 = CARTESIAN_POINT('',(14.923105921971,10.064835301268,5.));
#918 = SURFACE_CURVE('',#919,(#923,#929),.PCURVE_S1.);
#919 = LINE('',#920,#921);
#920 = CARTESIAN_POINT('',(14.923105921971,10.064835301268,0.));
#921 = VECTOR('',#922,1.);
#922 = DIRECTION('',(0.,0.,1.));
#923 = PCURVE('',#826,#924);
#924 = DEFINITIONAL_REPRESENTATION('',(#925),#928);
#925 = B_SPLINE_CURVE_WITH_KNOTS('',1,(#926,#927),.UNSPECIFIED.,.F.,.F.,
  (2,2),(-6.E-07,5.0000006),.PIECEWISE_BEZIER_KNOTS.);
#926 = CARTESIAN_POINT('',(-2.091880433141,6.E-07));
#927 = CARTESIAN_POINT('',(-2.091880433141,-5.0000006));
#928 = ( GEOMETRIC_REPRESENTATION_CONTEXT(2) 
PARAMETRIC_REPRESENTATION_CONTEXT() REPRESENTATION_CONTEXT('2D SPACE',''
  ) );
#929 = PCURVE('',#799,#930);
#930 = DEFINITIONAL_REPRESENTATION('',(#931),#934);
#931 = B_SPLINE_CURVE_WITH_KNOTS('',1,(#932,#933),.UNSPECIFIED.,.F.,.F.,
  (2,2),(-6.E-07,5.0000006),.PIECEWISE_BEZIER_KNOTS.);
#932 = CARTESIAN_POINT('',(0.593369262179,-6.E-07));
#933 = CARTESIAN_POINT('',(0.593369262179,5.0000006));
#934 = ( GEOMETRIC_REPRESENTATION_CONTEXT(2) 
PARAMETRIC_REPRESENTATION_CONTEXT() REPRESENTATION_CONTEXT('2D SPACE',''
  ) );
#935 = ORIENTED_EDGE('',*,*,#936,.T.);
#936 = EDGE_CURVE('',#916,#937,#939,.T.);
#937 = VERTEX_POINT('',#938);
#938 = CARTESIAN_POINT('',(14.724477985098,9.938537274311,6.));
#939 = SURFACE_CURVE('',#940,(#946,#955),.PCURVE_S1.);
#940 = B_SPLINE_CURVE_WITH_KNOTS('',4,(#941,#942,#943,#944,#945),
  .UNSPECIFIED.,.F.,.F.,(5,5),(0.,1.),.PIECEWISE_BEZIER_KNOTS.);
#941 = CARTESIAN_POINT('',(14.923105921971,10.064835301268,5.));
#942 = CARTESIAN_POINT('',(14.871957840786,10.035476188575,
    5.249990399167));
#943 = CARTESIAN_POINT('',(14.821806264182,10.004632481034,
    5.499991907537));
#944 = CARTESIAN_POINT('',(14.772645221791,9.972320433368,5.749997630854
    ));
#945 = CARTESIAN_POINT('',(14.724477869498,9.938537193232,6.0000006));
#946 = PCURVE('',#826,#947);
#947 = DEFINITIONAL_REPRESENTATION('',(#948),#954);
#948 = B_SPLINE_CURVE_WITH_KNOTS('',4,(#949,#950,#951,#952,#953),
  .UNSPECIFIED.,.F.,.F.,(5,5),(0.,1.),.PIECEWISE_BEZIER_KNOTS.);
#949 = CARTESIAN_POINT('',(-2.091880433141,-5.));
#950 = CARTESIAN_POINT('',(-2.114563233323,-5.249990399167));
#951 = CARTESIAN_POINT('',(-2.137197921843,-5.499991907537));
#952 = CARTESIAN_POINT('',(-2.159814277444,-5.749997630854));
#953 = CARTESIAN_POINT('',(-2.182442613417,-6.0000006));
#954 = ( GEOMETRIC_REPRESENTATION_CONTEXT(2) 
PARAMETRIC_REPRESENTATION_CONTEXT() REPRESENTATION_CONTEXT('2D SPACE',''
  ) );
#955 = PCURVE('',#899,#956);
#956 = DEFINITIONAL_REPRESENTATION('',(#957),#963);
#957 = B_SPLINE_CURVE_WITH_KNOTS('',4,(#958,#959,#960,#961,#962),
  .UNSPECIFIED.,.F.,.F.,(5,5),(0.,1.),.PIECEWISE_BEZIER_KNOTS.);
#958 = CARTESIAN_POINT('',(-0.593369262179,2.014854585543E-14));
#959 = CARTESIAN_POINT('',(-0.593605891391,-0.249990399167));
#960 = CARTESIAN_POINT('',(-0.593745246676,-0.499991907537));
#961 = CARTESIAN_POINT('',(-0.593786363217,-0.749997630854));
#962 = CARTESIAN_POINT('',(-0.593727020843,-1.0000006));
#963 = ( GEOMETRIC_REPRESENTATION_CONTEXT(2) 
PARAMETRIC_REPRESENTATION_CONTEXT() REPRESENTATION_CONTEXT('2D SPACE',''
  ) );
#964 = ORIENTED_EDGE('',*,*,#965,.T.);
#965 = EDGE_CURVE('',#937,#966,#968,.T.);
#966 = VERTEX_POINT('',#967);
#967 = CARTESIAN_POINT('',(16.95082319214,5.315483815731,6.));
#968 = SURFACE_CURVE('',#969,(#974,#981),.PCURVE_S1.);
#969 = CIRCLE('',#970,2.6);
#970 = AXIS2_PLACEMENT_3D('',#971,#972,#973);
#971 = CARTESIAN_POINT('',(16.217439622244,7.809907304116,6.));
#972 = DIRECTION('',(0.,0.,1.));
#973 = DIRECTION('',(1.,0.,0.));
#974 = PCURVE('',#826,#975);
#975 = DEFINITIONAL_REPRESENTATION('',(#976),#980);
#976 = LINE('',#977,#978);
#977 = CARTESIAN_POINT('',(-0.,-6.));
#978 = VECTOR('',#979,1.);
#979 = DIRECTION('',(-1.,0.));
#980 = ( GEOMETRIC_REPRESENTATION_CONTEXT(2) 
PARAMETRIC_REPRESENTATION_CONTEXT() REPRESENTATION_CONTEXT('2D SPACE',''
  ) );
#981 = PCURVE('',#982,#987);
#982 = PLANE('',#983);
#983 = AXIS2_PLACEMENT_3D('',#984,#985,#986);
#984 = CARTESIAN_POINT('',(16.217439622244,7.809907304116,6.));
#985 = DIRECTION('',(0.,0.,1.));
#986 = DIRECTION('',(1.,0.,-0.));
#987 = DEFINITIONAL_REPRESENTATION('',(#988),#992);
#988 = CIRCLE('',#989,2.6);
#989 = AXIS2_PLACEMENT_2D('',#990,#991);
#990 = CARTESIAN_POINT('',(-3.552713678801E-15,-8.881784197001E-16));
#991 = DIRECTION('',(1.,0.));
#992 = ( GEOMETRIC_REPRESENTATION_CONTEXT(2) 
PARAMETRIC_REPRESENTATION_CONTEXT() REPRESENTATION_CONTEXT('2D SPACE',''
  ) );
#993 = ORIENTED_EDGE('',*,*,#994,.T.);
#994 = EDGE_CURVE('',#966,#864,#995,.T.);
#995 = SURFACE_CURVE('',#996,(#1002,#1011),.PCURVE_S1.);
#996 = B_SPLINE_CURVE_WITH_KNOTS('',4,(#997,#998,#999,#1000,#1001),
  .UNSPECIFIED.,.F.,.F.,(5,5),(0.,1.),.PIECEWISE_BEZIER_KNOTS.);
#997 = CARTESIAN_POINT('',(16.950823056675,5.315483775903,6.0000006));
#998 = CARTESIAN_POINT('',(17.007267710331,5.332079022655,5.749997630851
    ));
#999 = CARTESIAN_POINT('',(17.063181695039,5.35036844111,5.499991907533)
  );
#1000 = CARTESIAN_POINT('',(17.118565273191,5.370347785492,5.24999039916
    ));
#1001 = CARTESIAN_POINT('',(17.173409458793,5.392031858274,5.));
#1002 = PCURVE('',#826,#1003);
#1003 = DEFINITIONAL_REPRESENTATION('',(#1004),#1010);
#1004 = B_SPLINE_CURVE_WITH_KNOTS('',4,(#1005,#1006,#1007,#1008,#1009),
  .UNSPECIFIED.,.F.,.F.,(5,5),(0.,1.),.PIECEWISE_BEZIER_KNOTS.);
#1005 = CARTESIAN_POINT('',(-4.998340594788,-6.0000006));
#1006 = CARTESIAN_POINT('',(-5.020968930761,-5.749997630851));
#1007 = CARTESIAN_POINT('',(-5.043585286363,-5.499991907533));
#1008 = CARTESIAN_POINT('',(-5.066219974883,-5.24999039916));
#1009 = CARTESIAN_POINT('',(-5.088902775064,-5.));
#1010 = ( GEOMETRIC_REPRESENTATION_CONTEXT(2) 
PARAMETRIC_REPRESENTATION_CONTEXT() REPRESENTATION_CONTEXT('2D SPACE',''
  ) );
#1011 = PCURVE('',#899,#1012);
#1012 = DEFINITIONAL_REPRESENTATION('',(#1013),#1019);
#1013 = B_SPLINE_CURVE_WITH_KNOTS('',4,(#1014,#1015,#1016,#1017,#1018),
  .UNSPECIFIED.,.F.,.F.,(5,5),(0.,1.),.PIECEWISE_BEZIER_KNOTS.);
#1014 = CARTESIAN_POINT('',(-0.303870880183,-1.0000006));
#1015 = CARTESIAN_POINT('',(-0.303811537809,-0.749997630851));
#1016 = CARTESIAN_POINT('',(-0.30385265435,-0.499991907533));
#1017 = CARTESIAN_POINT('',(-0.303992009635,-0.24999039916));
#1018 = CARTESIAN_POINT('',(-0.304228638846,2.014854585543E-14));
#1019 = ( GEOMETRIC_REPRESENTATION_CONTEXT(2) 
PARAMETRIC_REPRESENTATION_CONTEXT() REPRESENTATION_CONTEXT('2D SPACE',''
  ) );
#1020 = ORIENTED_EDGE('',*,*,#863,.F.);
#1021 = ADVANCED_FACE('',(#1022),#799,.T.);
#1022 = FACE_BOUND('',#1023,.T.);
#1023 = EDGE_LOOP('',(#1024,#1025,#1026,#1047));
#1024 = ORIENTED_EDGE('',*,*,#915,.F.);
#1025 = ORIENTED_EDGE('',*,*,#782,.T.);
#1026 = ORIENTED_EDGE('',*,*,#1027,.T.);
#1027 = EDGE_CURVE('',#754,#1028,#1030,.T.);
#1028 = VERTEX_POINT('',#1029);
#1029 = CARTESIAN_POINT('',(13.133192334005,12.309315948421,5.));
#1030 = SURFACE_CURVE('',#1031,(#1035,#1041),.PCURVE_S1.);
#1031 = LINE('',#1032,#1033);
#1032 = CARTESIAN_POINT('',(13.133192334005,12.309315948421,0.));
#1033 = VECTOR('',#1034,1.);
#1034 = DIRECTION('',(0.,0.,1.));
#1035 = PCURVE('',#799,#1036);
#1036 = DEFINITIONAL_REPRESENTATION('',(#1037),#1040);
#1037 = B_SPLINE_CURVE_WITH_KNOTS('',1,(#1038,#1039),.UNSPECIFIED.,.F.,
  .F.,(2,2),(-6.E-07,5.0000006),.PIECEWISE_BEZIER_KNOTS.);
#1038 = CARTESIAN_POINT('',(0.753027589359,-6.E-07));
#1039 = CARTESIAN_POINT('',(0.753027589359,5.0000006));
#1040 = ( GEOMETRIC_REPRESENTATION_CONTEXT(2) 
PARAMETRIC_REPRESENTATION_CONTEXT() REPRESENTATION_CONTEXT('2D SPACE',''
  ) );
#1041 = PCURVE('',#770,#1042);
#1042 = DEFINITIONAL_REPRESENTATION('',(#1043),#1046);
#1043 = B_SPLINE_CURVE_WITH_KNOTS('',1,(#1044,#1045),.UNSPECIFIED.,.F.,
  .F.,(2,2),(-6.E-07,5.0000006),.PIECEWISE_BEZIER_KNOTS.);
#1044 = CARTESIAN_POINT('',(-5.537701725577,6.E-07));
#1045 = CARTESIAN_POINT('',(-5.537701725577,-5.0000006));
#1046 = ( GEOMETRIC_REPRESENTATION_CONTEXT(2) 
PARAMETRIC_REPRESENTATION_CONTEXT() REPRESENTATION_CONTEXT('2D SPACE',''
  ) );
#1047 = ORIENTED_EDGE('',*,*,#1048,.F.);
#1048 = EDGE_CURVE('',#916,#1028,#1049,.T.);
#1049 = SURFACE_CURVE('',#1050,(#1055,#1062),.PCURVE_S1.);
#1050 = CIRCLE('',#1051,18.);
#1051 = AXIS2_PLACEMENT_3D('',#1052,#1053,#1054);
#1052 = CARTESIAN_POINT('',(0.,0.,5.));
#1053 = DIRECTION('',(0.,0.,1.));
#1054 = DIRECTION('',(1.,0.,-0.));
#1055 = PCURVE('',#799,#1056);
#1056 = DEFINITIONAL_REPRESENTATION('',(#1057),#1061);
#1057 = LINE('',#1058,#1059);
#1058 = CARTESIAN_POINT('',(0.,5.));
#1059 = VECTOR('',#1060,1.);
#1060 = DIRECTION('',(1.,0.));
#1061 = ( GEOMETRIC_REPRESENTATION_CONTEXT(2) 
PARAMETRIC_REPRESENTATION_CONTEXT() REPRESENTATION_CONTEXT('2D SPACE',''
  ) );
#1062 = PCURVE('',#899,#1063);
#1063 = DEFINITIONAL_REPRESENTATION('',(#1064),#1068);
#1064 = LINE('',#1065,#1066);
#1065 = CARTESIAN_POINT('',(-0.,-0.));
#1066 = VECTOR('',#1067,1.);
#1067 = DIRECTION('',(-1.,-0.));
#1068 = ( GEOMETRIC_REPRESENTATION_CONTEXT(2) 
PARAMETRIC_REPRESENTATION_CONTEXT() REPRESENTATION_CONTEXT('2D SPACE',''
  ) );
#1069 = ADVANCED_FACE('',(#1070),#770,.F.);
#1070 = FACE_BOUND('',#1071,.T.);
#1071 = EDGE_LOOP('',(#1072,#1073,#1094,#1123,#1152,#1179));
#1072 = ORIENTED_EDGE('',*,*,#753,.F.);
#1073 = ORIENTED_EDGE('',*,*,#1074,.T.);
#1074 = EDGE_CURVE('',#725,#1075,#1077,.T.);
#1075 = VERTEX_POINT('',#1076);
#1076 = CARTESIAN_POINT('',(9.078285473989,15.542996263679,5.));
#1077 = SURFACE_CURVE('',#1078,(#1082,#1088),.PCURVE_S1.);
#1078 = LINE('',#1079,#1080);
#1079 = CARTESIAN_POINT('',(9.078285473989,15.542996263679,0.));
#1080 = VECTOR('',#1081,1.);
#1081 = DIRECTION('',(0.,0.,1.));
#1082 = PCURVE('',#770,#1083);
#1083 = DEFINITIONAL_REPRESENTATION('',(#1084),#1087);
#1084 = B_SPLINE_CURVE_WITH_KNOTS('',1,(#1085,#1086),.UNSPECIFIED.,.F.,
  .F.,(2,2),(-6.E-07,5.0000006),.PIECEWISE_BEZIER_KNOTS.);
#1085 = CARTESIAN_POINT('',(-2.540679383654,6.E-07));
#1086 = CARTESIAN_POINT('',(-2.540679383654,-5.0000006));
#1087 = ( GEOMETRIC_REPRESENTATION_CONTEXT(2) 
PARAMETRIC_REPRESENTATION_CONTEXT() REPRESENTATION_CONTEXT('2D SPACE',''
  ) );
#1088 = PCURVE('',#741,#1089);
#1089 = DEFINITIONAL_REPRESENTATION('',(#1090),#1093);
#1090 = B_SPLINE_CURVE_WITH_KNOTS('',1,(#1091,#1092),.UNSPECIFIED.,.F.,
  .F.,(2,2),(-6.E-07,5.0000006),.PIECEWISE_BEZIER_KNOTS.);
#1091 = CARTESIAN_POINT('',(1.042168212692,-6.E-07));
#1092 = CARTESIAN_POINT('',(1.042168212692,5.0000006));
#1093 = ( GEOMETRIC_REPRESENTATION_CONTEXT(2) 
PARAMETRIC_REPRESENTATION_CONTEXT() REPRESENTATION_CONTEXT('2D SPACE',''
  ) );
#1094 = ORIENTED_EDGE('',*,*,#1095,.T.);
#1095 = EDGE_CURVE('',#1075,#1096,#1098,.T.);
#1096 = VERTEX_POINT('',#1097);
#1097 = CARTESIAN_POINT('',(8.954126546751,15.34302424137,6.));
#1098 = SURFACE_CURVE('',#1099,(#1105,#1114),.PCURVE_S1.);
#1099 = B_SPLINE_CURVE_WITH_KNOTS('',4,(#1100,#1101,#1102,#1103,#1104),
  .UNSPECIFIED.,.F.,.F.,(5,5),(0.,1.),.PIECEWISE_BEZIER_KNOTS.);
#1100 = CARTESIAN_POINT('',(9.078285473989,15.542996263679,5.));
#1101 = CARTESIAN_POINT('',(9.044941086781,15.49435229644,5.249990399173
    ));
#1102 = CARTESIAN_POINT('',(9.013138660742,15.444803122598,
    5.499991907527));
#1103 = CARTESIAN_POINT('',(8.982865764091,15.394360796696,
    5.749997630874));
#1104 = CARTESIAN_POINT('',(8.954126477777,15.343024118164,6.0000006));
#1105 = PCURVE('',#770,#1106);
#1106 = DEFINITIONAL_REPRESENTATION('',(#1107),#1113);
#1107 = B_SPLINE_CURVE_WITH_KNOTS('',4,(#1108,#1109,#1110,#1111,#1112),
  .UNSPECIFIED.,.F.,.F.,(5,5),(0.,1.),.PIECEWISE_BEZIER_KNOTS.);
#1108 = CARTESIAN_POINT('',(-2.540679383654,-5.));
#1109 = CARTESIAN_POINT('',(-2.563362183836,-5.249990399173));
#1110 = CARTESIAN_POINT('',(-2.585996872355,-5.499991907527));
#1111 = CARTESIAN_POINT('',(-2.608613227959,-5.749997630874));
#1112 = CARTESIAN_POINT('',(-2.63124156393,-6.0000006));
#1113 = ( GEOMETRIC_REPRESENTATION_CONTEXT(2) 
PARAMETRIC_REPRESENTATION_CONTEXT() REPRESENTATION_CONTEXT('2D SPACE',''
  ) );
#1114 = PCURVE('',#899,#1115);
#1115 = DEFINITIONAL_REPRESENTATION('',(#1116),#1122);
#1116 = B_SPLINE_CURVE_WITH_KNOTS('',4,(#1117,#1118,#1119,#1120,#1121),
  .UNSPECIFIED.,.F.,.F.,(5,5),(0.,1.),.PIECEWISE_BEZIER_KNOTS.);
#1117 = CARTESIAN_POINT('',(-1.042168212692,1.935646542868E-14));
#1118 = CARTESIAN_POINT('',(-1.042404841904,-0.249990399173));
#1119 = CARTESIAN_POINT('',(-1.042544197189,-0.499991907527));
#1120 = CARTESIAN_POINT('',(-1.042585313729,-0.749997630874));
#1121 = CARTESIAN_POINT('',(-1.042525971355,-1.0000006));
#1122 = ( GEOMETRIC_REPRESENTATION_CONTEXT(2) 
PARAMETRIC_REPRESENTATION_CONTEXT() REPRESENTATION_CONTEXT('2D SPACE',''
  ) );
#1123 = ORIENTED_EDGE('',*,*,#1124,.T.);
#1124 = EDGE_CURVE('',#1096,#1125,#1127,.T.);
#1125 = VERTEX_POINT('',#1126);
#1126 = CARTESIAN_POINT('',(12.965861988248,12.14377198354,6.));
#1127 = SURFACE_CURVE('',#1128,(#1133,#1140),.PCURVE_S1.);
#1128 = CIRCLE('',#1129,2.6);
#1129 = AXIS2_PLACEMENT_3D('',#1130,#1131,#1132);
#1130 = CARTESIAN_POINT('',(11.222816433457,14.072966684425,6.));
#1131 = DIRECTION('',(0.,0.,1.));
#1132 = DIRECTION('',(1.,0.,0.));
#1133 = PCURVE('',#770,#1134);
#1134 = DEFINITIONAL_REPRESENTATION('',(#1135),#1139);
#1135 = LINE('',#1136,#1137);
#1136 = CARTESIAN_POINT('',(-0.,-6.));
#1137 = VECTOR('',#1138,1.);
#1138 = DIRECTION('',(-1.,0.));
#1139 = ( GEOMETRIC_REPRESENTATION_CONTEXT(2) 
PARAMETRIC_REPRESENTATION_CONTEXT() REPRESENTATION_CONTEXT('2D SPACE',''
  ) );
#1140 = PCURVE('',#1141,#1146);
#1141 = PLANE('',#1142);
#1142 = AXIS2_PLACEMENT_3D('',#1143,#1144,#1145);
#1143 = CARTESIAN_POINT('',(11.222816433457,14.072966684425,6.));
#1144 = DIRECTION('',(0.,0.,1.));
#1145 = DIRECTION('',(1.,0.,-0.));
#1146 = DEFINITIONAL_REPRESENTATION('',(#1147),#1151);
#1147 = CIRCLE('',#1148,2.6);
#1148 = AXIS2_PLACEMENT_2D('',#1149,#1150);
#1149 = CARTESIAN_POINT('',(1.7763568394E-15,0.));
#1150 = DIRECTION('',(1.,0.));
#1151 = ( GEOMETRIC_REPRESENTATION_CONTEXT(2) 
PARAMETRIC_REPRESENTATION_CONTEXT() REPRESENTATION_CONTEXT('2D SPACE',''
  ) );
#1152 = ORIENTED_EDGE('',*,*,#1153,.T.);
#1153 = EDGE_CURVE('',#1125,#1028,#1154,.T.);
#1154 = SURFACE_CURVE('',#1155,(#1161,#1170),.PCURVE_S1.);
#1155 = B_SPLINE_CURVE_WITH_KNOTS('',4,(#1156,#1157,#1158,#1159,#1160),
  .UNSPECIFIED.,.F.,.F.,(5,5),(0.,1.),.PIECEWISE_BEZIER_KNOTS.);
#1156 = CARTESIAN_POINT('',(12.965861883479,12.143771888879,6.0000006));
#1157 = CARTESIAN_POINT('',(13.009516351471,12.183214106939,
    5.749997630852));
#1158 = CARTESIAN_POINT('',(13.051957629707,12.223952472334,
    5.499991907533));
#1159 = CARTESIAN_POINT('',(13.09318779677,12.265983273597,5.24999039916
    ));
#1160 = CARTESIAN_POINT('',(13.133192334005,12.309315948421,5.));
#1161 = PCURVE('',#770,#1162);
#1162 = DEFINITIONAL_REPRESENTATION('',(#1163),#1169);
#1163 = B_SPLINE_CURVE_WITH_KNOTS('',4,(#1164,#1165,#1166,#1167,#1168),
  .UNSPECIFIED.,.F.,.F.,(5,5),(0.,1.),.PIECEWISE_BEZIER_KNOTS.);
#1164 = CARTESIAN_POINT('',(-5.447139545301,-6.0000006));
#1165 = CARTESIAN_POINT('',(-5.469767881274,-5.749997630852));
#1166 = CARTESIAN_POINT('',(-5.492384236875,-5.499991907533));
#1167 = CARTESIAN_POINT('',(-5.515018925396,-5.24999039916));
#1168 = CARTESIAN_POINT('',(-5.537701725577,-5.));
#1169 = ( GEOMETRIC_REPRESENTATION_CONTEXT(2) 
PARAMETRIC_REPRESENTATION_CONTEXT() REPRESENTATION_CONTEXT('2D SPACE',''
  ) );
#1170 = PCURVE('',#899,#1171);
#1171 = DEFINITIONAL_REPRESENTATION('',(#1172),#1178);
#1172 = B_SPLINE_CURVE_WITH_KNOTS('',4,(#1173,#1174,#1175,#1176,#1177),
  .UNSPECIFIED.,.F.,.F.,(5,5),(0.,1.),.PIECEWISE_BEZIER_KNOTS.);
#1173 = CARTESIAN_POINT('',(-0.752669830696,-1.0000006));
#1174 = CARTESIAN_POINT('',(-0.752610488322,-0.749997630852));
#1175 = CARTESIAN_POINT('',(-0.752651604863,-0.499991907533));
#1176 = CARTESIAN_POINT('',(-0.752790960147,-0.24999039916));
#1177 = CARTESIAN_POINT('',(-0.753027589359,2.014854585543E-14));
#1178 = ( GEOMETRIC_REPRESENTATION_CONTEXT(2) 
PARAMETRIC_REPRESENTATION_CONTEXT() REPRESENTATION_CONTEXT('2D SPACE',''
  ) );
#1179 = ORIENTED_EDGE('',*,*,#1027,.F.);
#1180 = ADVANCED_FACE('',(#1181),#741,.T.);
#1181 = FACE_BOUND('',#1182,.T.);
#1182 = EDGE_LOOP('',(#1183,#1184,#1185,#1206));
#1183 = ORIENTED_EDGE('',*,*,#1074,.F.);
#1184 = ORIENTED_EDGE('',*,*,#724,.T.);
#1185 = ORIENTED_EDGE('',*,*,#1186,.T.);
#1186 = EDGE_CURVE('',#696,#1187,#1189,.T.);
#1187 = VERTEX_POINT('',#1188);
#1188 = CARTESIAN_POINT('',(6.491785399433,16.78858905113,5.));
#1189 = SURFACE_CURVE('',#1190,(#1194,#1200),.PCURVE_S1.);
#1190 = LINE('',#1191,#1192);
#1191 = CARTESIAN_POINT('',(6.491785399433,16.78858905113,0.));
#1192 = VECTOR('',#1193,1.);
#1193 = DIRECTION('',(0.,0.,1.));
#1194 = PCURVE('',#741,#1195);
#1195 = DEFINITIONAL_REPRESENTATION('',(#1196),#1199);
#1196 = B_SPLINE_CURVE_WITH_KNOTS('',1,(#1197,#1198),.UNSPECIFIED.,.F.,
  .F.,(2,2),(-6.E-07,5.0000006),.PIECEWISE_BEZIER_KNOTS.);
#1197 = CARTESIAN_POINT('',(1.201826539872,-6.E-07));
#1198 = CARTESIAN_POINT('',(1.201826539872,5.0000006));
#1199 = ( GEOMETRIC_REPRESENTATION_CONTEXT(2) 
PARAMETRIC_REPRESENTATION_CONTEXT() REPRESENTATION_CONTEXT('2D SPACE',''
  ) );
#1200 = PCURVE('',#712,#1201);
#1201 = DEFINITIONAL_REPRESENTATION('',(#1202),#1205);
#1202 = B_SPLINE_CURVE_WITH_KNOTS('',1,(#1203,#1204),.UNSPECIFIED.,.F.,
  .F.,(2,2),(-6.E-07,5.0000006),.PIECEWISE_BEZIER_KNOTS.);
#1203 = CARTESIAN_POINT('',(-5.98650067609,6.E-07));
#1204 = CARTESIAN_POINT('',(-5.98650067609,-5.0000006));
#1205 = ( GEOMETRIC_REPRESENTATION_CONTEXT(2) 
PARAMETRIC_REPRESENTATION_CONTEXT() REPRESENTATION_CONTEXT('2D SPACE',''
  ) );
#1206 = ORIENTED_EDGE('',*,*,#1207,.F.);
#1207 = EDGE_CURVE('',#1075,#1187,#1208,.T.);
#1208 = SURFACE_CURVE('',#1209,(#1214,#1221),.PCURVE_S1.);
#1209 = CIRCLE('',#1210,18.);
#1210 = AXIS2_PLACEMENT_3D('',#1211,#1212,#1213);
#1211 = CARTESIAN_POINT('',(0.,0.,5.));
#1212 = DIRECTION('',(0.,0.,1.));
#1213 = DIRECTION('',(1.,0.,-0.));
#1214 = PCURVE('',#741,#1215);
#1215 = DEFINITIONAL_REPRESENTATION('',(#1216),#1220);
#1216 = LINE('',#1217,#1218);
#1217 = CARTESIAN_POINT('',(0.,5.));
#1218 = VECTOR('',#1219,1.);
#1219 = DIRECTION('',(1.,0.));
#1220 = ( GEOMETRIC_REPRESENTATION_CONTEXT(2) 
PARAMETRIC_REPRESENTATION_CONTEXT() REPRESENTATION_CONTEXT('2D SPACE',''
  ) );
#1221 = PCURVE('',#899,#1222);
#1222 = DEFINITIONAL_REPRESENTATION('',(#1223),#1227);
#1223 = LINE('',#1224,#1225);
#1224 = CARTESIAN_POINT('',(-0.,-0.));
#1225 = VECTOR('',#1226,1.);
#1226 = DIRECTION('',(-1.,-0.));
#1227 = ( GEOMETRIC_REPRESENTATION_CONTEXT(2) 
PARAMETRIC_REPRESENTATION_CONTEXT() REPRESENTATION_CONTEXT('2D SPACE',''
  ) );
#1228 = ADVANCED_FACE('',(#1229),#712,.F.);
#1229 = FACE_BOUND('',#1230,.T.);
#1230 = EDGE_LOOP('',(#1231,#1232,#1253,#1282,#1311,#1347));
#1231 = ORIENTED_EDGE('',*,*,#695,.F.);
#1232 = ORIENTED_EDGE('',*,*,#1233,.T.);
#1233 = EDGE_CURVE('',#667,#1234,#1236,.T.);
#1234 = VERTEX_POINT('',#1235);
#1235 = CARTESIAN_POINT('',(1.43539925002,17.94267619373,5.));
#1236 = SURFACE_CURVE('',#1237,(#1241,#1247),.PCURVE_S1.);
#1237 = LINE('',#1238,#1239);
#1238 = CARTESIAN_POINT('',(1.43539925002,17.94267619373,0.));
#1239 = VECTOR('',#1240,1.);
#1240 = DIRECTION('',(0.,0.,1.));
#1241 = PCURVE('',#712,#1242);
#1242 = DEFINITIONAL_REPRESENTATION('',(#1243),#1246);
#1243 = B_SPLINE_CURVE_WITH_KNOTS('',1,(#1244,#1245),.UNSPECIFIED.,.F.,
  .F.,(2,2),(-6.E-07,5.0000006),.PIECEWISE_BEZIER_KNOTS.);
#1244 = CARTESIAN_POINT('',(-2.989478334167,6.E-07));
#1245 = CARTESIAN_POINT('',(-2.989478334167,-5.0000006));
#1246 = ( GEOMETRIC_REPRESENTATION_CONTEXT(2) 
PARAMETRIC_REPRESENTATION_CONTEXT() REPRESENTATION_CONTEXT('2D SPACE',''
  ) );
#1247 = PCURVE('',#683,#1248);
#1248 = DEFINITIONAL_REPRESENTATION('',(#1249),#1252);
#1249 = B_SPLINE_CURVE_WITH_KNOTS('',1,(#1250,#1251),.UNSPECIFIED.,.F.,
  .F.,(2,2),(-6.E-07,5.0000006),.PIECEWISE_BEZIER_KNOTS.);
#1250 = CARTESIAN_POINT('',(1.490967163205,-6.E-07));
#1251 = CARTESIAN_POINT('',(1.490967163205,5.0000006));
#1252 = ( GEOMETRIC_REPRESENTATION_CONTEXT(2) 
PARAMETRIC_REPRESENTATION_CONTEXT() REPRESENTATION_CONTEXT('2D SPACE',''
  ) );
#1253 = ORIENTED_EDGE('',*,*,#1254,.T.);
#1254 = EDGE_CURVE('',#1234,#1255,#1257,.T.);
#1255 = VERTEX_POINT('',#1256);
#1256 = CARTESIAN_POINT('',(1.410300530664,17.708637087583,6.));
#1257 = SURFACE_CURVE('',#1258,(#1264,#1273),.PCURVE_S1.);
#1258 = B_SPLINE_CURVE_WITH_KNOTS('',4,(#1259,#1260,#1261,#1262,#1263),
  .UNSPECIFIED.,.F.,.F.,(5,5),(0.,1.),.PIECEWISE_BEZIER_KNOTS.);
#1259 = CARTESIAN_POINT('',(1.43539925002,17.94267619373,5.));
#1260 = CARTESIAN_POINT('',(1.426462821616,17.884381906235,
    5.249990399176));
#1261 = CARTESIAN_POINT('',(1.419308406649,17.825941087653,5.49999190752
    ));
#1262 = CARTESIAN_POINT('',(1.413919574197,17.767359204792,
    5.749997630887));
#1263 = CARTESIAN_POINT('',(1.410300521978,17.708636946651,6.0000006));
#1264 = PCURVE('',#712,#1265);
#1265 = DEFINITIONAL_REPRESENTATION('',(#1266),#1272);
#1266 = B_SPLINE_CURVE_WITH_KNOTS('',4,(#1267,#1268,#1269,#1270,#1271),
  .UNSPECIFIED.,.F.,.F.,(5,5),(0.,1.),.PIECEWISE_BEZIER_KNOTS.);
#1267 = CARTESIAN_POINT('',(-2.989478334167,-5.));
#1268 = CARTESIAN_POINT('',(-3.012161134349,-5.249990399176));
#1269 = CARTESIAN_POINT('',(-3.034795822867,-5.49999190752));
#1270 = CARTESIAN_POINT('',(-3.057412178473,-5.749997630887));
#1271 = CARTESIAN_POINT('',(-3.080040514443,-6.0000006));
#1272 = ( GEOMETRIC_REPRESENTATION_CONTEXT(2) 
PARAMETRIC_REPRESENTATION_CONTEXT() REPRESENTATION_CONTEXT('2D SPACE',''
  ) );
#1273 = PCURVE('',#899,#1274);
#1274 = DEFINITIONAL_REPRESENTATION('',(#1275),#1281);
#1275 = B_SPLINE_CURVE_WITH_KNOTS('',4,(#1276,#1277,#1278,#1279,#1280),
  .UNSPECIFIED.,.F.,.F.,(5,5),(0.,1.),.PIECEWISE_BEZIER_KNOTS.);
#1276 = CARTESIAN_POINT('',(-1.490967163205,2.094062628218E-14));
#1277 = CARTESIAN_POINT('',(-1.491203792417,-0.249990399176));
#1278 = CARTESIAN_POINT('',(-1.491343147701,-0.49999190752));
#1279 = CARTESIAN_POINT('',(-1.491384264242,-0.749997630887));
#1280 = CARTESIAN_POINT('',(-1.491324921868,-1.0000006));
#1281 = ( GEOMETRIC_REPRESENTATION_CONTEXT(2) 
PARAMETRIC_REPRESENTATION_CONTEXT() REPRESENTATION_CONTEXT('2D SPACE',''
  ) );
#1282 = ORIENTED_EDGE('',*,*,#1283,.T.);
#1283 = EDGE_CURVE('',#1255,#1284,#1286,.T.);
#1284 = VERTEX_POINT('',#1285);
#1285 = CARTESIAN_POINT('',(6.412852801722,16.566837176418,6.));
#1286 = SURFACE_CURVE('',#1287,(#1292,#1299),.PCURVE_S1.);
#1287 = CIRCLE('',#1288,2.6);
#1288 = AXIS2_PLACEMENT_3D('',#1289,#1290,#1291);
#1289 = CARTESIAN_POINT('',(4.005376811214,17.548702419273,6.));
#1290 = DIRECTION('',(0.,0.,1.));
#1291 = DIRECTION('',(1.,0.,0.));
#1292 = PCURVE('',#712,#1293);
#1293 = DEFINITIONAL_REPRESENTATION('',(#1294),#1298);
#1294 = LINE('',#1295,#1296);
#1295 = CARTESIAN_POINT('',(-0.,-6.));
#1296 = VECTOR('',#1297,1.);
#1297 = DIRECTION('',(-1.,0.));
#1298 = ( GEOMETRIC_REPRESENTATION_CONTEXT(2) 
PARAMETRIC_REPRESENTATION_CONTEXT() REPRESENTATION_CONTEXT('2D SPACE',''
  ) );
#1299 = PCURVE('',#1300,#1305);
#1300 = PLANE('',#1301);
#1301 = AXIS2_PLACEMENT_3D('',#1302,#1303,#1304);
#1302 = CARTESIAN_POINT('',(4.005376811214,17.548702419273,6.));
#1303 = DIRECTION('',(0.,0.,1.));
#1304 = DIRECTION('',(1.,0.,-0.));
#1305 = DEFINITIONAL_REPRESENTATION('',(#1306),#1310);
#1306 = CIRCLE('',#1307,2.6);
#1307 = AXIS2_PLACEMENT_2D('',#1308,#1309);
#1308 = CARTESIAN_POINT('',(0.,0.));
#1309 = DIRECTION('',(1.,0.));
#1310 = ( GEOMETRIC_REPRESENTATION_CONTEXT(2) 
PARAMETRIC_REPRESENTATION_CONTEXT() REPRESENTATION_CONTEXT('2D SPACE',''
  ) );
#1311 = ORIENTED_EDGE('',*,*,#1312,.T.);
#1312 = EDGE_CURVE('',#1284,#1187,#1313,.T.);
#1313 = SURFACE_CURVE('',#1314,(#1323,#1335),.PCURVE_S1.);
#1314 = B_SPLINE_CURVE_WITH_KNOTS('',4,(#1315,#1316,#1317,#1318,#1319,
    #1320,#1321,#1322),.UNSPECIFIED.,.F.,.F.,(5,3,5),(0.,0.202972856644,
    1.),.UNSPECIFIED.);
#1315 = CARTESIAN_POINT('',(6.412852748399,16.566837045675,6.0000006));
#1316 = CARTESIAN_POINT('',(6.417362395149,16.577894433302,
    5.949256783516));
#1317 = CARTESIAN_POINT('',(6.421803841301,16.588978245792,
    5.898512852912));
#1318 = CARTESIAN_POINT('',(6.426177116652,16.600088462435,
    5.847768867041));
#1319 = CARTESIAN_POINT('',(6.447387335107,16.654955937871,
    5.597765079801));
#1320 = CARTESIAN_POINT('',(6.463241206474,16.699093748288,
    5.398505326981));
#1321 = CARTESIAN_POINT('',(6.478043456319,16.743637749379,5.19924913232
    ));
#1322 = CARTESIAN_POINT('',(6.491785399433,16.78858905113,5.));
#1323 = PCURVE('',#712,#1324);
#1324 = DEFINITIONAL_REPRESENTATION('',(#1325),#1334);
#1325 = B_SPLINE_CURVE_WITH_KNOTS('',4,(#1326,#1327,#1328,#1329,#1330,
    #1331,#1332,#1333),.UNSPECIFIED.,.F.,.F.,(5,3,5),(0.,0.202972856644,
    1.),.UNSPECIFIED.);
#1326 = CARTESIAN_POINT('',(-5.895938495813,-6.0000006));
#1327 = CARTESIAN_POINT('',(-5.900531433777,-5.949256783516));
#1328 = CARTESIAN_POINT('',(-5.905123876696,-5.898512852912));
#1329 = CARTESIAN_POINT('',(-5.909716079815,-5.847768867041));
#1330 = CARTESIAN_POINT('',(-5.932340859482,-5.597765079801));
#1331 = CARTESIAN_POINT('',(-5.95037363578,-5.398505326981));
#1332 = CARTESIAN_POINT('',(-5.968421868784,-5.19924913232));
#1333 = CARTESIAN_POINT('',(-5.98650067609,-5.));
#1334 = ( GEOMETRIC_REPRESENTATION_CONTEXT(2) 
PARAMETRIC_REPRESENTATION_CONTEXT() REPRESENTATION_CONTEXT('2D SPACE',''
  ) );
#1335 = PCURVE('',#899,#1336);
#1336 = DEFINITIONAL_REPRESENTATION('',(#1337),#1346);
#1337 = B_SPLINE_CURVE_WITH_KNOTS('',4,(#1338,#1339,#1340,#1341,#1342,
    #1343,#1344,#1345),.UNSPECIFIED.,.F.,.F.,(5,3,5),(0.,0.202972856644,
    1.),.UNSPECIFIED.);
#1338 = CARTESIAN_POINT('',(-1.201468781209,-1.0000006));
#1339 = CARTESIAN_POINT('',(-1.201456736318,-0.949256783516));
#1340 = CARTESIAN_POINT('',(-1.201448830218,-0.898512852912));
#1341 = CARTESIAN_POINT('',(-1.201445044238,-0.847768867041));
#1342 = CARTESIAN_POINT('',(-1.201446609437,-0.597765079801));
#1343 = CARTESIAN_POINT('',(-1.201511132925,-0.398505326981));
#1344 = CARTESIAN_POINT('',(-1.201637939969,-0.19924913232));
#1345 = CARTESIAN_POINT('',(-1.201826539872,2.014854585543E-14));
#1346 = ( GEOMETRIC_REPRESENTATION_CONTEXT(2) 
PARAMETRIC_REPRESENTATION_CONTEXT() REPRESENTATION_CONTEXT('2D SPACE',''
  ) );
#1347 = ORIENTED_EDGE('',*,*,#1186,.F.);
#1348 = ADVANCED_FACE('',(#1349),#683,.T.);
#1349 = FACE_BOUND('',#1350,.T.);
#1350 = EDGE_LOOP('',(#1351,#1352,#1353,#1374));
#1351 = ORIENTED_EDGE('',*,*,#1233,.F.);
#1352 = ORIENTED_EDGE('',*,*,#666,.T.);
#1353 = ORIENTED_EDGE('',*,*,#1354,.T.);
#1354 = EDGE_CURVE('',#638,#1355,#1357,.T.);
#1355 = VERTEX_POINT('',#1356);
#1356 = CARTESIAN_POINT('',(-1.43539925002,17.94267619373,5.));
#1357 = SURFACE_CURVE('',#1358,(#1362,#1368),.PCURVE_S1.);
#1358 = LINE('',#1359,#1360);
#1359 = CARTESIAN_POINT('',(-1.43539925002,17.94267619373,0.));
#1360 = VECTOR('',#1361,1.);
#1361 = DIRECTION('',(0.,0.,1.));
#1362 = PCURVE('',#683,#1363);
#1363 = DEFINITIONAL_REPRESENTATION('',(#1364),#1367);
#1364 = B_SPLINE_CURVE_WITH_KNOTS('',1,(#1365,#1366),.UNSPECIFIED.,.F.,
  .F.,(2,2),(-6.E-07,5.0000006),.PIECEWISE_BEZIER_KNOTS.);
#1365 = CARTESIAN_POINT('',(1.650625490385,-6.E-07));
#1366 = CARTESIAN_POINT('',(1.650625490385,5.0000006));
#1367 = ( GEOMETRIC_REPRESENTATION_CONTEXT(2) 
PARAMETRIC_REPRESENTATION_CONTEXT() REPRESENTATION_CONTEXT('2D SPACE',''
  ) );
#1368 = PCURVE('',#654,#1369);
#1369 = DEFINITIONAL_REPRESENTATION('',(#1370),#1373);
#1370 = B_SPLINE_CURVE_WITH_KNOTS('',1,(#1371,#1372),.UNSPECIFIED.,.F.,
  .F.,(2,2),(0.,5.),.PIECEWISE_BEZIER_KNOTS.);
#1371 = CARTESIAN_POINT('',(-6.435299626603,0.));
#1372 = CARTESIAN_POINT('',(-6.435299626603,-5.));
#1373 = ( GEOMETRIC_REPRESENTATION_CONTEXT(2) 
PARAMETRIC_REPRESENTATION_CONTEXT() REPRESENTATION_CONTEXT('2D SPACE',''
  ) );
#1374 = ORIENTED_EDGE('',*,*,#1375,.F.);
#1375 = EDGE_CURVE('',#1234,#1355,#1376,.T.);
#1376 = SURFACE_CURVE('',#1377,(#1382,#1389),.PCURVE_S1.);
#1377 = CIRCLE('',#1378,18.);
#1378 = AXIS2_PLACEMENT_3D('',#1379,#1380,#1381);
#1379 = CARTESIAN_POINT('',(0.,0.,5.));
#1380 = DIRECTION('',(0.,0.,1.));
#1381 = DIRECTION('',(1.,0.,-0.));
#1382 = PCURVE('',#683,#1383);
#1383 = DEFINITIONAL_REPRESENTATION('',(#1384),#1388);
#1384 = LINE('',#1385,#1386);
#1385 = CARTESIAN_POINT('',(0.,5.));
#1386 = VECTOR('',#1387,1.);
#1387 = DIRECTION('',(1.,0.));
#1388 = ( GEOMETRIC_REPRESENTATION_CONTEXT(2) 
PARAMETRIC_REPRESENTATION_CONTEXT() REPRESENTATION_CONTEXT('2D SPACE',''
  ) );
#1389 = PCURVE('',#899,#1390);
#1390 = DEFINITIONAL_REPRESENTATION('',(#1391),#1395);
#1391 = LINE('',#1392,#1393);
#1392 = CARTESIAN_POINT('',(-0.,-0.));
#1393 = VECTOR('',#1394,1.);
#1394 = DIRECTION('',(-1.,-0.));
#1395 = ( GEOMETRIC_REPRESENTATION_CONTEXT(2) 
PARAMETRIC_REPRESENTATION_CONTEXT() REPRESENTATION_CONTEXT('2D SPACE',''
  ) );
#1396 = ADVANCED_FACE('',(#1397),#654,.F.);
#1397 = FACE_BOUND('',#1398,.T.);
#1398 = EDGE_LOOP('',(#1399,#1400,#1421,#1450,#1479,#1506));
#1399 = ORIENTED_EDGE('',*,*,#637,.F.);
#1400 = ORIENTED_EDGE('',*,*,#1401,.T.);
#1401 = EDGE_CURVE('',#609,#1402,#1404,.T.);
#1402 = VERTEX_POINT('',#1403);
#1403 = CARTESIAN_POINT('',(-6.491785399433,16.78858905113,5.));
#1404 = SURFACE_CURVE('',#1405,(#1409,#1415),.PCURVE_S1.);
#1405 = LINE('',#1406,#1407);
#1406 = CARTESIAN_POINT('',(-6.491785399433,16.78858905113,0.));
#1407 = VECTOR('',#1408,1.);
#1408 = DIRECTION('',(0.,0.,1.));
#1409 = PCURVE('',#654,#1410);
#1410 = DEFINITIONAL_REPRESENTATION('',(#1411),#1414);
#1411 = B_SPLINE_CURVE_WITH_KNOTS('',1,(#1412,#1413),.UNSPECIFIED.,.F.,
  .F.,(2,2),(0.,5.),.PIECEWISE_BEZIER_KNOTS.);
#1412 = CARTESIAN_POINT('',(-3.438277284679,0.));
#1413 = CARTESIAN_POINT('',(-3.438277284679,-5.));
#1414 = ( GEOMETRIC_REPRESENTATION_CONTEXT(2) 
PARAMETRIC_REPRESENTATION_CONTEXT() REPRESENTATION_CONTEXT('2D SPACE',''
  ) );
#1415 = PCURVE('',#625,#1416);
#1416 = DEFINITIONAL_REPRESENTATION('',(#1417),#1420);
#1417 = B_SPLINE_CURVE_WITH_KNOTS('',1,(#1418,#1419),.UNSPECIFIED.,.F.,
  .F.,(2,2),(-6.E-07,5.0000006),.PIECEWISE_BEZIER_KNOTS.);
#1418 = CARTESIAN_POINT('',(1.939766113718,-6.E-07));
#1419 = CARTESIAN_POINT('',(1.939766113718,5.0000006));
#1420 = ( GEOMETRIC_REPRESENTATION_CONTEXT(2) 
PARAMETRIC_REPRESENTATION_CONTEXT() REPRESENTATION_CONTEXT('2D SPACE',''
  ) );
#1421 = ORIENTED_EDGE('',*,*,#1422,.T.);
#1422 = EDGE_CURVE('',#1402,#1423,#1425,.T.);
#1423 = VERTEX_POINT('',#1424);
#1424 = CARTESIAN_POINT('',(-6.412852801722,16.566837176418,6.));
#1425 = SURFACE_CURVE('',#1426,(#1432,#1441),.PCURVE_S1.);
#1426 = B_SPLINE_CURVE_WITH_KNOTS('',4,(#1427,#1428,#1429,#1430,#1431),
  .UNSPECIFIED.,.F.,.F.,(5,5),(0.,1.),.PIECEWISE_BEZIER_KNOTS.);
#1427 = CARTESIAN_POINT('',(-6.491785399433,16.78858905113,5.));
#1428 = CARTESIAN_POINT('',(-6.474543899787,16.732190341951,
    5.24999039917));
#1429 = CARTESIAN_POINT('',(-6.455633284056,16.676432799474,
    5.499991907526));
#1430 = CARTESIAN_POINT('',(-6.435070727952,16.621314220025,
    5.749997630872));
#1431 = CARTESIAN_POINT('',(-6.412852748399,16.566837045675,6.0000006));
#1432 = PCURVE('',#654,#1433);
#1433 = DEFINITIONAL_REPRESENTATION('',(#1434),#1440);
#1434 = B_SPLINE_CURVE_WITH_KNOTS('',4,(#1435,#1436,#1437,#1438,#1439),
  .UNSPECIFIED.,.F.,.F.,(5,5),(0.,0.999999400007),
  .PIECEWISE_BEZIER_KNOTS.);
#1435 = CARTESIAN_POINT('',(-3.438277284679,-5.));
#1436 = CARTESIAN_POINT('',(-3.460960071252,-5.249990249177));
#1437 = CARTESIAN_POINT('',(-3.483594746219,-5.499991607528));
#1438 = CARTESIAN_POINT('',(-3.506211088275,-5.749997180867));
#1439 = CARTESIAN_POINT('',(-3.528839410649,-6.));
#1440 = ( GEOMETRIC_REPRESENTATION_CONTEXT(2) 
PARAMETRIC_REPRESENTATION_CONTEXT() REPRESENTATION_CONTEXT('2D SPACE',''
  ) );
#1441 = PCURVE('',#899,#1442);
#1442 = DEFINITIONAL_REPRESENTATION('',(#1443),#1449);
#1443 = B_SPLINE_CURVE_WITH_KNOTS('',4,(#1444,#1445,#1446,#1447,#1448),
  .UNSPECIFIED.,.F.,.F.,(5,5),(0.,1.),.PIECEWISE_BEZIER_KNOTS.);
#1444 = CARTESIAN_POINT('',(-1.939766113718,2.014854585543E-14));
#1445 = CARTESIAN_POINT('',(-1.940002742929,-0.24999039917));
#1446 = CARTESIAN_POINT('',(-1.940142098214,-0.499991907526));
#1447 = CARTESIAN_POINT('',(-1.940183214755,-0.749997630872));
#1448 = CARTESIAN_POINT('',(-1.940123872381,-1.0000006));
#1449 = ( GEOMETRIC_REPRESENTATION_CONTEXT(2) 
PARAMETRIC_REPRESENTATION_CONTEXT() REPRESENTATION_CONTEXT('2D SPACE',''
  ) );
#1450 = ORIENTED_EDGE('',*,*,#1451,.T.);
#1451 = EDGE_CURVE('',#1423,#1452,#1454,.T.);
#1452 = VERTEX_POINT('',#1453);
#1453 = CARTESIAN_POINT('',(-1.410300530664,17.708637087583,6.));
#1454 = SURFACE_CURVE('',#1455,(#1460,#1467),.PCURVE_S1.);
#1455 = CIRCLE('',#1456,2.6);
#1456 = AXIS2_PLACEMENT_3D('',#1457,#1458,#1459);
#1457 = CARTESIAN_POINT('',(-4.005376811214,17.548702419273,6.));
#1458 = DIRECTION('',(0.,0.,1.));
#1459 = DIRECTION('',(-0.925952304042,-0.377640478021,0.));
#1460 = PCURVE('',#654,#1461);
#1461 = DEFINITIONAL_REPRESENTATION('',(#1462),#1466);
#1462 = LINE('',#1463,#1464);
#1463 = CARTESIAN_POINT('',(-3.528839410649,-6.));
#1464 = VECTOR('',#1465,1.);
#1465 = DIRECTION('',(-1.,0.));
#1466 = ( GEOMETRIC_REPRESENTATION_CONTEXT(2) 
PARAMETRIC_REPRESENTATION_CONTEXT() REPRESENTATION_CONTEXT('2D SPACE',''
  ) );
#1467 = PCURVE('',#1468,#1473);
#1468 = PLANE('',#1469);
#1469 = AXIS2_PLACEMENT_3D('',#1470,#1471,#1472);
#1470 = CARTESIAN_POINT('',(-4.005376811214,17.548702419273,6.));
#1471 = DIRECTION('',(0.,0.,1.));
#1472 = DIRECTION('',(1.,0.,-0.));
#1473 = DEFINITIONAL_REPRESENTATION('',(#1474),#1478);
#1474 = CIRCLE('',#1475,2.6);
#1475 = AXIS2_PLACEMENT_2D('',#1476,#1477);
#1476 = CARTESIAN_POINT('',(0.,0.));
#1477 = DIRECTION('',(-0.925952304042,-0.377640478021));
#1478 = ( GEOMETRIC_REPRESENTATION_CONTEXT(2) 
PARAMETRIC_REPRESENTATION_CONTEXT() REPRESENTATION_CONTEXT('2D SPACE',''
  ) );
#1479 = ORIENTED_EDGE('',*,*,#1480,.T.);
#1480 = EDGE_CURVE('',#1452,#1355,#1481,.T.);
#1481 = SURFACE_CURVE('',#1482,(#1488,#1497),.PCURVE_S1.);
#1482 = B_SPLINE_CURVE_WITH_KNOTS('',4,(#1483,#1484,#1485,#1486,#1487),
  .UNSPECIFIED.,.F.,.F.,(5,5),(0.,1.),.PIECEWISE_BEZIER_KNOTS.);
#1483 = CARTESIAN_POINT('',(-1.410300521978,17.708636946651,6.0000006));
#1484 = CARTESIAN_POINT('',(-1.413919574198,17.767359204803,
    5.749997630841));
#1485 = CARTESIAN_POINT('',(-1.419308406648,17.825941087642,
    5.499991907563));
#1486 = CARTESIAN_POINT('',(-1.426462821618,17.884381906245,
    5.249990399132));
#1487 = CARTESIAN_POINT('',(-1.43539925002,17.94267619373,5.));
#1488 = PCURVE('',#654,#1489);
#1489 = DEFINITIONAL_REPRESENTATION('',(#1490),#1496);
#1490 = B_SPLINE_CURVE_WITH_KNOTS('',4,(#1491,#1492,#1493,#1494,#1495),
  .UNSPECIFIED.,.F.,.F.,(5,5),(5.999928649283E-07,1.),
  .PIECEWISE_BEZIER_KNOTS.);
#1491 = CARTESIAN_POINT('',(-6.344737500634,-6.));
#1492 = CARTESIAN_POINT('',(-6.36736582301,-5.749997180836));
#1493 = CARTESIAN_POINT('',(-6.38998216506,-5.499991607565));
#1494 = CARTESIAN_POINT('',(-6.412616840033,-5.24999024914));
#1495 = CARTESIAN_POINT('',(-6.435299626603,-5.));
#1496 = ( GEOMETRIC_REPRESENTATION_CONTEXT(2) 
PARAMETRIC_REPRESENTATION_CONTEXT() REPRESENTATION_CONTEXT('2D SPACE',''
  ) );
#1497 = PCURVE('',#899,#1498);
#1498 = DEFINITIONAL_REPRESENTATION('',(#1499),#1505);
#1499 = B_SPLINE_CURVE_WITH_KNOTS('',4,(#1500,#1501,#1502,#1503,#1504),
  .UNSPECIFIED.,.F.,.F.,(5,5),(0.,1.),.PIECEWISE_BEZIER_KNOTS.);
#1500 = CARTESIAN_POINT('',(-1.650267731722,-1.0000006));
#1501 = CARTESIAN_POINT('',(-1.650208389348,-0.749997630841));
#1502 = CARTESIAN_POINT('',(-1.650249505888,-0.499991907563));
#1503 = CARTESIAN_POINT('',(-1.650388861173,-0.249990399132));
#1504 = CARTESIAN_POINT('',(-1.650625490385,2.094062628218E-14));
#1505 = ( GEOMETRIC_REPRESENTATION_CONTEXT(2) 
PARAMETRIC_REPRESENTATION_CONTEXT() REPRESENTATION_CONTEXT('2D SPACE',''
  ) );
#1506 = ORIENTED_EDGE('',*,*,#1354,.F.);
#1507 = ADVANCED_FACE('',(#1508),#625,.T.);
#1508 = FACE_BOUND('',#1509,.T.);
#1509 = EDGE_LOOP('',(#1510,#1511,#1512,#1533));
#1510 = ORIENTED_EDGE('',*,*,#1401,.F.);
#1511 = ORIENTED_EDGE('',*,*,#608,.T.);
#1512 = ORIENTED_EDGE('',*,*,#1513,.T.);
#1513 = EDGE_CURVE('',#580,#1514,#1516,.T.);
#1514 = VERTEX_POINT('',#1515);
#1515 = CARTESIAN_POINT('',(-9.078285473989,15.542996263679,5.));
#1516 = SURFACE_CURVE('',#1517,(#1521,#1527),.PCURVE_S1.);
#1517 = LINE('',#1518,#1519);
#1518 = CARTESIAN_POINT('',(-9.078285473989,15.542996263679,0.));
#1519 = VECTOR('',#1520,1.);
#1520 = DIRECTION('',(0.,0.,1.));
#1521 = PCURVE('',#625,#1522);
#1522 = DEFINITIONAL_REPRESENTATION('',(#1523),#1526);
#1523 = B_SPLINE_CURVE_WITH_KNOTS('',1,(#1524,#1525),.UNSPECIFIED.,.F.,
  .F.,(2,2),(-6.E-07,5.0000006),.PIECEWISE_BEZIER_KNOTS.);
#1524 = CARTESIAN_POINT('',(2.099424440898,-6.E-07));
#1525 = CARTESIAN_POINT('',(2.099424440898,5.0000006));
#1526 = ( GEOMETRIC_REPRESENTATION_CONTEXT(2) 
PARAMETRIC_REPRESENTATION_CONTEXT() REPRESENTATION_CONTEXT('2D SPACE',''
  ) );
#1527 = PCURVE('',#596,#1528);
#1528 = DEFINITIONAL_REPRESENTATION('',(#1529),#1532);
#1529 = B_SPLINE_CURVE_WITH_KNOTS('',1,(#1530,#1531),.UNSPECIFIED.,.F.,
  .F.,(2,2),(0.,5.),.PIECEWISE_BEZIER_KNOTS.);
#1530 = CARTESIAN_POINT('',(-6.884098577116,0.));
#1531 = CARTESIAN_POINT('',(-6.884098577116,-5.));
#1532 = ( GEOMETRIC_REPRESENTATION_CONTEXT(2) 
PARAMETRIC_REPRESENTATION_CONTEXT() REPRESENTATION_CONTEXT('2D SPACE',''
  ) );
#1533 = ORIENTED_EDGE('',*,*,#1534,.F.);
#1534 = EDGE_CURVE('',#1402,#1514,#1535,.T.);
#1535 = SURFACE_CURVE('',#1536,(#1541,#1548),.PCURVE_S1.);
#1536 = CIRCLE('',#1537,18.);
#1537 = AXIS2_PLACEMENT_3D('',#1538,#1539,#1540);
#1538 = CARTESIAN_POINT('',(0.,0.,5.));
#1539 = DIRECTION('',(0.,0.,1.));
#1540 = DIRECTION('',(1.,0.,-0.));
#1541 = PCURVE('',#625,#1542);
#1542 = DEFINITIONAL_REPRESENTATION('',(#1543),#1547);
#1543 = LINE('',#1544,#1545);
#1544 = CARTESIAN_POINT('',(0.,5.));
#1545 = VECTOR('',#1546,1.);
#1546 = DIRECTION('',(1.,0.));
#1547 = ( GEOMETRIC_REPRESENTATION_CONTEXT(2) 
PARAMETRIC_REPRESENTATION_CONTEXT() REPRESENTATION_CONTEXT('2D SPACE',''
  ) );
#1548 = PCURVE('',#899,#1549);
#1549 = DEFINITIONAL_REPRESENTATION('',(#1550),#1554);
#1550 = LINE('',#1551,#1552);
#1551 = CARTESIAN_POINT('',(-0.,-0.));
#1552 = VECTOR('',#1553,1.);
#1553 = DIRECTION('',(-1.,-0.));
#1554 = ( GEOMETRIC_REPRESENTATION_CONTEXT(2) 
PARAMETRIC_REPRESENTATION_CONTEXT() REPRESENTATION_CONTEXT('2D SPACE',''
  ) );
#1555 = ADVANCED_FACE('',(#1556),#596,.F.);
#1556 = FACE_BOUND('',#1557,.T.);
#1557 = EDGE_LOOP('',(#1558,#1559,#1580,#1609,#1638,#1665));
#1558 = ORIENTED_EDGE('',*,*,#579,.F.);
#1559 = ORIENTED_EDGE('',*,*,#1560,.T.);
#1560 = EDGE_CURVE('',#551,#1561,#1563,.T.);
#1561 = VERTEX_POINT('',#1562);
#1562 = CARTESIAN_POINT('',(-13.133192334,12.309315948421,5.));
#1563 = SURFACE_CURVE('',#1564,(#1568,#1574),.PCURVE_S1.);
#1564 = LINE('',#1565,#1566);
#1565 = CARTESIAN_POINT('',(-13.133192334,12.309315948421,0.));
#1566 = VECTOR('',#1567,1.);
#1567 = DIRECTION('',(0.,0.,1.));
#1568 = PCURVE('',#596,#1569);
#1569 = DEFINITIONAL_REPRESENTATION('',(#1570),#1573);
#1570 = B_SPLINE_CURVE_WITH_KNOTS('',1,(#1571,#1572),.UNSPECIFIED.,.F.,
  .F.,(2,2),(0.,5.),.PIECEWISE_BEZIER_KNOTS.);
#1571 = CARTESIAN_POINT('',(-3.887076235192,0.));
#1572 = CARTESIAN_POINT('',(-3.887076235192,-5.));
#1573 = ( GEOMETRIC_REPRESENTATION_CONTEXT(2) 
PARAMETRIC_REPRESENTATION_CONTEXT() REPRESENTATION_CONTEXT('2D SPACE',''
  ) );
#1574 = PCURVE('',#567,#1575);
#1575 = DEFINITIONAL_REPRESENTATION('',(#1576),#1579);
#1576 = B_SPLINE_CURVE_WITH_KNOTS('',1,(#1577,#1578),.UNSPECIFIED.,.F.,
  .F.,(2,2),(-6.E-07,5.0000006),.PIECEWISE_BEZIER_KNOTS.);
#1577 = CARTESIAN_POINT('',(2.388565064231,-6.E-07));
#1578 = CARTESIAN_POINT('',(2.388565064231,5.0000006));
#1579 = ( GEOMETRIC_REPRESENTATION_CONTEXT(2) 
PARAMETRIC_REPRESENTATION_CONTEXT() REPRESENTATION_CONTEXT('2D SPACE',''
  ) );
#1580 = ORIENTED_EDGE('',*,*,#1581,.T.);
#1581 = EDGE_CURVE('',#1561,#1582,#1584,.T.);
#1582 = VERTEX_POINT('',#1583);
#1583 = CARTESIAN_POINT('',(-12.96586198824,12.14377198354,6.));
#1584 = SURFACE_CURVE('',#1585,(#1591,#1600),.PCURVE_S1.);
#1585 = B_SPLINE_CURVE_WITH_KNOTS('',4,(#1586,#1587,#1588,#1589,#1590),
  .UNSPECIFIED.,.F.,.F.,(5,5),(0.,1.),.PIECEWISE_BEZIER_KNOTS.);
#1586 = CARTESIAN_POINT('',(-13.133192334,12.309315948421,5.));
#1587 = CARTESIAN_POINT('',(-13.09318779676,12.265983273596,
    5.249990399165));
#1588 = CARTESIAN_POINT('',(-13.0519576297,12.223952472334,
    5.499991907531));
#1589 = CARTESIAN_POINT('',(-13.00951635146,12.183214106938,
    5.74999763086));
#1590 = CARTESIAN_POINT('',(-12.96586188347,12.143771888879,6.0000006));
#1591 = PCURVE('',#596,#1592);
#1592 = DEFINITIONAL_REPRESENTATION('',(#1593),#1599);
#1593 = B_SPLINE_CURVE_WITH_KNOTS('',4,(#1594,#1595,#1596,#1597,#1598),
  .UNSPECIFIED.,.F.,.F.,(5,5),(0.,0.999999400007),
  .PIECEWISE_BEZIER_KNOTS.);
#1594 = CARTESIAN_POINT('',(-3.887076235192,-5.));
#1595 = CARTESIAN_POINT('',(-3.909759021765,-5.249990249173));
#1596 = CARTESIAN_POINT('',(-3.932393696733,-5.499991607532));
#1597 = CARTESIAN_POINT('',(-3.955010038787,-5.749997180855));
#1598 = CARTESIAN_POINT('',(-3.977638361161,-6.));
#1599 = ( GEOMETRIC_REPRESENTATION_CONTEXT(2) 
PARAMETRIC_REPRESENTATION_CONTEXT() REPRESENTATION_CONTEXT('2D SPACE',''
  ) );
#1600 = PCURVE('',#899,#1601);
#1601 = DEFINITIONAL_REPRESENTATION('',(#1602),#1608);
#1602 = B_SPLINE_CURVE_WITH_KNOTS('',4,(#1603,#1604,#1605,#1606,#1607),
  .UNSPECIFIED.,.F.,.F.,(5,5),(0.,1.),.PIECEWISE_BEZIER_KNOTS.);
#1603 = CARTESIAN_POINT('',(-2.388565064231,2.014854585543E-14));
#1604 = CARTESIAN_POINT('',(-2.388801693442,-0.249990399165));
#1605 = CARTESIAN_POINT('',(-2.388941048727,-0.499991907531));
#1606 = CARTESIAN_POINT('',(-2.388982165268,-0.74999763086));
#1607 = CARTESIAN_POINT('',(-2.388922822894,-1.0000006));
#1608 = ( GEOMETRIC_REPRESENTATION_CONTEXT(2) 
PARAMETRIC_REPRESENTATION_CONTEXT() REPRESENTATION_CONTEXT('2D SPACE',''
  ) );
#1609 = ORIENTED_EDGE('',*,*,#1610,.T.);
#1610 = EDGE_CURVE('',#1582,#1611,#1613,.T.);
#1611 = VERTEX_POINT('',#1612);
#1612 = CARTESIAN_POINT('',(-8.954126546751,15.34302424137,6.));
#1613 = SURFACE_CURVE('',#1614,(#1619,#1626),.PCURVE_S1.);
#1614 = CIRCLE('',#1615,2.6);
#1615 = AXIS2_PLACEMENT_3D('',#1616,#1617,#1618);
#1616 = CARTESIAN_POINT('',(-11.22281643345,14.072966684425,6.));
#1617 = DIRECTION('',(0.,0.,1.));
#1618 = DIRECTION('',(-0.670402136458,-0.741997961879,0.));
#1619 = PCURVE('',#596,#1620);
#1620 = DEFINITIONAL_REPRESENTATION('',(#1621),#1625);
#1621 = LINE('',#1622,#1623);
#1622 = CARTESIAN_POINT('',(-3.977638361161,-6.));
#1623 = VECTOR('',#1624,1.);
#1624 = DIRECTION('',(-1.,0.));
#1625 = ( GEOMETRIC_REPRESENTATION_CONTEXT(2) 
PARAMETRIC_REPRESENTATION_CONTEXT() REPRESENTATION_CONTEXT('2D SPACE',''
  ) );
#1626 = PCURVE('',#1627,#1632);
#1627 = PLANE('',#1628);
#1628 = AXIS2_PLACEMENT_3D('',#1629,#1630,#1631);
#1629 = CARTESIAN_POINT('',(-11.22281643345,14.072966684425,6.));
#1630 = DIRECTION('',(0.,0.,1.));
#1631 = DIRECTION('',(1.,0.,-0.));
#1632 = DEFINITIONAL_REPRESENTATION('',(#1633),#1637);
#1633 = CIRCLE('',#1634,2.6);
#1634 = AXIS2_PLACEMENT_2D('',#1635,#1636);
#1635 = CARTESIAN_POINT('',(0.,1.7763568394E-15));
#1636 = DIRECTION('',(-0.670402136458,-0.741997961879));
#1637 = ( GEOMETRIC_REPRESENTATION_CONTEXT(2) 
PARAMETRIC_REPRESENTATION_CONTEXT() REPRESENTATION_CONTEXT('2D SPACE',''
  ) );
#1638 = ORIENTED_EDGE('',*,*,#1639,.T.);
#1639 = EDGE_CURVE('',#1611,#1514,#1640,.T.);
#1640 = SURFACE_CURVE('',#1641,(#1647,#1656),.PCURVE_S1.);
#1641 = B_SPLINE_CURVE_WITH_KNOTS('',4,(#1642,#1643,#1644,#1645,#1646),
  .UNSPECIFIED.,.F.,.F.,(5,5),(0.,1.),.PIECEWISE_BEZIER_KNOTS.);
#1642 = CARTESIAN_POINT('',(-8.954126477777,15.343024118164,6.0000006));
#1643 = CARTESIAN_POINT('',(-8.982865764097,15.394360796707,
    5.749997630819));
#1644 = CARTESIAN_POINT('',(-9.013138660734,15.444803122586,
    5.49999190759));
#1645 = CARTESIAN_POINT('',(-9.044941086795,15.494352296462,
    5.249990399064));
#1646 = CARTESIAN_POINT('',(-9.078285473989,15.542996263679,5.));
#1647 = PCURVE('',#596,#1648);
#1648 = DEFINITIONAL_REPRESENTATION('',(#1649),#1655);
#1649 = B_SPLINE_CURVE_WITH_KNOTS('',4,(#1650,#1651,#1652,#1653,#1654),
  .UNSPECIFIED.,.F.,.F.,(5,5),(5.99992879921E-07,1.),
  .PIECEWISE_BEZIER_KNOTS.);
#1650 = CARTESIAN_POINT('',(-6.793536451146,-6.));
#1651 = CARTESIAN_POINT('',(-6.816164773524,-5.749997180814));
#1652 = CARTESIAN_POINT('',(-6.83878111557,-5.499991607592));
#1653 = CARTESIAN_POINT('',(-6.861415790552,-5.249990249071));
#1654 = CARTESIAN_POINT('',(-6.884098577116,-5.));
#1655 = ( GEOMETRIC_REPRESENTATION_CONTEXT(2) 
PARAMETRIC_REPRESENTATION_CONTEXT() REPRESENTATION_CONTEXT('2D SPACE',''
  ) );
#1656 = PCURVE('',#899,#1657);
#1657 = DEFINITIONAL_REPRESENTATION('',(#1658),#1664);
#1658 = B_SPLINE_CURVE_WITH_KNOTS('',4,(#1659,#1660,#1661,#1662,#1663),
  .UNSPECIFIED.,.F.,.F.,(5,5),(0.,1.),.PIECEWISE_BEZIER_KNOTS.);
#1659 = CARTESIAN_POINT('',(-2.099066682234,-1.0000006));
#1660 = CARTESIAN_POINT('',(-2.09900733986,-0.749997630819));
#1661 = CARTESIAN_POINT('',(-2.099048456401,-0.49999190759));
#1662 = CARTESIAN_POINT('',(-2.099187811686,-0.249990399064));
#1663 = CARTESIAN_POINT('',(-2.099424440898,2.094062628218E-14));
#1664 = ( GEOMETRIC_REPRESENTATION_CONTEXT(2) 
PARAMETRIC_REPRESENTATION_CONTEXT() REPRESENTATION_CONTEXT('2D SPACE',''
  ) );
#1665 = ORIENTED_EDGE('',*,*,#1513,.F.);
#1666 = ADVANCED_FACE('',(#1667),#567,.T.);
#1667 = FACE_BOUND('',#1668,.T.);
#1668 = EDGE_LOOP('',(#1669,#1670,#1671,#1692));
#1669 = ORIENTED_EDGE('',*,*,#1560,.F.);
#1670 = ORIENTED_EDGE('',*,*,#550,.T.);
#1671 = ORIENTED_EDGE('',*,*,#1672,.T.);
#1672 = EDGE_CURVE('',#522,#1673,#1675,.T.);
#1673 = VERTEX_POINT('',#1674);
#1674 = CARTESIAN_POINT('',(-14.92310592197,10.064835301268,5.));
#1675 = SURFACE_CURVE('',#1676,(#1680,#1686),.PCURVE_S1.);
#1676 = LINE('',#1677,#1678);
#1677 = CARTESIAN_POINT('',(-14.92310592197,10.064835301268,0.));
#1678 = VECTOR('',#1679,1.);
#1679 = DIRECTION('',(0.,0.,1.));
#1680 = PCURVE('',#567,#1681);
#1681 = DEFINITIONAL_REPRESENTATION('',(#1682),#1685);
#1682 = B_SPLINE_CURVE_WITH_KNOTS('',1,(#1683,#1684),.UNSPECIFIED.,.F.,
  .F.,(2,2),(-6.E-07,5.0000006),.PIECEWISE_BEZIER_KNOTS.);
#1683 = CARTESIAN_POINT('',(2.548223391411,-6.E-07));
#1684 = CARTESIAN_POINT('',(2.548223391411,5.0000006));
#1685 = ( GEOMETRIC_REPRESENTATION_CONTEXT(2) 
PARAMETRIC_REPRESENTATION_CONTEXT() REPRESENTATION_CONTEXT('2D SPACE',''
  ) );
#1686 = PCURVE('',#538,#1687);
#1687 = DEFINITIONAL_REPRESENTATION('',(#1688),#1691);
#1688 = B_SPLINE_CURVE_WITH_KNOTS('',1,(#1689,#1690),.UNSPECIFIED.,.F.,
  .F.,(2,2),(0.,5.),.PIECEWISE_BEZIER_KNOTS.);
#1689 = CARTESIAN_POINT('',(-7.332897527628,0.));
#1690 = CARTESIAN_POINT('',(-7.332897527628,-5.));
#1691 = ( GEOMETRIC_REPRESENTATION_CONTEXT(2) 
PARAMETRIC_REPRESENTATION_CONTEXT() REPRESENTATION_CONTEXT('2D SPACE',''
  ) );
#1692 = ORIENTED_EDGE('',*,*,#1693,.F.);
#1693 = EDGE_CURVE('',#1561,#1673,#1694,.T.);
#1694 = SURFACE_CURVE('',#1695,(#1700,#1707),.PCURVE_S1.);
#1695 = CIRCLE('',#1696,18.);
#1696 = AXIS2_PLACEMENT_3D('',#1697,#1698,#1699);
#1697 = CARTESIAN_POINT('',(0.,0.,5.));
#1698 = DIRECTION('',(0.,0.,1.));
#1699 = DIRECTION('',(1.,0.,-0.));
#1700 = PCURVE('',#567,#1701);
#1701 = DEFINITIONAL_REPRESENTATION('',(#1702),#1706);
#1702 = LINE('',#1703,#1704);
#1703 = CARTESIAN_POINT('',(0.,5.));
#1704 = VECTOR('',#1705,1.);
#1705 = DIRECTION('',(1.,0.));
#1706 = ( GEOMETRIC_REPRESENTATION_CONTEXT(2) 
PARAMETRIC_REPRESENTATION_CONTEXT() REPRESENTATION_CONTEXT('2D SPACE',''
  ) );
#1707 = PCURVE('',#899,#1708);
#1708 = DEFINITIONAL_REPRESENTATION('',(#1709),#1713);
#1709 = LINE('',#1710,#1711);
#1710 = CARTESIAN_POINT('',(-0.,-0.));
#1711 = VECTOR('',#1712,1.);
#1712 = DIRECTION('',(-1.,-0.));
#1713 = ( GEOMETRIC_REPRESENTATION_CONTEXT(2) 
PARAMETRIC_REPRESENTATION_CONTEXT() REPRESENTATION_CONTEXT('2D SPACE',''
  ) );
#1714 = ADVANCED_FACE('',(#1715),#538,.F.);
#1715 = FACE_BOUND('',#1716,.T.);
#1716 = EDGE_LOOP('',(#1717,#1718,#1739,#1768,#1797,#1824));
#1717 = ORIENTED_EDGE('',*,*,#521,.F.);
#1718 = ORIENTED_EDGE('',*,*,#1719,.T.);
#1719 = EDGE_CURVE('',#493,#1720,#1722,.T.);
#1720 = VERTEX_POINT('',#1721);
#1721 = CARTESIAN_POINT('',(-17.17340945879,5.392031858274,5.));
#1722 = SURFACE_CURVE('',#1723,(#1727,#1733),.PCURVE_S1.);
#1723 = LINE('',#1724,#1725);
#1724 = CARTESIAN_POINT('',(-17.17340945879,5.392031858274,0.));
#1725 = VECTOR('',#1726,1.);
#1726 = DIRECTION('',(0.,0.,1.));
#1727 = PCURVE('',#538,#1728);
#1728 = DEFINITIONAL_REPRESENTATION('',(#1729),#1732);
#1729 = B_SPLINE_CURVE_WITH_KNOTS('',1,(#1730,#1731),.UNSPECIFIED.,.F.,
  .F.,(2,2),(0.,5.),.PIECEWISE_BEZIER_KNOTS.);
#1730 = CARTESIAN_POINT('',(-4.335875185705,0.));
#1731 = CARTESIAN_POINT('',(-4.335875185705,-5.));
#1732 = ( GEOMETRIC_REPRESENTATION_CONTEXT(2) 
PARAMETRIC_REPRESENTATION_CONTEXT() REPRESENTATION_CONTEXT('2D SPACE',''
  ) );
#1733 = PCURVE('',#509,#1734);
#1734 = DEFINITIONAL_REPRESENTATION('',(#1735),#1738);
#1735 = B_SPLINE_CURVE_WITH_KNOTS('',1,(#1736,#1737),.UNSPECIFIED.,.F.,
  .F.,(2,2),(-6.E-07,5.0000006),.PIECEWISE_BEZIER_KNOTS.);
#1736 = CARTESIAN_POINT('',(2.837364014743,-6.E-07));
#1737 = CARTESIAN_POINT('',(2.837364014743,5.0000006));
#1738 = ( GEOMETRIC_REPRESENTATION_CONTEXT(2) 
PARAMETRIC_REPRESENTATION_CONTEXT() REPRESENTATION_CONTEXT('2D SPACE',''
  ) );
#1739 = ORIENTED_EDGE('',*,*,#1740,.T.);
#1740 = EDGE_CURVE('',#1720,#1741,#1743,.T.);
#1741 = VERTEX_POINT('',#1742);
#1742 = CARTESIAN_POINT('',(-16.95082319214,5.315483815731,6.));
#1743 = SURFACE_CURVE('',#1744,(#1750,#1759),.PCURVE_S1.);
#1744 = B_SPLINE_CURVE_WITH_KNOTS('',4,(#1745,#1746,#1747,#1748,#1749),
  .UNSPECIFIED.,.F.,.F.,(5,5),(0.,1.),.PIECEWISE_BEZIER_KNOTS.);
#1745 = CARTESIAN_POINT('',(-17.17340945879,5.392031858274,5.));
#1746 = CARTESIAN_POINT('',(-17.11856527319,5.370347785491,
    5.249990399164));
#1747 = CARTESIAN_POINT('',(-17.06318169503,5.350368441111,5.49999190753
    ));
#1748 = CARTESIAN_POINT('',(-17.00726771032,5.332079022654,5.74999763086
    ));
#1749 = CARTESIAN_POINT('',(-16.95082305667,5.315483775903,6.0000006));
#1750 = PCURVE('',#538,#1751);
#1751 = DEFINITIONAL_REPRESENTATION('',(#1752),#1758);
#1752 = B_SPLINE_CURVE_WITH_KNOTS('',4,(#1753,#1754,#1755,#1756,#1757),
  .UNSPECIFIED.,.F.,.F.,(5,5),(0.,0.999999400007),
  .PIECEWISE_BEZIER_KNOTS.);
#1753 = CARTESIAN_POINT('',(-4.335875185705,-5.));
#1754 = CARTESIAN_POINT('',(-4.358557972277,-5.249990249172));
#1755 = CARTESIAN_POINT('',(-4.381192647245,-5.499991607532));
#1756 = CARTESIAN_POINT('',(-4.4038089893,-5.749997180855));
#1757 = CARTESIAN_POINT('',(-4.426437311674,-6.));
#1758 = ( GEOMETRIC_REPRESENTATION_CONTEXT(2) 
PARAMETRIC_REPRESENTATION_CONTEXT() REPRESENTATION_CONTEXT('2D SPACE',''
  ) );
#1759 = PCURVE('',#899,#1760);
#1760 = DEFINITIONAL_REPRESENTATION('',(#1761),#1767);
#1761 = B_SPLINE_CURVE_WITH_KNOTS('',4,(#1762,#1763,#1764,#1765,#1766),
  .UNSPECIFIED.,.F.,.F.,(5,5),(0.,1.),.PIECEWISE_BEZIER_KNOTS.);
#1762 = CARTESIAN_POINT('',(-2.837364014743,2.014854585543E-14));
#1763 = CARTESIAN_POINT('',(-2.837600643955,-0.249990399164));
#1764 = CARTESIAN_POINT('',(-2.83773999924,-0.49999190753));
#1765 = CARTESIAN_POINT('',(-2.837781115781,-0.74999763086));
#1766 = CARTESIAN_POINT('',(-2.837721773407,-1.0000006));
#1767 = ( GEOMETRIC_REPRESENTATION_CONTEXT(2) 
PARAMETRIC_REPRESENTATION_CONTEXT() REPRESENTATION_CONTEXT('2D SPACE',''
  ) );
#1768 = ORIENTED_EDGE('',*,*,#1769,.T.);
#1769 = EDGE_CURVE('',#1741,#1770,#1772,.T.);
#1770 = VERTEX_POINT('',#1771);
#1771 = CARTESIAN_POINT('',(-14.72447798509,9.938537274311,6.));
#1772 = SURFACE_CURVE('',#1773,(#1778,#1785),.PCURVE_S1.);
#1773 = CIRCLE('',#1774,2.6);
#1774 = AXIS2_PLACEMENT_3D('',#1775,#1776,#1777);
#1775 = CARTESIAN_POINT('',(-16.21743962224,7.809907304116,6.));
#1776 = DIRECTION('',(0.,0.,1.));
#1777 = DIRECTION('',(-0.282070603806,-0.959393649379,0.));
#1778 = PCURVE('',#538,#1779);
#1779 = DEFINITIONAL_REPRESENTATION('',(#1780),#1784);
#1780 = LINE('',#1781,#1782);
#1781 = CARTESIAN_POINT('',(-4.426437311674,-6.));
#1782 = VECTOR('',#1783,1.);
#1783 = DIRECTION('',(-1.,0.));
#1784 = ( GEOMETRIC_REPRESENTATION_CONTEXT(2) 
PARAMETRIC_REPRESENTATION_CONTEXT() REPRESENTATION_CONTEXT('2D SPACE',''
  ) );
#1785 = PCURVE('',#1786,#1791);
#1786 = PLANE('',#1787);
#1787 = AXIS2_PLACEMENT_3D('',#1788,#1789,#1790);
#1788 = CARTESIAN_POINT('',(-16.21743962224,7.809907304116,6.));
#1789 = DIRECTION('',(0.,0.,1.));
#1790 = DIRECTION('',(1.,0.,-0.));
#1791 = DEFINITIONAL_REPRESENTATION('',(#1792),#1796);
#1792 = CIRCLE('',#1793,2.6);
#1793 = AXIS2_PLACEMENT_2D('',#1794,#1795);
#1794 = CARTESIAN_POINT('',(-3.552713678801E-15,0.));
#1795 = DIRECTION('',(-0.282070603806,-0.959393649379));
#1796 = ( GEOMETRIC_REPRESENTATION_CONTEXT(2) 
PARAMETRIC_REPRESENTATION_CONTEXT() REPRESENTATION_CONTEXT('2D SPACE',''
  ) );
#1797 = ORIENTED_EDGE('',*,*,#1798,.T.);
#1798 = EDGE_CURVE('',#1770,#1673,#1799,.T.);
#1799 = SURFACE_CURVE('',#1800,(#1806,#1815),.PCURVE_S1.);
#1800 = B_SPLINE_CURVE_WITH_KNOTS('',4,(#1801,#1802,#1803,#1804,#1805),
  .UNSPECIFIED.,.F.,.F.,(5,5),(0.,1.),.PIECEWISE_BEZIER_KNOTS.);
#1801 = CARTESIAN_POINT('',(-14.72447786949,9.938537193232,6.0000006));
#1802 = CARTESIAN_POINT('',(-14.77264522179,9.972320433373,
    5.749997630821));
#1803 = CARTESIAN_POINT('',(-14.82180626417,10.004632481028,
    5.499991907586));
#1804 = CARTESIAN_POINT('',(-14.8719578408,10.035476188587,
    5.249990399072));
#1805 = CARTESIAN_POINT('',(-14.92310592197,10.064835301268,5.));
#1806 = PCURVE('',#538,#1807);
#1807 = DEFINITIONAL_REPRESENTATION('',(#1808),#1814);
#1808 = B_SPLINE_CURVE_WITH_KNOTS('',4,(#1809,#1810,#1811,#1812,#1813),
  .UNSPECIFIED.,.F.,.F.,(5,5),(5.999928798859E-07,1.),
  .PIECEWISE_BEZIER_KNOTS.);
#1809 = CARTESIAN_POINT('',(-7.242335401659,-6.));
#1810 = CARTESIAN_POINT('',(-7.264963724037,-5.749997180816));
#1811 = CARTESIAN_POINT('',(-7.287580066083,-5.499991607588));
#1812 = CARTESIAN_POINT('',(-7.310214741064,-5.24999024908));
#1813 = CARTESIAN_POINT('',(-7.332897527628,-5.));
#1814 = ( GEOMETRIC_REPRESENTATION_CONTEXT(2) 
PARAMETRIC_REPRESENTATION_CONTEXT() REPRESENTATION_CONTEXT('2D SPACE',''
  ) );
#1815 = PCURVE('',#899,#1816);
#1816 = DEFINITIONAL_REPRESENTATION('',(#1817),#1823);
#1817 = B_SPLINE_CURVE_WITH_KNOTS('',4,(#1818,#1819,#1820,#1821,#1822),
  .UNSPECIFIED.,.F.,.F.,(5,5),(0.,1.),.PIECEWISE_BEZIER_KNOTS.);
#1818 = CARTESIAN_POINT('',(-2.547865632747,-1.0000006));
#1819 = CARTESIAN_POINT('',(-2.547806290373,-0.749997630821));
#1820 = CARTESIAN_POINT('',(-2.547847406914,-0.499991907586));
#1821 = CARTESIAN_POINT('',(-2.547986762199,-0.249990399072));
#1822 = CARTESIAN_POINT('',(-2.548223391411,2.094062628218E-14));
#1823 = ( GEOMETRIC_REPRESENTATION_CONTEXT(2) 
PARAMETRIC_REPRESENTATION_CONTEXT() REPRESENTATION_CONTEXT('2D SPACE',''
  ) );
#1824 = ORIENTED_EDGE('',*,*,#1672,.F.);
#1825 = ADVANCED_FACE('',(#1826),#509,.T.);
#1826 = FACE_BOUND('',#1827,.T.);
#1827 = EDGE_LOOP('',(#1828,#1829,#1830,#1851));
#1828 = ORIENTED_EDGE('',*,*,#1719,.F.);
#1829 = ORIENTED_EDGE('',*,*,#492,.T.);
#1830 = ORIENTED_EDGE('',*,*,#1831,.T.);
#1831 = EDGE_CURVE('',#464,#1832,#1834,.T.);
#1832 = VERTEX_POINT('',#1833);
#1833 = CARTESIAN_POINT('',(-17.81222222222,2.593210270335,5.));
#1834 = SURFACE_CURVE('',#1835,(#1839,#1845),.PCURVE_S1.);
#1835 = LINE('',#1836,#1837);
#1836 = CARTESIAN_POINT('',(-17.81222222222,2.593210270335,0.));
#1837 = VECTOR('',#1838,1.);
#1838 = DIRECTION('',(0.,0.,1.));
#1839 = PCURVE('',#509,#1840);
#1840 = DEFINITIONAL_REPRESENTATION('',(#1841),#1844);
#1841 = B_SPLINE_CURVE_WITH_KNOTS('',1,(#1842,#1843),.UNSPECIFIED.,.F.,
  .F.,(2,2),(-6.E-07,5.0000006),.PIECEWISE_BEZIER_KNOTS.);
#1842 = CARTESIAN_POINT('',(2.997022341923,-6.E-07));
#1843 = CARTESIAN_POINT('',(2.997022341923,5.0000006));
#1844 = ( GEOMETRIC_REPRESENTATION_CONTEXT(2) 
PARAMETRIC_REPRESENTATION_CONTEXT() REPRESENTATION_CONTEXT('2D SPACE',''
  ) );
#1845 = PCURVE('',#480,#1846);
#1846 = DEFINITIONAL_REPRESENTATION('',(#1847),#1850);
#1847 = B_SPLINE_CURVE_WITH_KNOTS('',1,(#1848,#1849),.UNSPECIFIED.,.F.,
  .F.,(2,2),(0.,5.),.PIECEWISE_BEZIER_KNOTS.);
#1848 = CARTESIAN_POINT('',(-7.781696478141,0.));
#1849 = CARTESIAN_POINT('',(-7.781696478141,-5.));
#1850 = ( GEOMETRIC_REPRESENTATION_CONTEXT(2) 
PARAMETRIC_REPRESENTATION_CONTEXT() REPRESENTATION_CONTEXT('2D SPACE',''
  ) );
#1851 = ORIENTED_EDGE('',*,*,#1852,.F.);
#1852 = EDGE_CURVE('',#1720,#1832,#1853,.T.);
#1853 = SURFACE_CURVE('',#1854,(#1859,#1866),.PCURVE_S1.);
#1854 = CIRCLE('',#1855,18.);
#1855 = AXIS2_PLACEMENT_3D('',#1856,#1857,#1858);
#1856 = CARTESIAN_POINT('',(0.,0.,5.));
#1857 = DIRECTION('',(0.,0.,1.));
#1858 = DIRECTION('',(1.,0.,-0.));
#1859 = PCURVE('',#509,#1860);
#1860 = DEFINITIONAL_REPRESENTATION('',(#1861),#1865);
#1861 = LINE('',#1862,#1863);
#1862 = CARTESIAN_POINT('',(0.,5.));
#1863 = VECTOR('',#1864,1.);
#1864 = DIRECTION('',(1.,0.));
#1865 = ( GEOMETRIC_REPRESENTATION_CONTEXT(2) 
PARAMETRIC_REPRESENTATION_CONTEXT() REPRESENTATION_CONTEXT('2D SPACE',''
  ) );
#1866 = PCURVE('',#899,#1867);
#1867 = DEFINITIONAL_REPRESENTATION('',(#1868),#1872);
#1868 = LINE('',#1869,#1870);
#1869 = CARTESIAN_POINT('',(-0.,-0.));
#1870 = VECTOR('',#1871,1.);
#1871 = DIRECTION('',(-1.,-0.));
#1872 = ( GEOMETRIC_REPRESENTATION_CONTEXT(2) 
PARAMETRIC_REPRESENTATION_CONTEXT() REPRESENTATION_CONTEXT('2D SPACE',''
  ) );
#1873 = ADVANCED_FACE('',(#1874),#480,.F.);
#1874 = FACE_BOUND('',#1875,.T.);
#1875 = EDGE_LOOP('',(#1876,#1877,#1898,#1927,#1956,#1983));
#1876 = ORIENTED_EDGE('',*,*,#463,.F.);
#1877 = ORIENTED_EDGE('',*,*,#1878,.T.);
#1878 = EDGE_CURVE('',#435,#1879,#1881,.T.);
#1879 = VERTEX_POINT('',#1880);
#1880 = CARTESIAN_POINT('',(-17.81222222222,-2.593210270335,5.));
#1881 = SURFACE_CURVE('',#1882,(#1886,#1892),.PCURVE_S1.);
#1882 = LINE('',#1883,#1884);
#1883 = CARTESIAN_POINT('',(-17.81222222222,-2.593210270335,0.));
#1884 = VECTOR('',#1885,1.);
#1885 = DIRECTION('',(0.,0.,1.));
#1886 = PCURVE('',#480,#1887);
#1887 = DEFINITIONAL_REPRESENTATION('',(#1888),#1891);
#1888 = B_SPLINE_CURVE_WITH_KNOTS('',1,(#1889,#1890),.UNSPECIFIED.,.F.,
  .F.,(2,2),(0.,5.),.PIECEWISE_BEZIER_KNOTS.);
#1889 = CARTESIAN_POINT('',(-4.784674136218,0.));
#1890 = CARTESIAN_POINT('',(-4.784674136218,-5.));
#1891 = ( GEOMETRIC_REPRESENTATION_CONTEXT(2) 
PARAMETRIC_REPRESENTATION_CONTEXT() REPRESENTATION_CONTEXT('2D SPACE',''
  ) );
#1892 = PCURVE('',#451,#1893);
#1893 = DEFINITIONAL_REPRESENTATION('',(#1894),#1897);
#1894 = B_SPLINE_CURVE_WITH_KNOTS('',1,(#1895,#1896),.UNSPECIFIED.,.F.,
  .F.,(2,2),(-6.E-07,5.0000006),.PIECEWISE_BEZIER_KNOTS.);
#1895 = CARTESIAN_POINT('',(3.286162965256,-6.E-07));
#1896 = CARTESIAN_POINT('',(3.286162965256,5.0000006));
#1897 = ( GEOMETRIC_REPRESENTATION_CONTEXT(2) 
PARAMETRIC_REPRESENTATION_CONTEXT() REPRESENTATION_CONTEXT('2D SPACE',''
  ) );
#1898 = ORIENTED_EDGE('',*,*,#1899,.T.);
#1899 = EDGE_CURVE('',#1879,#1900,#1902,.T.);
#1900 = VERTEX_POINT('',#1901);
#1901 = CARTESIAN_POINT('',(-17.57846597462,-2.565601111913,6.));
#1902 = SURFACE_CURVE('',#1903,(#1909,#1918),.PCURVE_S1.);
#1903 = B_SPLINE_CURVE_WITH_KNOTS('',4,(#1904,#1905,#1906,#1907,#1908),
  .UNSPECIFIED.,.F.,.F.,(5,5),(0.,1.),.PIECEWISE_BEZIER_KNOTS.);
#1904 = CARTESIAN_POINT('',(-17.81222222222,-2.593210270335,5.));
#1905 = CARTESIAN_POINT('',(-17.75340095183,-2.588950944523,
    5.249990399162));
#1906 = CARTESIAN_POINT('',(-17.69483335947,-2.582921677838,
    5.499991907532));
#1907 = CARTESIAN_POINT('',(-17.63652111871,-2.575139705724,
    5.749997630854));
#1908 = CARTESIAN_POINT('',(-17.57846583529,-2.565601089021,6.0000006));
#1909 = PCURVE('',#480,#1910);
#1910 = DEFINITIONAL_REPRESENTATION('',(#1911),#1917);
#1911 = B_SPLINE_CURVE_WITH_KNOTS('',4,(#1912,#1913,#1914,#1915,#1916),
  .UNSPECIFIED.,.F.,.F.,(5,5),(0.,0.999999400007),
  .PIECEWISE_BEZIER_KNOTS.);
#1912 = CARTESIAN_POINT('',(-4.784674136218,-5.));
#1913 = CARTESIAN_POINT('',(-4.80735692279,-5.249990249169));
#1914 = CARTESIAN_POINT('',(-4.829991597758,-5.499991607534));
#1915 = CARTESIAN_POINT('',(-4.852607939812,-5.749997180849));
#1916 = CARTESIAN_POINT('',(-4.875236262187,-6.));
#1917 = ( GEOMETRIC_REPRESENTATION_CONTEXT(2) 
PARAMETRIC_REPRESENTATION_CONTEXT() REPRESENTATION_CONTEXT('2D SPACE',''
  ) );
#1918 = PCURVE('',#899,#1919);
#1919 = DEFINITIONAL_REPRESENTATION('',(#1920),#1926);
#1920 = B_SPLINE_CURVE_WITH_KNOTS('',4,(#1921,#1922,#1923,#1924,#1925),
  .UNSPECIFIED.,.F.,.F.,(5,5),(0.,1.),.PIECEWISE_BEZIER_KNOTS.);
#1921 = CARTESIAN_POINT('',(-3.286162965256,2.014854585543E-14));
#1922 = CARTESIAN_POINT('',(-3.286399594468,-0.249990399162));
#1923 = CARTESIAN_POINT('',(-3.286538949753,-0.499991907532));
#1924 = CARTESIAN_POINT('',(-3.286580066294,-0.749997630854));
#1925 = CARTESIAN_POINT('',(-3.286520723919,-1.0000006));
#1926 = ( GEOMETRIC_REPRESENTATION_CONTEXT(2) 
PARAMETRIC_REPRESENTATION_CONTEXT() REPRESENTATION_CONTEXT('2D SPACE',''
  ) );
#1927 = ORIENTED_EDGE('',*,*,#1928,.T.);
#1928 = EDGE_CURVE('',#1900,#1929,#1931,.T.);
#1929 = VERTEX_POINT('',#1930);
#1930 = CARTESIAN_POINT('',(-17.57846597462,2.565601111913,6.));
#1931 = SURFACE_CURVE('',#1932,(#1937,#1944),.PCURVE_S1.);
#1932 = CIRCLE('',#1933,2.6);
#1933 = AXIS2_PLACEMENT_3D('',#1934,#1935,#1936);
#1934 = CARTESIAN_POINT('',(-18.,2.204364238465E-15,6.));
#1935 = DIRECTION('',(0.,0.,1.));
#1936 = DIRECTION('',(0.162128471298,-0.986769658428,0.));
#1937 = PCURVE('',#480,#1938);
#1938 = DEFINITIONAL_REPRESENTATION('',(#1939),#1943);
#1939 = LINE('',#1940,#1941);
#1940 = CARTESIAN_POINT('',(-4.875236262187,-6.));
#1941 = VECTOR('',#1942,1.);
#1942 = DIRECTION('',(-1.,0.));
#1943 = ( GEOMETRIC_REPRESENTATION_CONTEXT(2) 
PARAMETRIC_REPRESENTATION_CONTEXT() REPRESENTATION_CONTEXT('2D SPACE',''
  ) );
#1944 = PCURVE('',#1945,#1950);
#1945 = PLANE('',#1946);
#1946 = AXIS2_PLACEMENT_3D('',#1947,#1948,#1949);
#1947 = CARTESIAN_POINT('',(-18.,2.496496662008E-15,6.));
#1948 = DIRECTION('',(0.,0.,1.));
#1949 = DIRECTION('',(1.,0.,-0.));
#1950 = DEFINITIONAL_REPRESENTATION('',(#1951),#1955);
#1951 = CIRCLE('',#1952,2.6);
#1952 = AXIS2_PLACEMENT_2D('',#1953,#1954);
#1953 = CARTESIAN_POINT('',(0.,-2.921324235423E-16));
#1954 = DIRECTION('',(0.162128471298,-0.986769658428));
#1955 = ( GEOMETRIC_REPRESENTATION_CONTEXT(2) 
PARAMETRIC_REPRESENTATION_CONTEXT() REPRESENTATION_CONTEXT('2D SPACE',''
  ) );
#1956 = ORIENTED_EDGE('',*,*,#1957,.T.);
#1957 = EDGE_CURVE('',#1929,#1832,#1958,.T.);
#1958 = SURFACE_CURVE('',#1959,(#1965,#1974),.PCURVE_S1.);
#1959 = B_SPLINE_CURVE_WITH_KNOTS('',4,(#1960,#1961,#1962,#1963,#1964),
  .UNSPECIFIED.,.F.,.F.,(5,5),(0.,1.),.PIECEWISE_BEZIER_KNOTS.);
#1960 = CARTESIAN_POINT('',(-17.57846583529,2.565601089021,6.0000006));
#1961 = CARTESIAN_POINT('',(-17.63652111871,2.575139705724,
    5.749997630847));
#1962 = CARTESIAN_POINT('',(-17.69483335947,2.582921677837,
    5.499991907549));
#1963 = CARTESIAN_POINT('',(-17.75340095183,2.588950944524,
    5.249990399148));
#1964 = CARTESIAN_POINT('',(-17.81222222222,2.593210270335,5.));
#1965 = PCURVE('',#480,#1966);
#1966 = DEFINITIONAL_REPRESENTATION('',(#1967),#1973);
#1967 = B_SPLINE_CURVE_WITH_KNOTS('',4,(#1968,#1969,#1970,#1971,#1972),
  .UNSPECIFIED.,.F.,.F.,(5,5),(5.999928645129E-07,1.),
  .PIECEWISE_BEZIER_KNOTS.);
#1968 = CARTESIAN_POINT('',(-7.691134352172,-6.));
#1969 = CARTESIAN_POINT('',(-7.713762674548,-5.749997180842));
#1970 = CARTESIAN_POINT('',(-7.736379016599,-5.499991607551));
#1971 = CARTESIAN_POINT('',(-7.75901369157,-5.249990249156));
#1972 = CARTESIAN_POINT('',(-7.781696478141,-5.));
#1973 = ( GEOMETRIC_REPRESENTATION_CONTEXT(2) 
PARAMETRIC_REPRESENTATION_CONTEXT() REPRESENTATION_CONTEXT('2D SPACE',''
  ) );
#1974 = PCURVE('',#899,#1975);
#1975 = DEFINITIONAL_REPRESENTATION('',(#1976),#1982);
#1976 = B_SPLINE_CURVE_WITH_KNOTS('',4,(#1977,#1978,#1979,#1980,#1981),
  .UNSPECIFIED.,.F.,.F.,(5,5),(0.,1.),.PIECEWISE_BEZIER_KNOTS.);
#1977 = CARTESIAN_POINT('',(-2.99666458326,-1.0000006));
#1978 = CARTESIAN_POINT('',(-2.996605240886,-0.749997630847));
#1979 = CARTESIAN_POINT('',(-2.996646357427,-0.499991907549));
#1980 = CARTESIAN_POINT('',(-2.996785712712,-0.249990399148));
#1981 = CARTESIAN_POINT('',(-2.997022341923,2.094062628218E-14));
#1982 = ( GEOMETRIC_REPRESENTATION_CONTEXT(2) 
PARAMETRIC_REPRESENTATION_CONTEXT() REPRESENTATION_CONTEXT('2D SPACE',''
  ) );
#1983 = ORIENTED_EDGE('',*,*,#1831,.F.);
#1984 = ADVANCED_FACE('',(#1985),#451,.T.);
#1985 = FACE_BOUND('',#1986,.T.);
#1986 = EDGE_LOOP('',(#1987,#1988,#1989,#2010));
#1987 = ORIENTED_EDGE('',*,*,#1878,.F.);
#1988 = ORIENTED_EDGE('',*,*,#434,.T.);
#1989 = ORIENTED_EDGE('',*,*,#1990,.T.);
#1990 = EDGE_CURVE('',#406,#1991,#1993,.T.);
#1991 = VERTEX_POINT('',#1992);
#1992 = CARTESIAN_POINT('',(-17.17340945879,-5.392031858274,5.));
#1993 = SURFACE_CURVE('',#1994,(#1998,#2004),.PCURVE_S1.);
#1994 = LINE('',#1995,#1996);
#1995 = CARTESIAN_POINT('',(-17.17340945879,-5.392031858274,0.));
#1996 = VECTOR('',#1997,1.);
#1997 = DIRECTION('',(0.,0.,1.));
#1998 = PCURVE('',#451,#1999);
#1999 = DEFINITIONAL_REPRESENTATION('',(#2000),#2003);
#2000 = B_SPLINE_CURVE_WITH_KNOTS('',1,(#2001,#2002),.UNSPECIFIED.,.F.,
  .F.,(2,2),(-6.E-07,5.0000006),.PIECEWISE_BEZIER_KNOTS.);
#2001 = CARTESIAN_POINT('',(3.445821292436,-6.E-07));
#2002 = CARTESIAN_POINT('',(3.445821292436,5.0000006));
#2003 = ( GEOMETRIC_REPRESENTATION_CONTEXT(2) 
PARAMETRIC_REPRESENTATION_CONTEXT() REPRESENTATION_CONTEXT('2D SPACE',''
  ) );
#2004 = PCURVE('',#422,#2005);
#2005 = DEFINITIONAL_REPRESENTATION('',(#2006),#2009);
#2006 = B_SPLINE_CURVE_WITH_KNOTS('',1,(#2007,#2008),.UNSPECIFIED.,.F.,
  .F.,(2,2),(0.,5.),.PIECEWISE_BEZIER_KNOTS.);
#2007 = CARTESIAN_POINT('',(-8.230495428654,0.));
#2008 = CARTESIAN_POINT('',(-8.230495428654,-5.));
#2009 = ( GEOMETRIC_REPRESENTATION_CONTEXT(2) 
PARAMETRIC_REPRESENTATION_CONTEXT() REPRESENTATION_CONTEXT('2D SPACE',''
  ) );
#2010 = ORIENTED_EDGE('',*,*,#2011,.F.);
#2011 = EDGE_CURVE('',#1879,#1991,#2012,.T.);
#2012 = SURFACE_CURVE('',#2013,(#2018,#2025),.PCURVE_S1.);
#2013 = CIRCLE('',#2014,18.);
#2014 = AXIS2_PLACEMENT_3D('',#2015,#2016,#2017);
#2015 = CARTESIAN_POINT('',(0.,0.,5.));
#2016 = DIRECTION('',(0.,0.,1.));
#2017 = DIRECTION('',(1.,0.,-0.));
#2018 = PCURVE('',#451,#2019);
#2019 = DEFINITIONAL_REPRESENTATION('',(#2020),#2024);
#2020 = LINE('',#2021,#2022);
#2021 = CARTESIAN_POINT('',(0.,5.));
#2022 = VECTOR('',#2023,1.);
#2023 = DIRECTION('',(1.,0.));
#2024 = ( GEOMETRIC_REPRESENTATION_CONTEXT(2) 
PARAMETRIC_REPRESENTATION_CONTEXT() REPRESENTATION_CONTEXT('2D SPACE',''
  ) );
#2025 = PCURVE('',#899,#2026);
#2026 = DEFINITIONAL_REPRESENTATION('',(#2027),#2031);
#2027 = LINE('',#2028,#2029);
#2028 = CARTESIAN_POINT('',(-0.,-0.));
#2029 = VECTOR('',#2030,1.);
#2030 = DIRECTION('',(-1.,-0.));
#2031 = ( GEOMETRIC_REPRESENTATION_CONTEXT(2) 
PARAMETRIC_REPRESENTATION_CONTEXT() REPRESENTATION_CONTEXT('2D SPACE',''
  ) );
#2032 = ADVANCED_FACE('',(#2033),#422,.F.);
#2033 = FACE_BOUND('',#2034,.T.);
#2034 = EDGE_LOOP('',(#2035,#2036,#2057,#2095,#2124,#2151));
#2035 = ORIENTED_EDGE('',*,*,#405,.F.);
#2036 = ORIENTED_EDGE('',*,*,#2037,.T.);
#2037 = EDGE_CURVE('',#377,#2038,#2040,.T.);
#2038 = VERTEX_POINT('',#2039);
#2039 = CARTESIAN_POINT('',(-14.92310592197,-10.06483530126,5.));
#2040 = SURFACE_CURVE('',#2041,(#2045,#2051),.PCURVE_S1.);
#2041 = LINE('',#2042,#2043);
#2042 = CARTESIAN_POINT('',(-14.92310592197,-10.06483530126,0.));
#2043 = VECTOR('',#2044,1.);
#2044 = DIRECTION('',(0.,0.,1.));
#2045 = PCURVE('',#422,#2046);
#2046 = DEFINITIONAL_REPRESENTATION('',(#2047),#2050);
#2047 = B_SPLINE_CURVE_WITH_KNOTS('',1,(#2048,#2049),.UNSPECIFIED.,.F.,
  .F.,(2,2),(0.,5.),.PIECEWISE_BEZIER_KNOTS.);
#2048 = CARTESIAN_POINT('',(-5.233473086731,0.));
#2049 = CARTESIAN_POINT('',(-5.233473086731,-5.));
#2050 = ( GEOMETRIC_REPRESENTATION_CONTEXT(2) 
PARAMETRIC_REPRESENTATION_CONTEXT() REPRESENTATION_CONTEXT('2D SPACE',''
  ) );
#2051 = PCURVE('',#393,#2052);
#2052 = DEFINITIONAL_REPRESENTATION('',(#2053),#2056);
#2053 = B_SPLINE_CURVE_WITH_KNOTS('',1,(#2054,#2055),.UNSPECIFIED.,.F.,
  .F.,(2,2),(-6.E-07,5.0000006),.PIECEWISE_BEZIER_KNOTS.);
#2054 = CARTESIAN_POINT('',(3.734961915769,-6.E-07));
#2055 = CARTESIAN_POINT('',(3.734961915769,5.0000006));
#2056 = ( GEOMETRIC_REPRESENTATION_CONTEXT(2) 
PARAMETRIC_REPRESENTATION_CONTEXT() REPRESENTATION_CONTEXT('2D SPACE',''
  ) );
#2057 = ORIENTED_EDGE('',*,*,#2058,.T.);
#2058 = EDGE_CURVE('',#2038,#2059,#2061,.T.);
#2059 = VERTEX_POINT('',#2060);
#2060 = CARTESIAN_POINT('',(-14.72447798509,-9.938537274311,6.));
#2061 = SURFACE_CURVE('',#2062,(#2071,#2083),.PCURVE_S1.);
#2062 = B_SPLINE_CURVE_WITH_KNOTS('',4,(#2063,#2064,#2065,#2066,#2067,
    #2068,#2069,#2070),.UNSPECIFIED.,.F.,.F.,(5,3,5),(0.,0.797847483815,
    1.),.UNSPECIFIED.);
#2063 = CARTESIAN_POINT('',(-14.92310592197,-10.06483530126,5.));
#2064 = CARTESIAN_POINT('',(-14.88229755438,-10.04141120724,
    5.199454209562));
#2065 = CARTESIAN_POINT('',(-14.84212351978,-10.01704208115,
    5.398915495993));
#2066 = CARTESIAN_POINT('',(-14.80258079404,-9.991736168902,
    5.598380344329));
#2067 = CARTESIAN_POINT('',(-14.75381112165,-9.958844953317,
    5.848384131739));
#2068 = CARTESIAN_POINT('',(-14.74399278044,-9.952135805499,
    5.898923028929));
#2069 = CARTESIAN_POINT('',(-14.73421502089,-9.945366560186,
    5.949461871066));
#2070 = CARTESIAN_POINT('',(-14.72447786949,-9.938537193232,6.0000006));
#2071 = PCURVE('',#422,#2072);
#2072 = DEFINITIONAL_REPRESENTATION('',(#2073),#2082);
#2073 = B_SPLINE_CURVE_WITH_KNOTS('',4,(#2074,#2075,#2076,#2077,#2078,
    #2079,#2080,#2081),.UNSPECIFIED.,.F.,.F.,(5,3,5),(0.,0.797847483815,
    0.999999400007),.UNSPECIFIED.);
#2074 = CARTESIAN_POINT('',(-5.233473086731,-5.));
#2075 = CARTESIAN_POINT('',(-5.251570501656,-5.199454209562));
#2076 = CARTESIAN_POINT('',(-5.269637279345,-5.398915495993));
#2077 = CARTESIAN_POINT('',(-5.287688583976,-5.598380344329));
#2078 = CARTESIAN_POINT('',(-5.31031334935,-5.848383981738));
#2079 = CARTESIAN_POINT('',(-5.314886980861,-5.898922728928));
#2080 = CARTESIAN_POINT('',(-5.319460851257,-5.949461421065));
#2081 = CARTESIAN_POINT('',(-5.3240352127,-6.));
#2082 = ( GEOMETRIC_REPRESENTATION_CONTEXT(2) 
PARAMETRIC_REPRESENTATION_CONTEXT() REPRESENTATION_CONTEXT('2D SPACE',''
  ) );
#2083 = PCURVE('',#899,#2084);
#2084 = DEFINITIONAL_REPRESENTATION('',(#2085),#2094);
#2085 = B_SPLINE_CURVE_WITH_KNOTS('',4,(#2086,#2087,#2088,#2089,#2090,
    #2091,#2092,#2093),.UNSPECIFIED.,.F.,.F.,(5,3,5),(0.,0.797847483815,
    1.),.UNSPECIFIED.);
#2086 = CARTESIAN_POINT('',(-3.734961915769,2.094062628218E-14));
#2087 = CARTESIAN_POINT('',(-3.735150709789,-0.199454209562));
#2088 = CARTESIAN_POINT('',(-3.735277583681,-0.398915495993));
#2089 = CARTESIAN_POINT('',(-3.735342045241,-0.598380344329));
#2090 = CARTESIAN_POINT('',(-3.735343365297,-0.848384131739));
#2091 = CARTESIAN_POINT('',(-3.735339561448,-0.898923028929));
#2092 = CARTESIAN_POINT('',(-3.735331670642,-0.949461871066));
#2093 = CARTESIAN_POINT('',(-3.735319674432,-1.0000006));
#2094 = ( GEOMETRIC_REPRESENTATION_CONTEXT(2) 
PARAMETRIC_REPRESENTATION_CONTEXT() REPRESENTATION_CONTEXT('2D SPACE',''
  ) );
#2095 = ORIENTED_EDGE('',*,*,#2096,.T.);
#2096 = EDGE_CURVE('',#2059,#2097,#2099,.T.);
#2097 = VERTEX_POINT('',#2098);
#2098 = CARTESIAN_POINT('',(-16.95082319214,-5.315483815731,6.));
#2099 = SURFACE_CURVE('',#2100,(#2105,#2112),.PCURVE_S1.);
#2100 = CIRCLE('',#2101,2.6);
#2101 = AXIS2_PLACEMENT_3D('',#2102,#2103,#2104);
#2102 = CARTESIAN_POINT('',(-16.21743962224,-7.809907304116,6.));
#2103 = DIRECTION('',(0.,0.,1.));
#2104 = DIRECTION('',(0.574216014287,-0.81870383469,0.));
#2105 = PCURVE('',#422,#2106);
#2106 = DEFINITIONAL_REPRESENTATION('',(#2107),#2111);
#2107 = LINE('',#2108,#2109);
#2108 = CARTESIAN_POINT('',(-5.3240352127,-6.));
#2109 = VECTOR('',#2110,1.);
#2110 = DIRECTION('',(-1.,0.));
#2111 = ( GEOMETRIC_REPRESENTATION_CONTEXT(2) 
PARAMETRIC_REPRESENTATION_CONTEXT() REPRESENTATION_CONTEXT('2D SPACE',''
  ) );
#2112 = PCURVE('',#2113,#2118);
#2113 = PLANE('',#2114);
#2114 = AXIS2_PLACEMENT_3D('',#2115,#2116,#2117);
#2115 = CARTESIAN_POINT('',(-16.21743962224,-7.809907304116,6.));
#2116 = DIRECTION('',(0.,0.,1.));
#2117 = DIRECTION('',(1.,0.,-0.));
#2118 = DEFINITIONAL_REPRESENTATION('',(#2119),#2123);
#2119 = CIRCLE('',#2120,2.6);
#2120 = AXIS2_PLACEMENT_2D('',#2121,#2122);
#2121 = CARTESIAN_POINT('',(3.552713678801E-15,-8.881784197001E-16));
#2122 = DIRECTION('',(0.574216014287,-0.81870383469));
#2123 = ( GEOMETRIC_REPRESENTATION_CONTEXT(2) 
PARAMETRIC_REPRESENTATION_CONTEXT() REPRESENTATION_CONTEXT('2D SPACE',''
  ) );
#2124 = ORIENTED_EDGE('',*,*,#2125,.T.);
#2125 = EDGE_CURVE('',#2097,#1991,#2126,.T.);
#2126 = SURFACE_CURVE('',#2127,(#2133,#2142),.PCURVE_S1.);
#2127 = B_SPLINE_CURVE_WITH_KNOTS('',4,(#2128,#2129,#2130,#2131,#2132),
  .UNSPECIFIED.,.F.,.F.,(5,5),(0.,1.),.PIECEWISE_BEZIER_KNOTS.);
#2128 = CARTESIAN_POINT('',(-16.95082305667,-5.315483775903,6.0000006));
#2129 = CARTESIAN_POINT('',(-17.00726771033,-5.332079022657,
    5.749997630825));
#2130 = CARTESIAN_POINT('',(-17.06318169502,-5.350368441107,
    5.499991907576));
#2131 = CARTESIAN_POINT('',(-17.1185652732,-5.370347785498,
    5.249990399083));
#2132 = CARTESIAN_POINT('',(-17.17340945879,-5.392031858274,5.));
#2133 = PCURVE('',#422,#2134);
#2134 = DEFINITIONAL_REPRESENTATION('',(#2135),#2141);
#2135 = B_SPLINE_CURVE_WITH_KNOTS('',4,(#2136,#2137,#2138,#2139,#2140),
  .UNSPECIFIED.,.F.,.F.,(5,5),(5.999928791061E-07,1.),
  .PIECEWISE_BEZIER_KNOTS.);
#2136 = CARTESIAN_POINT('',(-8.139933302685,-6.));
#2137 = CARTESIAN_POINT('',(-8.162561625062,-5.74999718082));
#2138 = CARTESIAN_POINT('',(-8.18517796711,-5.499991607578));
#2139 = CARTESIAN_POINT('',(-8.207812642089,-5.249990249091));
#2140 = CARTESIAN_POINT('',(-8.230495428654,-5.));
#2141 = ( GEOMETRIC_REPRESENTATION_CONTEXT(2) 
PARAMETRIC_REPRESENTATION_CONTEXT() REPRESENTATION_CONTEXT('2D SPACE',''
  ) );
#2142 = PCURVE('',#899,#2143);
#2143 = DEFINITIONAL_REPRESENTATION('',(#2144),#2150);
#2144 = B_SPLINE_CURVE_WITH_KNOTS('',4,(#2145,#2146,#2147,#2148,#2149),
  .UNSPECIFIED.,.F.,.F.,(5,5),(0.,1.),.PIECEWISE_BEZIER_KNOTS.);
#2145 = CARTESIAN_POINT('',(-3.445463533773,-1.0000006));
#2146 = CARTESIAN_POINT('',(-3.445404191399,-0.749997630825));
#2147 = CARTESIAN_POINT('',(-3.44544530794,-0.499991907576));
#2148 = CARTESIAN_POINT('',(-3.445584663225,-0.249990399083));
#2149 = CARTESIAN_POINT('',(-3.445821292436,2.094062628218E-14));
#2150 = ( GEOMETRIC_REPRESENTATION_CONTEXT(2) 
PARAMETRIC_REPRESENTATION_CONTEXT() REPRESENTATION_CONTEXT('2D SPACE',''
  ) );
#2151 = ORIENTED_EDGE('',*,*,#1990,.F.);
#2152 = ADVANCED_FACE('',(#2153),#393,.T.);
#2153 = FACE_BOUND('',#2154,.T.);
#2154 = EDGE_LOOP('',(#2155,#2156,#2157,#2178));
#2155 = ORIENTED_EDGE('',*,*,#2037,.F.);
#2156 = ORIENTED_EDGE('',*,*,#376,.T.);
#2157 = ORIENTED_EDGE('',*,*,#2158,.T.);
#2158 = EDGE_CURVE('',#348,#2159,#2161,.T.);
#2159 = VERTEX_POINT('',#2160);
#2160 = CARTESIAN_POINT('',(-13.133192334,-12.30931594842,5.));
#2161 = SURFACE_CURVE('',#2162,(#2166,#2172),.PCURVE_S1.);
#2162 = LINE('',#2163,#2164);
#2163 = CARTESIAN_POINT('',(-13.133192334,-12.30931594842,0.));
#2164 = VECTOR('',#2165,1.);
#2165 = DIRECTION('',(0.,0.,1.));
#2166 = PCURVE('',#393,#2167);
#2167 = DEFINITIONAL_REPRESENTATION('',(#2168),#2171);
#2168 = B_SPLINE_CURVE_WITH_KNOTS('',1,(#2169,#2170),.UNSPECIFIED.,.F.,
  .F.,(2,2),(-6.E-07,5.0000006),.PIECEWISE_BEZIER_KNOTS.);
#2169 = CARTESIAN_POINT('',(3.894620242949,-6.E-07));
#2170 = CARTESIAN_POINT('',(3.894620242949,5.0000006));
#2171 = ( GEOMETRIC_REPRESENTATION_CONTEXT(2) 
PARAMETRIC_REPRESENTATION_CONTEXT() REPRESENTATION_CONTEXT('2D SPACE',''
  ) );
#2172 = PCURVE('',#364,#2173);
#2173 = DEFINITIONAL_REPRESENTATION('',(#2174),#2177);
#2174 = B_SPLINE_CURVE_WITH_KNOTS('',1,(#2175,#2176),.UNSPECIFIED.,.F.,
  .F.,(2,2),(0.,5.),.PIECEWISE_BEZIER_KNOTS.);
#2175 = CARTESIAN_POINT('',(-8.679294379167,0.));
#2176 = CARTESIAN_POINT('',(-8.679294379167,-5.));
#2177 = ( GEOMETRIC_REPRESENTATION_CONTEXT(2) 
PARAMETRIC_REPRESENTATION_CONTEXT() REPRESENTATION_CONTEXT('2D SPACE',''
  ) );
#2178 = ORIENTED_EDGE('',*,*,#2179,.F.);
#2179 = EDGE_CURVE('',#2038,#2159,#2180,.T.);
#2180 = SURFACE_CURVE('',#2181,(#2186,#2193),.PCURVE_S1.);
#2181 = CIRCLE('',#2182,18.);
#2182 = AXIS2_PLACEMENT_3D('',#2183,#2184,#2185);
#2183 = CARTESIAN_POINT('',(0.,0.,5.));
#2184 = DIRECTION('',(0.,0.,1.));
#2185 = DIRECTION('',(1.,0.,-0.));
#2186 = PCURVE('',#393,#2187);
#2187 = DEFINITIONAL_REPRESENTATION('',(#2188),#2192);
#2188 = LINE('',#2189,#2190);
#2189 = CARTESIAN_POINT('',(0.,5.));
#2190 = VECTOR('',#2191,1.);
#2191 = DIRECTION('',(1.,0.));
#2192 = ( GEOMETRIC_REPRESENTATION_CONTEXT(2) 
PARAMETRIC_REPRESENTATION_CONTEXT() REPRESENTATION_CONTEXT('2D SPACE',''
  ) );
#2193 = PCURVE('',#899,#2194);
#2194 = DEFINITIONAL_REPRESENTATION('',(#2195),#2199);
#2195 = LINE('',#2196,#2197);
#2196 = CARTESIAN_POINT('',(-0.,-0.));
#2197 = VECTOR('',#2198,1.);
#2198 = DIRECTION('',(-1.,-0.));
#2199 = ( GEOMETRIC_REPRESENTATION_CONTEXT(2) 
PARAMETRIC_REPRESENTATION_CONTEXT() REPRESENTATION_CONTEXT('2D SPACE',''
  ) );
#2200 = ADVANCED_FACE('',(#2201),#364,.F.);
#2201 = FACE_BOUND('',#2202,.T.);
#2202 = EDGE_LOOP('',(#2203,#2204,#2225,#2263,#2292,#2319));
#2203 = ORIENTED_EDGE('',*,*,#347,.F.);
#2204 = ORIENTED_EDGE('',*,*,#2205,.T.);
#2205 = EDGE_CURVE('',#319,#2206,#2208,.T.);
#2206 = VERTEX_POINT('',#2207);
#2207 = CARTESIAN_POINT('',(-9.078285473989,-15.54299626367,5.));
#2208 = SURFACE_CURVE('',#2209,(#2213,#2219),.PCURVE_S1.);
#2209 = LINE('',#2210,#2211);
#2210 = CARTESIAN_POINT('',(-9.078285473989,-15.54299626367,0.));
#2211 = VECTOR('',#2212,1.);
#2212 = DIRECTION('',(0.,0.,1.));
#2213 = PCURVE('',#364,#2214);
#2214 = DEFINITIONAL_REPRESENTATION('',(#2215),#2218);
#2215 = B_SPLINE_CURVE_WITH_KNOTS('',1,(#2216,#2217),.UNSPECIFIED.,.F.,
  .F.,(2,2),(0.,5.),.PIECEWISE_BEZIER_KNOTS.);
#2216 = CARTESIAN_POINT('',(-5.682272037244,0.));
#2217 = CARTESIAN_POINT('',(-5.682272037244,-5.));
#2218 = ( GEOMETRIC_REPRESENTATION_CONTEXT(2) 
PARAMETRIC_REPRESENTATION_CONTEXT() REPRESENTATION_CONTEXT('2D SPACE',''
  ) );
#2219 = PCURVE('',#335,#2220);
#2220 = DEFINITIONAL_REPRESENTATION('',(#2221),#2224);
#2221 = B_SPLINE_CURVE_WITH_KNOTS('',1,(#2222,#2223),.UNSPECIFIED.,.F.,
  .F.,(2,2),(-6.E-07,5.0000006),.PIECEWISE_BEZIER_KNOTS.);
#2222 = CARTESIAN_POINT('',(4.183760866282,-6.E-07));
#2223 = CARTESIAN_POINT('',(4.183760866282,5.0000006));
#2224 = ( GEOMETRIC_REPRESENTATION_CONTEXT(2) 
PARAMETRIC_REPRESENTATION_CONTEXT() REPRESENTATION_CONTEXT('2D SPACE',''
  ) );
#2225 = ORIENTED_EDGE('',*,*,#2226,.T.);
#2226 = EDGE_CURVE('',#2206,#2227,#2229,.T.);
#2227 = VERTEX_POINT('',#2228);
#2228 = CARTESIAN_POINT('',(-8.954126546751,-15.34302424137,6.));
#2229 = SURFACE_CURVE('',#2230,(#2239,#2251),.PCURVE_S1.);
#2230 = B_SPLINE_CURVE_WITH_KNOTS('',4,(#2231,#2232,#2233,#2234,#2235,
    #2236,#2237,#2238),.UNSPECIFIED.,.F.,.F.,(5,3,5),(0.,0.798161282182,
    1.),.UNSPECIFIED.);
#2231 = CARTESIAN_POINT('',(-9.078285473989,-15.54299626367,5.));
#2232 = CARTESIAN_POINT('',(-9.051671275327,-15.50417053268,
    5.199532656141));
#2233 = CARTESIAN_POINT('',(-9.026039397243,-15.46476813065,
    5.399072394714));
#2234 = CARTESIAN_POINT('',(-9.001383529868,-15.42479518196,
    5.598615696622));
#2235 = CARTESIAN_POINT('',(-8.971715979758,-15.37400001089,
    5.848619484089));
#2236 = CARTESIAN_POINT('',(-8.965790357164,-15.36371114164,
    5.899079930326));
#2237 = CARTESIAN_POINT('',(-8.95992717844,-15.35338584746,
    5.949540321588));
#2238 = CARTESIAN_POINT('',(-8.954126477777,-15.34302411816,6.0000006));
#2239 = PCURVE('',#364,#2240);
#2240 = DEFINITIONAL_REPRESENTATION('',(#2241),#2250);
#2241 = B_SPLINE_CURVE_WITH_KNOTS('',4,(#2242,#2243,#2244,#2245,#2246,
    #2247,#2248,#2249),.UNSPECIFIED.,.F.,.F.,(5,3,5),(0.,0.798161282182,
    0.999999400007),.UNSPECIFIED.);
#2242 = CARTESIAN_POINT('',(-5.682272037244,-5.));
#2243 = CARTESIAN_POINT('',(-5.700376569994,-5.199532656141));
#2244 = CARTESIAN_POINT('',(-5.718450441418,-5.399072394714));
#2245 = CARTESIAN_POINT('',(-5.736508833539,-5.598615696622));
#2246 = CARTESIAN_POINT('',(-5.75913359867,-5.848619334089));
#2247 = CARTESIAN_POINT('',(-5.76370013132,-5.899079630325));
#2248 = CARTESIAN_POINT('',(-5.768266902505,-5.949539871587));
#2249 = CARTESIAN_POINT('',(-5.772834163213,-6.));
#2250 = ( GEOMETRIC_REPRESENTATION_CONTEXT(2) 
PARAMETRIC_REPRESENTATION_CONTEXT() REPRESENTATION_CONTEXT('2D SPACE',''
  ) );
#2251 = PCURVE('',#899,#2252);
#2252 = DEFINITIONAL_REPRESENTATION('',(#2253),#2262);
#2253 = B_SPLINE_CURVE_WITH_KNOTS('',4,(#2254,#2255,#2256,#2257,#2258,
    #2259,#2260,#2261),.UNSPECIFIED.,.F.,.F.,(5,3,5),(0.,0.798161282182,
    1.),.UNSPECIFIED.);
#2254 = CARTESIAN_POINT('',(-4.183760866282,2.014854585543E-14));
#2255 = CARTESIAN_POINT('',(-4.183949734556,-0.199532656141));
#2256 = CARTESIAN_POINT('',(-4.184076633984,-0.399072394714));
#2257 = CARTESIAN_POINT('',(-4.184141071785,-0.598615696622));
#2258 = CARTESIAN_POINT('',(-4.184142298066,-0.848619484089));
#2259 = CARTESIAN_POINT('',(-4.184138487454,-0.899079930326));
#2260 = CARTESIAN_POINT('',(-4.184130602534,-0.949540321588));
#2261 = CARTESIAN_POINT('',(-4.184118624945,-1.0000006));
#2262 = ( GEOMETRIC_REPRESENTATION_CONTEXT(2) 
PARAMETRIC_REPRESENTATION_CONTEXT() REPRESENTATION_CONTEXT('2D SPACE',''
  ) );
#2263 = ORIENTED_EDGE('',*,*,#2264,.T.);
#2264 = EDGE_CURVE('',#2227,#2265,#2267,.T.);
#2265 = VERTEX_POINT('',#2266);
#2266 = CARTESIAN_POINT('',(-12.96586198824,-12.14377198354,6.));
#2267 = SURFACE_CURVE('',#2268,(#2273,#2280),.PCURVE_S1.);
#2268 = CIRCLE('',#2269,2.6);
#2269 = AXIS2_PLACEMENT_3D('',#2270,#2271,#2272);
#2270 = CARTESIAN_POINT('',(-11.22281643345,-14.07296668442,6.));
#2271 = DIRECTION('',(-0.,0.,1.));
#2272 = DIRECTION('',(0.872573033349,-0.488483675748,0.));
#2273 = PCURVE('',#364,#2274);
#2274 = DEFINITIONAL_REPRESENTATION('',(#2275),#2279);
#2275 = LINE('',#2276,#2277);
#2276 = CARTESIAN_POINT('',(-5.772834163213,-6.));
#2277 = VECTOR('',#2278,1.);
#2278 = DIRECTION('',(-1.,0.));
#2279 = ( GEOMETRIC_REPRESENTATION_CONTEXT(2) 
PARAMETRIC_REPRESENTATION_CONTEXT() REPRESENTATION_CONTEXT('2D SPACE',''
  ) );
#2280 = PCURVE('',#2281,#2286);
#2281 = PLANE('',#2282);
#2282 = AXIS2_PLACEMENT_3D('',#2283,#2284,#2285);
#2283 = CARTESIAN_POINT('',(-11.22281643345,-14.07296668442,6.));
#2284 = DIRECTION('',(0.,0.,1.));
#2285 = DIRECTION('',(1.,0.,-0.));
#2286 = DEFINITIONAL_REPRESENTATION('',(#2287),#2291);
#2287 = CIRCLE('',#2288,2.6);
#2288 = AXIS2_PLACEMENT_2D('',#2289,#2290);
#2289 = CARTESIAN_POINT('',(0.,-1.7763568394E-15));
#2290 = DIRECTION('',(0.872573033349,-0.488483675748));
#2291 = ( GEOMETRIC_REPRESENTATION_CONTEXT(2) 
PARAMETRIC_REPRESENTATION_CONTEXT() REPRESENTATION_CONTEXT('2D SPACE',''
  ) );
#2292 = ORIENTED_EDGE('',*,*,#2293,.T.);
#2293 = EDGE_CURVE('',#2265,#2159,#2294,.T.);
#2294 = SURFACE_CURVE('',#2295,(#2301,#2310),.PCURVE_S1.);
#2295 = B_SPLINE_CURVE_WITH_KNOTS('',4,(#2296,#2297,#2298,#2299,#2300),
  .UNSPECIFIED.,.F.,.F.,(5,5),(0.,1.),.PIECEWISE_BEZIER_KNOTS.);
#2296 = CARTESIAN_POINT('',(-12.96586188347,-12.14377188887,6.0000006));
#2297 = CARTESIAN_POINT('',(-13.00951635147,-12.18321410694,
    5.749997630837));
#2298 = CARTESIAN_POINT('',(-13.0519576297,-12.22395247232,
    5.499991907558));
#2299 = CARTESIAN_POINT('',(-13.09318779677,-12.2659832736,
    5.249990399118));
#2300 = CARTESIAN_POINT('',(-13.133192334,-12.30931594842,5.));
#2301 = PCURVE('',#364,#2302);
#2302 = DEFINITIONAL_REPRESENTATION('',(#2303),#2309);
#2303 = B_SPLINE_CURVE_WITH_KNOTS('',4,(#2304,#2305,#2306,#2307,#2308),
  .UNSPECIFIED.,.F.,.F.,(5,5),(5.999928787606E-07,1.),
  .PIECEWISE_BEZIER_KNOTS.);
#2304 = CARTESIAN_POINT('',(-8.588732253198,-6.));
#2305 = CARTESIAN_POINT('',(-8.611360575574,-5.749997180832));
#2306 = CARTESIAN_POINT('',(-8.633976917624,-5.49999160756));
#2307 = CARTESIAN_POINT('',(-8.656611592599,-5.249990249126));
#2308 = CARTESIAN_POINT('',(-8.679294379167,-5.));
#2309 = ( GEOMETRIC_REPRESENTATION_CONTEXT(2) 
PARAMETRIC_REPRESENTATION_CONTEXT() REPRESENTATION_CONTEXT('2D SPACE',''
  ) );
#2310 = PCURVE('',#899,#2311);
#2311 = DEFINITIONAL_REPRESENTATION('',(#2312),#2318);
#2312 = B_SPLINE_CURVE_WITH_KNOTS('',4,(#2313,#2314,#2315,#2316,#2317),
  .UNSPECIFIED.,.F.,.F.,(5,5),(0.,1.),.PIECEWISE_BEZIER_KNOTS.);
#2313 = CARTESIAN_POINT('',(-3.894262484286,-1.0000006));
#2314 = CARTESIAN_POINT('',(-3.894203141912,-0.749997630837));
#2315 = CARTESIAN_POINT('',(-3.894244258453,-0.499991907558));
#2316 = CARTESIAN_POINT('',(-3.894383613737,-0.249990399118));
#2317 = CARTESIAN_POINT('',(-3.894620242949,2.094062628218E-14));
#2318 = ( GEOMETRIC_REPRESENTATION_CONTEXT(2) 
PARAMETRIC_REPRESENTATION_CONTEXT() REPRESENTATION_CONTEXT('2D SPACE',''
  ) );
#2319 = ORIENTED_EDGE('',*,*,#2158,.F.);
#2320 = ADVANCED_FACE('',(#2321),#335,.T.);
#2321 = FACE_BOUND('',#2322,.T.);
#2322 = EDGE_LOOP('',(#2323,#2324,#2325,#2346));
#2323 = ORIENTED_EDGE('',*,*,#2205,.F.);
#2324 = ORIENTED_EDGE('',*,*,#318,.T.);
#2325 = ORIENTED_EDGE('',*,*,#2326,.T.);
#2326 = EDGE_CURVE('',#290,#2327,#2329,.T.);
#2327 = VERTEX_POINT('',#2328);
#2328 = CARTESIAN_POINT('',(-6.491785399433,-16.78858905113,5.));
#2329 = SURFACE_CURVE('',#2330,(#2334,#2340),.PCURVE_S1.);
#2330 = LINE('',#2331,#2332);
#2331 = CARTESIAN_POINT('',(-6.491785399433,-16.78858905113,0.));
#2332 = VECTOR('',#2333,1.);
#2333 = DIRECTION('',(0.,0.,1.));
#2334 = PCURVE('',#335,#2335);
#2335 = DEFINITIONAL_REPRESENTATION('',(#2336),#2339);
#2336 = B_SPLINE_CURVE_WITH_KNOTS('',1,(#2337,#2338),.UNSPECIFIED.,.F.,
  .F.,(2,2),(-6.E-07,5.0000006),.PIECEWISE_BEZIER_KNOTS.);
#2337 = CARTESIAN_POINT('',(4.343419193462,-6.E-07));
#2338 = CARTESIAN_POINT('',(4.343419193462,5.0000006));
#2339 = ( GEOMETRIC_REPRESENTATION_CONTEXT(2) 
PARAMETRIC_REPRESENTATION_CONTEXT() REPRESENTATION_CONTEXT('2D SPACE',''
  ) );
#2340 = PCURVE('',#306,#2341);
#2341 = DEFINITIONAL_REPRESENTATION('',(#2342),#2345);
#2342 = B_SPLINE_CURVE_WITH_KNOTS('',1,(#2343,#2344),.UNSPECIFIED.,.F.,
  .F.,(2,2),(0.,5.),.PIECEWISE_BEZIER_KNOTS.);
#2343 = CARTESIAN_POINT('',(-9.12809332968,0.));
#2344 = CARTESIAN_POINT('',(-9.12809332968,-5.));
#2345 = ( GEOMETRIC_REPRESENTATION_CONTEXT(2) 
PARAMETRIC_REPRESENTATION_CONTEXT() REPRESENTATION_CONTEXT('2D SPACE',''
  ) );
#2346 = ORIENTED_EDGE('',*,*,#2347,.F.);
#2347 = EDGE_CURVE('',#2206,#2327,#2348,.T.);
#2348 = SURFACE_CURVE('',#2349,(#2354,#2361),.PCURVE_S1.);
#2349 = CIRCLE('',#2350,18.);
#2350 = AXIS2_PLACEMENT_3D('',#2351,#2352,#2353);
#2351 = CARTESIAN_POINT('',(0.,0.,5.));
#2352 = DIRECTION('',(0.,0.,1.));
#2353 = DIRECTION('',(1.,0.,-0.));
#2354 = PCURVE('',#335,#2355);
#2355 = DEFINITIONAL_REPRESENTATION('',(#2356),#2360);
#2356 = LINE('',#2357,#2358);
#2357 = CARTESIAN_POINT('',(0.,5.));
#2358 = VECTOR('',#2359,1.);
#2359 = DIRECTION('',(1.,0.));
#2360 = ( GEOMETRIC_REPRESENTATION_CONTEXT(2) 
PARAMETRIC_REPRESENTATION_CONTEXT() REPRESENTATION_CONTEXT('2D SPACE',''
  ) );
#2361 = PCURVE('',#899,#2362);
#2362 = DEFINITIONAL_REPRESENTATION('',(#2363),#2367);
#2363 = LINE('',#2364,#2365);
#2364 = CARTESIAN_POINT('',(-0.,-0.));
#2365 = VECTOR('',#2366,1.);
#2366 = DIRECTION('',(-1.,-0.));
#2367 = ( GEOMETRIC_REPRESENTATION_CONTEXT(2) 
PARAMETRIC_REPRESENTATION_CONTEXT() REPRESENTATION_CONTEXT('2D SPACE',''
  ) );
#2368 = ADVANCED_FACE('',(#2369),#306,.F.);
#2369 = FACE_BOUND('',#2370,.T.);
#2370 = EDGE_LOOP('',(#2371,#2372,#2393,#2422,#2451,#2478));
#2371 = ORIENTED_EDGE('',*,*,#289,.F.);
#2372 = ORIENTED_EDGE('',*,*,#2373,.T.);
#2373 = EDGE_CURVE('',#261,#2374,#2376,.T.);
#2374 = VERTEX_POINT('',#2375);
#2375 = CARTESIAN_POINT('',(-1.43539925002,-17.94267619373,5.));
#2376 = SURFACE_CURVE('',#2377,(#2381,#2387),.PCURVE_S1.);
#2377 = LINE('',#2378,#2379);
#2378 = CARTESIAN_POINT('',(-1.43539925002,-17.94267619373,0.));
#2379 = VECTOR('',#2380,1.);
#2380 = DIRECTION('',(0.,0.,1.));
#2381 = PCURVE('',#306,#2382);
#2382 = DEFINITIONAL_REPRESENTATION('',(#2383),#2386);
#2383 = B_SPLINE_CURVE_WITH_KNOTS('',1,(#2384,#2385),.UNSPECIFIED.,.F.,
  .F.,(2,2),(0.,5.),.PIECEWISE_BEZIER_KNOTS.);
#2384 = CARTESIAN_POINT('',(-6.131070987756,0.));
#2385 = CARTESIAN_POINT('',(-6.131070987756,-5.));
#2386 = ( GEOMETRIC_REPRESENTATION_CONTEXT(2) 
PARAMETRIC_REPRESENTATION_CONTEXT() REPRESENTATION_CONTEXT('2D SPACE',''
  ) );
#2387 = PCURVE('',#277,#2388);
#2388 = DEFINITIONAL_REPRESENTATION('',(#2389),#2392);
#2389 = B_SPLINE_CURVE_WITH_KNOTS('',1,(#2390,#2391),.UNSPECIFIED.,.F.,
  .F.,(2,2),(-6.E-07,5.0000006),.PIECEWISE_BEZIER_KNOTS.);
#2390 = CARTESIAN_POINT('',(4.632559816795,-6.E-07));
#2391 = CARTESIAN_POINT('',(4.632559816795,5.0000006));
#2392 = ( GEOMETRIC_REPRESENTATION_CONTEXT(2) 
PARAMETRIC_REPRESENTATION_CONTEXT() REPRESENTATION_CONTEXT('2D SPACE',''
  ) );
#2393 = ORIENTED_EDGE('',*,*,#2394,.T.);
#2394 = EDGE_CURVE('',#2374,#2395,#2397,.T.);
#2395 = VERTEX_POINT('',#2396);
#2396 = CARTESIAN_POINT('',(-1.410300530664,-17.70863708758,6.));
#2397 = SURFACE_CURVE('',#2398,(#2404,#2413),.PCURVE_S1.);
#2398 = B_SPLINE_CURVE_WITH_KNOTS('',4,(#2399,#2400,#2401,#2402,#2403),
  .UNSPECIFIED.,.F.,.F.,(5,5),(0.,1.),.PIECEWISE_BEZIER_KNOTS.);
#2399 = CARTESIAN_POINT('',(-1.43539925002,-17.94267619373,5.));
#2400 = CARTESIAN_POINT('',(-1.426462821617,-17.88438190623,
    5.249990399161));
#2401 = CARTESIAN_POINT('',(-1.419308406649,-17.82594108765,
    5.499991907532));
#2402 = CARTESIAN_POINT('',(-1.413919574197,-17.7673592048,
    5.749997630853));
#2403 = CARTESIAN_POINT('',(-1.410300521978,-17.70863694665,6.0000006));
#2404 = PCURVE('',#306,#2405);
#2405 = DEFINITIONAL_REPRESENTATION('',(#2406),#2412);
#2406 = B_SPLINE_CURVE_WITH_KNOTS('',4,(#2407,#2408,#2409,#2410,#2411),
  .UNSPECIFIED.,.F.,.F.,(5,5),(0.,0.999999400007),
  .PIECEWISE_BEZIER_KNOTS.);
#2407 = CARTESIAN_POINT('',(-6.131070987756,-5.));
#2408 = CARTESIAN_POINT('',(-6.153753774328,-5.249990249168));
#2409 = CARTESIAN_POINT('',(-6.176388449296,-5.499991607534));
#2410 = CARTESIAN_POINT('',(-6.199004791351,-5.749997180848));
#2411 = CARTESIAN_POINT('',(-6.221633113726,-6.));
#2412 = ( GEOMETRIC_REPRESENTATION_CONTEXT(2) 
PARAMETRIC_REPRESENTATION_CONTEXT() REPRESENTATION_CONTEXT('2D SPACE',''
  ) );
#2413 = PCURVE('',#899,#2414);
#2414 = DEFINITIONAL_REPRESENTATION('',(#2415),#2421);
#2415 = B_SPLINE_CURVE_WITH_KNOTS('',4,(#2416,#2417,#2418,#2419,#2420),
  .UNSPECIFIED.,.F.,.F.,(5,5),(0.,1.),.PIECEWISE_BEZIER_KNOTS.);
#2416 = CARTESIAN_POINT('',(-4.632559816795,2.094062628218E-14));
#2417 = CARTESIAN_POINT('',(-4.632796446006,-0.249990399161));
#2418 = CARTESIAN_POINT('',(-4.632935801291,-0.499991907532));
#2419 = CARTESIAN_POINT('',(-4.632976917832,-0.749997630853));
#2420 = CARTESIAN_POINT('',(-4.632917575458,-1.0000006));
#2421 = ( GEOMETRIC_REPRESENTATION_CONTEXT(2) 
PARAMETRIC_REPRESENTATION_CONTEXT() REPRESENTATION_CONTEXT('2D SPACE',''
  ) );
#2422 = ORIENTED_EDGE('',*,*,#2423,.T.);
#2423 = EDGE_CURVE('',#2395,#2424,#2426,.T.);
#2424 = VERTEX_POINT('',#2425);
#2425 = CARTESIAN_POINT('',(-6.412852801722,-16.56683717641,6.));
#2426 = SURFACE_CURVE('',#2427,(#2432,#2439),.PCURVE_S1.);
#2427 = CIRCLE('',#2428,2.6);
#2428 = AXIS2_PLACEMENT_3D('',#2429,#2430,#2431);
#2429 = CARTESIAN_POINT('',(-4.005376811214,-17.54870241927,6.));
#2430 = DIRECTION('',(-0.,0.,1.));
#2431 = DIRECTION('',(0.99810626175,-6.151333396539E-02,0.));
#2432 = PCURVE('',#306,#2433);
#2433 = DEFINITIONAL_REPRESENTATION('',(#2434),#2438);
#2434 = LINE('',#2435,#2436);
#2435 = CARTESIAN_POINT('',(-6.221633113726,-6.));
#2436 = VECTOR('',#2437,1.);
#2437 = DIRECTION('',(-1.,0.));
#2438 = ( GEOMETRIC_REPRESENTATION_CONTEXT(2) 
PARAMETRIC_REPRESENTATION_CONTEXT() REPRESENTATION_CONTEXT('2D SPACE',''
  ) );
#2439 = PCURVE('',#2440,#2445);
#2440 = PLANE('',#2441);
#2441 = AXIS2_PLACEMENT_3D('',#2442,#2443,#2444);
#2442 = CARTESIAN_POINT('',(-4.005376811214,-17.54870241927,6.));
#2443 = DIRECTION('',(0.,0.,1.));
#2444 = DIRECTION('',(1.,0.,-0.));
#2445 = DEFINITIONAL_REPRESENTATION('',(#2446),#2450);
#2446 = CIRCLE('',#2447,2.6);
#2447 = AXIS2_PLACEMENT_2D('',#2448,#2449);
#2448 = CARTESIAN_POINT('',(8.881784197001E-16,0.));
#2449 = DIRECTION('',(0.99810626175,-6.151333396539E-02));
#2450 = ( GEOMETRIC_REPRESENTATION_CONTEXT(2) 
PARAMETRIC_REPRESENTATION_CONTEXT() REPRESENTATION_CONTEXT('2D SPACE',''
  ) );
#2451 = ORIENTED_EDGE('',*,*,#2452,.T.);
#2452 = EDGE_CURVE('',#2424,#2327,#2453,.T.);
#2453 = SURFACE_CURVE('',#2454,(#2460,#2469),.PCURVE_S1.);
#2454 = B_SPLINE_CURVE_WITH_KNOTS('',4,(#2455,#2456,#2457,#2458,#2459),
  .UNSPECIFIED.,.F.,.F.,(5,5),(0.,1.),.PIECEWISE_BEZIER_KNOTS.);
#2455 = CARTESIAN_POINT('',(-6.412852748399,-16.56683704567,6.0000006));
#2456 = CARTESIAN_POINT('',(-6.435070727954,-16.62131422002,
    5.74999763085));
#2457 = CARTESIAN_POINT('',(-6.455633284055,-16.67643279947,
    5.49999190754));
#2458 = CARTESIAN_POINT('',(-6.474543899788,-16.73219034195,
    5.249990399157));
#2459 = CARTESIAN_POINT('',(-6.491785399433,-16.78858905113,5.));
#2460 = PCURVE('',#306,#2461);
#2461 = DEFINITIONAL_REPRESENTATION('',(#2462),#2468);
#2462 = B_SPLINE_CURVE_WITH_KNOTS('',4,(#2463,#2464,#2465,#2466,#2467),
  .UNSPECIFIED.,.F.,.F.,(5,5),(5.999928802817E-07,1.),
  .PIECEWISE_BEZIER_KNOTS.);
#2463 = CARTESIAN_POINT('',(-9.037531203711,-6.));
#2464 = CARTESIAN_POINT('',(-9.060159526086,-5.749997180845));
#2465 = CARTESIAN_POINT('',(-9.082775868139,-5.499991607541));
#2466 = CARTESIAN_POINT('',(-9.105410543108,-5.249990249164));
#2467 = CARTESIAN_POINT('',(-9.12809332968,-5.));
#2468 = ( GEOMETRIC_REPRESENTATION_CONTEXT(2) 
PARAMETRIC_REPRESENTATION_CONTEXT() REPRESENTATION_CONTEXT('2D SPACE',''
  ) );
#2469 = PCURVE('',#899,#2470);
#2470 = DEFINITIONAL_REPRESENTATION('',(#2471),#2477);
#2471 = B_SPLINE_CURVE_WITH_KNOTS('',4,(#2472,#2473,#2474,#2475,#2476),
  .UNSPECIFIED.,.F.,.F.,(5,5),(0.,1.),.PIECEWISE_BEZIER_KNOTS.);
#2472 = CARTESIAN_POINT('',(-4.343061434799,-1.0000006));
#2473 = CARTESIAN_POINT('',(-4.343002092425,-0.74999763085));
#2474 = CARTESIAN_POINT('',(-4.343043208965,-0.49999190754));
#2475 = CARTESIAN_POINT('',(-4.34318256425,-0.249990399157));
#2476 = CARTESIAN_POINT('',(-4.343419193462,2.094062628218E-14));
#2477 = ( GEOMETRIC_REPRESENTATION_CONTEXT(2) 
PARAMETRIC_REPRESENTATION_CONTEXT() REPRESENTATION_CONTEXT('2D SPACE',''
  ) );
#2478 = ORIENTED_EDGE('',*,*,#2326,.F.);
#2479 = ADVANCED_FACE('',(#2480),#277,.T.);
#2480 = FACE_BOUND('',#2481,.T.);
#2481 = EDGE_LOOP('',(#2482,#2483,#2484,#2505));
#2482 = ORIENTED_EDGE('',*,*,#2373,.F.);
#2483 = ORIENTED_EDGE('',*,*,#260,.T.);
#2484 = ORIENTED_EDGE('',*,*,#2485,.T.);
#2485 = EDGE_CURVE('',#232,#2486,#2488,.T.);
#2486 = VERTEX_POINT('',#2487);
#2487 = CARTESIAN_POINT('',(1.43539925002,-17.94267619373,5.));
#2488 = SURFACE_CURVE('',#2489,(#2493,#2499),.PCURVE_S1.);
#2489 = LINE('',#2490,#2491);
#2490 = CARTESIAN_POINT('',(1.43539925002,-17.94267619373,0.));
#2491 = VECTOR('',#2492,1.);
#2492 = DIRECTION('',(0.,0.,1.));
#2493 = PCURVE('',#277,#2494);
#2494 = DEFINITIONAL_REPRESENTATION('',(#2495),#2498);
#2495 = B_SPLINE_CURVE_WITH_KNOTS('',1,(#2496,#2497),.UNSPECIFIED.,.F.,
  .F.,(2,2),(-6.E-07,5.0000006),.PIECEWISE_BEZIER_KNOTS.);
#2496 = CARTESIAN_POINT('',(4.792218143975,-6.E-07));
#2497 = CARTESIAN_POINT('',(4.792218143975,5.0000006));
#2498 = ( GEOMETRIC_REPRESENTATION_CONTEXT(2) 
PARAMETRIC_REPRESENTATION_CONTEXT() REPRESENTATION_CONTEXT('2D SPACE',''
  ) );
#2499 = PCURVE('',#248,#2500);
#2500 = DEFINITIONAL_REPRESENTATION('',(#2501),#2504);
#2501 = B_SPLINE_CURVE_WITH_KNOTS('',1,(#2502,#2503),.UNSPECIFIED.,.F.,
  .F.,(2,2),(-6.E-07,5.0000006),.PIECEWISE_BEZIER_KNOTS.);
#2502 = CARTESIAN_POINT('',(-3.293706973013,6.E-07));
#2503 = CARTESIAN_POINT('',(-3.293706973013,-5.0000006));
#2504 = ( GEOMETRIC_REPRESENTATION_CONTEXT(2) 
PARAMETRIC_REPRESENTATION_CONTEXT() REPRESENTATION_CONTEXT('2D SPACE',''
  ) );
#2505 = ORIENTED_EDGE('',*,*,#2506,.F.);
#2506 = EDGE_CURVE('',#2374,#2486,#2507,.T.);
#2507 = SURFACE_CURVE('',#2508,(#2513,#2520),.PCURVE_S1.);
#2508 = CIRCLE('',#2509,18.);
#2509 = AXIS2_PLACEMENT_3D('',#2510,#2511,#2512);
#2510 = CARTESIAN_POINT('',(0.,0.,5.));
#2511 = DIRECTION('',(0.,0.,1.));
#2512 = DIRECTION('',(1.,0.,-0.));
#2513 = PCURVE('',#277,#2514);
#2514 = DEFINITIONAL_REPRESENTATION('',(#2515),#2519);
#2515 = LINE('',#2516,#2517);
#2516 = CARTESIAN_POINT('',(0.,5.));
#2517 = VECTOR('',#2518,1.);
#2518 = DIRECTION('',(1.,0.));
#2519 = ( GEOMETRIC_REPRESENTATION_CONTEXT(2) 
PARAMETRIC_REPRESENTATION_CONTEXT() REPRESENTATION_CONTEXT('2D SPACE',''
  ) );
#2520 = PCURVE('',#899,#2521);
#2521 = DEFINITIONAL_REPRESENTATION('',(#2522),#2526);
#2522 = LINE('',#2523,#2524);
#2523 = CARTESIAN_POINT('',(-0.,-0.));
#2524 = VECTOR('',#2525,1.);
#2525 = DIRECTION('',(-1.,-0.));
#2526 = ( GEOMETRIC_REPRESENTATION_CONTEXT(2) 
PARAMETRIC_REPRESENTATION_CONTEXT() REPRESENTATION_CONTEXT('2D SPACE',''
  ) );
#2527 = ADVANCED_FACE('',(#2528),#248,.F.);
#2528 = FACE_BOUND('',#2529,.T.);
#2529 = EDGE_LOOP('',(#2530,#2531,#2552,#2581,#2610,#2637));
#2530 = ORIENTED_EDGE('',*,*,#231,.F.);
#2531 = ORIENTED_EDGE('',*,*,#2532,.T.);
#2532 = EDGE_CURVE('',#203,#2533,#2535,.T.);
#2533 = VERTEX_POINT('',#2534);
#2534 = CARTESIAN_POINT('',(6.491785399433,-16.78858905113,5.));
#2535 = SURFACE_CURVE('',#2536,(#2540,#2546),.PCURVE_S1.);
#2536 = LINE('',#2537,#2538);
#2537 = CARTESIAN_POINT('',(6.491785399433,-16.78858905113,0.));
#2538 = VECTOR('',#2539,1.);
#2539 = DIRECTION('',(0.,0.,1.));
#2540 = PCURVE('',#248,#2541);
#2541 = DEFINITIONAL_REPRESENTATION('',(#2542),#2545);
#2542 = B_SPLINE_CURVE_WITH_KNOTS('',1,(#2543,#2544),.UNSPECIFIED.,.F.,
  .F.,(2,2),(-6.E-07,5.0000006),.PIECEWISE_BEZIER_KNOTS.);
#2543 = CARTESIAN_POINT('',(-0.29668463109,6.E-07));
#2544 = CARTESIAN_POINT('',(-0.29668463109,-5.0000006));
#2545 = ( GEOMETRIC_REPRESENTATION_CONTEXT(2) 
PARAMETRIC_REPRESENTATION_CONTEXT() REPRESENTATION_CONTEXT('2D SPACE',''
  ) );
#2546 = PCURVE('',#219,#2547);
#2547 = DEFINITIONAL_REPRESENTATION('',(#2548),#2551);
#2548 = B_SPLINE_CURVE_WITH_KNOTS('',1,(#2549,#2550),.UNSPECIFIED.,.F.,
  .F.,(2,2),(-6.E-07,5.0000006),.PIECEWISE_BEZIER_KNOTS.);
#2549 = CARTESIAN_POINT('',(5.081358767307,-6.E-07));
#2550 = CARTESIAN_POINT('',(5.081358767307,5.0000006));
#2551 = ( GEOMETRIC_REPRESENTATION_CONTEXT(2) 
PARAMETRIC_REPRESENTATION_CONTEXT() REPRESENTATION_CONTEXT('2D SPACE',''
  ) );
#2552 = ORIENTED_EDGE('',*,*,#2553,.T.);
#2553 = EDGE_CURVE('',#2533,#2554,#2556,.T.);
#2554 = VERTEX_POINT('',#2555);
#2555 = CARTESIAN_POINT('',(6.412852801722,-16.56683717641,6.));
#2556 = SURFACE_CURVE('',#2557,(#2563,#2572),.PCURVE_S1.);
#2557 = B_SPLINE_CURVE_WITH_KNOTS('',4,(#2558,#2559,#2560,#2561,#2562),
  .UNSPECIFIED.,.F.,.F.,(5,5),(0.,1.),.PIECEWISE_BEZIER_KNOTS.);
#2558 = CARTESIAN_POINT('',(6.491785399433,-16.78858905113,5.));
#2559 = CARTESIAN_POINT('',(6.474543899786,-16.73219034194,
    5.249990399193));
#2560 = CARTESIAN_POINT('',(6.455633284057,-16.67643279947,
    5.499991907518));
#2561 = CARTESIAN_POINT('',(6.435070727948,-16.62131422001,
    5.749997630914));
#2562 = CARTESIAN_POINT('',(6.412852748399,-16.56683704567,6.0000006));
#2563 = PCURVE('',#248,#2564);
#2564 = DEFINITIONAL_REPRESENTATION('',(#2565),#2571);
#2565 = B_SPLINE_CURVE_WITH_KNOTS('',4,(#2566,#2567,#2568,#2569,#2570),
  .UNSPECIFIED.,.F.,.F.,(5,5),(0.,1.),.PIECEWISE_BEZIER_KNOTS.);
#2566 = CARTESIAN_POINT('',(-0.29668463109,-5.));
#2567 = CARTESIAN_POINT('',(-0.319367431274,-5.249990399193));
#2568 = CARTESIAN_POINT('',(-0.34200211979,-5.499991907518));
#2569 = CARTESIAN_POINT('',(-0.364618475398,-5.749997630914));
#2570 = CARTESIAN_POINT('',(-0.387246811366,-6.0000006));
#2571 = ( GEOMETRIC_REPRESENTATION_CONTEXT(2) 
PARAMETRIC_REPRESENTATION_CONTEXT() REPRESENTATION_CONTEXT('2D SPACE',''
  ) );
#2572 = PCURVE('',#899,#2573);
#2573 = DEFINITIONAL_REPRESENTATION('',(#2574),#2580);
#2574 = B_SPLINE_CURVE_WITH_KNOTS('',4,(#2575,#2576,#2577,#2578,#2579),
  .UNSPECIFIED.,.F.,.F.,(5,5),(0.,1.),.PIECEWISE_BEZIER_KNOTS.);
#2575 = CARTESIAN_POINT('',(-5.081358767307,1.935646542868E-14));
#2576 = CARTESIAN_POINT('',(-5.081595396519,-0.249990399193));
#2577 = CARTESIAN_POINT('',(-5.081734751804,-0.499991907518));
#2578 = CARTESIAN_POINT('',(-5.081775868345,-0.749997630914));
#2579 = CARTESIAN_POINT('',(-5.081716525971,-1.0000006));
#2580 = ( GEOMETRIC_REPRESENTATION_CONTEXT(2) 
PARAMETRIC_REPRESENTATION_CONTEXT() REPRESENTATION_CONTEXT('2D SPACE',''
  ) );
#2581 = ORIENTED_EDGE('',*,*,#2582,.T.);
#2582 = EDGE_CURVE('',#2554,#2583,#2585,.T.);
#2583 = VERTEX_POINT('',#2584);
#2584 = CARTESIAN_POINT('',(1.410300530664,-17.70863708758,6.));
#2585 = SURFACE_CURVE('',#2586,(#2591,#2598),.PCURVE_S1.);
#2586 = CIRCLE('',#2587,2.6);
#2587 = AXIS2_PLACEMENT_3D('',#2588,#2589,#2590);
#2588 = CARTESIAN_POINT('',(4.005376811214,-17.54870241927,6.));
#2589 = DIRECTION('',(0.,0.,1.));
#2590 = DIRECTION('',(1.,0.,0.));
#2591 = PCURVE('',#248,#2592);
#2592 = DEFINITIONAL_REPRESENTATION('',(#2593),#2597);
#2593 = LINE('',#2594,#2595);
#2594 = CARTESIAN_POINT('',(-0.,-6.));
#2595 = VECTOR('',#2596,1.);
#2596 = DIRECTION('',(-1.,0.));
#2597 = ( GEOMETRIC_REPRESENTATION_CONTEXT(2) 
PARAMETRIC_REPRESENTATION_CONTEXT() REPRESENTATION_CONTEXT('2D SPACE',''
  ) );
#2598 = PCURVE('',#2599,#2604);
#2599 = PLANE('',#2600);
#2600 = AXIS2_PLACEMENT_3D('',#2601,#2602,#2603);
#2601 = CARTESIAN_POINT('',(4.005376811214,-17.54870241927,6.));
#2602 = DIRECTION('',(0.,0.,1.));
#2603 = DIRECTION('',(1.,0.,-0.));
#2604 = DEFINITIONAL_REPRESENTATION('',(#2605),#2609);
#2605 = CIRCLE('',#2606,2.6);
#2606 = AXIS2_PLACEMENT_2D('',#2607,#2608);
#2607 = CARTESIAN_POINT('',(8.881784197001E-16,-3.552713678801E-15));
#2608 = DIRECTION('',(1.,0.));
#2609 = ( GEOMETRIC_REPRESENTATION_CONTEXT(2) 
PARAMETRIC_REPRESENTATION_CONTEXT() REPRESENTATION_CONTEXT('2D SPACE',''
  ) );
#2610 = ORIENTED_EDGE('',*,*,#2611,.T.);
#2611 = EDGE_CURVE('',#2583,#2486,#2612,.T.);
#2612 = SURFACE_CURVE('',#2613,(#2619,#2628),.PCURVE_S1.);
#2613 = B_SPLINE_CURVE_WITH_KNOTS('',4,(#2614,#2615,#2616,#2617,#2618),
  .UNSPECIFIED.,.F.,.F.,(5,5),(0.,1.),.PIECEWISE_BEZIER_KNOTS.);
#2614 = CARTESIAN_POINT('',(1.410300521978,-17.70863694665,6.0000006));
#2615 = CARTESIAN_POINT('',(1.413919574198,-17.7673592048,5.749997630842
    ));
#2616 = CARTESIAN_POINT('',(1.419308406648,-17.82594108764,
    5.499991907549));
#2617 = CARTESIAN_POINT('',(1.426462821618,-17.88438190624,
    5.249990399133));
#2618 = CARTESIAN_POINT('',(1.43539925002,-17.94267619373,5.));
#2619 = PCURVE('',#248,#2620);
#2620 = DEFINITIONAL_REPRESENTATION('',(#2621),#2627);
#2621 = B_SPLINE_CURVE_WITH_KNOTS('',4,(#2622,#2623,#2624,#2625,#2626),
  .UNSPECIFIED.,.F.,.F.,(5,5),(0.,1.),.PIECEWISE_BEZIER_KNOTS.);
#2622 = CARTESIAN_POINT('',(-3.203144792736,-6.0000006));
#2623 = CARTESIAN_POINT('',(-3.225773128711,-5.749997630842));
#2624 = CARTESIAN_POINT('',(-3.24838948431,-5.499991907549));
#2625 = CARTESIAN_POINT('',(-3.271024172834,-5.249990399133));
#2626 = CARTESIAN_POINT('',(-3.293706973013,-5.));
#2627 = ( GEOMETRIC_REPRESENTATION_CONTEXT(2) 
PARAMETRIC_REPRESENTATION_CONTEXT() REPRESENTATION_CONTEXT('2D SPACE',''
  ) );
#2628 = PCURVE('',#899,#2629);
#2629 = DEFINITIONAL_REPRESENTATION('',(#2630),#2636);
#2630 = B_SPLINE_CURVE_WITH_KNOTS('',4,(#2631,#2632,#2633,#2634,#2635),
  .UNSPECIFIED.,.F.,.F.,(5,5),(0.,1.),.PIECEWISE_BEZIER_KNOTS.);
#2631 = CARTESIAN_POINT('',(-4.791860385311,-1.0000006));
#2632 = CARTESIAN_POINT('',(-4.791801042937,-0.749997630842));
#2633 = CARTESIAN_POINT('',(-4.791842159478,-0.499991907549));
#2634 = CARTESIAN_POINT('',(-4.791981514763,-0.249990399133));
#2635 = CARTESIAN_POINT('',(-4.792218143975,2.094062628218E-14));
#2636 = ( GEOMETRIC_REPRESENTATION_CONTEXT(2) 
PARAMETRIC_REPRESENTATION_CONTEXT() REPRESENTATION_CONTEXT('2D SPACE',''
  ) );
#2637 = ORIENTED_EDGE('',*,*,#2485,.F.);
#2638 = ADVANCED_FACE('',(#2639),#219,.T.);
#2639 = FACE_BOUND('',#2640,.T.);
#2640 = EDGE_LOOP('',(#2641,#2642,#2643,#2664));
#2641 = ORIENTED_EDGE('',*,*,#2532,.F.);
#2642 = ORIENTED_EDGE('',*,*,#202,.T.);
#2643 = ORIENTED_EDGE('',*,*,#2644,.T.);
#2644 = EDGE_CURVE('',#174,#2645,#2647,.T.);
#2645 = VERTEX_POINT('',#2646);
#2646 = CARTESIAN_POINT('',(9.078285473989,-15.54299626367,5.));
#2647 = SURFACE_CURVE('',#2648,(#2652,#2658),.PCURVE_S1.);
#2648 = LINE('',#2649,#2650);
#2649 = CARTESIAN_POINT('',(9.078285473989,-15.54299626367,0.));
#2650 = VECTOR('',#2651,1.);
#2651 = DIRECTION('',(0.,0.,1.));
#2652 = PCURVE('',#219,#2653);
#2653 = DEFINITIONAL_REPRESENTATION('',(#2654),#2657);
#2654 = B_SPLINE_CURVE_WITH_KNOTS('',1,(#2655,#2656),.UNSPECIFIED.,.F.,
  .F.,(2,2),(-6.E-07,5.0000006),.PIECEWISE_BEZIER_KNOTS.);
#2655 = CARTESIAN_POINT('',(5.241017094488,-6.E-07));
#2656 = CARTESIAN_POINT('',(5.241017094488,5.0000006));
#2657 = ( GEOMETRIC_REPRESENTATION_CONTEXT(2) 
PARAMETRIC_REPRESENTATION_CONTEXT() REPRESENTATION_CONTEXT('2D SPACE',''
  ) );
#2658 = PCURVE('',#190,#2659);
#2659 = DEFINITIONAL_REPRESENTATION('',(#2660),#2663);
#2660 = B_SPLINE_CURVE_WITH_KNOTS('',1,(#2661,#2662),.UNSPECIFIED.,.F.,
  .F.,(2,2),(-6.E-07,5.0000006),.PIECEWISE_BEZIER_KNOTS.);
#2661 = CARTESIAN_POINT('',(-3.742505923526,6.E-07));
#2662 = CARTESIAN_POINT('',(-3.742505923526,-5.0000006));
#2663 = ( GEOMETRIC_REPRESENTATION_CONTEXT(2) 
PARAMETRIC_REPRESENTATION_CONTEXT() REPRESENTATION_CONTEXT('2D SPACE',''
  ) );
#2664 = ORIENTED_EDGE('',*,*,#2665,.F.);
#2665 = EDGE_CURVE('',#2533,#2645,#2666,.T.);
#2666 = SURFACE_CURVE('',#2667,(#2672,#2679),.PCURVE_S1.);
#2667 = CIRCLE('',#2668,18.);
#2668 = AXIS2_PLACEMENT_3D('',#2669,#2670,#2671);
#2669 = CARTESIAN_POINT('',(0.,0.,5.));
#2670 = DIRECTION('',(0.,0.,1.));
#2671 = DIRECTION('',(1.,0.,-0.));
#2672 = PCURVE('',#219,#2673);
#2673 = DEFINITIONAL_REPRESENTATION('',(#2674),#2678);
#2674 = LINE('',#2675,#2676);
#2675 = CARTESIAN_POINT('',(0.,5.));
#2676 = VECTOR('',#2677,1.);
#2677 = DIRECTION('',(1.,0.));
#2678 = ( GEOMETRIC_REPRESENTATION_CONTEXT(2) 
PARAMETRIC_REPRESENTATION_CONTEXT() REPRESENTATION_CONTEXT('2D SPACE',''
  ) );
#2679 = PCURVE('',#899,#2680);
#2680 = DEFINITIONAL_REPRESENTATION('',(#2681),#2685);
#2681 = LINE('',#2682,#2683);
#2682 = CARTESIAN_POINT('',(-0.,-0.));
#2683 = VECTOR('',#2684,1.);
#2684 = DIRECTION('',(-1.,-0.));
#2685 = ( GEOMETRIC_REPRESENTATION_CONTEXT(2) 
PARAMETRIC_REPRESENTATION_CONTEXT() REPRESENTATION_CONTEXT('2D SPACE',''
  ) );
#2686 = ADVANCED_FACE('',(#2687),#190,.F.);
#2687 = FACE_BOUND('',#2688,.T.);
#2688 = EDGE_LOOP('',(#2689,#2690,#2711,#2740,#2769,#2796));
#2689 = ORIENTED_EDGE('',*,*,#173,.F.);
#2690 = ORIENTED_EDGE('',*,*,#2691,.T.);
#2691 = EDGE_CURVE('',#145,#2692,#2694,.T.);
#2692 = VERTEX_POINT('',#2693);
#2693 = CARTESIAN_POINT('',(13.133192334005,-12.30931594842,5.));
#2694 = SURFACE_CURVE('',#2695,(#2699,#2705),.PCURVE_S1.);
#2695 = LINE('',#2696,#2697);
#2696 = CARTESIAN_POINT('',(13.133192334005,-12.30931594842,0.));
#2697 = VECTOR('',#2698,1.);
#2698 = DIRECTION('',(0.,0.,1.));
#2699 = PCURVE('',#190,#2700);
#2700 = DEFINITIONAL_REPRESENTATION('',(#2701),#2704);
#2701 = B_SPLINE_CURVE_WITH_KNOTS('',1,(#2702,#2703),.UNSPECIFIED.,.F.,
  .F.,(2,2),(-6.E-07,5.0000006),.PIECEWISE_BEZIER_KNOTS.);
#2702 = CARTESIAN_POINT('',(-0.745483581602,6.E-07));
#2703 = CARTESIAN_POINT('',(-0.745483581602,-5.0000006));
#2704 = ( GEOMETRIC_REPRESENTATION_CONTEXT(2) 
PARAMETRIC_REPRESENTATION_CONTEXT() REPRESENTATION_CONTEXT('2D SPACE',''
  ) );
#2705 = PCURVE('',#161,#2706);
#2706 = DEFINITIONAL_REPRESENTATION('',(#2707),#2710);
#2707 = B_SPLINE_CURVE_WITH_KNOTS('',1,(#2708,#2709),.UNSPECIFIED.,.F.,
  .F.,(2,2),(-6.E-07,5.0000006),.PIECEWISE_BEZIER_KNOTS.);
#2708 = CARTESIAN_POINT('',(5.53015771782,-6.E-07));
#2709 = CARTESIAN_POINT('',(5.53015771782,5.0000006));
#2710 = ( GEOMETRIC_REPRESENTATION_CONTEXT(2) 
PARAMETRIC_REPRESENTATION_CONTEXT() REPRESENTATION_CONTEXT('2D SPACE',''
  ) );
#2711 = ORIENTED_EDGE('',*,*,#2712,.T.);
#2712 = EDGE_CURVE('',#2692,#2713,#2715,.T.);
#2713 = VERTEX_POINT('',#2714);
#2714 = CARTESIAN_POINT('',(12.965861988248,-12.14377198354,6.));
#2715 = SURFACE_CURVE('',#2716,(#2722,#2731),.PCURVE_S1.);
#2716 = B_SPLINE_CURVE_WITH_KNOTS('',4,(#2717,#2718,#2719,#2720,#2721),
  .UNSPECIFIED.,.F.,.F.,(5,5),(0.,1.),.PIECEWISE_BEZIER_KNOTS.);
#2717 = CARTESIAN_POINT('',(13.133192334005,-12.30931594842,5.));
#2718 = CARTESIAN_POINT('',(13.093187796758,-12.26598327358,
    5.249990399232));
#2719 = CARTESIAN_POINT('',(13.051957629719,-12.22395247234,
    5.499991907461));
#2720 = CARTESIAN_POINT('',(13.009516351439,-12.18321410691,
    5.749997631034));
#2721 = CARTESIAN_POINT('',(12.965861883479,-12.14377188887,6.0000006));
#2722 = PCURVE('',#190,#2723);
#2723 = DEFINITIONAL_REPRESENTATION('',(#2724),#2730);
#2724 = B_SPLINE_CURVE_WITH_KNOTS('',4,(#2725,#2726,#2727,#2728,#2729),
  .UNSPECIFIED.,.F.,.F.,(5,5),(0.,1.),.PIECEWISE_BEZIER_KNOTS.);
#2725 = CARTESIAN_POINT('',(-0.745483581602,-5.));
#2726 = CARTESIAN_POINT('',(-0.76816638179,-5.249990399232));
#2727 = CARTESIAN_POINT('',(-0.790801070298,-5.499991907461));
#2728 = CARTESIAN_POINT('',(-0.813417425922,-5.749997631034));
#2729 = CARTESIAN_POINT('',(-0.836045761879,-6.0000006));
#2730 = ( GEOMETRIC_REPRESENTATION_CONTEXT(2) 
PARAMETRIC_REPRESENTATION_CONTEXT() REPRESENTATION_CONTEXT('2D SPACE',''
  ) );
#2731 = PCURVE('',#899,#2732);
#2732 = DEFINITIONAL_REPRESENTATION('',(#2733),#2739);
#2733 = B_SPLINE_CURVE_WITH_KNOTS('',4,(#2734,#2735,#2736,#2737,#2738),
  .UNSPECIFIED.,.F.,.F.,(5,5),(0.,1.),.PIECEWISE_BEZIER_KNOTS.);
#2734 = CARTESIAN_POINT('',(-5.53015771782,1.935646542868E-14));
#2735 = CARTESIAN_POINT('',(-5.530394347032,-0.249990399232));
#2736 = CARTESIAN_POINT('',(-5.530533702317,-0.499991907461));
#2737 = CARTESIAN_POINT('',(-5.530574818858,-0.749997631034));
#2738 = CARTESIAN_POINT('',(-5.530515476484,-1.0000006));
#2739 = ( GEOMETRIC_REPRESENTATION_CONTEXT(2) 
PARAMETRIC_REPRESENTATION_CONTEXT() REPRESENTATION_CONTEXT('2D SPACE',''
  ) );
#2740 = ORIENTED_EDGE('',*,*,#2741,.T.);
#2741 = EDGE_CURVE('',#2713,#2742,#2744,.T.);
#2742 = VERTEX_POINT('',#2743);
#2743 = CARTESIAN_POINT('',(8.954126546751,-15.34302424137,6.));
#2744 = SURFACE_CURVE('',#2745,(#2750,#2757),.PCURVE_S1.);
#2745 = CIRCLE('',#2746,2.6);
#2746 = AXIS2_PLACEMENT_3D('',#2747,#2748,#2749);
#2747 = CARTESIAN_POINT('',(11.222816433457,-14.07296668442,6.));
#2748 = DIRECTION('',(0.,0.,1.));
#2749 = DIRECTION('',(1.,0.,0.));
#2750 = PCURVE('',#190,#2751);
#2751 = DEFINITIONAL_REPRESENTATION('',(#2752),#2756);
#2752 = LINE('',#2753,#2754);
#2753 = CARTESIAN_POINT('',(-0.,-6.));
#2754 = VECTOR('',#2755,1.);
#2755 = DIRECTION('',(-1.,0.));
#2756 = ( GEOMETRIC_REPRESENTATION_CONTEXT(2) 
PARAMETRIC_REPRESENTATION_CONTEXT() REPRESENTATION_CONTEXT('2D SPACE',''
  ) );
#2757 = PCURVE('',#2758,#2763);
#2758 = PLANE('',#2759);
#2759 = AXIS2_PLACEMENT_3D('',#2760,#2761,#2762);
#2760 = CARTESIAN_POINT('',(11.222816433457,-14.07296668442,6.));
#2761 = DIRECTION('',(0.,0.,1.));
#2762 = DIRECTION('',(1.,0.,-0.));
#2763 = DEFINITIONAL_REPRESENTATION('',(#2764),#2768);
#2764 = CIRCLE('',#2765,2.6);
#2765 = AXIS2_PLACEMENT_2D('',#2766,#2767);
#2766 = CARTESIAN_POINT('',(0.,0.));
#2767 = DIRECTION('',(1.,0.));
#2768 = ( GEOMETRIC_REPRESENTATION_CONTEXT(2) 
PARAMETRIC_REPRESENTATION_CONTEXT() REPRESENTATION_CONTEXT('2D SPACE',''
  ) );
#2769 = ORIENTED_EDGE('',*,*,#2770,.T.);
#2770 = EDGE_CURVE('',#2742,#2645,#2771,.T.);
#2771 = SURFACE_CURVE('',#2772,(#2778,#2787),.PCURVE_S1.);
#2772 = B_SPLINE_CURVE_WITH_KNOTS('',4,(#2773,#2774,#2775,#2776,#2777),
  .UNSPECIFIED.,.F.,.F.,(5,5),(0.,1.),.PIECEWISE_BEZIER_KNOTS.);
#2773 = CARTESIAN_POINT('',(8.954126477777,-15.34302411816,6.0000006));
#2774 = CARTESIAN_POINT('',(8.982865764094,-15.3943607967,5.749997630846
    ));
#2775 = CARTESIAN_POINT('',(9.01313866074,-15.44480312259,5.499991907543
    ));
#2776 = CARTESIAN_POINT('',(9.044941086784,-15.49435229644,
    5.249990399144));
#2777 = CARTESIAN_POINT('',(9.078285473989,-15.54299626367,5.));
#2778 = PCURVE('',#190,#2779);
#2779 = DEFINITIONAL_REPRESENTATION('',(#2780),#2786);
#2780 = B_SPLINE_CURVE_WITH_KNOTS('',4,(#2781,#2782,#2783,#2784,#2785),
  .UNSPECIFIED.,.F.,.F.,(5,5),(0.,1.),.PIECEWISE_BEZIER_KNOTS.);
#2781 = CARTESIAN_POINT('',(-3.651943743249,-6.0000006));
#2782 = CARTESIAN_POINT('',(-3.674572079223,-5.749997630846));
#2783 = CARTESIAN_POINT('',(-3.697188434823,-5.499991907543));
#2784 = CARTESIAN_POINT('',(-3.719823123346,-5.249990399144));
#2785 = CARTESIAN_POINT('',(-3.742505923526,-5.));
#2786 = ( GEOMETRIC_REPRESENTATION_CONTEXT(2) 
PARAMETRIC_REPRESENTATION_CONTEXT() REPRESENTATION_CONTEXT('2D SPACE',''
  ) );
#2787 = PCURVE('',#899,#2788);
#2788 = DEFINITIONAL_REPRESENTATION('',(#2789),#2795);
#2789 = B_SPLINE_CURVE_WITH_KNOTS('',4,(#2790,#2791,#2792,#2793,#2794),
  .UNSPECIFIED.,.F.,.F.,(5,5),(0.,1.),.PIECEWISE_BEZIER_KNOTS.);
#2790 = CARTESIAN_POINT('',(-5.240659335824,-1.0000006));
#2791 = CARTESIAN_POINT('',(-5.24059999345,-0.749997630846));
#2792 = CARTESIAN_POINT('',(-5.240641109991,-0.499991907543));
#2793 = CARTESIAN_POINT('',(-5.240780465276,-0.249990399144));
#2794 = CARTESIAN_POINT('',(-5.241017094488,2.094062628218E-14));
#2795 = ( GEOMETRIC_REPRESENTATION_CONTEXT(2) 
PARAMETRIC_REPRESENTATION_CONTEXT() REPRESENTATION_CONTEXT('2D SPACE',''
  ) );
#2796 = ORIENTED_EDGE('',*,*,#2644,.F.);
#2797 = ADVANCED_FACE('',(#2798),#161,.T.);
#2798 = FACE_BOUND('',#2799,.T.);
#2799 = EDGE_LOOP('',(#2800,#2801,#2802,#2823));
#2800 = ORIENTED_EDGE('',*,*,#2691,.F.);
#2801 = ORIENTED_EDGE('',*,*,#144,.T.);
#2802 = ORIENTED_EDGE('',*,*,#2803,.T.);
#2803 = EDGE_CURVE('',#116,#2804,#2806,.T.);
#2804 = VERTEX_POINT('',#2805);
#2805 = CARTESIAN_POINT('',(14.923105921971,-10.06483530126,5.));
#2806 = SURFACE_CURVE('',#2807,(#2811,#2817),.PCURVE_S1.);
#2807 = LINE('',#2808,#2809);
#2808 = CARTESIAN_POINT('',(14.923105921971,-10.06483530126,0.));
#2809 = VECTOR('',#2810,1.);
#2810 = DIRECTION('',(0.,0.,1.));
#2811 = PCURVE('',#161,#2812);
#2812 = DEFINITIONAL_REPRESENTATION('',(#2813),#2816);
#2813 = B_SPLINE_CURVE_WITH_KNOTS('',1,(#2814,#2815),.UNSPECIFIED.,.F.,
  .F.,(2,2),(-6.E-07,5.0000006),.PIECEWISE_BEZIER_KNOTS.);
#2814 = CARTESIAN_POINT('',(5.689816045,-6.E-07));
#2815 = CARTESIAN_POINT('',(5.689816045,5.0000006));
#2816 = ( GEOMETRIC_REPRESENTATION_CONTEXT(2) 
PARAMETRIC_REPRESENTATION_CONTEXT() REPRESENTATION_CONTEXT('2D SPACE',''
  ) );
#2817 = PCURVE('',#132,#2818);
#2818 = DEFINITIONAL_REPRESENTATION('',(#2819),#2822);
#2819 = B_SPLINE_CURVE_WITH_KNOTS('',1,(#2820,#2821),.UNSPECIFIED.,.F.,
  .F.,(2,2),(-6.E-07,5.0000006),.PIECEWISE_BEZIER_KNOTS.);
#2820 = CARTESIAN_POINT('',(-4.191304874039,6.E-07));
#2821 = CARTESIAN_POINT('',(-4.191304874039,-5.0000006));
#2822 = ( GEOMETRIC_REPRESENTATION_CONTEXT(2) 
PARAMETRIC_REPRESENTATION_CONTEXT() REPRESENTATION_CONTEXT('2D SPACE',''
  ) );
#2823 = ORIENTED_EDGE('',*,*,#2824,.F.);
#2824 = EDGE_CURVE('',#2692,#2804,#2825,.T.);
#2825 = SURFACE_CURVE('',#2826,(#2831,#2838),.PCURVE_S1.);
#2826 = CIRCLE('',#2827,18.);
#2827 = AXIS2_PLACEMENT_3D('',#2828,#2829,#2830);
#2828 = CARTESIAN_POINT('',(0.,0.,5.));
#2829 = DIRECTION('',(0.,0.,1.));
#2830 = DIRECTION('',(1.,0.,-0.));
#2831 = PCURVE('',#161,#2832);
#2832 = DEFINITIONAL_REPRESENTATION('',(#2833),#2837);
#2833 = LINE('',#2834,#2835);
#2834 = CARTESIAN_POINT('',(0.,5.));
#2835 = VECTOR('',#2836,1.);
#2836 = DIRECTION('',(1.,0.));
#2837 = ( GEOMETRIC_REPRESENTATION_CONTEXT(2) 
PARAMETRIC_REPRESENTATION_CONTEXT() REPRESENTATION_CONTEXT('2D SPACE',''
  ) );
#2838 = PCURVE('',#899,#2839);
#2839 = DEFINITIONAL_REPRESENTATION('',(#2840),#2844);
#2840 = LINE('',#2841,#2842);
#2841 = CARTESIAN_POINT('',(-0.,-0.));
#2842 = VECTOR('',#2843,1.);
#2843 = DIRECTION('',(-1.,-0.));
#2844 = ( GEOMETRIC_REPRESENTATION_CONTEXT(2) 
PARAMETRIC_REPRESENTATION_CONTEXT() REPRESENTATION_CONTEXT('2D SPACE',''
  ) );
#2845 = ADVANCED_FACE('',(#2846),#132,.F.);
#2846 = FACE_BOUND('',#2847,.T.);
#2847 = EDGE_LOOP('',(#2848,#2849,#2870,#2899,#2928,#2964));
#2848 = ORIENTED_EDGE('',*,*,#115,.F.);
#2849 = ORIENTED_EDGE('',*,*,#2850,.T.);
#2850 = EDGE_CURVE('',#87,#2851,#2853,.T.);
#2851 = VERTEX_POINT('',#2852);
#2852 = CARTESIAN_POINT('',(17.173409458793,-5.392031858274,5.));
#2853 = SURFACE_CURVE('',#2854,(#2858,#2864),.PCURVE_S1.);
#2854 = LINE('',#2855,#2856);
#2855 = CARTESIAN_POINT('',(17.173409458793,-5.392031858274,0.));
#2856 = VECTOR('',#2857,1.);
#2857 = DIRECTION('',(0.,0.,1.));
#2858 = PCURVE('',#132,#2859);
#2859 = DEFINITIONAL_REPRESENTATION('',(#2860),#2863);
#2860 = B_SPLINE_CURVE_WITH_KNOTS('',1,(#2861,#2862),.UNSPECIFIED.,.F.,
  .F.,(2,2),(-6.E-07,5.0000006),.PIECEWISE_BEZIER_KNOTS.);
#2861 = CARTESIAN_POINT('',(-1.194282532115,6.E-07));
#2862 = CARTESIAN_POINT('',(-1.194282532115,-5.0000006));
#2863 = ( GEOMETRIC_REPRESENTATION_CONTEXT(2) 
PARAMETRIC_REPRESENTATION_CONTEXT() REPRESENTATION_CONTEXT('2D SPACE',''
  ) );
#2864 = PCURVE('',#103,#2865);
#2865 = DEFINITIONAL_REPRESENTATION('',(#2866),#2869);
#2866 = B_SPLINE_CURVE_WITH_KNOTS('',1,(#2867,#2868),.UNSPECIFIED.,.F.,
  .F.,(2,2),(-6.E-07,5.0000006),.PIECEWISE_BEZIER_KNOTS.);
#2867 = CARTESIAN_POINT('',(5.978956668333,-6.E-07));
#2868 = CARTESIAN_POINT('',(5.978956668333,5.0000006));
#2869 = ( GEOMETRIC_REPRESENTATION_CONTEXT(2) 
PARAMETRIC_REPRESENTATION_CONTEXT() REPRESENTATION_CONTEXT('2D SPACE',''
  ) );
#2870 = ORIENTED_EDGE('',*,*,#2871,.T.);
#2871 = EDGE_CURVE('',#2851,#2872,#2874,.T.);
#2872 = VERTEX_POINT('',#2873);
#2873 = CARTESIAN_POINT('',(16.95082319214,-5.315483815731,6.));
#2874 = SURFACE_CURVE('',#2875,(#2881,#2890),.PCURVE_S1.);
#2875 = B_SPLINE_CURVE_WITH_KNOTS('',4,(#2876,#2877,#2878,#2879,#2880),
  .UNSPECIFIED.,.F.,.F.,(5,5),(0.,1.),.PIECEWISE_BEZIER_KNOTS.);
#2876 = CARTESIAN_POINT('',(17.173409458793,-5.392031858274,5.));
#2877 = CARTESIAN_POINT('',(17.11856527318,-5.370347785487,
    5.249990399211));
#2878 = CARTESIAN_POINT('',(17.06318169505,-5.350368441114,
    5.499991907485));
#2879 = CARTESIAN_POINT('',(17.007267710303,-5.332079022646,
    5.749997630978));
#2880 = CARTESIAN_POINT('',(16.950823056675,-5.315483775903,6.0000006));
#2881 = PCURVE('',#132,#2882);
#2882 = DEFINITIONAL_REPRESENTATION('',(#2883),#2889);
#2883 = B_SPLINE_CURVE_WITH_KNOTS('',4,(#2884,#2885,#2886,#2887,#2888),
  .UNSPECIFIED.,.F.,.F.,(5,5),(0.,1.),.PIECEWISE_BEZIER_KNOTS.);
#2884 = CARTESIAN_POINT('',(-1.194282532115,-5.));
#2885 = CARTESIAN_POINT('',(-1.216965332301,-5.249990399211));
#2886 = CARTESIAN_POINT('',(-1.239600020813,-5.499991907485));
#2887 = CARTESIAN_POINT('',(-1.26221637643,-5.749997630978));
#2888 = CARTESIAN_POINT('',(-1.284844712392,-6.0000006));
#2889 = ( GEOMETRIC_REPRESENTATION_CONTEXT(2) 
PARAMETRIC_REPRESENTATION_CONTEXT() REPRESENTATION_CONTEXT('2D SPACE',''
  ) );
#2890 = PCURVE('',#899,#2891);
#2891 = DEFINITIONAL_REPRESENTATION('',(#2892),#2898);
#2892 = B_SPLINE_CURVE_WITH_KNOTS('',4,(#2893,#2894,#2895,#2896,#2897),
  .UNSPECIFIED.,.F.,.F.,(5,5),(0.,1.),.PIECEWISE_BEZIER_KNOTS.);
#2893 = CARTESIAN_POINT('',(-5.978956668333,2.014854585543E-14));
#2894 = CARTESIAN_POINT('',(-5.979193297545,-0.249990399211));
#2895 = CARTESIAN_POINT('',(-5.97933265283,-0.499991907485));
#2896 = CARTESIAN_POINT('',(-5.97937376937,-0.749997630978));
#2897 = CARTESIAN_POINT('',(-5.979314426996,-1.0000006));
#2898 = ( GEOMETRIC_REPRESENTATION_CONTEXT(2) 
PARAMETRIC_REPRESENTATION_CONTEXT() REPRESENTATION_CONTEXT('2D SPACE',''
  ) );
#2899 = ORIENTED_EDGE('',*,*,#2900,.T.);
#2900 = EDGE_CURVE('',#2872,#2901,#2903,.T.);
#2901 = VERTEX_POINT('',#2902);
#2902 = CARTESIAN_POINT('',(14.724477985098,-9.938537274311,6.));
#2903 = SURFACE_CURVE('',#2904,(#2909,#2916),.PCURVE_S1.);
#2904 = CIRCLE('',#2905,2.6);
#2905 = AXIS2_PLACEMENT_3D('',#2906,#2907,#2908);
#2906 = CARTESIAN_POINT('',(16.217439622244,-7.809907304116,6.));
#2907 = DIRECTION('',(0.,0.,1.));
#2908 = DIRECTION('',(1.,0.,0.));
#2909 = PCURVE('',#132,#2910);
#2910 = DEFINITIONAL_REPRESENTATION('',(#2911),#2915);
#2911 = LINE('',#2912,#2913);
#2912 = CARTESIAN_POINT('',(-0.,-6.));
#2913 = VECTOR('',#2914,1.);
#2914 = DIRECTION('',(-1.,0.));
#2915 = ( GEOMETRIC_REPRESENTATION_CONTEXT(2) 
PARAMETRIC_REPRESENTATION_CONTEXT() REPRESENTATION_CONTEXT('2D SPACE',''
  ) );
#2916 = PCURVE('',#2917,#2922);
#2917 = PLANE('',#2918);
#2918 = AXIS2_PLACEMENT_3D('',#2919,#2920,#2921);
#2919 = CARTESIAN_POINT('',(16.217439622244,-7.809907304116,6.));
#2920 = DIRECTION('',(0.,0.,1.));
#2921 = DIRECTION('',(1.,0.,-0.));
#2922 = DEFINITIONAL_REPRESENTATION('',(#2923),#2927);
#2923 = CIRCLE('',#2924,2.6);
#2924 = AXIS2_PLACEMENT_2D('',#2925,#2926);
#2925 = CARTESIAN_POINT('',(0.,0.));
#2926 = DIRECTION('',(1.,0.));
#2927 = ( GEOMETRIC_REPRESENTATION_CONTEXT(2) 
PARAMETRIC_REPRESENTATION_CONTEXT() REPRESENTATION_CONTEXT('2D SPACE',''
  ) );
#2928 = ORIENTED_EDGE('',*,*,#2929,.T.);
#2929 = EDGE_CURVE('',#2901,#2804,#2930,.T.);
#2930 = SURFACE_CURVE('',#2931,(#2940,#2952),.PCURVE_S1.);
#2931 = B_SPLINE_CURVE_WITH_KNOTS('',4,(#2932,#2933,#2934,#2935,#2936,
    #2937,#2938,#2939),.UNSPECIFIED.,.F.,.F.,(5,3,5),(0.,0.206002520875,
    1.),.UNSPECIFIED.);
#2932 = CARTESIAN_POINT('',(14.724477869498,-9.938537193232,6.0000006));
#2933 = CARTESIAN_POINT('',(14.734400465428,-9.945496625817,
    5.94849935847));
#2934 = CARTESIAN_POINT('',(14.744365231006,-9.952393624916,
    5.896997999388));
#2935 = CARTESIAN_POINT('',(14.754372138192,-9.95922821608,
    5.845496584282));
#2936 = CARTESIAN_POINT('',(14.8031532772,-9.992102443675,5.595492797909
    ));
#2937 = CARTESIAN_POINT('',(14.842511253296,-10.0172772451,
    5.396990499502));
#2938 = CARTESIAN_POINT('',(14.882494474737,-10.04152423996,
    5.198491745332));
#2939 = CARTESIAN_POINT('',(14.923105921971,-10.06483530126,5.));
#2940 = PCURVE('',#132,#2941);
#2941 = DEFINITIONAL_REPRESENTATION('',(#2942),#2951);
#2942 = B_SPLINE_CURVE_WITH_KNOTS('',4,(#2943,#2944,#2945,#2946,#2947,
    #2948,#2949,#2950),.UNSPECIFIED.,.F.,.F.,(5,3,5),(0.,0.206002520875,
    1.),.UNSPECIFIED.);
#2943 = CARTESIAN_POINT('',(-4.100742693762,-6.0000006));
#2944 = CARTESIAN_POINT('',(-4.105404187985,-5.94849935847));
#2945 = CARTESIAN_POINT('',(-4.110065172275,-5.896997999388));
#2946 = CARTESIAN_POINT('',(-4.114725913477,-5.845496584282));
#2947 = CARTESIAN_POINT('',(-4.137350696855,-5.595492797909));
#2948 = CARTESIAN_POINT('',(-4.155315044399,-5.396990499502));
#2949 = CARTESIAN_POINT('',(-4.173294788003,-5.198491745332));
#2950 = CARTESIAN_POINT('',(-4.191304874039,-5.));
#2951 = ( GEOMETRIC_REPRESENTATION_CONTEXT(2) 
PARAMETRIC_REPRESENTATION_CONTEXT() REPRESENTATION_CONTEXT('2D SPACE',''
  ) );
#2952 = PCURVE('',#899,#2953);
#2953 = DEFINITIONAL_REPRESENTATION('',(#2954),#2963);
#2954 = B_SPLINE_CURVE_WITH_KNOTS('',4,(#2955,#2956,#2957,#2958,#2959,
    #2960,#2961,#2962),.UNSPECIFIED.,.F.,.F.,(5,3,5),(0.,0.206002520875,
    1.),.UNSPECIFIED.);
#2955 = CARTESIAN_POINT('',(-5.689458286337,-1.0000006));
#2956 = CARTESIAN_POINT('',(-5.689446061659,-0.94849935847));
#2957 = CARTESIAN_POINT('',(-5.689438100248,-0.896997999388));
#2958 = CARTESIAN_POINT('',(-5.689434382586,-0.845496584282));
#2959 = CARTESIAN_POINT('',(-5.689436853073,-0.595492797909));
#2960 = CARTESIAN_POINT('',(-5.689501602979,-0.396990499502));
#2961 = CARTESIAN_POINT('',(-5.689628162004,-0.198491745332));
#2962 = CARTESIAN_POINT('',(-5.689816045,2.094062628218E-14));
#2963 = ( GEOMETRIC_REPRESENTATION_CONTEXT(2) 
PARAMETRIC_REPRESENTATION_CONTEXT() REPRESENTATION_CONTEXT('2D SPACE',''
  ) );
#2964 = ORIENTED_EDGE('',*,*,#2803,.F.);
#2965 = ADVANCED_FACE('',(#2966),#103,.T.);
#2966 = FACE_BOUND('',#2967,.T.);
#2967 = EDGE_LOOP('',(#2968,#2969,#2970,#2991));
#2968 = ORIENTED_EDGE('',*,*,#2850,.F.);
#2969 = ORIENTED_EDGE('',*,*,#86,.T.);
#2970 = ORIENTED_EDGE('',*,*,#2971,.T.);
#2971 = EDGE_CURVE('',#58,#2972,#2974,.T.);
#2972 = VERTEX_POINT('',#2973);
#2973 = CARTESIAN_POINT('',(17.812222222222,-2.593210270335,5.));
#2974 = SURFACE_CURVE('',#2975,(#2979,#2985),.PCURVE_S1.);
#2975 = LINE('',#2976,#2977);
#2976 = CARTESIAN_POINT('',(17.812222222222,-2.593210270335,0.));
#2977 = VECTOR('',#2978,1.);
#2978 = DIRECTION('',(0.,0.,1.));
#2979 = PCURVE('',#103,#2980);
#2980 = DEFINITIONAL_REPRESENTATION('',(#2981),#2984);
#2981 = B_SPLINE_CURVE_WITH_KNOTS('',1,(#2982,#2983),.UNSPECIFIED.,.F.,
  .F.,(2,2),(-6.E-07,5.0000006),.PIECEWISE_BEZIER_KNOTS.);
#2982 = CARTESIAN_POINT('',(6.138614995513,-6.E-07));
#2983 = CARTESIAN_POINT('',(6.138614995513,5.0000006));
#2984 = ( GEOMETRIC_REPRESENTATION_CONTEXT(2) 
PARAMETRIC_REPRESENTATION_CONTEXT() REPRESENTATION_CONTEXT('2D SPACE',''
  ) );
#2985 = PCURVE('',#74,#2986);
#2986 = DEFINITIONAL_REPRESENTATION('',(#2987),#2990);
#2987 = B_SPLINE_CURVE_WITH_KNOTS('',1,(#2988,#2989),.UNSPECIFIED.,.F.,
  .F.,(2,2),(-6.E-07,5.0000006),.PIECEWISE_BEZIER_KNOTS.);
#2988 = CARTESIAN_POINT('',(-4.640103824551,6.E-07));
#2989 = CARTESIAN_POINT('',(-4.640103824551,-5.0000006));
#2990 = ( GEOMETRIC_REPRESENTATION_CONTEXT(2) 
PARAMETRIC_REPRESENTATION_CONTEXT() REPRESENTATION_CONTEXT('2D SPACE',''
  ) );
#2991 = ORIENTED_EDGE('',*,*,#2992,.F.);
#2992 = EDGE_CURVE('',#2851,#2972,#2993,.T.);
#2993 = SURFACE_CURVE('',#2994,(#2999,#3006),.PCURVE_S1.);
#2994 = CIRCLE('',#2995,18.);
#2995 = AXIS2_PLACEMENT_3D('',#2996,#2997,#2998);
#2996 = CARTESIAN_POINT('',(0.,0.,5.));
#2997 = DIRECTION('',(0.,0.,1.));
#2998 = DIRECTION('',(1.,0.,-0.));
#2999 = PCURVE('',#103,#3000);
#3000 = DEFINITIONAL_REPRESENTATION('',(#3001),#3005);
#3001 = LINE('',#3002,#3003);
#3002 = CARTESIAN_POINT('',(0.,5.));
#3003 = VECTOR('',#3004,1.);
#3004 = DIRECTION('',(1.,0.));
#3005 = ( GEOMETRIC_REPRESENTATION_CONTEXT(2) 
PARAMETRIC_REPRESENTATION_CONTEXT() REPRESENTATION_CONTEXT('2D SPACE',''
  ) );
#3006 = PCURVE('',#899,#3007);
#3007 = DEFINITIONAL_REPRESENTATION('',(#3008),#3012);
#3008 = LINE('',#3009,#3010);
#3009 = CARTESIAN_POINT('',(-0.,-0.));
#3010 = VECTOR('',#3011,1.);
#3011 = DIRECTION('',(-1.,-0.));
#3012 = ( GEOMETRIC_REPRESENTATION_CONTEXT(2) 
PARAMETRIC_REPRESENTATION_CONTEXT() REPRESENTATION_CONTEXT('2D SPACE',''
  ) );
#3013 = ADVANCED_FACE('',(#3014),#74,.F.);
#3014 = FACE_BOUND('',#3015,.T.);
#3015 = EDGE_LOOP('',(#3016,#3017,#3018,#3047,#3076,#3112));
#3016 = ORIENTED_EDGE('',*,*,#57,.F.);
#3017 = ORIENTED_EDGE('',*,*,#841,.T.);
#3018 = ORIENTED_EDGE('',*,*,#3019,.T.);
#3019 = EDGE_CURVE('',#842,#3020,#3022,.T.);
#3020 = VERTEX_POINT('',#3021);
#3021 = CARTESIAN_POINT('',(17.578465974625,2.565601111913,6.));
#3022 = SURFACE_CURVE('',#3023,(#3029,#3038),.PCURVE_S1.);
#3023 = B_SPLINE_CURVE_WITH_KNOTS('',4,(#3024,#3025,#3026,#3027,#3028),
  .UNSPECIFIED.,.F.,.F.,(5,5),(0.,1.),.PIECEWISE_BEZIER_KNOTS.);
#3024 = CARTESIAN_POINT('',(17.812222222222,2.593210270335,5.));
#3025 = CARTESIAN_POINT('',(17.753400951824,2.588950944523,
    5.249990399191));
#3026 = CARTESIAN_POINT('',(17.694833359484,2.582921677839,
    5.499991907508));
#3027 = CARTESIAN_POINT('',(17.636521118694,2.575139705722,
    5.749997630922));
#3028 = CARTESIAN_POINT('',(17.578465835294,2.565601089021,6.0000006));
#3029 = PCURVE('',#74,#3030);
#3030 = DEFINITIONAL_REPRESENTATION('',(#3031),#3037);
#3031 = B_SPLINE_CURVE_WITH_KNOTS('',4,(#3032,#3033,#3034,#3035,#3036),
  .UNSPECIFIED.,.F.,.F.,(5,5),(0.,1.),.PIECEWISE_BEZIER_KNOTS.);
#3032 = CARTESIAN_POINT('',(-1.643081482628,-5.));
#3033 = CARTESIAN_POINT('',(-1.665764282812,-5.249990399191));
#3034 = CARTESIAN_POINT('',(-1.688398971328,-5.499991907508));
#3035 = CARTESIAN_POINT('',(-1.711015326938,-5.749997630922));
#3036 = CARTESIAN_POINT('',(-1.733643662905,-6.0000006));
#3037 = ( GEOMETRIC_REPRESENTATION_CONTEXT(2) 
PARAMETRIC_REPRESENTATION_CONTEXT() REPRESENTATION_CONTEXT('2D SPACE',''
  ) );
#3038 = PCURVE('',#899,#3039);
#3039 = DEFINITIONAL_REPRESENTATION('',(#3040),#3046);
#3040 = B_SPLINE_CURVE_WITH_KNOTS('',4,(#3041,#3042,#3043,#3044,#3045),
  .UNSPECIFIED.,.F.,.F.,(5,5),(0.,1.),.PIECEWISE_BEZIER_KNOTS.);
#3041 = CARTESIAN_POINT('',(-0.144570311666,2.014854585543E-14));
#3042 = CARTESIAN_POINT('',(-0.144806940878,-0.249990399191));
#3043 = CARTESIAN_POINT('',(-0.144946296163,-0.499991907508));
#3044 = CARTESIAN_POINT('',(-0.144987412704,-0.749997630922));
#3045 = CARTESIAN_POINT('',(-0.14492807033,-1.0000006));
#3046 = ( GEOMETRIC_REPRESENTATION_CONTEXT(2) 
PARAMETRIC_REPRESENTATION_CONTEXT() REPRESENTATION_CONTEXT('2D SPACE',''
  ) );
#3047 = ORIENTED_EDGE('',*,*,#3048,.T.);
#3048 = EDGE_CURVE('',#3020,#3049,#3051,.T.);
#3049 = VERTEX_POINT('',#3050);
#3050 = CARTESIAN_POINT('',(17.578465974625,-2.565601111913,6.));
#3051 = SURFACE_CURVE('',#3052,(#3057,#3064),.PCURVE_S1.);
#3052 = CIRCLE('',#3053,2.6);
#3053 = AXIS2_PLACEMENT_3D('',#3054,#3055,#3056);
#3054 = CARTESIAN_POINT('',(18.,0.,6.));
#3055 = DIRECTION('',(0.,0.,1.));
#3056 = DIRECTION('',(1.,0.,0.));
#3057 = PCURVE('',#74,#3058);
#3058 = DEFINITIONAL_REPRESENTATION('',(#3059),#3063);
#3059 = LINE('',#3060,#3061);
#3060 = CARTESIAN_POINT('',(-0.,-6.));
#3061 = VECTOR('',#3062,1.);
#3062 = DIRECTION('',(-1.,0.));
#3063 = ( GEOMETRIC_REPRESENTATION_CONTEXT(2) 
PARAMETRIC_REPRESENTATION_CONTEXT() REPRESENTATION_CONTEXT('2D SPACE',''
  ) );
#3064 = PCURVE('',#3065,#3070);
#3065 = PLANE('',#3066);
#3066 = AXIS2_PLACEMENT_3D('',#3067,#3068,#3069);
#3067 = CARTESIAN_POINT('',(18.,2.883178284603E-16,6.));
#3068 = DIRECTION('',(0.,0.,1.));
#3069 = DIRECTION('',(1.,0.,-0.));
#3070 = DEFINITIONAL_REPRESENTATION('',(#3071),#3075);
#3071 = CIRCLE('',#3072,2.6);
#3072 = AXIS2_PLACEMENT_2D('',#3073,#3074);
#3073 = CARTESIAN_POINT('',(0.,-2.883178284603E-16));
#3074 = DIRECTION('',(1.,0.));
#3075 = ( GEOMETRIC_REPRESENTATION_CONTEXT(2) 
PARAMETRIC_REPRESENTATION_CONTEXT() REPRESENTATION_CONTEXT('2D SPACE',''
  ) );
#3076 = ORIENTED_EDGE('',*,*,#3077,.T.);
#3077 = EDGE_CURVE('',#3049,#2972,#3078,.T.);
#3078 = SURFACE_CURVE('',#3079,(#3088,#3100),.PCURVE_S1.);
#3079 = B_SPLINE_CURVE_WITH_KNOTS('',4,(#3080,#3081,#3082,#3083,#3084,
    #3085,#3086,#3087),.UNSPECIFIED.,.F.,.F.,(5,3,5),(0.,0.202143367435,
    1.),.UNSPECIFIED.);
#3080 = CARTESIAN_POINT('',(17.578465835294,-2.565601089021,6.0000006));
#3081 = CARTESIAN_POINT('',(17.590201325704,-2.567529257109,
    5.94946415828));
#3082 = CARTESIAN_POINT('',(17.60194731604,-2.569385644753,
    5.898927603369));
#3083 = CARTESIAN_POINT('',(17.613703792908,-2.571170285199,
    5.848390993404));
#3084 = CARTESIAN_POINT('',(17.671914705998,-2.579643926848,
    5.598387205993));
#3085 = CARTESIAN_POINT('',(17.718521825379,-2.585286910607,
    5.398920070355));
#3086 = CARTESIAN_POINT('',(17.765291281832,-2.58981193901,5.19945649666
    ));
#3087 = CARTESIAN_POINT('',(17.812222222222,-2.593210270335,5.));
#3088 = PCURVE('',#74,#3089);
#3089 = DEFINITIONAL_REPRESENTATION('',(#3090),#3099);
#3090 = B_SPLINE_CURVE_WITH_KNOTS('',4,(#3091,#3092,#3093,#3094,#3095,
    #3096,#3097,#3098),.UNSPECIFIED.,.F.,.F.,(5,3,5),(0.,0.202143367435,
    1.),.UNSPECIFIED.);
#3091 = CARTESIAN_POINT('',(-4.549541644275,-6.0000006));
#3092 = CARTESIAN_POINT('',(-4.554115812278,-5.94946415828));
#3093 = CARTESIAN_POINT('',(-4.558689489275,-5.898927603369));
#3094 = CARTESIAN_POINT('',(-4.563262927393,-5.848390993404));
#3095 = CARTESIAN_POINT('',(-4.585887706335,-5.598387205993));
#3096 = CARTESIAN_POINT('',(-4.603939217601,-5.398920070355));
#3097 = CARTESIAN_POINT('',(-4.622006202107,-5.19945649666));
#3098 = CARTESIAN_POINT('',(-4.640103824551,-5.));
#3099 = ( GEOMETRIC_REPRESENTATION_CONTEXT(2) 
PARAMETRIC_REPRESENTATION_CONTEXT() REPRESENTATION_CONTEXT('2D SPACE',''
  ) );
#3100 = PCURVE('',#899,#3101);
#3101 = DEFINITIONAL_REPRESENTATION('',(#3102),#3111);
#3102 = B_SPLINE_CURVE_WITH_KNOTS('',4,(#3103,#3104,#3105,#3106,#3107,
    #3108,#3109,#3110),.UNSPECIFIED.,.F.,.F.,(5,3,5),(0.,0.202143367435,
    1.),.UNSPECIFIED.);
#3103 = CARTESIAN_POINT('',(-6.13825723685,-1.0000006));
#3104 = CARTESIAN_POINT('',(-6.138245241183,-0.94946415828));
#3105 = CARTESIAN_POINT('',(-6.138237350548,-0.898927603369));
#3106 = CARTESIAN_POINT('',(-6.138233546502,-0.848390993404));
#3107 = CARTESIAN_POINT('',(-6.138234863824,-0.598387205993));
#3108 = CARTESIAN_POINT('',(-6.138299324691,-0.398920070355));
#3109 = CARTESIAN_POINT('',(-6.138426199328,-0.19945649666));
#3110 = CARTESIAN_POINT('',(-6.138614995513,0.));
#3111 = ( GEOMETRIC_REPRESENTATION_CONTEXT(2) 
PARAMETRIC_REPRESENTATION_CONTEXT() REPRESENTATION_CONTEXT('2D SPACE',''
  ) );
#3112 = ORIENTED_EDGE('',*,*,#2971,.F.);
#3113 = ADVANCED_FACE('',(#3114),#899,.T.);
#3114 = FACE_BOUND('',#3115,.T.);
#3115 = EDGE_LOOP('',(#3116,#3117,#3118,#3119,#3141,#3142,#3143,#3144,
    #3166,#3167,#3168,#3169,#3191,#3192,#3193,#3194,#3216,#3217,#3218,
    #3219,#3241,#3242,#3243,#3244,#3266,#3267,#3268,#3269,#3291,#3292,
    #3293,#3294,#3316,#3317,#3318,#3319,#3341,#3342,#3343,#3344,#3366,
    #3367,#3368,#3369,#3391,#3392,#3393,#3394,#3416,#3417,#3418,#3419,
    #3441,#3442,#3443,#3444,#3468,#3491,#3518,#3519));
#3116 = ORIENTED_EDGE('',*,*,#3019,.F.);
#3117 = ORIENTED_EDGE('',*,*,#884,.T.);
#3118 = ORIENTED_EDGE('',*,*,#994,.F.);
#3119 = ORIENTED_EDGE('',*,*,#3120,.T.);
#3120 = EDGE_CURVE('',#966,#937,#3121,.T.);
#3121 = SURFACE_CURVE('',#3122,(#3127,#3134),.PCURVE_S1.);
#3122 = CIRCLE('',#3123,17.764705882353);
#3123 = AXIS2_PLACEMENT_3D('',#3124,#3125,#3126);
#3124 = CARTESIAN_POINT('',(0.,0.,6.));
#3125 = DIRECTION('',(0.,0.,1.));
#3126 = DIRECTION('',(1.,0.,-0.));
#3127 = PCURVE('',#899,#3128);
#3128 = DEFINITIONAL_REPRESENTATION('',(#3129),#3133);
#3129 = LINE('',#3130,#3131);
#3130 = CARTESIAN_POINT('',(-0.,-1.));
#3131 = VECTOR('',#3132,1.);
#3132 = DIRECTION('',(-1.,-0.));
#3133 = ( GEOMETRIC_REPRESENTATION_CONTEXT(2) 
PARAMETRIC_REPRESENTATION_CONTEXT() REPRESENTATION_CONTEXT('2D SPACE',''
  ) );
#3134 = PCURVE('',#982,#3135);
#3135 = DEFINITIONAL_REPRESENTATION('',(#3136),#3140);
#3136 = CIRCLE('',#3137,17.764705882353);
#3137 = AXIS2_PLACEMENT_2D('',#3138,#3139);
#3138 = CARTESIAN_POINT('',(-16.21743962224,-7.809907304116));
#3139 = DIRECTION('',(1.,0.));
#3140 = ( GEOMETRIC_REPRESENTATION_CONTEXT(2) 
PARAMETRIC_REPRESENTATION_CONTEXT() REPRESENTATION_CONTEXT('2D SPACE',''
  ) );
#3141 = ORIENTED_EDGE('',*,*,#936,.F.);
#3142 = ORIENTED_EDGE('',*,*,#1048,.T.);
#3143 = ORIENTED_EDGE('',*,*,#1153,.F.);
#3144 = ORIENTED_EDGE('',*,*,#3145,.T.);
#3145 = EDGE_CURVE('',#1125,#1096,#3146,.T.);
#3146 = SURFACE_CURVE('',#3147,(#3152,#3159),.PCURVE_S1.);
#3147 = CIRCLE('',#3148,17.764705882353);
#3148 = AXIS2_PLACEMENT_3D('',#3149,#3150,#3151);
#3149 = CARTESIAN_POINT('',(0.,0.,6.));
#3150 = DIRECTION('',(0.,0.,1.));
#3151 = DIRECTION('',(1.,0.,-0.));
#3152 = PCURVE('',#899,#3153);
#3153 = DEFINITIONAL_REPRESENTATION('',(#3154),#3158);
#3154 = LINE('',#3155,#3156);
#3155 = CARTESIAN_POINT('',(-0.,-1.));
#3156 = VECTOR('',#3157,1.);
#3157 = DIRECTION('',(-1.,-0.));
#3158 = ( GEOMETRIC_REPRESENTATION_CONTEXT(2) 
PARAMETRIC_REPRESENTATION_CONTEXT() REPRESENTATION_CONTEXT('2D SPACE',''
  ) );
#3159 = PCURVE('',#1141,#3160);
#3160 = DEFINITIONAL_REPRESENTATION('',(#3161),#3165);
#3161 = CIRCLE('',#3162,17.764705882353);
#3162 = AXIS2_PLACEMENT_2D('',#3163,#3164);
#3163 = CARTESIAN_POINT('',(-11.22281643345,-14.07296668442));
#3164 = DIRECTION('',(1.,0.));
#3165 = ( GEOMETRIC_REPRESENTATION_CONTEXT(2) 
PARAMETRIC_REPRESENTATION_CONTEXT() REPRESENTATION_CONTEXT('2D SPACE',''
  ) );
#3166 = ORIENTED_EDGE('',*,*,#1095,.F.);
#3167 = ORIENTED_EDGE('',*,*,#1207,.T.);
#3168 = ORIENTED_EDGE('',*,*,#1312,.F.);
#3169 = ORIENTED_EDGE('',*,*,#3170,.T.);
#3170 = EDGE_CURVE('',#1284,#1255,#3171,.T.);
#3171 = SURFACE_CURVE('',#3172,(#3177,#3184),.PCURVE_S1.);
#3172 = CIRCLE('',#3173,17.764705882353);
#3173 = AXIS2_PLACEMENT_3D('',#3174,#3175,#3176);
#3174 = CARTESIAN_POINT('',(0.,0.,6.));
#3175 = DIRECTION('',(0.,0.,1.));
#3176 = DIRECTION('',(1.,0.,-0.));
#3177 = PCURVE('',#899,#3178);
#3178 = DEFINITIONAL_REPRESENTATION('',(#3179),#3183);
#3179 = LINE('',#3180,#3181);
#3180 = CARTESIAN_POINT('',(-0.,-1.));
#3181 = VECTOR('',#3182,1.);
#3182 = DIRECTION('',(-1.,-0.));
#3183 = ( GEOMETRIC_REPRESENTATION_CONTEXT(2) 
PARAMETRIC_REPRESENTATION_CONTEXT() REPRESENTATION_CONTEXT('2D SPACE',''
  ) );
#3184 = PCURVE('',#1300,#3185);
#3185 = DEFINITIONAL_REPRESENTATION('',(#3186),#3190);
#3186 = CIRCLE('',#3187,17.764705882353);
#3187 = AXIS2_PLACEMENT_2D('',#3188,#3189);
#3188 = CARTESIAN_POINT('',(-4.005376811214,-17.54870241927));
#3189 = DIRECTION('',(1.,0.));
#3190 = ( GEOMETRIC_REPRESENTATION_CONTEXT(2) 
PARAMETRIC_REPRESENTATION_CONTEXT() REPRESENTATION_CONTEXT('2D SPACE',''
  ) );
#3191 = ORIENTED_EDGE('',*,*,#1254,.F.);
#3192 = ORIENTED_EDGE('',*,*,#1375,.T.);
#3193 = ORIENTED_EDGE('',*,*,#1480,.F.);
#3194 = ORIENTED_EDGE('',*,*,#3195,.T.);
#3195 = EDGE_CURVE('',#1452,#1423,#3196,.T.);
#3196 = SURFACE_CURVE('',#3197,(#3202,#3209),.PCURVE_S1.);
#3197 = CIRCLE('',#3198,17.764705882353);
#3198 = AXIS2_PLACEMENT_3D('',#3199,#3200,#3201);
#3199 = CARTESIAN_POINT('',(0.,0.,6.));
#3200 = DIRECTION('',(0.,0.,1.));
#3201 = DIRECTION('',(1.,0.,-0.));
#3202 = PCURVE('',#899,#3203);
#3203 = DEFINITIONAL_REPRESENTATION('',(#3204),#3208);
#3204 = LINE('',#3205,#3206);
#3205 = CARTESIAN_POINT('',(-0.,-1.));
#3206 = VECTOR('',#3207,1.);
#3207 = DIRECTION('',(-1.,-0.));
#3208 = ( GEOMETRIC_REPRESENTATION_CONTEXT(2) 
PARAMETRIC_REPRESENTATION_CONTEXT() REPRESENTATION_CONTEXT('2D SPACE',''
  ) );
#3209 = PCURVE('',#1468,#3210);
#3210 = DEFINITIONAL_REPRESENTATION('',(#3211),#3215);
#3211 = CIRCLE('',#3212,17.764705882353);
#3212 = AXIS2_PLACEMENT_2D('',#3213,#3214);
#3213 = CARTESIAN_POINT('',(4.005376811214,-17.54870241927));
#3214 = DIRECTION('',(1.,0.));
#3215 = ( GEOMETRIC_REPRESENTATION_CONTEXT(2) 
PARAMETRIC_REPRESENTATION_CONTEXT() REPRESENTATION_CONTEXT('2D SPACE',''
  ) );
#3216 = ORIENTED_EDGE('',*,*,#1422,.F.);
#3217 = ORIENTED_EDGE('',*,*,#1534,.T.);
#3218 = ORIENTED_EDGE('',*,*,#1639,.F.);
#3219 = ORIENTED_EDGE('',*,*,#3220,.T.);
#3220 = EDGE_CURVE('',#1611,#1582,#3221,.T.);
#3221 = SURFACE_CURVE('',#3222,(#3227,#3234),.PCURVE_S1.);
#3222 = CIRCLE('',#3223,17.764705882353);
#3223 = AXIS2_PLACEMENT_3D('',#3224,#3225,#3226);
#3224 = CARTESIAN_POINT('',(0.,0.,6.));
#3225 = DIRECTION('',(0.,0.,1.));
#3226 = DIRECTION('',(1.,0.,-0.));
#3227 = PCURVE('',#899,#3228);
#3228 = DEFINITIONAL_REPRESENTATION('',(#3229),#3233);
#3229 = LINE('',#3230,#3231);
#3230 = CARTESIAN_POINT('',(-0.,-1.));
#3231 = VECTOR('',#3232,1.);
#3232 = DIRECTION('',(-1.,-0.));
#3233 = ( GEOMETRIC_REPRESENTATION_CONTEXT(2) 
PARAMETRIC_REPRESENTATION_CONTEXT() REPRESENTATION_CONTEXT('2D SPACE',''
  ) );
#3234 = PCURVE('',#1627,#3235);
#3235 = DEFINITIONAL_REPRESENTATION('',(#3236),#3240);
#3236 = CIRCLE('',#3237,17.764705882353);
#3237 = AXIS2_PLACEMENT_2D('',#3238,#3239);
#3238 = CARTESIAN_POINT('',(11.222816433457,-14.07296668442));
#3239 = DIRECTION('',(1.,0.));
#3240 = ( GEOMETRIC_REPRESENTATION_CONTEXT(2) 
PARAMETRIC_REPRESENTATION_CONTEXT() REPRESENTATION_CONTEXT('2D SPACE',''
  ) );
#3241 = ORIENTED_EDGE('',*,*,#1581,.F.);
#3242 = ORIENTED_EDGE('',*,*,#1693,.T.);
#3243 = ORIENTED_EDGE('',*,*,#1798,.F.);
#3244 = ORIENTED_EDGE('',*,*,#3245,.T.);
#3245 = EDGE_CURVE('',#1770,#1741,#3246,.T.);
#3246 = SURFACE_CURVE('',#3247,(#3252,#3259),.PCURVE_S1.);
#3247 = CIRCLE('',#3248,17.764705882353);
#3248 = AXIS2_PLACEMENT_3D('',#3249,#3250,#3251);
#3249 = CARTESIAN_POINT('',(0.,0.,6.));
#3250 = DIRECTION('',(0.,0.,1.));
#3251 = DIRECTION('',(1.,0.,-0.));
#3252 = PCURVE('',#899,#3253);
#3253 = DEFINITIONAL_REPRESENTATION('',(#3254),#3258);
#3254 = LINE('',#3255,#3256);
#3255 = CARTESIAN_POINT('',(-0.,-1.));
#3256 = VECTOR('',#3257,1.);
#3257 = DIRECTION('',(-1.,-0.));
#3258 = ( GEOMETRIC_REPRESENTATION_CONTEXT(2) 
PARAMETRIC_REPRESENTATION_CONTEXT() REPRESENTATION_CONTEXT('2D SPACE',''
  ) );
#3259 = PCURVE('',#1786,#3260);
#3260 = DEFINITIONAL_REPRESENTATION('',(#3261),#3265);
#3261 = CIRCLE('',#3262,17.764705882353);
#3262 = AXIS2_PLACEMENT_2D('',#3263,#3264);
#3263 = CARTESIAN_POINT('',(16.217439622244,-7.809907304116));
#3264 = DIRECTION('',(1.,0.));
#3265 = ( GEOMETRIC_REPRESENTATION_CONTEXT(2) 
PARAMETRIC_REPRESENTATION_CONTEXT() REPRESENTATION_CONTEXT('2D SPACE',''
  ) );
#3266 = ORIENTED_EDGE('',*,*,#1740,.F.);
#3267 = ORIENTED_EDGE('',*,*,#1852,.T.);
#3268 = ORIENTED_EDGE('',*,*,#1957,.F.);
#3269 = ORIENTED_EDGE('',*,*,#3270,.T.);
#3270 = EDGE_CURVE('',#1929,#1900,#3271,.T.);
#3271 = SURFACE_CURVE('',#3272,(#3277,#3284),.PCURVE_S1.);
#3272 = CIRCLE('',#3273,17.764705882353);
#3273 = AXIS2_PLACEMENT_3D('',#3274,#3275,#3276);
#3274 = CARTESIAN_POINT('',(0.,0.,6.));
#3275 = DIRECTION('',(0.,0.,1.));
#3276 = DIRECTION('',(1.,0.,-0.));
#3277 = PCURVE('',#899,#3278);
#3278 = DEFINITIONAL_REPRESENTATION('',(#3279),#3283);
#3279 = LINE('',#3280,#3281);
#3280 = CARTESIAN_POINT('',(-0.,-1.));
#3281 = VECTOR('',#3282,1.);
#3282 = DIRECTION('',(-1.,-0.));
#3283 = ( GEOMETRIC_REPRESENTATION_CONTEXT(2) 
PARAMETRIC_REPRESENTATION_CONTEXT() REPRESENTATION_CONTEXT('2D SPACE',''
  ) );
#3284 = PCURVE('',#1945,#3285);
#3285 = DEFINITIONAL_REPRESENTATION('',(#3286),#3290);
#3286 = CIRCLE('',#3287,17.764705882353);
#3287 = AXIS2_PLACEMENT_2D('',#3288,#3289);
#3288 = CARTESIAN_POINT('',(18.,-2.496496662008E-15));
#3289 = DIRECTION('',(1.,0.));
#3290 = ( GEOMETRIC_REPRESENTATION_CONTEXT(2) 
PARAMETRIC_REPRESENTATION_CONTEXT() REPRESENTATION_CONTEXT('2D SPACE',''
  ) );
#3291 = ORIENTED_EDGE('',*,*,#1899,.F.);
#3292 = ORIENTED_EDGE('',*,*,#2011,.T.);
#3293 = ORIENTED_EDGE('',*,*,#2125,.F.);
#3294 = ORIENTED_EDGE('',*,*,#3295,.T.);
#3295 = EDGE_CURVE('',#2097,#2059,#3296,.T.);
#3296 = SURFACE_CURVE('',#3297,(#3302,#3309),.PCURVE_S1.);
#3297 = CIRCLE('',#3298,17.764705882353);
#3298 = AXIS2_PLACEMENT_3D('',#3299,#3300,#3301);
#3299 = CARTESIAN_POINT('',(0.,0.,6.));
#3300 = DIRECTION('',(0.,0.,1.));
#3301 = DIRECTION('',(1.,0.,-0.));
#3302 = PCURVE('',#899,#3303);
#3303 = DEFINITIONAL_REPRESENTATION('',(#3304),#3308);
#3304 = LINE('',#3305,#3306);
#3305 = CARTESIAN_POINT('',(-0.,-1.));
#3306 = VECTOR('',#3307,1.);
#3307 = DIRECTION('',(-1.,-0.));
#3308 = ( GEOMETRIC_REPRESENTATION_CONTEXT(2) 
PARAMETRIC_REPRESENTATION_CONTEXT() REPRESENTATION_CONTEXT('2D SPACE',''
  ) );
#3309 = PCURVE('',#2113,#3310);
#3310 = DEFINITIONAL_REPRESENTATION('',(#3311),#3315);
#3311 = CIRCLE('',#3312,17.764705882353);
#3312 = AXIS2_PLACEMENT_2D('',#3313,#3314);
#3313 = CARTESIAN_POINT('',(16.217439622244,7.809907304116));
#3314 = DIRECTION('',(1.,0.));
#3315 = ( GEOMETRIC_REPRESENTATION_CONTEXT(2) 
PARAMETRIC_REPRESENTATION_CONTEXT() REPRESENTATION_CONTEXT('2D SPACE',''
  ) );
#3316 = ORIENTED_EDGE('',*,*,#2058,.F.);
#3317 = ORIENTED_EDGE('',*,*,#2179,.T.);
#3318 = ORIENTED_EDGE('',*,*,#2293,.F.);
#3319 = ORIENTED_EDGE('',*,*,#3320,.T.);
#3320 = EDGE_CURVE('',#2265,#2227,#3321,.T.);
#3321 = SURFACE_CURVE('',#3322,(#3327,#3334),.PCURVE_S1.);
#3322 = CIRCLE('',#3323,17.764705882353);
#3323 = AXIS2_PLACEMENT_3D('',#3324,#3325,#3326);
#3324 = CARTESIAN_POINT('',(0.,0.,6.));
#3325 = DIRECTION('',(0.,0.,1.));
#3326 = DIRECTION('',(1.,0.,-0.));
#3327 = PCURVE('',#899,#3328);
#3328 = DEFINITIONAL_REPRESENTATION('',(#3329),#3333);
#3329 = LINE('',#3330,#3331);
#3330 = CARTESIAN_POINT('',(-0.,-1.));
#3331 = VECTOR('',#3332,1.);
#3332 = DIRECTION('',(-1.,-0.));
#3333 = ( GEOMETRIC_REPRESENTATION_CONTEXT(2) 
PARAMETRIC_REPRESENTATION_CONTEXT() REPRESENTATION_CONTEXT('2D SPACE',''
  ) );
#3334 = PCURVE('',#2281,#3335);
#3335 = DEFINITIONAL_REPRESENTATION('',(#3336),#3340);
#3336 = CIRCLE('',#3337,17.764705882353);
#3337 = AXIS2_PLACEMENT_2D('',#3338,#3339);
#3338 = CARTESIAN_POINT('',(11.222816433457,14.072966684425));
#3339 = DIRECTION('',(1.,0.));
#3340 = ( GEOMETRIC_REPRESENTATION_CONTEXT(2) 
PARAMETRIC_REPRESENTATION_CONTEXT() REPRESENTATION_CONTEXT('2D SPACE',''
  ) );
#3341 = ORIENTED_EDGE('',*,*,#2226,.F.);
#3342 = ORIENTED_EDGE('',*,*,#2347,.T.);
#3343 = ORIENTED_EDGE('',*,*,#2452,.F.);
#3344 = ORIENTED_EDGE('',*,*,#3345,.T.);
#3345 = EDGE_CURVE('',#2424,#2395,#3346,.T.);
#3346 = SURFACE_CURVE('',#3347,(#3352,#3359),.PCURVE_S1.);
#3347 = CIRCLE('',#3348,17.764705882353);
#3348 = AXIS2_PLACEMENT_3D('',#3349,#3350,#3351);
#3349 = CARTESIAN_POINT('',(0.,0.,6.));
#3350 = DIRECTION('',(0.,0.,1.));
#3351 = DIRECTION('',(1.,0.,-0.));
#3352 = PCURVE('',#899,#3353);
#3353 = DEFINITIONAL_REPRESENTATION('',(#3354),#3358);
#3354 = LINE('',#3355,#3356);
#3355 = CARTESIAN_POINT('',(-0.,-1.));
#3356 = VECTOR('',#3357,1.);
#3357 = DIRECTION('',(-1.,-0.));
#3358 = ( GEOMETRIC_REPRESENTATION_CONTEXT(2) 
PARAMETRIC_REPRESENTATION_CONTEXT() REPRESENTATION_CONTEXT('2D SPACE',''
  ) );
#3359 = PCURVE('',#2440,#3360);
#3360 = DEFINITIONAL_REPRESENTATION('',(#3361),#3365);
#3361 = CIRCLE('',#3362,17.764705882353);
#3362 = AXIS2_PLACEMENT_2D('',#3363,#3364);
#3363 = CARTESIAN_POINT('',(4.005376811214,17.548702419273));
#3364 = DIRECTION('',(1.,0.));
#3365 = ( GEOMETRIC_REPRESENTATION_CONTEXT(2) 
PARAMETRIC_REPRESENTATION_CONTEXT() REPRESENTATION_CONTEXT('2D SPACE',''
  ) );
#3366 = ORIENTED_EDGE('',*,*,#2394,.F.);
#3367 = ORIENTED_EDGE('',*,*,#2506,.T.);
#3368 = ORIENTED_EDGE('',*,*,#2611,.F.);
#3369 = ORIENTED_EDGE('',*,*,#3370,.T.);
#3370 = EDGE_CURVE('',#2583,#2554,#3371,.T.);
#3371 = SURFACE_CURVE('',#3372,(#3377,#3384),.PCURVE_S1.);
#3372 = CIRCLE('',#3373,17.764705882353);
#3373 = AXIS2_PLACEMENT_3D('',#3374,#3375,#3376);
#3374 = CARTESIAN_POINT('',(0.,0.,6.));
#3375 = DIRECTION('',(0.,0.,1.));
#3376 = DIRECTION('',(1.,0.,-0.));
#3377 = PCURVE('',#899,#3378);
#3378 = DEFINITIONAL_REPRESENTATION('',(#3379),#3383);
#3379 = LINE('',#3380,#3381);
#3380 = CARTESIAN_POINT('',(-0.,-1.));
#3381 = VECTOR('',#3382,1.);
#3382 = DIRECTION('',(-1.,-0.));
#3383 = ( GEOMETRIC_REPRESENTATION_CONTEXT(2) 
PARAMETRIC_REPRESENTATION_CONTEXT() REPRESENTATION_CONTEXT('2D SPACE',''
  ) );
#3384 = PCURVE('',#2599,#3385);
#3385 = DEFINITIONAL_REPRESENTATION('',(#3386),#3390);
#3386 = CIRCLE('',#3387,17.764705882353);
#3387 = AXIS2_PLACEMENT_2D('',#3388,#3389);
#3388 = CARTESIAN_POINT('',(-4.005376811214,17.548702419273));
#3389 = DIRECTION('',(1.,0.));
#3390 = ( GEOMETRIC_REPRESENTATION_CONTEXT(2) 
PARAMETRIC_REPRESENTATION_CONTEXT() REPRESENTATION_CONTEXT('2D SPACE',''
  ) );
#3391 = ORIENTED_EDGE('',*,*,#2553,.F.);
#3392 = ORIENTED_EDGE('',*,*,#2665,.T.);
#3393 = ORIENTED_EDGE('',*,*,#2770,.F.);
#3394 = ORIENTED_EDGE('',*,*,#3395,.T.);
#3395 = EDGE_CURVE('',#2742,#2713,#3396,.T.);
#3396 = SURFACE_CURVE('',#3397,(#3402,#3409),.PCURVE_S1.);
#3397 = CIRCLE('',#3398,17.764705882353);
#3398 = AXIS2_PLACEMENT_3D('',#3399,#3400,#3401);
#3399 = CARTESIAN_POINT('',(0.,0.,6.));
#3400 = DIRECTION('',(0.,0.,1.));
#3401 = DIRECTION('',(1.,0.,-0.));
#3402 = PCURVE('',#899,#3403);
#3403 = DEFINITIONAL_REPRESENTATION('',(#3404),#3408);
#3404 = LINE('',#3405,#3406);
#3405 = CARTESIAN_POINT('',(-0.,-1.));
#3406 = VECTOR('',#3407,1.);
#3407 = DIRECTION('',(-1.,-0.));
#3408 = ( GEOMETRIC_REPRESENTATION_CONTEXT(2) 
PARAMETRIC_REPRESENTATION_CONTEXT() REPRESENTATION_CONTEXT('2D SPACE',''
  ) );
#3409 = PCURVE('',#2758,#3410);
#3410 = DEFINITIONAL_REPRESENTATION('',(#3411),#3415);
#3411 = CIRCLE('',#3412,17.764705882353);
#3412 = AXIS2_PLACEMENT_2D('',#3413,#3414);
#3413 = CARTESIAN_POINT('',(-11.22281643345,14.072966684425));
#3414 = DIRECTION('',(1.,0.));
#3415 = ( GEOMETRIC_REPRESENTATION_CONTEXT(2) 
PARAMETRIC_REPRESENTATION_CONTEXT() REPRESENTATION_CONTEXT('2D SPACE',''
  ) );
#3416 = ORIENTED_EDGE('',*,*,#2712,.F.);
#3417 = ORIENTED_EDGE('',*,*,#2824,.T.);
#3418 = ORIENTED_EDGE('',*,*,#2929,.F.);
#3419 = ORIENTED_EDGE('',*,*,#3420,.T.);
#3420 = EDGE_CURVE('',#2901,#2872,#3421,.T.);
#3421 = SURFACE_CURVE('',#3422,(#3427,#3434),.PCURVE_S1.);
#3422 = CIRCLE('',#3423,17.764705882353);
#3423 = AXIS2_PLACEMENT_3D('',#3424,#3425,#3426);
#3424 = CARTESIAN_POINT('',(0.,0.,6.));
#3425 = DIRECTION('',(0.,0.,1.));
#3426 = DIRECTION('',(1.,0.,-0.));
#3427 = PCURVE('',#899,#3428);
#3428 = DEFINITIONAL_REPRESENTATION('',(#3429),#3433);
#3429 = LINE('',#3430,#3431);
#3430 = CARTESIAN_POINT('',(-0.,-1.));
#3431 = VECTOR('',#3432,1.);
#3432 = DIRECTION('',(-1.,-0.));
#3433 = ( GEOMETRIC_REPRESENTATION_CONTEXT(2) 
PARAMETRIC_REPRESENTATION_CONTEXT() REPRESENTATION_CONTEXT('2D SPACE',''
  ) );
#3434 = PCURVE('',#2917,#3435);
#3435 = DEFINITIONAL_REPRESENTATION('',(#3436),#3440);
#3436 = CIRCLE('',#3437,17.764705882353);
#3437 = AXIS2_PLACEMENT_2D('',#3438,#3439);
#3438 = CARTESIAN_POINT('',(-16.21743962224,7.809907304116));
#3439 = DIRECTION('',(1.,0.));
#3440 = ( GEOMETRIC_REPRESENTATION_CONTEXT(2) 
PARAMETRIC_REPRESENTATION_CONTEXT() REPRESENTATION_CONTEXT('2D SPACE',''
  ) );
#3441 = ORIENTED_EDGE('',*,*,#2871,.F.);
#3442 = ORIENTED_EDGE('',*,*,#2992,.T.);
#3443 = ORIENTED_EDGE('',*,*,#3077,.F.);
#3444 = ORIENTED_EDGE('',*,*,#3445,.T.);
#3445 = EDGE_CURVE('',#3049,#3446,#3448,.T.);
#3446 = VERTEX_POINT('',#3447);
#3447 = CARTESIAN_POINT('',(17.764705882353,0.,6.));
#3448 = SURFACE_CURVE('',#3449,(#3454,#3461),.PCURVE_S1.);
#3449 = CIRCLE('',#3450,17.764705882353);
#3450 = AXIS2_PLACEMENT_3D('',#3451,#3452,#3453);
#3451 = CARTESIAN_POINT('',(0.,0.,6.));
#3452 = DIRECTION('',(0.,0.,1.));
#3453 = DIRECTION('',(1.,0.,-0.));
#3454 = PCURVE('',#899,#3455);
#3455 = DEFINITIONAL_REPRESENTATION('',(#3456),#3460);
#3456 = LINE('',#3457,#3458);
#3457 = CARTESIAN_POINT('',(-0.,-1.));
#3458 = VECTOR('',#3459,1.);
#3459 = DIRECTION('',(-1.,-0.));
#3460 = ( GEOMETRIC_REPRESENTATION_CONTEXT(2) 
PARAMETRIC_REPRESENTATION_CONTEXT() REPRESENTATION_CONTEXT('2D SPACE',''
  ) );
#3461 = PCURVE('',#3065,#3462);
#3462 = DEFINITIONAL_REPRESENTATION('',(#3463),#3467);
#3463 = CIRCLE('',#3464,17.764705882353);
#3464 = AXIS2_PLACEMENT_2D('',#3465,#3466);
#3465 = CARTESIAN_POINT('',(-18.,-2.883178284603E-16));
#3466 = DIRECTION('',(1.,0.));
#3467 = ( GEOMETRIC_REPRESENTATION_CONTEXT(2) 
PARAMETRIC_REPRESENTATION_CONTEXT() REPRESENTATION_CONTEXT('2D SPACE',''
  ) );
#3468 = ORIENTED_EDGE('',*,*,#3469,.T.);
#3469 = EDGE_CURVE('',#3446,#3470,#3472,.T.);
#3470 = VERTEX_POINT('',#3471);
#3471 = CARTESIAN_POINT('',(14.,0.,22.));
#3472 = SEAM_CURVE('',#3473,(#3477,#3484),.PCURVE_S1.);
#3473 = LINE('',#3474,#3475);
#3474 = CARTESIAN_POINT('',(18.,0.,5.));
#3475 = VECTOR('',#3476,1.);
#3476 = DIRECTION('',(-0.229039333726,0.,0.973417168334));
#3477 = PCURVE('',#899,#3478);
#3478 = DEFINITIONAL_REPRESENTATION('',(#3479),#3483);
#3479 = LINE('',#3480,#3481);
#3480 = CARTESIAN_POINT('',(-0.,-0.));
#3481 = VECTOR('',#3482,1.);
#3482 = DIRECTION('',(-0.,-1.));
#3483 = ( GEOMETRIC_REPRESENTATION_CONTEXT(2) 
PARAMETRIC_REPRESENTATION_CONTEXT() REPRESENTATION_CONTEXT('2D SPACE',''
  ) );
#3484 = PCURVE('',#899,#3485);
#3485 = DEFINITIONAL_REPRESENTATION('',(#3486),#3490);
#3486 = LINE('',#3487,#3488);
#3487 = CARTESIAN_POINT('',(-6.28318530718,-0.));
#3488 = VECTOR('',#3489,1.);
#3489 = DIRECTION('',(-0.,-1.));
#3490 = ( GEOMETRIC_REPRESENTATION_CONTEXT(2) 
PARAMETRIC_REPRESENTATION_CONTEXT() REPRESENTATION_CONTEXT('2D SPACE',''
  ) );
#3491 = ORIENTED_EDGE('',*,*,#3492,.F.);
#3492 = EDGE_CURVE('',#3470,#3470,#3493,.T.);
#3493 = SURFACE_CURVE('',#3494,(#3499,#3506),.PCURVE_S1.);
#3494 = CIRCLE('',#3495,14.);
#3495 = AXIS2_PLACEMENT_3D('',#3496,#3497,#3498);
#3496 = CARTESIAN_POINT('',(0.,0.,22.));
#3497 = DIRECTION('',(0.,0.,1.));
#3498 = DIRECTION('',(1.,0.,-0.));
#3499 = PCURVE('',#899,#3500);
#3500 = DEFINITIONAL_REPRESENTATION('',(#3501),#3505);
#3501 = LINE('',#3502,#3503);
#3502 = CARTESIAN_POINT('',(-0.,-17.));
#3503 = VECTOR('',#3504,1.);
#3504 = DIRECTION('',(-1.,-0.));
#3505 = ( GEOMETRIC_REPRESENTATION_CONTEXT(2) 
PARAMETRIC_REPRESENTATION_CONTEXT() REPRESENTATION_CONTEXT('2D SPACE',''
  ) );
#3506 = PCURVE('',#3507,#3512);
#3507 = PLANE('',#3508);
#3508 = AXIS2_PLACEMENT_3D('',#3509,#3510,#3511);
#3509 = CARTESIAN_POINT('',(0.,0.,22.));
#3510 = DIRECTION('',(0.,0.,1.));
#3511 = DIRECTION('',(1.,0.,-0.));
#3512 = DEFINITIONAL_REPRESENTATION('',(#3513),#3517);
#3513 = CIRCLE('',#3514,14.);
#3514 = AXIS2_PLACEMENT_2D('',#3515,#3516);
#3515 = CARTESIAN_POINT('',(0.,0.));
#3516 = DIRECTION('',(1.,0.));
#3517 = ( GEOMETRIC_REPRESENTATION_CONTEXT(2) 
PARAMETRIC_REPRESENTATION_CONTEXT() REPRESENTATION_CONTEXT('2D SPACE',''
  ) );
#3518 = ORIENTED_EDGE('',*,*,#3469,.F.);
#3519 = ORIENTED_EDGE('',*,*,#3520,.T.);
#3520 = EDGE_CURVE('',#3446,#3020,#3521,.T.);
#3521 = SURFACE_CURVE('',#3522,(#3527,#3534),.PCURVE_S1.);
#3522 = CIRCLE('',#3523,17.764705882353);
#3523 = AXIS2_PLACEMENT_3D('',#3524,#3525,#3526);
#3524 = CARTESIAN_POINT('',(0.,0.,6.));
#3525 = DIRECTION('',(0.,0.,1.));
#3526 = DIRECTION('',(1.,0.,-0.));
#3527 = PCURVE('',#899,#3528);
#3528 = DEFINITIONAL_REPRESENTATION('',(#3529),#3533);
#3529 = LINE('',#3530,#3531);
#3530 = CARTESIAN_POINT('',(-0.,-1.));
#3531 = VECTOR('',#3532,1.);
#3532 = DIRECTION('',(-1.,-0.));
#3533 = ( GEOMETRIC_REPRESENTATION_CONTEXT(2) 
PARAMETRIC_REPRESENTATION_CONTEXT() REPRESENTATION_CONTEXT('2D SPACE',''
  ) );
#3534 = PCURVE('',#3065,#3535);
#3535 = DEFINITIONAL_REPRESENTATION('',(#3536),#3540);
#3536 = CIRCLE('',#3537,17.764705882353);
#3537 = AXIS2_PLACEMENT_2D('',#3538,#3539);
#3538 = CARTESIAN_POINT('',(-18.,-2.883178284603E-16));
#3539 = DIRECTION('',(1.,0.));
#3540 = ( GEOMETRIC_REPRESENTATION_CONTEXT(2) 
PARAMETRIC_REPRESENTATION_CONTEXT() REPRESENTATION_CONTEXT('2D SPACE',''
  ) );
#3541 = ADVANCED_FACE('',(#3542),#982,.F.);
#3542 = FACE_BOUND('',#3543,.F.);
#3543 = EDGE_LOOP('',(#3544,#3545));
#3544 = ORIENTED_EDGE('',*,*,#3120,.T.);
#3545 = ORIENTED_EDGE('',*,*,#965,.T.);
#3546 = ADVANCED_FACE('',(#3547),#1141,.F.);
#3547 = FACE_BOUND('',#3548,.F.);
#3548 = EDGE_LOOP('',(#3549,#3550));
#3549 = ORIENTED_EDGE('',*,*,#3145,.T.);
#3550 = ORIENTED_EDGE('',*,*,#1124,.T.);
#3551 = ADVANCED_FACE('',(#3552),#1300,.F.);
#3552 = FACE_BOUND('',#3553,.F.);
#3553 = EDGE_LOOP('',(#3554,#3555));
#3554 = ORIENTED_EDGE('',*,*,#3170,.T.);
#3555 = ORIENTED_EDGE('',*,*,#1283,.T.);
#3556 = ADVANCED_FACE('',(#3557),#1468,.F.);
#3557 = FACE_BOUND('',#3558,.F.);
#3558 = EDGE_LOOP('',(#3559,#3560));
#3559 = ORIENTED_EDGE('',*,*,#1451,.T.);
#3560 = ORIENTED_EDGE('',*,*,#3195,.T.);
#3561 = ADVANCED_FACE('',(#3562),#1627,.F.);
#3562 = FACE_BOUND('',#3563,.F.);
#3563 = EDGE_LOOP('',(#3564,#3565));
#3564 = ORIENTED_EDGE('',*,*,#1610,.T.);
#3565 = ORIENTED_EDGE('',*,*,#3220,.T.);
#3566 = ADVANCED_FACE('',(#3567),#1786,.F.);
#3567 = FACE_BOUND('',#3568,.F.);
#3568 = EDGE_LOOP('',(#3569,#3570));
#3569 = ORIENTED_EDGE('',*,*,#1769,.T.);
#3570 = ORIENTED_EDGE('',*,*,#3245,.T.);
#3571 = ADVANCED_FACE('',(#3572),#1945,.F.);
#3572 = FACE_BOUND('',#3573,.F.);
#3573 = EDGE_LOOP('',(#3574,#3575));
#3574 = ORIENTED_EDGE('',*,*,#1928,.T.);
#3575 = ORIENTED_EDGE('',*,*,#3270,.T.);
#3576 = ADVANCED_FACE('',(#3577),#2113,.F.);
#3577 = FACE_BOUND('',#3578,.F.);
#3578 = EDGE_LOOP('',(#3579,#3580));
#3579 = ORIENTED_EDGE('',*,*,#2096,.T.);
#3580 = ORIENTED_EDGE('',*,*,#3295,.T.);
#3581 = ADVANCED_FACE('',(#3582),#2281,.F.);
#3582 = FACE_BOUND('',#3583,.F.);
#3583 = EDGE_LOOP('',(#3584,#3585));
#3584 = ORIENTED_EDGE('',*,*,#2264,.T.);
#3585 = ORIENTED_EDGE('',*,*,#3320,.T.);
#3586 = ADVANCED_FACE('',(#3587),#2440,.F.);
#3587 = FACE_BOUND('',#3588,.F.);
#3588 = EDGE_LOOP('',(#3589,#3590));
#3589 = ORIENTED_EDGE('',*,*,#2423,.T.);
#3590 = ORIENTED_EDGE('',*,*,#3345,.T.);
#3591 = ADVANCED_FACE('',(#3592),#2599,.F.);
#3592 = FACE_BOUND('',#3593,.F.);
#3593 = EDGE_LOOP('',(#3594,#3595));
#3594 = ORIENTED_EDGE('',*,*,#3370,.T.);
#3595 = ORIENTED_EDGE('',*,*,#2582,.T.);
#3596 = ADVANCED_FACE('',(#3597),#2758,.F.);
#3597 = FACE_BOUND('',#3598,.F.);
#3598 = EDGE_LOOP('',(#3599,#3600));
#3599 = ORIENTED_EDGE('',*,*,#3395,.T.);
#3600 = ORIENTED_EDGE('',*,*,#2741,.T.);
#3601 = ADVANCED_FACE('',(#3602),#2917,.F.);
#3602 = FACE_BOUND('',#3603,.F.);
#3603 = EDGE_LOOP('',(#3604,#3605));
#3604 = ORIENTED_EDGE('',*,*,#3420,.T.);
#3605 = ORIENTED_EDGE('',*,*,#2900,.T.);
#3606 = ADVANCED_FACE('',(#3607),#3065,.F.);
#3607 = FACE_BOUND('',#3608,.F.);
#3608 = EDGE_LOOP('',(#3609,#3610,#3611));
#3609 = ORIENTED_EDGE('',*,*,#3520,.T.);
#3610 = ORIENTED_EDGE('',*,*,#3048,.T.);
#3611 = ORIENTED_EDGE('',*,*,#3445,.T.);
#3612 = ADVANCED_FACE('',(#3613,#3616),#3507,.T.);
#3613 = FACE_BOUND('',#3614,.T.);
#3614 = EDGE_LOOP('',(#3615));
#3615 = ORIENTED_EDGE('',*,*,#3492,.T.);
#3616 = FACE_BOUND('',#3617,.T.);
#3617 = EDGE_LOOP('',(#3618));
#3618 = ORIENTED_EDGE('',*,*,#3619,.T.);
#3619 = EDGE_CURVE('',#3620,#3620,#3622,.T.);
#3620 = VERTEX_POINT('',#3621);
#3621 = CARTESIAN_POINT('',(-3.,-7.347880794884E-16,22.));
#3622 = SURFACE_CURVE('',#3623,(#3628,#3639),.PCURVE_S1.);
#3623 = CIRCLE('',#3624,3.);
#3624 = AXIS2_PLACEMENT_3D('',#3625,#3626,#3627);
#3625 = CARTESIAN_POINT('',(0.,0.,22.));
#3626 = DIRECTION('',(0.,0.,-1.));
#3627 = DIRECTION('',(-1.,0.,0.));
#3628 = PCURVE('',#3507,#3629);
#3629 = DEFINITIONAL_REPRESENTATION('',(#3630),#3638);
#3630 = ( BOUNDED_CURVE() B_SPLINE_CURVE(2,(#3631,#3632,#3633,#3634,
#3635,#3636,#3637),.UNSPECIFIED.,.T.,.F.) B_SPLINE_CURVE_WITH_KNOTS((1,2
    ,2,2,2,1),(-2.094395102393,0.,2.094395102393,4.188790204786,
6.28318530718,8.377580409573),.UNSPECIFIED.) CURVE() 
GEOMETRIC_REPRESENTATION_ITEM() RATIONAL_B_SPLINE_CURVE((1.,0.5,1.,0.5,
1.,0.5,1.)) REPRESENTATION_ITEM('') );
#3631 = CARTESIAN_POINT('',(-3.,0.));
#3632 = CARTESIAN_POINT('',(-3.,5.196152422707));
#3633 = CARTESIAN_POINT('',(1.5,2.598076211353));
#3634 = CARTESIAN_POINT('',(6.,7.347880794884E-16));
#3635 = CARTESIAN_POINT('',(1.5,-2.598076211353));
#3636 = CARTESIAN_POINT('',(-3.,-5.196152422707));
#3637 = CARTESIAN_POINT('',(-3.,0.));
#3638 = ( GEOMETRIC_REPRESENTATION_CONTEXT(2) 
PARAMETRIC_REPRESENTATION_CONTEXT() REPRESENTATION_CONTEXT('2D SPACE',''
  ) );
#3639 = PCURVE('',#3640,#3645);
#3640 = CYLINDRICAL_SURFACE('',#3641,3.);
#3641 = AXIS2_PLACEMENT_3D('',#3642,#3643,#3644);
#3642 = CARTESIAN_POINT('',(0.,0.,22.));
#3643 = DIRECTION('',(0.,0.,-1.));
#3644 = DIRECTION('',(-1.,0.,0.));
#3645 = DEFINITIONAL_REPRESENTATION('',(#3646),#3650);
#3646 = LINE('',#3647,#3648);
#3647 = CARTESIAN_POINT('',(0.,0.));
#3648 = VECTOR('',#3649,1.);
#3649 = DIRECTION('',(1.,0.));
#3650 = ( GEOMETRIC_REPRESENTATION_CONTEXT(2) 
PARAMETRIC_REPRESENTATION_CONTEXT() REPRESENTATION_CONTEXT('2D SPACE',''
  ) );
#3651 = ADVANCED_FACE('',(#3652),#3640,.F.);
#3652 = FACE_BOUND('',#3653,.F.);
#3653 = EDGE_LOOP('',(#3654,#3683,#3704,#3705));
#3654 = ORIENTED_EDGE('',*,*,#3655,.F.);
#3655 = EDGE_CURVE('',#3656,#3656,#3658,.T.);
#3656 = VERTEX_POINT('',#3657);
#3657 = CARTESIAN_POINT('',(-3.,-7.347880794884E-16,4.));
#3658 = SURFACE_CURVE('',#3659,(#3664,#3671),.PCURVE_S1.);
#3659 = CIRCLE('',#3660,3.);
#3660 = AXIS2_PLACEMENT_3D('',#3661,#3662,#3663);
#3661 = CARTESIAN_POINT('',(0.,0.,4.));
#3662 = DIRECTION('',(0.,0.,-1.));
#3663 = DIRECTION('',(-1.,0.,0.));
#3664 = PCURVE('',#3640,#3665);
#3665 = DEFINITIONAL_REPRESENTATION('',(#3666),#3670);
#3666 = LINE('',#3667,#3668);
#3667 = CARTESIAN_POINT('',(0.,18.));
#3668 = VECTOR('',#3669,1.);
#3669 = DIRECTION('',(1.,0.));
#3670 = ( GEOMETRIC_REPRESENTATION_CONTEXT(2) 
PARAMETRIC_REPRESENTATION_CONTEXT() REPRESENTATION_CONTEXT('2D SPACE',''
  ) );
#3671 = PCURVE('',#3672,#3677);
#3672 = PLANE('',#3673);
#3673 = AXIS2_PLACEMENT_3D('',#3674,#3675,#3676);
#3674 = CARTESIAN_POINT('',(0.,0.,4.));
#3675 = DIRECTION('',(0.,0.,-1.));
#3676 = DIRECTION('',(-1.,0.,0.));
#3677 = DEFINITIONAL_REPRESENTATION('',(#3678),#3682);
#3678 = CIRCLE('',#3679,3.);
#3679 = AXIS2_PLACEMENT_2D('',#3680,#3681);
#3680 = CARTESIAN_POINT('',(0.,0.));
#3681 = DIRECTION('',(1.,0.));
#3682 = ( GEOMETRIC_REPRESENTATION_CONTEXT(2) 
PARAMETRIC_REPRESENTATION_CONTEXT() REPRESENTATION_CONTEXT('2D SPACE',''
  ) );
#3683 = ORIENTED_EDGE('',*,*,#3684,.F.);
#3684 = EDGE_CURVE('',#3620,#3656,#3685,.T.);
#3685 = SEAM_CURVE('',#3686,(#3690,#3697),.PCURVE_S1.);
#3686 = LINE('',#3687,#3688);
#3687 = CARTESIAN_POINT('',(-3.,-7.347880794884E-16,22.));
#3688 = VECTOR('',#3689,1.);
#3689 = DIRECTION('',(0.,0.,-1.));
#3690 = PCURVE('',#3640,#3691);
#3691 = DEFINITIONAL_REPRESENTATION('',(#3692),#3696);
#3692 = LINE('',#3693,#3694);
#3693 = CARTESIAN_POINT('',(6.28318530718,-0.));
#3694 = VECTOR('',#3695,1.);
#3695 = DIRECTION('',(0.,1.));
#3696 = ( GEOMETRIC_REPRESENTATION_CONTEXT(2) 
PARAMETRIC_REPRESENTATION_CONTEXT() REPRESENTATION_CONTEXT('2D SPACE',''
  ) );
#3697 = PCURVE('',#3640,#3698);
#3698 = DEFINITIONAL_REPRESENTATION('',(#3699),#3703);
#3699 = LINE('',#3700,#3701);
#3700 = CARTESIAN_POINT('',(0.,-0.));
#3701 = VECTOR('',#3702,1.);
#3702 = DIRECTION('',(0.,1.));
#3703 = ( GEOMETRIC_REPRESENTATION_CONTEXT(2) 
PARAMETRIC_REPRESENTATION_CONTEXT() REPRESENTATION_CONTEXT('2D SPACE',''
  ) );
#3704 = ORIENTED_EDGE('',*,*,#3619,.T.);
#3705 = ORIENTED_EDGE('',*,*,#3684,.T.);
#3706 = ADVANCED_FACE('',(#3707),#3672,.F.);
#3707 = FACE_BOUND('',#3708,.F.);
#3708 = EDGE_LOOP('',(#3709));
#3709 = ORIENTED_EDGE('',*,*,#3655,.T.);
#3710 = ( GEOMETRIC_REPRESENTATION_CONTEXT(3) 
GLOBAL_UNCERTAINTY_ASSIGNED_CONTEXT((#3714)) 
GLOBAL_UNIT_ASSIGNED_CONTEXT((#3711,#3712,#3713)) REPRESENTATION_CONTEXT
('Context #1','3D Context with UNIT and UNCERTAINTY') );
#3711 = ( LENGTH_UNIT() NAMED_UNIT(*) SI_UNIT(.MILLI.,.METRE.) );
#3712 = ( NAMED_UNIT(*) PLANE_ANGLE_UNIT() SI_UNIT($,.RADIAN.) );
#3713 = ( NAMED_UNIT(*) SI_UNIT($,.STERADIAN.) SOLID_ANGLE_UNIT() );
#3714 = UNCERTAINTY_MEASURE_WITH_UNIT(LENGTH_MEASURE(1.E-07),#3711,
  'distance_accuracy_value','confusion accuracy');
#3715 = PRODUCT_RELATED_PRODUCT_CATEGORY('part',$,(#7));
ENDSEC;
END-ISO-10303-21;
