ISO-10303-21;
HEADER;
FILE_DESCRIPTION(('Open CASCADE Model'),'2;1');
FILE_NAME('Open CASCADE Shape Model','2026-05-26T15:20:02',('Author'),(
    'Open CASCADE'),'Open CASCADE STEP processor 7.8','Open CASCADE 7.8'
  ,'Unknown');
FILE_SCHEMA(('AUTOMOTIVE_DESIGN { 1 0 10303 214 1 1 1 1 }'));
ENDSEC;
DATA;
#1 = APPLICATION_PROTOCOL_DEFINITION('international standard',
  'automotive_design',2000,#2);
#2 = APPLICATION_CONTEXT(
  'core data for automotive mechanical design processes');
#3 = SHAPE_DEFINITION_REPRESENTATION(#4,#10);
#4 = PRODUCT_DEFINITION_SHAPE('','',#5);
#5 = PRODUCT_DEFINITION('design','',#6,#9);
#6 = PRODUCT_DEFINITION_FORMATION('','',#7);
#7 = PRODUCT('Open CASCADE STEP translator 7.8 2',
  'Open CASCADE STEP translator 7.8 2','',(#8));
#8 = PRODUCT_CONTEXT('',#2,'mechanical');
#9 = PRODUCT_DEFINITION_CONTEXT('part definition',#2,'design');
#10 = ADVANCED_BREP_SHAPE_REPRESENTATION('',(#11,#15),#6660);
#11 = AXIS2_PLACEMENT_3D('',#12,#13,#14);
#12 = CARTESIAN_POINT('',(0.,0.,0.));
#13 = DIRECTION('',(0.,0.,1.));
#14 = DIRECTION('',(1.,0.,-0.));
#15 = MANIFOLD_SOLID_BREP('',#16);
#16 = CLOSED_SHELL('',(#17,#137,#213,#289,#367,#1708,#1735,#1762,#1769,
    #1825,#6287,#6314,#6341,#6368,#6395,#6422,#6449,#6476,#6503,#6530,
    #6602,#6629,#6654));
#17 = ADVANCED_FACE('',(#18),#32,.F.);
#18 = FACE_BOUND('',#19,.F.);
#19 = EDGE_LOOP('',(#20,#55,#83,#111));
#20 = ORIENTED_EDGE('',*,*,#21,.T.);
#21 = EDGE_CURVE('',#22,#24,#26,.T.);
#22 = VERTEX_POINT('',#23);
#23 = CARTESIAN_POINT('',(13.,0.,0.));
#24 = VERTEX_POINT('',#25);
#25 = CARTESIAN_POINT('',(13.,0.,9.));
#26 = SURFACE_CURVE('',#27,(#31,#43),.PCURVE_S1.);
#27 = LINE('',#28,#29);
#28 = CARTESIAN_POINT('',(13.,0.,0.));
#29 = VECTOR('',#30,1.);
#30 = DIRECTION('',(0.,0.,1.));
#31 = PCURVE('',#32,#37);
#32 = PLANE('',#33);
#33 = AXIS2_PLACEMENT_3D('',#34,#35,#36);
#34 = CARTESIAN_POINT('',(13.,0.,0.));
#35 = DIRECTION('',(-0.866025403784,-0.5,0.));
#36 = DIRECTION('',(-0.5,0.866025403784,0.));
#37 = DEFINITIONAL_REPRESENTATION('',(#38),#42);
#38 = LINE('',#39,#40);
#39 = CARTESIAN_POINT('',(0.,0.));
#40 = VECTOR('',#41,1.);
#41 = DIRECTION('',(0.,-1.));
#42 = ( GEOMETRIC_REPRESENTATION_CONTEXT(2) 
PARAMETRIC_REPRESENTATION_CONTEXT() REPRESENTATION_CONTEXT('2D SPACE',''
  ) );
#43 = PCURVE('',#44,#49);
#44 = PLANE('',#45);
#45 = AXIS2_PLACEMENT_3D('',#46,#47,#48);
#46 = CARTESIAN_POINT('',(6.5,-11.25833024919,0.));
#47 = DIRECTION('',(-0.866025403784,0.5,0.));
#48 = DIRECTION('',(0.5,0.866025403784,0.));
#49 = DEFINITIONAL_REPRESENTATION('',(#50),#54);
#50 = LINE('',#51,#52);
#51 = CARTESIAN_POINT('',(13.,0.));
#52 = VECTOR('',#53,1.);
#53 = DIRECTION('',(0.,-1.));
#54 = ( GEOMETRIC_REPRESENTATION_CONTEXT(2) 
PARAMETRIC_REPRESENTATION_CONTEXT() REPRESENTATION_CONTEXT('2D SPACE',''
  ) );
#55 = ORIENTED_EDGE('',*,*,#56,.T.);
#56 = EDGE_CURVE('',#24,#57,#59,.T.);
#57 = VERTEX_POINT('',#58);
#58 = CARTESIAN_POINT('',(6.5,11.258330249198,9.));
#59 = SURFACE_CURVE('',#60,(#64,#71),.PCURVE_S1.);
#60 = LINE('',#61,#62);
#61 = CARTESIAN_POINT('',(13.,0.,9.));
#62 = VECTOR('',#63,1.);
#63 = DIRECTION('',(-0.5,0.866025403784,0.));
#64 = PCURVE('',#32,#65);
#65 = DEFINITIONAL_REPRESENTATION('',(#66),#70);
#66 = LINE('',#67,#68);
#67 = CARTESIAN_POINT('',(0.,-9.));
#68 = VECTOR('',#69,1.);
#69 = DIRECTION('',(1.,0.));
#70 = ( GEOMETRIC_REPRESENTATION_CONTEXT(2) 
PARAMETRIC_REPRESENTATION_CONTEXT() REPRESENTATION_CONTEXT('2D SPACE',''
  ) );
#71 = PCURVE('',#72,#77);
#72 = PLANE('',#73);
#73 = AXIS2_PLACEMENT_3D('',#74,#75,#76);
#74 = CARTESIAN_POINT('',(-5.465713352001E-16,1.821904450667E-16,9.));
#75 = DIRECTION('',(0.,0.,1.));
#76 = DIRECTION('',(1.,0.,-0.));
#77 = DEFINITIONAL_REPRESENTATION('',(#78),#82);
#78 = LINE('',#79,#80);
#79 = CARTESIAN_POINT('',(13.,-1.821904450667E-16));
#80 = VECTOR('',#81,1.);
#81 = DIRECTION('',(-0.5,0.866025403784));
#82 = ( GEOMETRIC_REPRESENTATION_CONTEXT(2) 
PARAMETRIC_REPRESENTATION_CONTEXT() REPRESENTATION_CONTEXT('2D SPACE',''
  ) );
#83 = ORIENTED_EDGE('',*,*,#84,.F.);
#84 = EDGE_CURVE('',#85,#57,#87,.T.);
#85 = VERTEX_POINT('',#86);
#86 = CARTESIAN_POINT('',(6.5,11.258330249198,0.));
#87 = SURFACE_CURVE('',#88,(#92,#99),.PCURVE_S1.);
#88 = LINE('',#89,#90);
#89 = CARTESIAN_POINT('',(6.5,11.258330249198,0.));
#90 = VECTOR('',#91,1.);
#91 = DIRECTION('',(0.,0.,1.));
#92 = PCURVE('',#32,#93);
#93 = DEFINITIONAL_REPRESENTATION('',(#94),#98);
#94 = LINE('',#95,#96);
#95 = CARTESIAN_POINT('',(13.,0.));
#96 = VECTOR('',#97,1.);
#97 = DIRECTION('',(0.,-1.));
#98 = ( GEOMETRIC_REPRESENTATION_CONTEXT(2) 
PARAMETRIC_REPRESENTATION_CONTEXT() REPRESENTATION_CONTEXT('2D SPACE',''
  ) );
#99 = PCURVE('',#100,#105);
#100 = PLANE('',#101);
#101 = AXIS2_PLACEMENT_3D('',#102,#103,#104);
#102 = CARTESIAN_POINT('',(6.5,11.258330249198,0.));
#103 = DIRECTION('',(-1.366428338E-16,-1.,0.));
#104 = DIRECTION('',(-1.,1.366428338E-16,0.));
#105 = DEFINITIONAL_REPRESENTATION('',(#106),#110);
#106 = LINE('',#107,#108);
#107 = CARTESIAN_POINT('',(0.,0.));
#108 = VECTOR('',#109,1.);
#109 = DIRECTION('',(0.,-1.));
#110 = ( GEOMETRIC_REPRESENTATION_CONTEXT(2) 
PARAMETRIC_REPRESENTATION_CONTEXT() REPRESENTATION_CONTEXT('2D SPACE',''
  ) );
#111 = ORIENTED_EDGE('',*,*,#112,.F.);
#112 = EDGE_CURVE('',#22,#85,#113,.T.);
#113 = SURFACE_CURVE('',#114,(#118,#125),.PCURVE_S1.);
#114 = LINE('',#115,#116);
#115 = CARTESIAN_POINT('',(13.,0.,0.));
#116 = VECTOR('',#117,1.);
#117 = DIRECTION('',(-0.5,0.866025403784,0.));
#118 = PCURVE('',#32,#119);
#119 = DEFINITIONAL_REPRESENTATION('',(#120),#124);
#120 = LINE('',#121,#122);
#121 = CARTESIAN_POINT('',(0.,0.));
#122 = VECTOR('',#123,1.);
#123 = DIRECTION('',(1.,0.));
#124 = ( GEOMETRIC_REPRESENTATION_CONTEXT(2) 
PARAMETRIC_REPRESENTATION_CONTEXT() REPRESENTATION_CONTEXT('2D SPACE',''
  ) );
#125 = PCURVE('',#126,#131);
#126 = PLANE('',#127);
#127 = AXIS2_PLACEMENT_3D('',#128,#129,#130);
#128 = CARTESIAN_POINT('',(-5.465713352001E-16,1.821904450667E-16,0.));
#129 = DIRECTION('',(0.,0.,1.));
#130 = DIRECTION('',(1.,0.,-0.));
#131 = DEFINITIONAL_REPRESENTATION('',(#132),#136);
#132 = LINE('',#133,#134);
#133 = CARTESIAN_POINT('',(13.,-1.821904450667E-16));
#134 = VECTOR('',#135,1.);
#135 = DIRECTION('',(-0.5,0.866025403784));
#136 = ( GEOMETRIC_REPRESENTATION_CONTEXT(2) 
PARAMETRIC_REPRESENTATION_CONTEXT() REPRESENTATION_CONTEXT('2D SPACE',''
  ) );
#137 = ADVANCED_FACE('',(#138),#44,.F.);
#138 = FACE_BOUND('',#139,.F.);
#139 = EDGE_LOOP('',(#140,#170,#191,#192));
#140 = ORIENTED_EDGE('',*,*,#141,.T.);
#141 = EDGE_CURVE('',#142,#144,#146,.T.);
#142 = VERTEX_POINT('',#143);
#143 = CARTESIAN_POINT('',(6.5,-11.25833024919,0.));
#144 = VERTEX_POINT('',#145);
#145 = CARTESIAN_POINT('',(6.5,-11.25833024919,9.));
#146 = SURFACE_CURVE('',#147,(#151,#158),.PCURVE_S1.);
#147 = LINE('',#148,#149);
#148 = CARTESIAN_POINT('',(6.5,-11.25833024919,0.));
#149 = VECTOR('',#150,1.);
#150 = DIRECTION('',(0.,0.,1.));
#151 = PCURVE('',#44,#152);
#152 = DEFINITIONAL_REPRESENTATION('',(#153),#157);
#153 = LINE('',#154,#155);
#154 = CARTESIAN_POINT('',(0.,0.));
#155 = VECTOR('',#156,1.);
#156 = DIRECTION('',(0.,-1.));
#157 = ( GEOMETRIC_REPRESENTATION_CONTEXT(2) 
PARAMETRIC_REPRESENTATION_CONTEXT() REPRESENTATION_CONTEXT('2D SPACE',''
  ) );
#158 = PCURVE('',#159,#164);
#159 = PLANE('',#160);
#160 = AXIS2_PLACEMENT_3D('',#161,#162,#163);
#161 = CARTESIAN_POINT('',(-6.5,-11.25833024919,0.));
#162 = DIRECTION('',(6.832141690001E-16,1.,-0.));
#163 = DIRECTION('',(1.,-6.832141690001E-16,0.));
#164 = DEFINITIONAL_REPRESENTATION('',(#165),#169);
#165 = LINE('',#166,#167);
#166 = CARTESIAN_POINT('',(13.,0.));
#167 = VECTOR('',#168,1.);
#168 = DIRECTION('',(0.,-1.));
#169 = ( GEOMETRIC_REPRESENTATION_CONTEXT(2) 
PARAMETRIC_REPRESENTATION_CONTEXT() REPRESENTATION_CONTEXT('2D SPACE',''
  ) );
#170 = ORIENTED_EDGE('',*,*,#171,.T.);
#171 = EDGE_CURVE('',#144,#24,#172,.T.);
#172 = SURFACE_CURVE('',#173,(#177,#184),.PCURVE_S1.);
#173 = LINE('',#174,#175);
#174 = CARTESIAN_POINT('',(6.5,-11.25833024919,9.));
#175 = VECTOR('',#176,1.);
#176 = DIRECTION('',(0.5,0.866025403784,0.));
#177 = PCURVE('',#44,#178);
#178 = DEFINITIONAL_REPRESENTATION('',(#179),#183);
#179 = LINE('',#180,#181);
#180 = CARTESIAN_POINT('',(0.,-9.));
#181 = VECTOR('',#182,1.);
#182 = DIRECTION('',(1.,0.));
#183 = ( GEOMETRIC_REPRESENTATION_CONTEXT(2) 
PARAMETRIC_REPRESENTATION_CONTEXT() REPRESENTATION_CONTEXT('2D SPACE',''
  ) );
#184 = PCURVE('',#72,#185);
#185 = DEFINITIONAL_REPRESENTATION('',(#186),#190);
#186 = LINE('',#187,#188);
#187 = CARTESIAN_POINT('',(6.5,-11.25833024919));
#188 = VECTOR('',#189,1.);
#189 = DIRECTION('',(0.5,0.866025403784));
#190 = ( GEOMETRIC_REPRESENTATION_CONTEXT(2) 
PARAMETRIC_REPRESENTATION_CONTEXT() REPRESENTATION_CONTEXT('2D SPACE',''
  ) );
#191 = ORIENTED_EDGE('',*,*,#21,.F.);
#192 = ORIENTED_EDGE('',*,*,#193,.F.);
#193 = EDGE_CURVE('',#142,#22,#194,.T.);
#194 = SURFACE_CURVE('',#195,(#199,#206),.PCURVE_S1.);
#195 = LINE('',#196,#197);
#196 = CARTESIAN_POINT('',(6.5,-11.25833024919,0.));
#197 = VECTOR('',#198,1.);
#198 = DIRECTION('',(0.5,0.866025403784,0.));
#199 = PCURVE('',#44,#200);
#200 = DEFINITIONAL_REPRESENTATION('',(#201),#205);
#201 = LINE('',#202,#203);
#202 = CARTESIAN_POINT('',(0.,0.));
#203 = VECTOR('',#204,1.);
#204 = DIRECTION('',(1.,0.));
#205 = ( GEOMETRIC_REPRESENTATION_CONTEXT(2) 
PARAMETRIC_REPRESENTATION_CONTEXT() REPRESENTATION_CONTEXT('2D SPACE',''
  ) );
#206 = PCURVE('',#126,#207);
#207 = DEFINITIONAL_REPRESENTATION('',(#208),#212);
#208 = LINE('',#209,#210);
#209 = CARTESIAN_POINT('',(6.5,-11.25833024919));
#210 = VECTOR('',#211,1.);
#211 = DIRECTION('',(0.5,0.866025403784));
#212 = ( GEOMETRIC_REPRESENTATION_CONTEXT(2) 
PARAMETRIC_REPRESENTATION_CONTEXT() REPRESENTATION_CONTEXT('2D SPACE',''
  ) );
#213 = ADVANCED_FACE('',(#214),#100,.F.);
#214 = FACE_BOUND('',#215,.F.);
#215 = EDGE_LOOP('',(#216,#217,#240,#268));
#216 = ORIENTED_EDGE('',*,*,#84,.T.);
#217 = ORIENTED_EDGE('',*,*,#218,.T.);
#218 = EDGE_CURVE('',#57,#219,#221,.T.);
#219 = VERTEX_POINT('',#220);
#220 = CARTESIAN_POINT('',(-6.5,11.258330249198,9.));
#221 = SURFACE_CURVE('',#222,(#226,#233),.PCURVE_S1.);
#222 = LINE('',#223,#224);
#223 = CARTESIAN_POINT('',(6.5,11.258330249198,9.));
#224 = VECTOR('',#225,1.);
#225 = DIRECTION('',(-1.,1.366428338E-16,0.));
#226 = PCURVE('',#100,#227);
#227 = DEFINITIONAL_REPRESENTATION('',(#228),#232);
#228 = LINE('',#229,#230);
#229 = CARTESIAN_POINT('',(0.,-9.));
#230 = VECTOR('',#231,1.);
#231 = DIRECTION('',(1.,0.));
#232 = ( GEOMETRIC_REPRESENTATION_CONTEXT(2) 
PARAMETRIC_REPRESENTATION_CONTEXT() REPRESENTATION_CONTEXT('2D SPACE',''
  ) );
#233 = PCURVE('',#72,#234);
#234 = DEFINITIONAL_REPRESENTATION('',(#235),#239);
#235 = LINE('',#236,#237);
#236 = CARTESIAN_POINT('',(6.5,11.258330249198));
#237 = VECTOR('',#238,1.);
#238 = DIRECTION('',(-1.,1.366428338E-16));
#239 = ( GEOMETRIC_REPRESENTATION_CONTEXT(2) 
PARAMETRIC_REPRESENTATION_CONTEXT() REPRESENTATION_CONTEXT('2D SPACE',''
  ) );
#240 = ORIENTED_EDGE('',*,*,#241,.F.);
#241 = EDGE_CURVE('',#242,#219,#244,.T.);
#242 = VERTEX_POINT('',#243);
#243 = CARTESIAN_POINT('',(-6.5,11.258330249198,0.));
#244 = SURFACE_CURVE('',#245,(#249,#256),.PCURVE_S1.);
#245 = LINE('',#246,#247);
#246 = CARTESIAN_POINT('',(-6.5,11.258330249198,0.));
#247 = VECTOR('',#248,1.);
#248 = DIRECTION('',(0.,0.,1.));
#249 = PCURVE('',#100,#250);
#250 = DEFINITIONAL_REPRESENTATION('',(#251),#255);
#251 = LINE('',#252,#253);
#252 = CARTESIAN_POINT('',(13.,0.));
#253 = VECTOR('',#254,1.);
#254 = DIRECTION('',(0.,-1.));
#255 = ( GEOMETRIC_REPRESENTATION_CONTEXT(2) 
PARAMETRIC_REPRESENTATION_CONTEXT() REPRESENTATION_CONTEXT('2D SPACE',''
  ) );
#256 = PCURVE('',#257,#262);
#257 = PLANE('',#258);
#258 = AXIS2_PLACEMENT_3D('',#259,#260,#261);
#259 = CARTESIAN_POINT('',(-6.5,11.258330249198,0.));
#260 = DIRECTION('',(0.866025403784,-0.5,0.));
#261 = DIRECTION('',(-0.5,-0.866025403784,0.));
#262 = DEFINITIONAL_REPRESENTATION('',(#263),#267);
#263 = LINE('',#264,#265);
#264 = CARTESIAN_POINT('',(0.,0.));
#265 = VECTOR('',#266,1.);
#266 = DIRECTION('',(0.,-1.));
#267 = ( GEOMETRIC_REPRESENTATION_CONTEXT(2) 
PARAMETRIC_REPRESENTATION_CONTEXT() REPRESENTATION_CONTEXT('2D SPACE',''
  ) );
#268 = ORIENTED_EDGE('',*,*,#269,.F.);
#269 = EDGE_CURVE('',#85,#242,#270,.T.);
#270 = SURFACE_CURVE('',#271,(#275,#282),.PCURVE_S1.);
#271 = LINE('',#272,#273);
#272 = CARTESIAN_POINT('',(6.5,11.258330249198,0.));
#273 = VECTOR('',#274,1.);
#274 = DIRECTION('',(-1.,1.366428338E-16,0.));
#275 = PCURVE('',#100,#276);
#276 = DEFINITIONAL_REPRESENTATION('',(#277),#281);
#277 = LINE('',#278,#279);
#278 = CARTESIAN_POINT('',(0.,0.));
#279 = VECTOR('',#280,1.);
#280 = DIRECTION('',(1.,0.));
#281 = ( GEOMETRIC_REPRESENTATION_CONTEXT(2) 
PARAMETRIC_REPRESENTATION_CONTEXT() REPRESENTATION_CONTEXT('2D SPACE',''
  ) );
#282 = PCURVE('',#126,#283);
#283 = DEFINITIONAL_REPRESENTATION('',(#284),#288);
#284 = LINE('',#285,#286);
#285 = CARTESIAN_POINT('',(6.5,11.258330249198));
#286 = VECTOR('',#287,1.);
#287 = DIRECTION('',(-1.,1.366428338E-16));
#288 = ( GEOMETRIC_REPRESENTATION_CONTEXT(2) 
PARAMETRIC_REPRESENTATION_CONTEXT() REPRESENTATION_CONTEXT('2D SPACE',''
  ) );
#289 = ADVANCED_FACE('',(#290),#126,.F.);
#290 = FACE_BOUND('',#291,.F.);
#291 = EDGE_LOOP('',(#292,#293,#294,#317,#345,#366));
#292 = ORIENTED_EDGE('',*,*,#112,.T.);
#293 = ORIENTED_EDGE('',*,*,#269,.T.);
#294 = ORIENTED_EDGE('',*,*,#295,.T.);
#295 = EDGE_CURVE('',#242,#296,#298,.T.);
#296 = VERTEX_POINT('',#297);
#297 = CARTESIAN_POINT('',(-13.,1.592040838892E-15,0.));
#298 = SURFACE_CURVE('',#299,(#303,#310),.PCURVE_S1.);
#299 = LINE('',#300,#301);
#300 = CARTESIAN_POINT('',(-6.5,11.258330249198,0.));
#301 = VECTOR('',#302,1.);
#302 = DIRECTION('',(-0.5,-0.866025403784,0.));
#303 = PCURVE('',#126,#304);
#304 = DEFINITIONAL_REPRESENTATION('',(#305),#309);
#305 = LINE('',#306,#307);
#306 = CARTESIAN_POINT('',(-6.5,11.258330249198));
#307 = VECTOR('',#308,1.);
#308 = DIRECTION('',(-0.5,-0.866025403784));
#309 = ( GEOMETRIC_REPRESENTATION_CONTEXT(2) 
PARAMETRIC_REPRESENTATION_CONTEXT() REPRESENTATION_CONTEXT('2D SPACE',''
  ) );
#310 = PCURVE('',#257,#311);
#311 = DEFINITIONAL_REPRESENTATION('',(#312),#316);
#312 = LINE('',#313,#314);
#313 = CARTESIAN_POINT('',(0.,0.));
#314 = VECTOR('',#315,1.);
#315 = DIRECTION('',(1.,0.));
#316 = ( GEOMETRIC_REPRESENTATION_CONTEXT(2) 
PARAMETRIC_REPRESENTATION_CONTEXT() REPRESENTATION_CONTEXT('2D SPACE',''
  ) );
#317 = ORIENTED_EDGE('',*,*,#318,.T.);
#318 = EDGE_CURVE('',#296,#319,#321,.T.);
#319 = VERTEX_POINT('',#320);
#320 = CARTESIAN_POINT('',(-6.5,-11.25833024919,0.));
#321 = SURFACE_CURVE('',#322,(#326,#333),.PCURVE_S1.);
#322 = LINE('',#323,#324);
#323 = CARTESIAN_POINT('',(-13.,1.592040838892E-15,0.));
#324 = VECTOR('',#325,1.);
#325 = DIRECTION('',(0.5,-0.866025403784,0.));
#326 = PCURVE('',#126,#327);
#327 = DEFINITIONAL_REPRESENTATION('',(#328),#332);
#328 = LINE('',#329,#330);
#329 = CARTESIAN_POINT('',(-13.,1.409850393825E-15));
#330 = VECTOR('',#331,1.);
#331 = DIRECTION('',(0.5,-0.866025403784));
#332 = ( GEOMETRIC_REPRESENTATION_CONTEXT(2) 
PARAMETRIC_REPRESENTATION_CONTEXT() REPRESENTATION_CONTEXT('2D SPACE',''
  ) );
#333 = PCURVE('',#334,#339);
#334 = PLANE('',#335);
#335 = AXIS2_PLACEMENT_3D('',#336,#337,#338);
#336 = CARTESIAN_POINT('',(-13.,1.592040838892E-15,0.));
#337 = DIRECTION('',(0.866025403784,0.5,-0.));
#338 = DIRECTION('',(0.5,-0.866025403784,0.));
#339 = DEFINITIONAL_REPRESENTATION('',(#340),#344);
#340 = LINE('',#341,#342);
#341 = CARTESIAN_POINT('',(0.,0.));
#342 = VECTOR('',#343,1.);
#343 = DIRECTION('',(1.,0.));
#344 = ( GEOMETRIC_REPRESENTATION_CONTEXT(2) 
PARAMETRIC_REPRESENTATION_CONTEXT() REPRESENTATION_CONTEXT('2D SPACE',''
  ) );
#345 = ORIENTED_EDGE('',*,*,#346,.T.);
#346 = EDGE_CURVE('',#319,#142,#347,.T.);
#347 = SURFACE_CURVE('',#348,(#352,#359),.PCURVE_S1.);
#348 = LINE('',#349,#350);
#349 = CARTESIAN_POINT('',(-6.5,-11.25833024919,0.));
#350 = VECTOR('',#351,1.);
#351 = DIRECTION('',(1.,-6.832141690001E-16,0.));
#352 = PCURVE('',#126,#353);
#353 = DEFINITIONAL_REPRESENTATION('',(#354),#358);
#354 = LINE('',#355,#356);
#355 = CARTESIAN_POINT('',(-6.5,-11.25833024919));
#356 = VECTOR('',#357,1.);
#357 = DIRECTION('',(1.,-6.832141690001E-16));
#358 = ( GEOMETRIC_REPRESENTATION_CONTEXT(2) 
PARAMETRIC_REPRESENTATION_CONTEXT() REPRESENTATION_CONTEXT('2D SPACE',''
  ) );
#359 = PCURVE('',#159,#360);
#360 = DEFINITIONAL_REPRESENTATION('',(#361),#365);
#361 = LINE('',#362,#363);
#362 = CARTESIAN_POINT('',(0.,0.));
#363 = VECTOR('',#364,1.);
#364 = DIRECTION('',(1.,0.));
#365 = ( GEOMETRIC_REPRESENTATION_CONTEXT(2) 
PARAMETRIC_REPRESENTATION_CONTEXT() REPRESENTATION_CONTEXT('2D SPACE',''
  ) );
#366 = ORIENTED_EDGE('',*,*,#193,.T.);
#367 = ADVANCED_FACE('',(#368,#440),#72,.T.);
#368 = FACE_BOUND('',#369,.T.);
#369 = EDGE_LOOP('',(#370,#371,#372,#395,#418,#439));
#370 = ORIENTED_EDGE('',*,*,#56,.T.);
#371 = ORIENTED_EDGE('',*,*,#218,.T.);
#372 = ORIENTED_EDGE('',*,*,#373,.T.);
#373 = EDGE_CURVE('',#219,#374,#376,.T.);
#374 = VERTEX_POINT('',#375);
#375 = CARTESIAN_POINT('',(-13.,1.592040838892E-15,9.));
#376 = SURFACE_CURVE('',#377,(#381,#388),.PCURVE_S1.);
#377 = LINE('',#378,#379);
#378 = CARTESIAN_POINT('',(-6.5,11.258330249198,9.));
#379 = VECTOR('',#380,1.);
#380 = DIRECTION('',(-0.5,-0.866025403784,0.));
#381 = PCURVE('',#72,#382);
#382 = DEFINITIONAL_REPRESENTATION('',(#383),#387);
#383 = LINE('',#384,#385);
#384 = CARTESIAN_POINT('',(-6.5,11.258330249198));
#385 = VECTOR('',#386,1.);
#386 = DIRECTION('',(-0.5,-0.866025403784));
#387 = ( GEOMETRIC_REPRESENTATION_CONTEXT(2) 
PARAMETRIC_REPRESENTATION_CONTEXT() REPRESENTATION_CONTEXT('2D SPACE',''
  ) );
#388 = PCURVE('',#257,#389);
#389 = DEFINITIONAL_REPRESENTATION('',(#390),#394);
#390 = LINE('',#391,#392);
#391 = CARTESIAN_POINT('',(0.,-9.));
#392 = VECTOR('',#393,1.);
#393 = DIRECTION('',(1.,0.));
#394 = ( GEOMETRIC_REPRESENTATION_CONTEXT(2) 
PARAMETRIC_REPRESENTATION_CONTEXT() REPRESENTATION_CONTEXT('2D SPACE',''
  ) );
#395 = ORIENTED_EDGE('',*,*,#396,.T.);
#396 = EDGE_CURVE('',#374,#397,#399,.T.);
#397 = VERTEX_POINT('',#398);
#398 = CARTESIAN_POINT('',(-6.5,-11.25833024919,9.));
#399 = SURFACE_CURVE('',#400,(#404,#411),.PCURVE_S1.);
#400 = LINE('',#401,#402);
#401 = CARTESIAN_POINT('',(-13.,1.592040838892E-15,9.));
#402 = VECTOR('',#403,1.);
#403 = DIRECTION('',(0.5,-0.866025403784,0.));
#404 = PCURVE('',#72,#405);
#405 = DEFINITIONAL_REPRESENTATION('',(#406),#410);
#406 = LINE('',#407,#408);
#407 = CARTESIAN_POINT('',(-13.,1.409850393825E-15));
#408 = VECTOR('',#409,1.);
#409 = DIRECTION('',(0.5,-0.866025403784));
#410 = ( GEOMETRIC_REPRESENTATION_CONTEXT(2) 
PARAMETRIC_REPRESENTATION_CONTEXT() REPRESENTATION_CONTEXT('2D SPACE',''
  ) );
#411 = PCURVE('',#334,#412);
#412 = DEFINITIONAL_REPRESENTATION('',(#413),#417);
#413 = LINE('',#414,#415);
#414 = CARTESIAN_POINT('',(0.,-9.));
#415 = VECTOR('',#416,1.);
#416 = DIRECTION('',(1.,0.));
#417 = ( GEOMETRIC_REPRESENTATION_CONTEXT(2) 
PARAMETRIC_REPRESENTATION_CONTEXT() REPRESENTATION_CONTEXT('2D SPACE',''
  ) );
#418 = ORIENTED_EDGE('',*,*,#419,.T.);
#419 = EDGE_CURVE('',#397,#144,#420,.T.);
#420 = SURFACE_CURVE('',#421,(#425,#432),.PCURVE_S1.);
#421 = LINE('',#422,#423);
#422 = CARTESIAN_POINT('',(-6.5,-11.25833024919,9.));
#423 = VECTOR('',#424,1.);
#424 = DIRECTION('',(1.,-6.832141690001E-16,0.));
#425 = PCURVE('',#72,#426);
#426 = DEFINITIONAL_REPRESENTATION('',(#427),#431);
#427 = LINE('',#428,#429);
#428 = CARTESIAN_POINT('',(-6.5,-11.25833024919));
#429 = VECTOR('',#430,1.);
#430 = DIRECTION('',(1.,-6.832141690001E-16));
#431 = ( GEOMETRIC_REPRESENTATION_CONTEXT(2) 
PARAMETRIC_REPRESENTATION_CONTEXT() REPRESENTATION_CONTEXT('2D SPACE',''
  ) );
#432 = PCURVE('',#159,#433);
#433 = DEFINITIONAL_REPRESENTATION('',(#434),#438);
#434 = LINE('',#435,#436);
#435 = CARTESIAN_POINT('',(0.,-9.));
#436 = VECTOR('',#437,1.);
#437 = DIRECTION('',(1.,0.));
#438 = ( GEOMETRIC_REPRESENTATION_CONTEXT(2) 
PARAMETRIC_REPRESENTATION_CONTEXT() REPRESENTATION_CONTEXT('2D SPACE',''
  ) );
#439 = ORIENTED_EDGE('',*,*,#171,.T.);
#440 = FACE_BOUND('',#441,.T.);
#441 = EDGE_LOOP('',(#442,#470,#499));
#442 = ORIENTED_EDGE('',*,*,#443,.F.);
#443 = EDGE_CURVE('',#444,#446,#448,.T.);
#444 = VERTEX_POINT('',#445);
#445 = CARTESIAN_POINT('',(7.,0.,9.));
#446 = VERTEX_POINT('',#447);
#447 = CARTESIAN_POINT('',(7.830662386292,2.078308107782E-15,9.));
#448 = SURFACE_CURVE('',#449,(#453,#459),.PCURVE_S1.);
#449 = LINE('',#450,#451);
#450 = CARTESIAN_POINT('',(3.500102975103,-4.753002203638E-15,9.));
#451 = VECTOR('',#452,1.);
#452 = DIRECTION('',(1.,1.701463750171E-15,-0.));
#453 = PCURVE('',#72,#454);
#454 = DEFINITIONAL_REPRESENTATION('',(#455),#458);
#455 = B_SPLINE_CURVE_WITH_KNOTS('',1,(#456,#457),.UNSPECIFIED.,.F.,.F.,
  (2,2),(-7.395497241366E-02,4.799897024897),.PIECEWISE_BEZIER_KNOTS.);
#456 = CARTESIAN_POINT('',(3.426148002689,-5.061024353412E-15));
#457 = CARTESIAN_POINT('',(8.3,3.231658143712E-15));
#458 = ( GEOMETRIC_REPRESENTATION_CONTEXT(2) 
PARAMETRIC_REPRESENTATION_CONTEXT() REPRESENTATION_CONTEXT('2D SPACE',''
  ) );
#459 = PCURVE('',#460,#465);
#460 = PLANE('',#461);
#461 = AXIS2_PLACEMENT_3D('',#462,#463,#464);
#462 = CARTESIAN_POINT('',(7.000205950205,1.202296130365E-15,10.));
#463 = DIRECTION('',(1.701463750171E-15,-1.,-0.));
#464 = DIRECTION('',(-1.,-1.701463750171E-15,0.));
#465 = DEFINITIONAL_REPRESENTATION('',(#466),#469);
#466 = B_SPLINE_CURVE_WITH_KNOTS('',1,(#467,#468),.UNSPECIFIED.,.F.,.F.,
  (2,2),(-7.395497241366E-02,4.799897024897),.PIECEWISE_BEZIER_KNOTS.);
#467 = CARTESIAN_POINT('',(3.574057947516,1.));
#468 = CARTESIAN_POINT('',(-1.299794049795,1.));
#469 = ( GEOMETRIC_REPRESENTATION_CONTEXT(2) 
PARAMETRIC_REPRESENTATION_CONTEXT() REPRESENTATION_CONTEXT('2D SPACE',''
  ) );
#470 = ORIENTED_EDGE('',*,*,#471,.F.);
#471 = EDGE_CURVE('',#472,#444,#474,.T.);
#472 = VERTEX_POINT('',#473);
#473 = CARTESIAN_POINT('',(6.23704543484,3.177933958366,9.));
#474 = SURFACE_CURVE('',#475,(#480,#487),.PCURVE_S1.);
#475 = CIRCLE('',#476,7.);
#476 = AXIS2_PLACEMENT_3D('',#477,#478,#479);
#477 = CARTESIAN_POINT('',(0.,0.,9.));
#478 = DIRECTION('',(0.,0.,1.));
#479 = DIRECTION('',(1.,0.,0.));
#480 = PCURVE('',#72,#481);
#481 = DEFINITIONAL_REPRESENTATION('',(#482),#486);
#482 = CIRCLE('',#483,7.);
#483 = AXIS2_PLACEMENT_2D('',#484,#485);
#484 = CARTESIAN_POINT('',(5.465713352001E-16,-1.821904450667E-16));
#485 = DIRECTION('',(1.,0.));
#486 = ( GEOMETRIC_REPRESENTATION_CONTEXT(2) 
PARAMETRIC_REPRESENTATION_CONTEXT() REPRESENTATION_CONTEXT('2D SPACE',''
  ) );
#487 = PCURVE('',#488,#493);
#488 = CYLINDRICAL_SURFACE('',#489,7.);
#489 = AXIS2_PLACEMENT_3D('',#490,#491,#492);
#490 = CARTESIAN_POINT('',(0.,0.,9.));
#491 = DIRECTION('',(-0.,-0.,-1.));
#492 = DIRECTION('',(1.,0.,0.));
#493 = DEFINITIONAL_REPRESENTATION('',(#494),#498);
#494 = LINE('',#495,#496);
#495 = CARTESIAN_POINT('',(-0.,0.));
#496 = VECTOR('',#497,1.);
#497 = DIRECTION('',(-1.,0.));
#498 = ( GEOMETRIC_REPRESENTATION_CONTEXT(2) 
PARAMETRIC_REPRESENTATION_CONTEXT() REPRESENTATION_CONTEXT('2D SPACE',''
  ) );
#499 = ORIENTED_EDGE('',*,*,#500,.T.);
#500 = EDGE_CURVE('',#472,#446,#501,.T.);
#501 = SURFACE_CURVE('',#502,(#582,#665),.PCURVE_S1.);
#502 = B_SPLINE_CURVE_WITH_KNOTS('',8,(#503,#504,#505,#506,#507,#508,
    #509,#510,#511,#512,#513,#514,#515,#516,#517,#518,#519,#520,#521,
    #522,#523,#524,#525,#526,#527,#528,#529,#530,#531,#532,#533,#534,
    #535,#536,#537,#538,#539,#540,#541,#542,#543,#544,#545,#546,#547,
    #548,#549,#550,#551,#552,#553,#554,#555,#556,#557,#558,#559,#560,
    #561,#562,#563,#564,#565,#566,#567,#568,#569,#570,#571,#572,#573,
    #574,#575,#576,#577,#578,#579,#580,#581),.UNSPECIFIED.,.F.,.F.,(9,7,
    7,7,7,7,7,7,7,7,7,9),(0.,0.180827247891,0.328630677576,
    0.435443894282,0.481809983376,0.518357533886,0.569112384166,
    0.594344202664,0.626680039057,0.689045461,0.822680310277,1.),
  .UNSPECIFIED.);
#503 = CARTESIAN_POINT('',(6.169337613708,-1.394921739298E-15,9.));
#504 = CARTESIAN_POINT('',(6.186067785051,0.134673793922,9.));
#505 = CARTESIAN_POINT('',(6.200025724746,0.269673748449,9.));
#506 = CARTESIAN_POINT('',(6.211259322332,0.404919336332,9.));
#507 = CARTESIAN_POINT('',(6.219829000008,0.540335166807,9.));
#508 = CARTESIAN_POINT('',(6.225807370033,0.67585094245,9.));
#509 = CARTESIAN_POINT('',(6.229282603515,0.811401096438,9.));
#510 = CARTESIAN_POINT('',(6.230365510596,0.946924110209,9.));
#511 = CARTESIAN_POINT('',(6.228247945759,1.193064476151,9.));
#512 = CARTESIAN_POINT('',(6.225794132363,1.30371247612,9.));
#513 = CARTESIAN_POINT('',(6.221915898254,1.414273550665,9.));
#514 = CARTESIAN_POINT('',(6.216710860698,1.524719341362,9.));
#515 = CARTESIAN_POINT('',(6.210293833404,1.635025094097,9.));
#516 = CARTESIAN_POINT('',(6.202806694771,1.745169382352,9.));
#517 = CARTESIAN_POINT('',(6.194441538812,1.855133551809,9.));
#518 = CARTESIAN_POINT('',(6.178998777255,2.044226529193,9.));
#519 = CARTESIAN_POINT('',(6.172208716613,2.123432115273,9.));
#520 = CARTESIAN_POINT('',(6.165214963827,2.202528318179,9.));
#521 = CARTESIAN_POINT('',(6.158142234838,2.281515135185,9.));
#522 = CARTESIAN_POINT('',(6.15116983652,2.360379581616,9.));
#523 = CARTESIAN_POINT('',(6.144525080545,2.439096687665,9.));
#524 = CARTESIAN_POINT('',(6.138525196358,2.517628210884,9.));
#525 = CARTESIAN_POINT('',(6.131692558483,2.629895991799,9.));
#526 = CARTESIAN_POINT('',(6.129858327643,2.66382011436,9.));
#527 = CARTESIAN_POINT('',(6.128304761703,2.697687702959,9.));
#528 = CARTESIAN_POINT('',(6.127092869698,2.731490272424,9.));
#529 = CARTESIAN_POINT('',(6.126295965435,2.765209704402,9.));
#530 = CARTESIAN_POINT('',(6.126006051992,2.798817413552,9.));
#531 = CARTESIAN_POINT('',(6.126348581354,2.832271970257,9.));
#532 = CARTESIAN_POINT('',(6.128417587621,2.891718767554,9.));
#533 = CARTESIAN_POINT('',(6.129833820171,2.917738069884,9.));
#534 = CARTESIAN_POINT('',(6.131843825211,2.943592733256,9.));
#535 = CARTESIAN_POINT('',(6.134558982805,2.969253389163,9.));
#536 = CARTESIAN_POINT('',(6.138131033231,2.994632422193,9.));
#537 = CARTESIAN_POINT('',(6.142749850015,3.019586284317,9.));
#538 = CARTESIAN_POINT('',(6.148663874804,3.043908504509,9.));
#539 = CARTESIAN_POINT('',(6.166824819298,3.099766767374,9.));
#540 = CARTESIAN_POINT('',(6.181598157261,3.133374584218,9.));
#541 = CARTESIAN_POINT('',(6.201527396217,3.163189705765,9.));
#542 = CARTESIAN_POINT('',(6.227313233096,3.184950813993,9.));
#543 = CARTESIAN_POINT('',(6.258718405339,3.196350366635,9.));
#544 = CARTESIAN_POINT('',(6.29397825983,3.197388890252,9.));
#545 = CARTESIAN_POINT('',(6.330032983443,3.190553726547,9.));
#546 = CARTESIAN_POINT('',(6.378987223462,3.174872983693,9.));
#547 = CARTESIAN_POINT('',(6.39588818334,3.168294142983,9.));
#548 = CARTESIAN_POINT('',(6.413427707438,3.160331207795,9.));
#549 = CARTESIAN_POINT('',(6.431597161128,3.150971611213,9.));
#550 = CARTESIAN_POINT('',(6.450386128635,3.140202355704,9.));
#551 = CARTESIAN_POINT('',(6.469782413037,3.128010013109,9.));
#552 = CARTESIAN_POINT('',(6.48977203627,3.114380724648,9.));
#553 = CARTESIAN_POINT('',(6.536697137447,3.079973756101,9.));
#554 = CARTESIAN_POINT('',(6.562436486809,3.059413146537,9.));
#555 = CARTESIAN_POINT('',(6.587619604925,3.037868408302,9.));
#556 = CARTESIAN_POINT('',(6.612279242368,3.015504459728,9.));
#557 = CARTESIAN_POINT('',(6.636442931989,2.992444861491,9.));
#558 = CARTESIAN_POINT('',(6.660139603969,2.968783054556,9.));
#559 = CARTESIAN_POINT('',(6.683399323039,2.944581786239,9.));
#560 = CARTESIAN_POINT('',(6.750342115653,2.872242405485,9.));
#561 = CARTESIAN_POINT('',(6.792874468757,2.822808775382,9.));
#562 = CARTESIAN_POINT('',(6.834040655528,2.771944869319,9.));
#563 = CARTESIAN_POINT('',(6.87393336994,2.719876653059,9.));
#564 = CARTESIAN_POINT('',(6.912623043638,2.666771750602,9.));
#565 = CARTESIAN_POINT('',(6.950173817215,2.612756586218,9.));
#566 = CARTESIAN_POINT('',(6.986639613644,2.557912091185,9.));
#567 = CARTESIAN_POINT('',(7.098008331202,2.383102730477,9.));
#568 = CARTESIAN_POINT('',(7.169130432885,2.260474829847,9.));
#569 = CARTESIAN_POINT('',(7.23588642748,2.135070746134,9.));
#570 = CARTESIAN_POINT('',(7.298463088771,2.007314457737,9.));
#571 = CARTESIAN_POINT('',(7.356999496131,1.877537389231,9.));
#572 = CARTESIAN_POINT('',(7.41162181181,1.746001824961,9.));
#573 = CARTESIAN_POINT('',(7.462419862105,1.612885177631,9.));
#574 = CARTESIAN_POINT('',(7.571928899074,1.299745043179,9.));
#575 = CARTESIAN_POINT('',(7.62776085387,1.118716136276,9.));
#576 = CARTESIAN_POINT('',(7.677150977838,0.935619379631,9.));
#577 = CARTESIAN_POINT('',(7.720205301047,0.750798165999,9.));
#578 = CARTESIAN_POINT('',(7.757009731603,0.564561325166,9.));
#579 = CARTESIAN_POINT('',(7.787642357058,0.377187808021,9.));
#580 = CARTESIAN_POINT('',(7.812171820921,0.188926662487,9.));
#581 = CARTESIAN_POINT('',(7.830662386292,1.594555660226E-15,9.));
#582 = PCURVE('',#72,#583);
#583 = DEFINITIONAL_REPRESENTATION('',(#584),#664);
#584 = B_SPLINE_CURVE_WITH_KNOTS('',8,(#585,#586,#587,#588,#589,#590,
    #591,#592,#593,#594,#595,#596,#597,#598,#599,#600,#601,#602,#603,
    #604,#605,#606,#607,#608,#609,#610,#611,#612,#613,#614,#615,#616,
    #617,#618,#619,#620,#621,#622,#623,#624,#625,#626,#627,#628,#629,
    #630,#631,#632,#633,#634,#635,#636,#637,#638,#639,#640,#641,#642,
    #643,#644,#645,#646,#647,#648,#649,#650,#651,#652,#653,#654,#655,
    #656,#657,#658,#659,#660,#661,#662,#663),.UNSPECIFIED.,.F.,.F.,(9,7,
    7,7,7,7,7,7,7,7,7,9),(0.,0.180827247891,0.328630677576,
    0.435443894282,0.481809983376,0.518357533886,0.569112384166,
    0.594344202664,0.626680039057,0.689045461,0.822680310277,1.),
  .UNSPECIFIED.);
#585 = CARTESIAN_POINT('',(6.169337613708,-1.577112184365E-15));
#586 = CARTESIAN_POINT('',(6.186067785051,0.134673793922));
#587 = CARTESIAN_POINT('',(6.200025724746,0.269673748449));
#588 = CARTESIAN_POINT('',(6.211259322332,0.404919336332));
#589 = CARTESIAN_POINT('',(6.219829000008,0.540335166807));
#590 = CARTESIAN_POINT('',(6.225807370033,0.67585094245));
#591 = CARTESIAN_POINT('',(6.229282603515,0.811401096438));
#592 = CARTESIAN_POINT('',(6.230365510596,0.946924110209));
#593 = CARTESIAN_POINT('',(6.228247945759,1.193064476151));
#594 = CARTESIAN_POINT('',(6.225794132363,1.30371247612));
#595 = CARTESIAN_POINT('',(6.221915898254,1.414273550665));
#596 = CARTESIAN_POINT('',(6.216710860698,1.524719341362));
#597 = CARTESIAN_POINT('',(6.210293833404,1.635025094097));
#598 = CARTESIAN_POINT('',(6.202806694771,1.745169382352));
#599 = CARTESIAN_POINT('',(6.194441538812,1.855133551809));
#600 = CARTESIAN_POINT('',(6.178998777255,2.044226529193));
#601 = CARTESIAN_POINT('',(6.172208716613,2.123432115273));
#602 = CARTESIAN_POINT('',(6.165214963827,2.202528318179));
#603 = CARTESIAN_POINT('',(6.158142234838,2.281515135185));
#604 = CARTESIAN_POINT('',(6.15116983652,2.360379581616));
#605 = CARTESIAN_POINT('',(6.144525080545,2.439096687665));
#606 = CARTESIAN_POINT('',(6.138525196358,2.517628210884));
#607 = CARTESIAN_POINT('',(6.131692558483,2.629895991799));
#608 = CARTESIAN_POINT('',(6.129858327643,2.66382011436));
#609 = CARTESIAN_POINT('',(6.128304761703,2.697687702959));
#610 = CARTESIAN_POINT('',(6.127092869698,2.731490272424));
#611 = CARTESIAN_POINT('',(6.126295965435,2.765209704402));
#612 = CARTESIAN_POINT('',(6.126006051992,2.798817413552));
#613 = CARTESIAN_POINT('',(6.126348581354,2.832271970257));
#614 = CARTESIAN_POINT('',(6.128417587621,2.891718767554));
#615 = CARTESIAN_POINT('',(6.129833820171,2.917738069884));
#616 = CARTESIAN_POINT('',(6.131843825211,2.943592733256));
#617 = CARTESIAN_POINT('',(6.134558982805,2.969253389163));
#618 = CARTESIAN_POINT('',(6.138131033231,2.994632422193));
#619 = CARTESIAN_POINT('',(6.142749850015,3.019586284317));
#620 = CARTESIAN_POINT('',(6.148663874804,3.043908504509));
#621 = CARTESIAN_POINT('',(6.166824819298,3.099766767374));
#622 = CARTESIAN_POINT('',(6.181598157261,3.133374584218));
#623 = CARTESIAN_POINT('',(6.201527396217,3.163189705765));
#624 = CARTESIAN_POINT('',(6.227313233096,3.184950813993));
#625 = CARTESIAN_POINT('',(6.258718405339,3.196350366635));
#626 = CARTESIAN_POINT('',(6.29397825983,3.197388890252));
#627 = CARTESIAN_POINT('',(6.330032983443,3.190553726547));
#628 = CARTESIAN_POINT('',(6.378987223462,3.174872983693));
#629 = CARTESIAN_POINT('',(6.39588818334,3.168294142983));
#630 = CARTESIAN_POINT('',(6.413427707438,3.160331207795));
#631 = CARTESIAN_POINT('',(6.431597161128,3.150971611213));
#632 = CARTESIAN_POINT('',(6.450386128635,3.140202355704));
#633 = CARTESIAN_POINT('',(6.469782413037,3.128010013109));
#634 = CARTESIAN_POINT('',(6.48977203627,3.114380724648));
#635 = CARTESIAN_POINT('',(6.536697137447,3.079973756101));
#636 = CARTESIAN_POINT('',(6.562436486809,3.059413146537));
#637 = CARTESIAN_POINT('',(6.587619604925,3.037868408302));
#638 = CARTESIAN_POINT('',(6.612279242368,3.015504459728));
#639 = CARTESIAN_POINT('',(6.636442931989,2.992444861491));
#640 = CARTESIAN_POINT('',(6.660139603969,2.968783054556));
#641 = CARTESIAN_POINT('',(6.683399323039,2.944581786239));
#642 = CARTESIAN_POINT('',(6.750342115653,2.872242405485));
#643 = CARTESIAN_POINT('',(6.792874468757,2.822808775382));
#644 = CARTESIAN_POINT('',(6.834040655528,2.771944869319));
#645 = CARTESIAN_POINT('',(6.87393336994,2.719876653059));
#646 = CARTESIAN_POINT('',(6.912623043638,2.666771750602));
#647 = CARTESIAN_POINT('',(6.950173817215,2.612756586218));
#648 = CARTESIAN_POINT('',(6.986639613644,2.557912091185));
#649 = CARTESIAN_POINT('',(7.098008331202,2.383102730477));
#650 = CARTESIAN_POINT('',(7.169130432885,2.260474829847));
#651 = CARTESIAN_POINT('',(7.23588642748,2.135070746134));
#652 = CARTESIAN_POINT('',(7.298463088771,2.007314457737));
#653 = CARTESIAN_POINT('',(7.356999496131,1.877537389231));
#654 = CARTESIAN_POINT('',(7.41162181181,1.746001824961));
#655 = CARTESIAN_POINT('',(7.462419862105,1.612885177631));
#656 = CARTESIAN_POINT('',(7.571928899074,1.299745043179));
#657 = CARTESIAN_POINT('',(7.62776085387,1.118716136276));
#658 = CARTESIAN_POINT('',(7.677150977838,0.935619379631));
#659 = CARTESIAN_POINT('',(7.720205301047,0.750798165999));
#660 = CARTESIAN_POINT('',(7.757009731603,0.564561325166));
#661 = CARTESIAN_POINT('',(7.787642357058,0.377187808021));
#662 = CARTESIAN_POINT('',(7.812171820921,0.188926662487));
#663 = CARTESIAN_POINT('',(7.830662386292,1.412365215159E-15));
#664 = ( GEOMETRIC_REPRESENTATION_CONTEXT(2) 
PARAMETRIC_REPRESENTATION_CONTEXT() REPRESENTATION_CONTEXT('2D SPACE',''
  ) );
#665 = PCURVE('',#666,#1626);
#666 = ( BOUNDED_SURFACE() B_SPLINE_SURFACE(6,9,(
    (#667,#668,#669,#670,#671,#672,#673,#674,#675,#676,#677,#678,#679
      ,#680,#681,#682,#683,#684,#685,#686,#687,#688,#689,#690,#691,#692
      ,#693,#694,#695,#696,#697,#698,#699,#700,#701,#702,#703,#704,#705
      ,#706,#707,#708,#709,#710,#711,#712,#713,#714,#715,#716,#717,#718
      ,#719,#720,#721,#722,#723,#724,#725,#726,#727,#728,#729,#730,#731
      ,#732,#733,#734,#735,#736,#737,#738,#739,#740,#741,#742,#743,#744
      ,#745,#746,#747,#748,#749,#750,#751,#752,#753,#754,#755,#756,#757
      ,#758,#759,#760,#761,#762,#763,#764,#765,#766,#767,#768,#769,#770
      ,#771,#772,#773,#774,#775,#776,#777,#778,#779,#780,#781,#782,#783
      ,#784,#785,#786,#787,#788,#789,#790,#791,#792,#793,#794,#795,#796
      ,#797,#798,#799,#800,#801,#802,#803)
    ,(#804,#805,#806,#807,#808,#809,#810,#811,#812,#813,#814,#815,#816
      ,#817,#818,#819,#820,#821,#822,#823,#824,#825,#826,#827,#828,#829
      ,#830,#831,#832,#833,#834,#835,#836,#837,#838,#839,#840,#841,#842
      ,#843,#844,#845,#846,#847,#848,#849,#850,#851,#852,#853,#854,#855
      ,#856,#857,#858,#859,#860,#861,#862,#863,#864,#865,#866,#867,#868
      ,#869,#870,#871,#872,#873,#874,#875,#876,#877,#878,#879,#880,#881
      ,#882,#883,#884,#885,#886,#887,#888,#889,#890,#891,#892,#893,#894
      ,#895,#896,#897,#898,#899,#900,#901,#902,#903,#904,#905,#906,#907
      ,#908,#909,#910,#911,#912,#913,#914,#915,#916,#917,#918,#919,#920
      ,#921,#922,#923,#924,#925,#926,#927,#928,#929,#930,#931,#932,#933
      ,#934,#935,#936,#937,#938,#939,#940)
    ,(#941,#942,#943,#944,#945,#946,#947,#948,#949,#950,#951,#952,#953
      ,#954,#955,#956,#957,#958,#959,#960,#961,#962,#963,#964,#965,#966
      ,#967,#968,#969,#970,#971,#972,#973,#974,#975,#976,#977,#978,#979
      ,#980,#981,#982,#983,#984,#985,#986,#987,#988,#989,#990,#991,#992
      ,#993,#994,#995,#996,#997,#998,#999,#1000,#1001,#1002,#1003,#1004
      ,#1005,#1006,#1007,#1008,#1009,#1010,#1011,#1012,#1013,#1014,#1015
      ,#1016,#1017,#1018,#1019,#1020,#1021,#1022,#1023,#1024,#1025,#1026
      ,#1027,#1028,#1029,#1030,#1031,#1032,#1033,#1034,#1035,#1036,#1037
      ,#1038,#1039,#1040,#1041,#1042,#1043,#1044,#1045,#1046,#1047,#1048
      ,#1049,#1050,#1051,#1052,#1053,#1054,#1055,#1056,#1057,#1058,#1059
      ,#1060,#1061,#1062,#1063,#1064,#1065,#1066,#1067,#1068,#1069,#1070
      ,#1071,#1072,#1073,#1074,#1075,#1076,#1077)
    ,(#1078,#1079,#1080,#1081,#1082,#1083,#1084,#1085,#1086,#1087,#1088
      ,#1089,#1090,#1091,#1092,#1093,#1094,#1095,#1096,#1097,#1098,#1099
      ,#1100,#1101,#1102,#1103,#1104,#1105,#1106,#1107,#1108,#1109,#1110
      ,#1111,#1112,#1113,#1114,#1115,#1116,#1117,#1118,#1119,#1120,#1121
      ,#1122,#1123,#1124,#1125,#1126,#1127,#1128,#1129,#1130,#1131,#1132
      ,#1133,#1134,#1135,#1136,#1137,#1138,#1139,#1140,#1141,#1142,#1143
      ,#1144,#1145,#1146,#1147,#1148,#1149,#1150,#1151,#1152,#1153,#1154
      ,#1155,#1156,#1157,#1158,#1159,#1160,#1161,#1162,#1163,#1164,#1165
      ,#1166,#1167,#1168,#1169,#1170,#1171,#1172,#1173,#1174,#1175,#1176
      ,#1177,#1178,#1179,#1180,#1181,#1182,#1183,#1184,#1185,#1186,#1187
      ,#1188,#1189,#1190,#1191,#1192,#1193,#1194,#1195,#1196,#1197,#1198
      ,#1199,#1200,#1201,#1202,#1203,#1204,#1205,#1206,#1207,#1208,#1209
      ,#1210,#1211,#1212,#1213,#1214)
    ,(#1215,#1216,#1217,#1218,#1219,#1220,#1221,#1222,#1223,#1224,#1225
      ,#1226,#1227,#1228,#1229,#1230,#1231,#1232,#1233,#1234,#1235,#1236
      ,#1237,#1238,#1239,#1240,#1241,#1242,#1243,#1244,#1245,#1246,#1247
      ,#1248,#1249,#1250,#1251,#1252,#1253,#1254,#1255,#1256,#1257,#1258
      ,#1259,#1260,#1261,#1262,#1263,#1264,#1265,#1266,#1267,#1268,#1269
      ,#1270,#1271,#1272,#1273,#1274,#1275,#1276,#1277,#1278,#1279,#1280
      ,#1281,#1282,#1283,#1284,#1285,#1286,#1287,#1288,#1289,#1290,#1291
      ,#1292,#1293,#1294,#1295,#1296,#1297,#1298,#1299,#1300,#1301,#1302
      ,#1303,#1304,#1305,#1306,#1307,#1308,#1309,#1310,#1311,#1312,#1313
      ,#1314,#1315,#1316,#1317,#1318,#1319,#1320,#1321,#1322,#1323,#1324
      ,#1325,#1326,#1327,#1328,#1329,#1330,#1331,#1332,#1333,#1334,#1335
      ,#1336,#1337,#1338,#1339,#1340,#1341,#1342,#1343,#1344,#1345,#1346
      ,#1347,#1348,#1349,#1350,#1351)
    ,(#1352,#1353,#1354,#1355,#1356,#1357,#1358,#1359,#1360,#1361,#1362
      ,#1363,#1364,#1365,#1366,#1367,#1368,#1369,#1370,#1371,#1372,#1373
      ,#1374,#1375,#1376,#1377,#1378,#1379,#1380,#1381,#1382,#1383,#1384
      ,#1385,#1386,#1387,#1388,#1389,#1390,#1391,#1392,#1393,#1394,#1395
      ,#1396,#1397,#1398,#1399,#1400,#1401,#1402,#1403,#1404,#1405,#1406
      ,#1407,#1408,#1409,#1410,#1411,#1412,#1413,#1414,#1415,#1416,#1417
      ,#1418,#1419,#1420,#1421,#1422,#1423,#1424,#1425,#1426,#1427,#1428
      ,#1429,#1430,#1431,#1432,#1433,#1434,#1435,#1436,#1437,#1438,#1439
      ,#1440,#1441,#1442,#1443,#1444,#1445,#1446,#1447,#1448,#1449,#1450
      ,#1451,#1452,#1453,#1454,#1455,#1456,#1457,#1458,#1459,#1460,#1461
      ,#1462,#1463,#1464,#1465,#1466,#1467,#1468,#1469,#1470,#1471,#1472
      ,#1473,#1474,#1475,#1476,#1477,#1478,#1479,#1480,#1481,#1482,#1483
      ,#1484,#1485,#1486,#1487,#1488)
    ,(#1489,#1490,#1491,#1492,#1493,#1494,#1495,#1496,#1497,#1498,#1499
      ,#1500,#1501,#1502,#1503,#1504,#1505,#1506,#1507,#1508,#1509,#1510
      ,#1511,#1512,#1513,#1514,#1515,#1516,#1517,#1518,#1519,#1520,#1521
      ,#1522,#1523,#1524,#1525,#1526,#1527,#1528,#1529,#1530,#1531,#1532
      ,#1533,#1534,#1535,#1536,#1537,#1538,#1539,#1540,#1541,#1542,#1543
      ,#1544,#1545,#1546,#1547,#1548,#1549,#1550,#1551,#1552,#1553,#1554
      ,#1555,#1556,#1557,#1558,#1559,#1560,#1561,#1562,#1563,#1564,#1565
      ,#1566,#1567,#1568,#1569,#1570,#1571,#1572,#1573,#1574,#1575,#1576
      ,#1577,#1578,#1579,#1580,#1581,#1582,#1583,#1584,#1585,#1586,#1587
      ,#1588,#1589,#1590,#1591,#1592,#1593,#1594,#1595,#1596,#1597,#1598
      ,#1599,#1600,#1601,#1602,#1603,#1604,#1605,#1606,#1607,#1608,#1609
      ,#1610,#1611,#1612,#1613,#1614,#1615,#1616,#1617,#1618,#1619,#1620
      ,#1621,#1622,#1623,#1624,#1625
)),.UNSPECIFIED.,.T.,.F.,.F.) B_SPLINE_SURFACE_WITH_KNOTS((1,6,6,1),(10,
    8,9,8,9,8,9,8,9,8,9,8,9,8,9,8,10),(-6.28318530718,0.,6.28318530718,
    12.566370614359),(0.,4.422477736657,8.844955473313,13.26743320997,
    17.689910946627,22.112388683283,26.53486641994,30.957344156597,
    35.379821893253,39.80229962991,44.224777366566,48.647255103223,
    53.06973283988,57.492210576536,61.914688313193,66.33716604985,
70.759643786506),.UNSPECIFIED.) GEOMETRIC_REPRESENTATION_ITEM() 
RATIONAL_B_SPLINE_SURFACE((
    (1.669078461068,1.669078461068,1.669078461068,1.669078461068
      ,1.669078461068,1.669078461068,1.669078461068,1.669078461068
      ,1.669078461068,1.669078461068,1.669078461068,1.669078461068
      ,1.669078461068,1.669078461068,1.669078461068,1.669078461068
      ,1.669078461068,1.669078461068,1.669078461068,1.669078461068
      ,1.669078461068,1.669078461068,1.669078461068,1.669078461068
      ,1.669078461068,1.669078461068,1.669078461068,1.669078461068
      ,1.669078461068,1.669078461068,1.669078461068,1.669078461068
      ,1.669078461068,1.669078461068,1.669078461068,1.669078461068
      ,1.669078461068,1.669078461068,1.669078461068,1.669078461068
      ,1.669078461068,1.669078461068,1.669078461068,1.669078461068
      ,1.669078461068,1.669078461068,1.669078461068,1.669078461068
      ,1.669078461068,1.669078461068,1.669078461068,1.669078461068
      ,1.669078461068,1.669078461068,1.669078461068,1.669078461068
      ,1.669078461068,1.669078461068,1.669078461068,1.669078461068
      ,1.669078461068,1.669078461068,1.669078461068,1.669078461068
      ,1.669078461068,1.669078461068,1.669078461068,1.669078461068
      ,1.669078461068,1.669078461068,1.669078461068,1.669078461068
      ,1.669078461068,1.669078461069,1.669078461068,1.669078461068
      ,1.669078461068,1.669078461068,1.669078461068,1.669078461068
      ,1.669078461068,1.669078461068,1.669078461068,1.669078461068
      ,1.669078461068,1.669078461068,1.669078461068,1.669078461068
      ,1.669078461069,1.669078461068,1.669078461069,1.669078461068
      ,1.669078461068,1.669078461068,1.669078461068,1.669078461068
      ,1.669078461068,1.669078461069,1.669078461068,1.669078461068
      ,1.669078461068,1.669078461068,1.669078461068,1.669078461068
      ,1.669078461068,1.669078461068,1.669078461068,1.669078461068
      ,1.669078461068,1.669078461068,1.669078461068,1.669078461068
      ,1.669078461068,1.669078461068,1.669078461068,1.669078461069
      ,1.669078461068,1.669078461068,1.669078461068,1.669078461068
      ,1.669078461068,1.669078461068,1.669078461069,1.669078461068
      ,1.669078461069,1.669078461068,1.669078461068,1.669078461068
      ,1.669078461068,1.669078461068,1.669078461068,1.669078461069
      ,1.669078461068,1.669078461069,1.669078461068,1.669078461068
      ,1.669078461068)
    ,(1.03672962321,1.03672962321,1.03672962321,1.03672962321
      ,1.03672962321,1.03672962321,1.03672962321,1.03672962321
      ,1.03672962321,1.03672962321,1.03672962321,1.03672962321
      ,1.036729623209,1.03672962321,1.03672962321,1.03672962321
      ,1.03672962321,1.03672962321,1.03672962321,1.03672962321
      ,1.03672962321,1.036729623209,1.03672962321,1.03672962321
      ,1.03672962321,1.03672962321,1.03672962321,1.03672962321
      ,1.03672962321,1.03672962321,1.03672962321,1.03672962321
      ,1.03672962321,1.03672962321,1.03672962321,1.03672962321
      ,1.03672962321,1.03672962321,1.03672962321,1.03672962321
      ,1.03672962321,1.03672962321,1.03672962321,1.03672962321
      ,1.03672962321,1.03672962321,1.036729623209,1.03672962321
      ,1.03672962321,1.03672962321,1.03672962321,1.03672962321
      ,1.03672962321,1.03672962321,1.03672962321,1.036729623209
      ,1.03672962321,1.03672962321,1.03672962321,1.03672962321
      ,1.03672962321,1.03672962321,1.03672962321,1.03672962321
      ,1.03672962321,1.03672962321,1.03672962321,1.03672962321
      ,1.03672962321,1.03672962321,1.036729623209,1.03672962321
      ,1.036729623209,1.03672962321,1.036729623209,1.03672962321
      ,1.03672962321,1.03672962321,1.03672962321,1.03672962321
      ,1.03672962321,1.03672962321,1.03672962321,1.03672962321
      ,1.03672962321,1.03672962321,1.03672962321,1.036729623209
      ,1.03672962321,1.036729623209,1.03672962321,1.036729623209
      ,1.03672962321,1.03672962321,1.03672962321,1.03672962321
      ,1.03672962321,1.03672962321,1.036729623209,1.03672962321
      ,1.03672962321,1.03672962321,1.03672962321,1.03672962321
      ,1.03672962321,1.03672962321,1.03672962321,1.03672962321
      ,1.03672962321,1.03672962321,1.03672962321,1.03672962321
      ,1.03672962321,1.03672962321,1.036729623209,1.03672962321
      ,1.036729623209,1.03672962321,1.03672962321,1.03672962321
      ,1.03672962321,1.03672962321,1.03672962321,1.036729623209
      ,1.03672962321,1.036729623209,1.03672962321,1.03672962321
      ,1.03672962321,1.03672962321,1.036729623209,1.03672962321
      ,1.036729623209,1.03672962321,1.03672962321,1.03672962321
      ,1.03672962321)
    ,(1.038346699848,1.038346699847,1.038346699848,1.038346699847
      ,1.038346699848,1.038346699847,1.038346699848,1.038346699847
      ,1.038346699848,1.038346699847,1.038346699848,1.038346699847
      ,1.038346699848,1.038346699847,1.038346699848,1.038346699847
      ,1.038346699848,1.038346699848,1.038346699848,1.038346699847
      ,1.038346699848,1.038346699847,1.038346699848,1.038346699847
      ,1.038346699848,1.038346699848,1.038346699848,1.038346699847
      ,1.038346699848,1.038346699848,1.038346699847,1.038346699848
      ,1.038346699847,1.038346699848,1.038346699848,1.038346699847
      ,1.038346699848,1.038346699847,1.038346699848,1.038346699847
      ,1.038346699848,1.038346699847,1.038346699848,1.038346699848
      ,1.038346699848,1.038346699848,1.038346699848,1.038346699847
      ,1.038346699848,1.038346699847,1.038346699848,1.038346699848
      ,1.038346699848,1.038346699847,1.038346699848,1.038346699847
      ,1.038346699848,1.038346699847,1.038346699848,1.038346699847
      ,1.038346699848,1.038346699848,1.038346699847,1.038346699848
      ,1.038346699847,1.038346699848,1.038346699847,1.038346699848
      ,1.038346699848,1.038346699848,1.038346699847,1.038346699848
      ,1.038346699847,1.038346699848,1.038346699847,1.038346699848
      ,1.038346699847,1.038346699848,1.038346699848,1.038346699847
      ,1.038346699848,1.038346699847,1.038346699848,1.038346699847
      ,1.038346699848,1.038346699848,1.038346699848,1.038346699847
      ,1.038346699848,1.038346699847,1.038346699848,1.038346699847
      ,1.038346699848,1.038346699848,1.038346699848,1.038346699848
      ,1.038346699847,1.038346699848,1.038346699847,1.038346699848
      ,1.038346699847,1.038346699848,1.038346699848,1.038346699848
      ,1.038346699848,1.038346699847,1.038346699848,1.038346699848
      ,1.038346699848,1.038346699848,1.038346699847,1.038346699848
      ,1.038346699847,1.038346699848,1.038346699847,1.038346699848
      ,1.038346699847,1.038346699848,1.038346699847,1.038346699848
      ,1.038346699848,1.038346699847,1.038346699848,1.038346699847
      ,1.038346699848,1.038346699847,1.038346699848,1.038346699848
      ,1.038346699847,1.038346699848,1.038346699847,1.038346699848
      ,1.038346699847,1.038346699848,1.038346699847,1.038346699848
      ,1.038346699848)
    ,(0.853534330196,0.853534330196,0.853534330196,0.853534330196
      ,0.853534330196,0.853534330196,0.853534330196,0.853534330196
      ,0.853534330196,0.853534330196,0.853534330196,0.853534330196
      ,0.853534330196,0.853534330196,0.853534330196,0.853534330196
      ,0.853534330196,0.853534330196,0.853534330196,0.853534330196
      ,0.853534330196,0.853534330196,0.853534330196,0.853534330196
      ,0.853534330196,0.853534330196,0.853534330196,0.853534330196
      ,0.853534330196,0.853534330196,0.853534330196,0.853534330196
      ,0.853534330196,0.853534330196,0.853534330196,0.853534330196
      ,0.853534330196,0.853534330196,0.853534330196,0.853534330196
      ,0.853534330196,0.853534330196,0.853534330196,0.853534330196
      ,0.853534330196,0.853534330196,0.853534330196,0.853534330196
      ,0.853534330196,0.853534330196,0.853534330196,0.853534330196
      ,0.853534330196,0.853534330196,0.853534330196,0.853534330196
      ,0.853534330196,0.853534330196,0.853534330196,0.853534330196
      ,0.853534330196,0.853534330196,0.853534330196,0.853534330196
      ,0.853534330196,0.853534330196,0.853534330196,0.853534330196
      ,0.853534330196,0.853534330196,0.853534330196,0.853534330196
      ,0.853534330196,0.853534330196,0.853534330196,0.853534330196
      ,0.853534330196,0.853534330196,0.853534330196,0.853534330196
      ,0.853534330196,0.853534330196,0.853534330196,0.853534330196
      ,0.853534330196,0.853534330196,0.853534330196,0.853534330196
      ,0.853534330196,0.853534330196,0.853534330196,0.853534330196
      ,0.853534330196,0.853534330196,0.853534330196,0.853534330196
      ,0.853534330196,0.853534330196,0.853534330196,0.853534330196
      ,0.853534330196,0.853534330196,0.853534330196,0.853534330196
      ,0.853534330196,0.853534330196,0.853534330196,0.853534330196
      ,0.853534330196,0.853534330196,0.853534330196,0.853534330196
      ,0.853534330196,0.853534330196,0.853534330196,0.853534330196
      ,0.853534330196,0.853534330196,0.853534330196,0.853534330196
      ,0.853534330196,0.853534330196,0.853534330196,0.853534330196
      ,0.853534330196,0.853534330196,0.853534330196,0.853534330196
      ,0.853534330196,0.853534330196,0.853534330196,0.853534330196
      ,0.853534330196,0.853534330196,0.853534330196,0.853534330196
      ,0.853534330196)
    ,(1.038346699848,1.038346699847,1.038346699848,1.038346699847
      ,1.038346699848,1.038346699847,1.038346699848,1.038346699847
      ,1.038346699848,1.038346699847,1.038346699848,1.038346699847
      ,1.038346699848,1.038346699847,1.038346699848,1.038346699847
      ,1.038346699848,1.038346699848,1.038346699848,1.038346699847
      ,1.038346699848,1.038346699847,1.038346699848,1.038346699847
      ,1.038346699848,1.038346699847,1.038346699848,1.038346699847
      ,1.038346699848,1.038346699847,1.038346699847,1.038346699848
      ,1.038346699847,1.038346699848,1.038346699848,1.038346699848
      ,1.038346699848,1.038346699848,1.038346699848,1.038346699848
      ,1.038346699848,1.038346699847,1.038346699848,1.038346699848
      ,1.038346699848,1.038346699847,1.038346699848,1.038346699847
      ,1.038346699848,1.038346699847,1.038346699848,1.038346699848
      ,1.038346699848,1.038346699847,1.038346699848,1.038346699847
      ,1.038346699848,1.038346699847,1.038346699848,1.038346699847
      ,1.038346699848,1.038346699847,1.038346699848,1.038346699847
      ,1.038346699848,1.038346699848,1.038346699847,1.038346699848
      ,1.038346699848,1.038346699848,1.038346699847,1.038346699848
      ,1.038346699847,1.038346699848,1.038346699847,1.038346699848
      ,1.038346699847,1.038346699848,1.038346699848,1.038346699848
      ,1.038346699847,1.038346699848,1.038346699847,1.038346699848
      ,1.038346699848,1.038346699848,1.038346699848,1.038346699847
      ,1.038346699848,1.038346699847,1.038346699848,1.038346699847
      ,1.038346699848,1.038346699848,1.038346699847,1.038346699848
      ,1.038346699847,1.038346699848,1.038346699847,1.038346699848
      ,1.038346699847,1.038346699848,1.038346699848,1.038346699848
      ,1.038346699847,1.038346699848,1.038346699847,1.038346699848
      ,1.038346699847,1.038346699848,1.038346699847,1.038346699848
      ,1.038346699847,1.038346699848,1.038346699847,1.038346699848
      ,1.038346699847,1.038346699848,1.038346699847,1.038346699848
      ,1.038346699848,1.038346699847,1.038346699848,1.038346699847
      ,1.038346699848,1.038346699847,1.038346699848,1.038346699848
      ,1.038346699847,1.038346699848,1.038346699847,1.038346699848
      ,1.038346699847,1.038346699848,1.038346699847,1.038346699848
      ,1.038346699848)
    ,(1.03672962321,1.03672962321,1.03672962321,1.03672962321
      ,1.03672962321,1.03672962321,1.03672962321,1.03672962321
      ,1.03672962321,1.03672962321,1.03672962321,1.03672962321
      ,1.03672962321,1.03672962321,1.03672962321,1.03672962321
      ,1.03672962321,1.03672962321,1.03672962321,1.03672962321
      ,1.03672962321,1.036729623209,1.03672962321,1.03672962321
      ,1.03672962321,1.03672962321,1.03672962321,1.03672962321
      ,1.03672962321,1.03672962321,1.03672962321,1.03672962321
      ,1.03672962321,1.03672962321,1.03672962321,1.03672962321
      ,1.03672962321,1.03672962321,1.03672962321,1.03672962321
      ,1.03672962321,1.03672962321,1.03672962321,1.03672962321
      ,1.03672962321,1.03672962321,1.036729623209,1.03672962321
      ,1.03672962321,1.03672962321,1.03672962321,1.03672962321
      ,1.03672962321,1.03672962321,1.03672962321,1.036729623209
      ,1.03672962321,1.03672962321,1.03672962321,1.03672962321
      ,1.03672962321,1.03672962321,1.03672962321,1.03672962321
      ,1.03672962321,1.03672962321,1.03672962321,1.03672962321
      ,1.03672962321,1.03672962321,1.03672962321,1.03672962321
      ,1.036729623209,1.03672962321,1.036729623209,1.03672962321
      ,1.03672962321,1.03672962321,1.03672962321,1.03672962321
      ,1.03672962321,1.03672962321,1.03672962321,1.03672962321
      ,1.03672962321,1.03672962321,1.03672962321,1.03672962321
      ,1.03672962321,1.036729623209,1.03672962321,1.036729623209
      ,1.03672962321,1.03672962321,1.03672962321,1.03672962321
      ,1.03672962321,1.03672962321,1.03672962321,1.03672962321
      ,1.03672962321,1.03672962321,1.03672962321,1.03672962321
      ,1.03672962321,1.03672962321,1.03672962321,1.03672962321
      ,1.03672962321,1.03672962321,1.03672962321,1.03672962321
      ,1.03672962321,1.03672962321,1.036729623209,1.03672962321
      ,1.036729623209,1.03672962321,1.03672962321,1.03672962321
      ,1.03672962321,1.03672962321,1.03672962321,1.036729623209
      ,1.03672962321,1.036729623209,1.03672962321,1.03672962321
      ,1.03672962321,1.03672962321,1.036729623209,1.03672962321
      ,1.036729623209,1.03672962321,1.03672962321,1.03672962321
      ,1.03672962321)
    ,(1.669078461068,1.669078461068,1.669078461068,1.669078461068
      ,1.669078461068,1.669078461068,1.669078461068,1.669078461068
      ,1.669078461068,1.669078461068,1.669078461068,1.669078461068
      ,1.669078461068,1.669078461068,1.669078461068,1.669078461068
      ,1.669078461068,1.669078461068,1.669078461068,1.669078461068
      ,1.669078461068,1.669078461068,1.669078461068,1.669078461068
      ,1.669078461068,1.669078461068,1.669078461068,1.669078461068
      ,1.669078461068,1.669078461068,1.669078461068,1.669078461068
      ,1.669078461068,1.669078461068,1.669078461068,1.669078461068
      ,1.669078461068,1.669078461068,1.669078461068,1.669078461068
      ,1.669078461068,1.669078461068,1.669078461068,1.669078461068
      ,1.669078461068,1.669078461068,1.669078461068,1.669078461068
      ,1.669078461068,1.669078461068,1.669078461068,1.669078461068
      ,1.669078461068,1.669078461068,1.669078461068,1.669078461068
      ,1.669078461068,1.669078461068,1.669078461068,1.669078461068
      ,1.669078461068,1.669078461068,1.669078461068,1.669078461068
      ,1.669078461068,1.669078461068,1.669078461068,1.669078461068
      ,1.669078461068,1.669078461068,1.669078461068,1.669078461068
      ,1.669078461068,1.669078461069,1.669078461068,1.669078461068
      ,1.669078461068,1.669078461068,1.669078461068,1.669078461068
      ,1.669078461068,1.669078461068,1.669078461068,1.669078461068
      ,1.669078461068,1.669078461068,1.669078461068,1.669078461068
      ,1.669078461069,1.669078461068,1.669078461069,1.669078461068
      ,1.669078461068,1.669078461068,1.669078461068,1.669078461068
      ,1.669078461068,1.669078461069,1.669078461068,1.669078461068
      ,1.669078461068,1.669078461068,1.669078461068,1.669078461068
      ,1.669078461068,1.669078461068,1.669078461068,1.669078461068
      ,1.669078461068,1.669078461068,1.669078461068,1.669078461068
      ,1.669078461068,1.669078461068,1.669078461068,1.669078461069
      ,1.669078461068,1.669078461068,1.669078461068,1.669078461068
      ,1.669078461068,1.669078461068,1.669078461069,1.669078461068
      ,1.669078461069,1.669078461068,1.669078461068,1.669078461068
      ,1.669078461068,1.669078461068,1.669078461068,1.669078461069
      ,1.669078461068,1.669078461069,1.669078461068,1.669078461068
,1.669078461068))) REPRESENTATION_ITEM('') SURFACE() );
#667 = CARTESIAN_POINT('',(8.3,4.440892098501E-15,10.));
#668 = CARTESIAN_POINT('',(8.30000000026,3.440482295002,10.263883663488)
  );
#669 = CARTESIAN_POINT('',(6.695570667672,6.881115883043,10.527789684737
    ));
#670 = CARTESIAN_POINT('',(3.486926673121,9.46548500061,10.791645223826)
  );
#671 = CARTESIAN_POINT('',(-0.794922976771,10.344349166165,
    11.055576730095));
#672 = CARTESIAN_POINT('',(-5.086059963446,9.042650648433,
    11.319428593437));
#673 = CARTESIAN_POINT('',(-8.158012477997,5.933026424039,
    11.583339110092));
#674 = CARTESIAN_POINT('',(-9.390109474376,2.001582530467,
    11.847220213202));
#675 = CARTESIAN_POINT('',(-8.812626092729,-1.750578337887,
    12.111110293262));
#676 = CARTESIAN_POINT('',(-4.989769371965,-7.471887624835,
    12.638888336468));
#677 = CARTESIAN_POINT('',(-1.744218092502,-9.4413024381,12.902777854756
    ));
#678 = CARTESIAN_POINT('',(2.359465743128,-9.807491678893,
    13.166660894019));
#679 = CARTESIAN_POINT('',(6.407968865527,-8.159379099968,
    13.430567298968));
#680 = CARTESIAN_POINT('',(9.252729014182,-4.693024096539,
    13.694425623897));
#681 = CARTESIAN_POINT('',(10.079356576747,-0.400783802796,
    13.958349161391));
#682 = CARTESIAN_POINT('',(8.919606346495,3.552611664986,14.222212590566
    ));
#683 = CARTESIAN_POINT('',(6.354863344869,6.351584736154,14.48611230786)
  );
#684 = CARTESIAN_POINT('',(3.17627248863,7.668200119845,14.749999999978)
  );
#685 = CARTESIAN_POINT('',(-2.318685591944E-03,8.984815693732,
    15.013883663534));
#686 = CARTESIAN_POINT('',(-3.795038160431,8.819189742951,15.27778968468
    ));
#687 = CARTESIAN_POINT('',(-7.410578789685,6.84378447373,15.541645223874
    ));
#688 = CARTESIAN_POINT('',(-9.861136324983,3.224197976294,
    15.805576730064));
#689 = CARTESIAN_POINT('',(-10.30067073776,-1.238434113507,
    16.069428593452));
#690 = CARTESIAN_POINT('',(-8.603337895375,-5.26654983814,
    16.333339110087));
#691 = CARTESIAN_POINT('',(-5.442660456469,-7.909357478492,
    16.597220213204));
#692 = CARTESIAN_POINT('',(-1.755122504885,-8.811722201714,
    16.861110293262));
#693 = CARTESIAN_POINT('',(4.993621975836,-7.469313397228,17.38888833647
    ));
#694 = CARTESIAN_POINT('',(8.055142716377,-5.224477418909,
    17.652777854745));
#695 = CARTESIAN_POINT('',(9.963869276533,-1.573302470832,
    17.916660894047));
#696 = CARTESIAN_POINT('',(9.99050686841,2.797732079887,18.180567298918)
  );
#697 = CARTESIAN_POINT('',(7.876655006264,6.752464386636,18.444425623958
    ));
#698 = CARTESIAN_POINT('',(4.22747872319,9.158737920859,18.708349161337)
  );
#699 = CARTESIAN_POINT('',(0.131200367777,9.600167367392,18.972212590599
    ));
#700 = CARTESIAN_POINT('',(-3.436198219718,8.301774424025,
    19.236112307844));
#701 = CARTESIAN_POINT('',(-5.868986283849,5.868986283849,
    19.499999999988));
#702 = CARTESIAN_POINT('',(-8.301774645382,3.436197922684,
    19.763883663516));
#703 = CARTESIAN_POINT('',(-9.600167126048,-0.131200280008,
    20.027789684702));
#704 = CARTESIAN_POINT('',(-9.158738127227,-4.227479135083,
    20.291645223854));
#705 = CARTESIAN_POINT('',(-6.752464014947,-7.876654869756,
    20.555576730078));
#706 = CARTESIAN_POINT('',(-2.797732103744,-9.990507083079,
    20.819428593445));
#707 = CARTESIAN_POINT('',(1.573302726804,-9.963869161594,21.08333911009
    ));
#708 = CARTESIAN_POINT('',(5.224477505016,-8.055142665813,
    21.347220213203));
#709 = CARTESIAN_POINT('',(7.469313483948,-4.993621856513,
    21.611110293262));
#710 = CARTESIAN_POINT('',(8.811722167258,1.755122648312,22.13888833647)
  );
#711 = CARTESIAN_POINT('',(7.909357418291,5.442660536138,22.402777854746
    ));
#712 = CARTESIAN_POINT('',(5.26654964563,8.603338099516,22.666660894043)
  );
#713 = CARTESIAN_POINT('',(1.238434053417,10.300670530313,
    22.930567298926));
#714 = CARTESIAN_POINT('',(-3.224198267478,9.861136593334,23.19442562395
    ));
#715 = CARTESIAN_POINT('',(-6.843784440669,7.41057833017,23.458349161341
    ));
#716 = CARTESIAN_POINT('',(-8.819189932352,3.795038333882,
    23.722212590601));
#717 = CARTESIAN_POINT('',(-8.984815602889,2.318326454825E-03,
    23.986112307841));
#718 = CARTESIAN_POINT('',(-7.668200119844,-3.17627248863,
    24.249999999989));
#719 = CARTESIAN_POINT('',(-6.351584546443,-6.354863663051,
    24.513883663513));
#720 = CARTESIAN_POINT('',(-3.552611653714,-8.919606089924,
    24.777789684706));
#721 = CARTESIAN_POINT('',(0.40078410436,-10.07935692504,25.04164522385)
  );
#722 = CARTESIAN_POINT('',(4.693024112662,-9.252728618541,25.30557673008
    ));
#723 = CARTESIAN_POINT('',(8.159379289167,-6.40796896972,25.569428593445
    ));
#724 = CARTESIAN_POINT('',(9.807491670659,-2.359465462657,
    25.833339110089));
#725 = CARTESIAN_POINT('',(9.441302424337,1.744218191406,26.097220213203
    ));
#726 = CARTESIAN_POINT('',(7.471887547781,4.989769497747,26.361110293262
    ));
#727 = CARTESIAN_POINT('',(1.750578192192,8.812626115783,26.888888336469
    ));
#728 = CARTESIAN_POINT('',(-2.00158262711,9.390109449242,27.152777854751
    ));
#729 = CARTESIAN_POINT('',(-5.933026686311,8.158012378275,
    27.416660894031));
#730 = CARTESIAN_POINT('',(-9.042650479769,5.086059828514,
    27.680567298946));
#731 = CARTESIAN_POINT('',(-10.34434952551,0.794922810481,
    27.944425623923));
#732 = CARTESIAN_POINT('',(-9.465484563429,-3.486926818456,
    28.208349161368));
#733 = CARTESIAN_POINT('',(-6.881116115765,-6.695570776263,
    28.472212590579));
#734 = CARTESIAN_POINT('',(-3.440481928443,-8.300000053772,
    28.736112307854));
#735 = CARTESIAN_POINT('',(4.579587577214E-13,-8.3,28.999999999982));
#736 = CARTESIAN_POINT('',(3.440482295002,-8.300000000262,
    29.263883663529));
#737 = CARTESIAN_POINT('',(6.881115883041,-6.695570667666,
    29.527789684686));
#738 = CARTESIAN_POINT('',(9.465485000615,-3.486926673131,
    29.791645223869));
#739 = CARTESIAN_POINT('',(10.344349166158,0.794922976782,
    30.055576730068));
#740 = CARTESIAN_POINT('',(9.042650648438,5.086059963437,30.31942859345)
  );
#741 = CARTESIAN_POINT('',(5.933026424036,8.158012478001,30.583339110086
    ));
#742 = CARTESIAN_POINT('',(2.001582530468,9.390109474375,30.847220213205
    ));
#743 = CARTESIAN_POINT('',(-1.750578337887,8.812626092729,
    31.111110293261));
#744 = CARTESIAN_POINT('',(-7.471887624835,4.989769371964,
    31.638888336472));
#745 = CARTESIAN_POINT('',(-9.441302438099,1.744218092503,
    31.902777854733));
#746 = CARTESIAN_POINT('',(-9.807491678899,-2.359465743131,
    32.166660894077));
#747 = CARTESIAN_POINT('',(-8.159379099955,-6.407968865524,
    32.430567298865));
#748 = CARTESIAN_POINT('',(-4.693024096555,-9.252729014185,
    32.694425624032));
#749 = CARTESIAN_POINT('',(-0.400783802782,-10.07935657674,
    32.958349161256));
#750 = CARTESIAN_POINT('',(3.552611664978,-8.919606346496,
    33.222212590669));
#751 = CARTESIAN_POINT('',(6.351584736159,-6.354863344868,
    33.486112307798));
#752 = CARTESIAN_POINT('',(7.668200119843,-3.176272488632,33.75000000001
    ));
#753 = CARTESIAN_POINT('',(8.98481569373,2.318685593821E-03,
    34.013883663472));
#754 = CARTESIAN_POINT('',(8.819189742959,3.79503816043,34.277789684753)
  );
#755 = CARTESIAN_POINT('',(6.843784473715,7.410578789684,34.541645223815
    ));
#756 = CARTESIAN_POINT('',(3.22419797631,9.861136324984,34.805576730098)
  );
#757 = CARTESIAN_POINT('',(-1.238434113518,10.300670737765,
    35.069428593438));
#758 = CARTESIAN_POINT('',(-5.266549838136,8.603337895374,35.33333911009
    ));
#759 = CARTESIAN_POINT('',(-7.909357478493,5.442660456469,
    35.597220213204));
#760 = CARTESIAN_POINT('',(-8.811722201714,1.755122504885,
    35.861110293261));
#761 = CARTESIAN_POINT('',(-7.469313397228,-4.993621975836,
    36.388888336471));
#762 = CARTESIAN_POINT('',(-5.22447741891,-8.055142716379,
    36.652777854741));
#763 = CARTESIAN_POINT('',(-1.57330247082,-9.963869276526,
    36.916660894058));
#764 = CARTESIAN_POINT('',(2.797732079859,-9.990506868423,
    37.180567298893));
#765 = CARTESIAN_POINT('',(6.752464386676,-7.876655006248,
    37.444425624006));
#766 = CARTESIAN_POINT('',(9.158737920822,-4.227478723198,
    37.708349161261));
#767 = CARTESIAN_POINT('',(9.600167367414,-0.131200367778,
    37.972212590687));
#768 = CARTESIAN_POINT('',(8.301774424018,3.436198219723,38.236112307775
    ));
#769 = CARTESIAN_POINT('',(5.86898628385,5.868986283847,38.500000000017)
  );
#770 = CARTESIAN_POINT('',(3.436197922421,8.301774645275,38.763883660333
    ));
#771 = CARTESIAN_POINT('',(-0.13120027893,9.600167126495,39.027789697598
    ));
#772 = CARTESIAN_POINT('',(-4.22747913772,9.158738126131,39.291645192412
    ));
#773 = CARTESIAN_POINT('',(-7.876654865079,6.75246401689,39.555576785774
    ));
#774 = CARTESIAN_POINT('',(-9.990507089501,2.79773210108,39.819428517007
    ));
#775 = CARTESIAN_POINT('',(-9.963869154579,-1.573302723896,
    40.08333919358));
#776 = CARTESIAN_POINT('',(-8.055142671963,-5.224477507564,
    40.347220140007));
#777 = CARTESIAN_POINT('',(-4.993621852208,-7.469313482165,
    40.61111034449));
#778 = CARTESIAN_POINT('',(1.7551226393,-8.81172217099,41.138888229223)
  );
#779 = CARTESIAN_POINT('',(5.442660584784,-7.909357398143,
    41.402778433705));
#780 = CARTESIAN_POINT('',(8.603337972312,-5.266549698311,
    41.666659380138));
#781 = CARTESIAN_POINT('',(10.300670762031,-1.238433957456,
    41.930570056687));
#782 = CARTESIAN_POINT('',(9.861136271023,3.224198133999,42.194421787988
    ));
#783 = CARTESIAN_POINT('',(7.410578684735,6.843784587513,42.458353381213
    ));
#784 = CARTESIAN_POINT('',(3.795038021792,8.819189803089,42.722208876217
    ));
#785 = CARTESIAN_POINT('',(2.318545371084E-03,8.984815693568,
    42.986114913301));
#786 = CARTESIAN_POINT('',(-3.176272608469,7.668200070204,
    43.249998573727));
#787 = CARTESIAN_POINT('',(-6.354863444133,6.351584636839,
    43.513886265867));
#788 = CARTESIAN_POINT('',(-8.919606402016,3.552611525606,
    43.777785983116));
#789 = CARTESIAN_POINT('',(-10.07935657047,-0.400783960347,
    44.04164941237));
#790 = CARTESIAN_POINT('',(-9.252728940849,-4.693024241107,
    44.305572949765));
#791 = CARTESIAN_POINT('',(-6.407968738005,-8.159379200135,
    44.569431274784));
#792 = CARTESIAN_POINT('',(-2.359465589859,-9.807491715758,
    44.833337679673));
#793 = CARTESIAN_POINT('',(1.744218240052,-9.441302410843,
    45.097220718966));
#794 = CARTESIAN_POINT('',(4.989769488736,-7.471887546855,
    45.361110237243));
#795 = CARTESIAN_POINT('',(8.812626120087,-1.750578200163,
    45.888888280451));
#796 = CARTESIAN_POINT('',(9.390109443093,2.001582677216,46.152778360509
    ));
#797 = CARTESIAN_POINT('',(8.158012385282,5.933026551534,46.416659463624
    ));
#798 = CARTESIAN_POINT('',(5.086059822112,9.042650727917,46.680569980268
    ));
#799 = CARTESIAN_POINT('',(0.794922815131,10.344349178585,
    46.944421843631));
#800 = CARTESIAN_POINT('',(-3.486926821072,9.465484946121,
    47.208353349867));
#801 = CARTESIAN_POINT('',(-6.695570775193,6.8811157784,47.472208889002)
  );
#802 = CARTESIAN_POINT('',(-8.300000054035,3.440482165291,
    47.736114910201));
#803 = CARTESIAN_POINT('',(-8.299999999999,-1.297130571842E-07,
    47.999998573727));
#804 = CARTESIAN_POINT('',(8.3,-8.881784197001E-16,12.160005998242));
#805 = CARTESIAN_POINT('',(8.300008685682,3.440482781394,12.42388966173)
  );
#806 = CARTESIAN_POINT('',(6.695551324891,6.881116433308,12.687795682975
    ));
#807 = CARTESIAN_POINT('',(3.486959312786,9.465486921134,12.951651222077
    ));
#808 = CARTESIAN_POINT('',(-0.794955702295,10.344350933211,
    13.215582728323));
#809 = CARTESIAN_POINT('',(-5.086039374143,9.042650907309,
    13.479434591691));
#810 = CARTESIAN_POINT('',(-8.158021970025,5.933028092983,
    13.743345108329));
#811 = CARTESIAN_POINT('',(-9.390109249997,2.001582499832,
    14.007226211446));
#812 = CARTESIAN_POINT('',(-8.81262739497,-1.750578544279,
    14.271116291504));
#813 = CARTESIAN_POINT('',(-4.989770090704,-7.471888798726,
    14.79889433471));
#814 = CARTESIAN_POINT('',(-1.744218401572,-9.441304464101,
    15.062783853001));
#815 = CARTESIAN_POINT('',(2.359467683461,-9.807487394901,
    15.326666892245));
#816 = CARTESIAN_POINT('',(6.407964203314,-8.159396119314,
    15.590573297246));
#817 = CARTESIAN_POINT('',(9.252740200427,-4.693000414272,
    15.854431622089));
#818 = CARTESIAN_POINT('',(10.079347820706,-0.400806859608,
    16.118355159677));
#819 = CARTESIAN_POINT('',(8.919613446522,3.55262505846,16.382218588785)
  );
#820 = CARTESIAN_POINT('',(6.354863037703,6.351582711108,16.646118306108
    ));
#821 = CARTESIAN_POINT('',(3.176272488641,7.668200119878,16.91000599822)
  );
#822 = CARTESIAN_POINT('',(-2.315811226078E-03,8.984823904073,
    17.173889661776));
#823 = CARTESIAN_POINT('',(-3.795046070888,8.819172083233,
    17.437795682918));
#824 = CARTESIAN_POINT('',(-7.410568073492,6.843815363705,
    17.701651222126));
#825 = CARTESIAN_POINT('',(-9.861150480896,3.224168418137,
    17.965582728293));
#826 = CARTESIAN_POINT('',(-10.30066309784,-1.238414992436,
    18.229434591705));
#827 = CARTESIAN_POINT('',(-8.603343069681,-5.266557968943,
    18.493345108323));
#828 = CARTESIAN_POINT('',(-5.442660342306,-7.909357282919,
    18.757226211448));
#829 = CARTESIAN_POINT('',(-1.75512281255,-8.811723483809,
    19.021116291503));
#830 = CARTESIAN_POINT('',(4.993622785323,-7.469314510488,
    19.548894334712));
#831 = CARTESIAN_POINT('',(8.055144469875,-5.224478479753,19.81278385299
    ));
#832 = CARTESIAN_POINT('',(9.963866061179,-1.573299038828,
    20.076666892274));
#833 = CARTESIAN_POINT('',(9.990520808095,2.797721259619,20.340573297196
    ));
#834 = CARTESIAN_POINT('',(7.876637407466,6.752483784095,20.60443162215)
  );
#835 = CARTESIAN_POINT('',(4.227496674137,9.15872100795,20.868355159623)
  );
#836 = CARTESIAN_POINT('',(0.131190710882,9.600179052381,21.132218588818
    ));
#837 = CARTESIAN_POINT('',(-3.43619646638,8.301773365304,21.396118306092
    ));
#838 = CARTESIAN_POINT('',(-5.868986283861,5.868986283861,
    21.660005998231));
#839 = CARTESIAN_POINT('',(-8.301781130799,3.436203720239,
    21.923889661759));
#840 = CARTESIAN_POINT('',(-9.600153837772,-0.131214346445,
    22.18779568294));
#841 = CARTESIAN_POINT('',(-9.158762564948,-4.227457413468,
    22.451651222105));
#842 = CARTESIAN_POINT('',(-6.752442124,-7.876679259592,22.715582728307)
  );
#843 = CARTESIAN_POINT('',(-2.797746845637,-9.990492707358,
    22.979434591698));
#844 = CARTESIAN_POINT('',(1.573308258563,-9.963877053569,
    23.243345108326));
#845 = CARTESIAN_POINT('',(5.224477368019,-8.055142485495,
    23.507226211447));
#846 = CARTESIAN_POINT('',(7.469314550711,-4.993622631395,
    23.771116291504));
#847 = CARTESIAN_POINT('',(8.811723505553,1.755122970154,24.298894334712
    ));
#848 = CARTESIAN_POINT('',(7.909359069421,5.442661750189,24.562783852991
    ));
#849 = CARTESIAN_POINT('',(5.266545244403,8.603336442296,24.826666892269
    ));
#850 = CARTESIAN_POINT('',(1.238449384535,10.300679268144,
    25.090573297203));
#851 = CARTESIAN_POINT('',(-3.224222923168,9.861127757282,
    25.354431622143));
#852 = CARTESIAN_POINT('',(-6.84376194565,7.410588442366,25.618355159626
    ));
#853 = CARTESIAN_POINT('',(-8.819204423401,3.79503388374,25.882218588819
    ));
#854 = CARTESIAN_POINT('',(-8.984813953792,2.319541170774E-03,
    26.146118306089));
#855 = CARTESIAN_POINT('',(-7.66820011986,-3.176272488637,
    26.410005998231));
#856 = CARTESIAN_POINT('',(-6.35159238455,-6.354867436169,
    26.673889661756));
#857 = CARTESIAN_POINT('',(-3.55259357281,-8.919599196149,
    26.937795682945));
#858 = CARTESIAN_POINT('',(0.400754684282,-10.07937119004,
    27.201651222102));
#859 = CARTESIAN_POINT('',(4.693055023245,-9.252717727533,
    27.465582728309));
#860 = CARTESIAN_POINT('',(8.159360366246,-6.407977088101,
    27.729434591697));
#861 = CARTESIAN_POINT('',(9.807501078809,-2.359463372106,
    27.993345108326));
#862 = CARTESIAN_POINT('',(9.441302205317,1.744218133841,28.257226211446
    ));
#863 = CARTESIAN_POINT('',(7.471888671911,4.989770186773,28.521116291504
    ));
#864 = CARTESIAN_POINT('',(1.750578406992,8.812627475369,29.048894334711
    ));
#865 = CARTESIAN_POINT('',(-2.001583116886,9.390111439291,
    29.312783852996));
#866 = CARTESIAN_POINT('',(-5.933026839521,8.158007677864,
    29.576666892258));
#867 = CARTESIAN_POINT('',(-9.042652685497,5.086077336472,
    29.840573297224));
#868 = CARTESIAN_POINT('',(-10.3443507974,0.794896650147,30.104431622116
    ));
#869 = CARTESIAN_POINT('',(-9.465485297396,-3.48690216596,
    30.368355159653));
#870 = CARTESIAN_POINT('',(-6.881117549859,-6.695585867274,
    30.632218588798));
#871 = CARTESIAN_POINT('',(-3.440482419611,-8.299998065332,
    30.896118306102));
#872 = CARTESIAN_POINT('',(1.635445685128E-12,-8.300000000028,
    31.160005998224));
#873 = CARTESIAN_POINT('',(3.440482781395,-8.300008685611,
    31.423889661771));
#874 = CARTESIAN_POINT('',(6.881116433275,-6.695551324998,
    31.687795682924));
#875 = CARTESIAN_POINT('',(9.465486921213,-3.486959312671,31.95165122212
    ));
#876 = CARTESIAN_POINT('',(10.344350933114,0.794955702205,
    32.215582728298));
#877 = CARTESIAN_POINT('',(9.04265090738,5.086039374193,32.479434591702)
  );
#878 = CARTESIAN_POINT('',(5.933028092954,8.158021970008,32.743345108324
    ));
#879 = CARTESIAN_POINT('',(2.001582499835,9.39010925,33.007226211448));
#880 = CARTESIAN_POINT('',(-1.750578544276,8.812627394969,
    33.271116291503));
#881 = CARTESIAN_POINT('',(-7.471888798733,4.989770090706,
    33.798894334715));
#882 = CARTESIAN_POINT('',(-9.441304464069,1.744218401554,
    34.062783852978));
#883 = CARTESIAN_POINT('',(-9.807487394974,-2.359467683405,
    34.326666892303));
#884 = CARTESIAN_POINT('',(-8.159396119201,-6.407964203425,
    34.590573297143));
#885 = CARTESIAN_POINT('',(-4.69300041441,-9.252740200277,
    34.854431622224));
#886 = CARTESIAN_POINT('',(-0.400806859467,-10.07934782084,
    35.118355159542));
#887 = CARTESIAN_POINT('',(3.552625058337,-8.919613446434,
    35.382218588888));
#888 = CARTESIAN_POINT('',(6.351582711197,-6.354863037741,
    35.646118306046));
#889 = CARTESIAN_POINT('',(7.668200119827,-3.176272488627,
    35.910005998252));
#890 = CARTESIAN_POINT('',(8.984823904175,2.315811180067E-03,
    36.173889661714));
#891 = CARTESIAN_POINT('',(8.819172083108,3.795046071001,36.437795682992
    ));
#892 = CARTESIAN_POINT('',(6.843815363807,7.410568073311,36.701651222065
    ));
#893 = CARTESIAN_POINT('',(3.224168418078,9.861150481088,36.965582728329
    ));
#894 = CARTESIAN_POINT('',(-1.238414992413,10.300663097714,
    37.229434591689));
#895 = CARTESIAN_POINT('',(-5.266557968948,8.603343069736,
    37.493345108329));
#896 = CARTESIAN_POINT('',(-7.909357282919,5.442660342295,
    37.757226211447));
#897 = CARTESIAN_POINT('',(-8.811723483809,1.755122812551,
    38.021116291503));
#898 = CARTESIAN_POINT('',(-7.469314510488,-4.993622785324,
    38.548894334713));
#899 = CARTESIAN_POINT('',(-5.224478479754,-8.055144469863,
    38.812783852986));
#900 = CARTESIAN_POINT('',(-1.573299038816,-9.963866061231,
    39.076666892285));
#901 = CARTESIAN_POINT('',(2.797721259594,-9.990520807968,39.34057329717
    ));
#902 = CARTESIAN_POINT('',(6.752483784109,-7.87663740766,39.6044316222)
  );
#903 = CARTESIAN_POINT('',(9.158721007983,-4.227496673931,
    39.868355159546));
#904 = CARTESIAN_POINT('',(9.600179052301,-0.131190711038,
    40.132218588906));
#905 = CARTESIAN_POINT('',(8.301773365381,3.436196466468,40.396118306024
    ));
#906 = CARTESIAN_POINT('',(5.868986283832,5.868986283829,40.660005998259
    ));
#907 = CARTESIAN_POINT('',(3.436203718085,8.301781135556,40.923889658576
    ));
#908 = CARTESIAN_POINT('',(-0.131214337399,9.600153818459,
    41.187795695838));
#909 = CARTESIAN_POINT('',(-4.227457435803,9.158762612065,
    41.451651190662));
#910 = CARTESIAN_POINT('',(-7.876679219771,6.752442040499,
    41.715582784005));
#911 = CARTESIAN_POINT('',(-9.990492762211,2.797746960271,
    41.979434515258));
#912 = CARTESIAN_POINT('',(-9.963876993535,-1.5733083838,42.243345191818
    ));
#913 = CARTESIAN_POINT('',(-8.055142538173,-5.224477258209,
    42.507226138249));
#914 = CARTESIAN_POINT('',(-4.993622594517,-7.469314627567,
    42.771116342732));
#915 = CARTESIAN_POINT('',(1.75512289295,-8.811723344653,43.298894227465
    ));
#916 = CARTESIAN_POINT('',(5.442662166954,-7.909359938012,
    43.562784431951));
#917 = CARTESIAN_POINT('',(8.603335352527,-5.266542973148,
    43.826665378362));
#918 = CARTESIAN_POINT('',(10.300681253269,-1.238453521899,
    44.090576054969));
#919 = CARTESIAN_POINT('',(9.861124996029,3.224228678112,44.354427786175
    ));
#920 = CARTESIAN_POINT('',(7.410591480008,6.843755614741,44.618359379504
    ));
#921 = CARTESIAN_POINT('',(3.795031209921,8.819209995945,44.882214874431
    ));
#922 = CARTESIAN_POINT('',(2.321416754783E-03,8.984810044921,
    45.146120911552));
#923 = CARTESIAN_POINT('',(-3.176273515359,7.668202259628,
    45.410004571968));
#924 = CARTESIAN_POINT('',(-6.35486556575,6.351588475388,45.673892264112
    ));
#925 = CARTESIAN_POINT('',(-8.91960184876,3.552599146507,45.937791981351
    ));
#926 = CARTESIAN_POINT('',(-10.07936820436,-0.400761017995,
    46.201655410625));
#927 = CARTESIAN_POINT('',(-9.252720396511,-4.693049263309,
    46.465578947991));
#928 = CARTESIAN_POINT('',(-6.407975229809,-8.159364510505,
    46.729437273038));
#929 = CARTESIAN_POINT('',(-2.359464323221,-9.807498799988,
    46.99334367791));
#930 = CARTESIAN_POINT('',(1.744218429001,-9.441303080558,
    47.257226717209));
#931 = CARTESIAN_POINT('',(4.989770194687,-7.471888506354,
    47.521116235485));
#932 = CARTESIAN_POINT('',(8.812627334052,-1.750578493601,
    48.048894278693));
#933 = CARTESIAN_POINT('',(9.390112348558,2.001583279349,48.312784358756
    ));
#934 = CARTESIAN_POINT('',(8.158005222563,5.933026576606,48.576665461847
    ));
#935 = CARTESIAN_POINT('',(5.086081863567,9.04265305091,48.840575978552)
  );
#936 = CARTESIAN_POINT('',(0.794890316631,10.344350365109,
    49.104427841816));
#937 = CARTESIAN_POINT('',(-3.486895177071,9.465485728182,
    49.368359348159));
#938 = CARTESIAN_POINT('',(-6.695592029647,6.881117192861,
    49.632214887216));
#939 = CARTESIAN_POINT('',(-8.299993738497,3.440482661236,
    49.896120908452));
#940 = CARTESIAN_POINT('',(-8.300002369813,-1.297152998347E-07,
    50.160004571968));
#941 = CARTESIAN_POINT('',(5.629087352287,0.,12.470146098219));
#942 = CARTESIAN_POINT('',(5.629097284511,2.333343509014,12.734040497547
    ));
#943 = CARTESIAN_POINT('',(4.540937351993,4.666808342282,12.997911319526
    ));
#944 = CARTESIAN_POINT('',(2.364876835898,6.419500950508,13.261835377411
    ));
#945 = CARTESIAN_POINT('',(-0.539145757931,7.015604630123,
    13.525679324182));
#946 = CARTESIAN_POINT('',(-3.449369183252,6.132730399316,13.78960725833
    ));
#947 = CARTESIAN_POINT('',(-5.532796977952,4.023812206684,
    14.053473339674));
#948 = CARTESIAN_POINT('',(-6.368403889791,1.357477544805,
    14.317370439051));
#949 = CARTESIAN_POINT('',(-5.976753511436,-1.187248187015,
    14.581258071791));
#950 = CARTESIAN_POINT('',(-3.384079014772,-5.067460004453,
    15.109035569662));
#951 = CARTESIAN_POINT('',(-1.182937463319,-6.403124727599,
    15.372923794824));
#952 = CARTESIAN_POINT('',(1.600212316196,-6.651468485135,
    15.636818852402));
#953 = CARTESIAN_POINT('',(4.345873150015,-5.533737209954,
    15.900689269825));
#954 = CARTESIAN_POINT('',(6.275276206708,-3.182798976284,
    16.164610389776));
#955 = CARTESIAN_POINT('',(6.835818762603,-0.271835681959,
    16.428462740159));
#956 = CARTESIAN_POINT('',(6.049325934134,2.409404825044,16.692378477455
    ));
#957 = CARTESIAN_POINT('',(4.309886249622,4.307664385314,16.956255947311
    ));
#958 = CARTESIAN_POINT('',(2.154158469069,5.200598591535,17.220146098241
    ));
#959 = CARTESIAN_POINT('',(-1.566040374892E-03,6.093539670505,
    17.48404049749));
#960 = CARTESIAN_POINT('',(-2.573827217495,5.981189312648,
    17.747911319614));
#961 = CARTESIAN_POINT('',(-5.025846352553,4.641497963307,
    18.011835377315));
#962 = CARTESIAN_POINT('',(-6.687895675018,2.186649929245,18.27567932426
    ));
#963 = CARTESIAN_POINT('',(-6.985920532971,-0.839907269533,
    18.539607258284));
#964 = CARTESIAN_POINT('',(-5.834827478489,-3.571791619014,
    18.803473339693));
#965 = CARTESIAN_POINT('',(-3.691228378728,-5.364153842341,
    19.067370439047));
#966 = CARTESIAN_POINT('',(-1.190330248163,-5.976140451355,
    19.331258071792));
#967 = CARTESIAN_POINT('',(3.386691607169,-5.065714326029,19.85903556966
    ));
#968 = CARTESIAN_POINT('',(5.463025311204,-3.543261459203,
    20.122923794834));
#969 = CARTESIAN_POINT('',(6.757530336227,-1.067003383601,
    20.386818852382));
#970 = CARTESIAN_POINT('',(6.775600200285,1.897393704963,20.650689269852
    ));
#971 = CARTESIAN_POINT('',(5.341967068044,4.579594811357,20.914610389749
    ));
#972 = CARTESIAN_POINT('',(2.867098009919,6.211446031001,21.178462740178
    ));
#973 = CARTESIAN_POINT('',(8.897700856559E-02,6.510887724394,
    21.442378477443));
#974 = CARTESIAN_POINT('',(-2.330440895427,5.630287485944,
    21.706255947321));
#975 = CARTESIAN_POINT('',(-3.980365838708,3.980365838709,
    21.970146098229));
#976 = CARTESIAN_POINT('',(-5.630295879858,2.330449843737,
    22.234040497513));
#977 = CARTESIAN_POINT('',(-6.510859419909,-8.900423071766E-02,
    22.49791131958));
#978 = CARTESIAN_POINT('',(-6.211493101245,-2.867052206699,
    22.761835377353));
#979 = CARTESIAN_POINT('',(-4.579547986607,-5.342015229473,
    23.02567932423));
#980 = CARTESIAN_POINT('',(-1.897422912257,-6.775567592898,
    23.289607258301));
#981 = CARTESIAN_POINT('',(1.067013364474,-6.757543159583,
    23.553473339686));
#982 = CARTESIAN_POINT('',(3.543259998566,-5.46302315305,23.817370439048
    ));
#983 = CARTESIAN_POINT('',(5.065714181405,-3.386691693427,
    24.081258071792));
#984 = CARTESIAN_POINT('',(5.97614055196,1.190330113125,24.60903556966)
  );
#985 = CARTESIAN_POINT('',(5.364156017686,3.691229813637,24.872923794832
    ));
#986 = CARTESIAN_POINT('',(3.571777490602,5.834819450792,25.136818852384
    ));
#987 = CARTESIAN_POINT('',(0.839946731854,6.985939481059,25.400689269852
    ));
#988 = CARTESIAN_POINT('',(-2.186711620231,6.687869098805,
    25.664610389745));
#989 = CARTESIAN_POINT('',(-4.64143694798,5.025870656127,25.928462740187
    ));
#990 = CARTESIAN_POINT('',(-5.981225879999,2.57381289921,26.192378477434
    ));
#991 = CARTESIAN_POINT('',(-6.093528491212,1.571095307582E-03,
    26.456255947326));
#992 = CARTESIAN_POINT('',(-5.200598591515,-2.154158469064,
    26.720146098229));
#993 = CARTESIAN_POINT('',(-4.307675864714,-4.309890580227,
    26.984040497516));
#994 = CARTESIAN_POINT('',(-2.409368843378,-6.049310201622,
    27.247911319575));
#995 = CARTESIAN_POINT('',(0.271775352298,-6.835844721795,
    27.511835377359));
#996 = CARTESIAN_POINT('',(3.182861390693,-6.275251376752,
    27.775679324225));
#997 = CARTESIAN_POINT('',(5.533695907505,-4.345887655816,
    28.039607258304));
#998 = CARTESIAN_POINT('',(6.651484151901,-1.600208002313,
    28.303473339685));
#999 = CARTESIAN_POINT('',(6.403122174751,1.182936939742,28.567370439049
    ));
#1000 = CARTESIAN_POINT('',(5.067460028804,3.38407884815,28.831258071791
    ));
#1001 = CARTESIAN_POINT('',(1.187248350272,5.976753552703,
    29.359035569661));
#1002 = CARTESIAN_POINT('',(-1.357478038022,6.368406448675,
    29.622923794828));
#1003 = CARTESIAN_POINT('',(-4.023810196747,5.532780852897,
    29.886818852394));
#1004 = CARTESIAN_POINT('',(-6.132732803544,3.44941289289,
    30.150689269834));
#1005 = CARTESIAN_POINT('',(-7.015603684947,0.539078592471,
    30.414610389768));
#1006 = CARTESIAN_POINT('',(-6.419500054586,-2.364811164334,
    30.678462740163));
#1007 = CARTESIAN_POINT('',(-4.666809107609,-4.540976615357,
    30.942378477453));
#1008 = CARTESIAN_POINT('',(-2.33334390103,-5.629085021636,
    31.206255947313));
#1009 = CARTESIAN_POINT('',(7.562301479469E-13,-5.62908735232,
    31.470146098236));
#1010 = CARTESIAN_POINT('',(2.333343509015,-5.62909728443,
    31.734040497498));
#1011 = CARTESIAN_POINT('',(4.666808342251,-4.540937352115,
    31.997911319604));
#1012 = CARTESIAN_POINT('',(6.419500950586,-2.364876835767,
    32.261835377326));
#1013 = CARTESIAN_POINT('',(7.015604630024,0.539145757826,
    32.525679324252));
#1014 = CARTESIAN_POINT('',(6.132730399389,3.449369183312,
    32.789607258288));
#1015 = CARTESIAN_POINT('',(4.023812206655,5.532796977929,
    33.053473339693));
#1016 = CARTESIAN_POINT('',(1.357477544808,6.368403889797,
    33.317370439045));
#1017 = CARTESIAN_POINT('',(-1.187248187012,5.976753511434,
    33.581258071793));
#1018 = CARTESIAN_POINT('',(-5.06746000446,3.384079014776,
    34.109035569658));
#1019 = CARTESIAN_POINT('',(-6.403124727566,1.182937463295,
    34.372923794845));
#1020 = CARTESIAN_POINT('',(-6.651468485205,-1.600212316124,
    34.636818852352));
#1021 = CARTESIAN_POINT('',(-5.533737209849,-4.345873150155,
    34.900689269905));
#1022 = CARTESIAN_POINT('',(-3.18279897641,-6.275276206524,
    35.164610389676));
#1023 = CARTESIAN_POINT('',(-0.271835681826,-6.835818762771,
    35.428462740258));
#1024 = CARTESIAN_POINT('',(2.409404824919,-6.049325934027,
    35.692378477374));
#1025 = CARTESIAN_POINT('',(4.30766438541,-4.309886249669,
    35.956255947366));
#1026 = CARTESIAN_POINT('',(5.200598591478,-2.154158469049,
    36.220146098208));
#1027 = CARTESIAN_POINT('',(6.093539670621,1.566040321386E-03,
    36.484040497568));
#1028 = CARTESIAN_POINT('',(5.981189312506,2.573827217617,
    36.747911319499));
#1029 = CARTESIAN_POINT('',(4.641497963429,5.025846352362,
    37.011835377438));
#1030 = CARTESIAN_POINT('',(2.186649929171,6.687895675219,
    37.275679324162));
#1031 = CARTESIAN_POINT('',(-0.839907269502,6.985920532835,
    37.53960725834));
#1032 = CARTESIAN_POINT('',(-3.571791619021,5.834827478546,
    37.803473339672));
#1033 = CARTESIAN_POINT('',(-5.364153842341,3.691228378716,
    38.06737043905));
#1034 = CARTESIAN_POINT('',(-5.976140451355,1.190330248163,
    38.331258071792));
#1035 = CARTESIAN_POINT('',(-5.06571432603,-3.386691607169,
    38.859035569659));
#1036 = CARTESIAN_POINT('',(-3.543261459202,-5.463025311191,
    39.12292379484));
#1037 = CARTESIAN_POINT('',(-1.067003383599,-6.757530336288,
    39.386818852356));
#1038 = CARTESIAN_POINT('',(1.897393704962,-6.77560020014,
    39.650689269915));
#1039 = CARTESIAN_POINT('',(4.579594811331,-5.341967068262,
    39.914610389644));
#1040 = CARTESIAN_POINT('',(6.21144603108,-2.867098009693,
    40.178462740309));
#1041 = CARTESIAN_POINT('',(6.510887724276,-8.897700873047E-02,
    40.442378477322));
#1042 = CARTESIAN_POINT('',(5.630287486044,2.330440895517,
    40.706255947398));
#1043 = CARTESIAN_POINT('',(3.980365838673,3.980365838674,
    40.970146098205));
#1044 = CARTESIAN_POINT('',(2.330449841852,5.630295885529,
    41.234040500877));
#1045 = CARTESIAN_POINT('',(-8.900422273839E-02,6.510859396854,
    41.497911305942));
#1046 = CARTESIAN_POINT('',(-2.867052226453,6.211493157514,
    41.761835410578));
#1047 = CARTESIAN_POINT('',(-5.342015194204,4.57954788687,
    42.025679265421));
#1048 = CARTESIAN_POINT('',(-6.77556764152,1.897423049191,
    42.289607338961));
#1049 = CARTESIAN_POINT('',(-6.757543106344,-1.067013514077,
    42.553473251619));
#1050 = CARTESIAN_POINT('',(-5.463023199775,-3.543259867391,
    42.817370516242));
#1051 = CARTESIAN_POINT('',(-3.386691660717,-5.065714273215,
    43.081258017769));
#1052 = CARTESIAN_POINT('',(1.190330044644,-5.976140359754,
    43.609035682758));
#1053 = CARTESIAN_POINT('',(3.691230183313,-5.364157055282,
    43.872923184296));
#1054 = CARTESIAN_POINT('',(5.834818484155,-3.571774777426,
    44.136820448851));
#1055 = CARTESIAN_POINT('',(6.985941241886,-0.839951674226,
    44.400686361701));
#1056 = CARTESIAN_POINT('',(6.687866649541,2.186718494917,
    44.664614434894));
#1057 = CARTESIAN_POINT('',(5.025873350559,4.641429385255,
    44.928458290181));
#1058 = CARTESIAN_POINT('',(2.573810527485,5.981232536814,45.1923823944)
  );
#1059 = CARTESIAN_POINT('',(1.572758987469E-03,6.09352382177,
    45.45625319975));
#1060 = CARTESIAN_POINT('',(-2.154159379785,5.200601147632,
    45.720147602294));
#1061 = CARTESIAN_POINT('',(-4.309888922462,4.307671195555,
    45.984037753216));
#1062 = CARTESIAN_POINT('',(-6.049312549076,2.409375498976,
    46.247915223053));
#1063 = CARTESIAN_POINT('',(-6.835842086804,-0.271782912004,
    46.511830960409));
#1064 = CARTESIAN_POINT('',(-6.275253720465,-3.182854521373,
    46.775683310702));
#1065 = CARTESIAN_POINT('',(-4.345886040052,-5.533700842521,
    47.039604430734));
#1066 = CARTESIAN_POINT('',(-1.600208810382,-6.651481446745,
    47.303474848115));
#1067 = CARTESIAN_POINT('',(1.182937170352,-6.403123205322,
    47.567369905701));
#1068 = CARTESIAN_POINT('',(3.384078877008,-5.067459841512,
    47.831258130866));
#1069 = CARTESIAN_POINT('',(5.976753381634,-1.187248431797,
    48.359035628735));
#1070 = CARTESIAN_POINT('',(6.368407502016,1.357478113673,
    48.622923261483));
#1071 = CARTESIAN_POINT('',(5.532778029638,4.023810192338,
    48.886820360818));
#1072 = CARTESIAN_POINT('',(3.44941808411,6.13273267597,49.150686442274)
  );
#1073 = CARTESIAN_POINT('',(0.539071339297,7.015603953166,
    49.414614376233));
#1074 = CARTESIAN_POINT('',(-2.364803166169,6.419499706028,
    49.678458323225));
#1075 = CARTESIAN_POINT('',(-4.540983664908,4.66680944092,
    49.942382380922));
#1076 = CARTESIAN_POINT('',(-5.629080072963,2.333343656724,
    50.206253203021));
#1077 = CARTESIAN_POINT('',(-5.629090062367,1.36786013627E-07,
    50.470147602291));
#1078 = CARTESIAN_POINT('',(3.426148002689,-8.881784197001E-16,10.));
#1079 = CARTESIAN_POINT('',(3.426148001968,1.420186611058,10.26390325413
    ));
#1080 = CARTESIAN_POINT('',(2.763859876562,2.840470710155,
    10.527745044148));
#1081 = CARTESIAN_POINT('',(1.439354369653,3.907202829376,
    10.791725615555));
#1082 = CARTESIAN_POINT('',(-0.32811523196,4.270089093179,
    11.055497344261));
#1083 = CARTESIAN_POINT('',(-2.099487610657,3.732659670928,
    11.319488020724));
#1084 = CARTESIAN_POINT('',(-3.367528324759,2.449109854685,
    11.583317452344));
#1085 = CARTESIAN_POINT('',(-3.876134855731,0.826226907068,
    11.847227745254));
#1086 = CARTESIAN_POINT('',(-3.637754307038,-0.722619249191,
    12.111113359473));
#1087 = CARTESIAN_POINT('',(-2.059721784234,-3.084312122173,
    12.638890407558));
#1088 = CARTESIAN_POINT('',(-0.719998734154,-3.897264969327,
    12.902777566157));
#1089 = CARTESIAN_POINT('',(0.973984398675,-4.048424237228,
    13.166682536349));
#1090 = CARTESIAN_POINT('',(2.645089033151,-3.368101167021,
    13.430523271548));
#1091 = CARTESIAN_POINT('',(3.819482564394,-1.937231342223,
    13.694496184321));
#1092 = CARTESIAN_POINT('',(4.160602751456,-0.165432576493,
    13.958289820164));
#1093 = CARTESIAN_POINT('',(3.681935430635,1.466472458765,
    14.222248700762));
#1094 = CARTESIAN_POINT('',(2.623212294197,2.621865605912,
    14.486107821115));
#1095 = CARTESIAN_POINT('',(1.31113007746,3.165348015039,14.750000000058
    ));
#1096 = CARTESIAN_POINT('',(-9.512651052925E-04,3.708829901291,
    15.013903253989));
#1097 = CARTESIAN_POINT('',(-1.566569367708,3.640474651582,
    15.277745044354));
#1098 = CARTESIAN_POINT('',(-3.058967652808,2.825011831837,
    15.541725615339));
#1099 = CARTESIAN_POINT('',(-4.070612178417,1.330953403581,
    15.80549734443));
#1100 = CARTESIAN_POINT('',(-4.251966996822,-0.511246617534,
    16.069488020626));
#1101 = CARTESIAN_POINT('',(-3.551379765534,-2.173956728963,
    16.333317452384));
#1102 = CARTESIAN_POINT('',(-2.246666719549,-3.264898309756,
    16.597227745244));
#1103 = CARTESIAN_POINT('',(-0.724495170192,-3.63738116315,
    16.861113359475));
#1104 = CARTESIAN_POINT('',(2.061311439444,-3.08324994852,
    17.388890407552));
#1105 = CARTESIAN_POINT('',(3.325071751056,-2.156610829217,
    17.652777566184));
#1106 = CARTESIAN_POINT('',(4.112983984428,-0.649420631849,
    17.916682536288));
#1107 = CARTESIAN_POINT('',(4.123951481805,1.154827104241,
    18.180523271639));
#1108 = CARTESIAN_POINT('',(3.25142108436,2.787395426714,18.444496184223
    ));
#1109 = CARTESIAN_POINT('',(1.745033513112,3.780587418769,
    18.708289820243));
#1110 = CARTESIAN_POINT('',(5.417179868164E-02,3.96285949839,
    18.972248700712));
#1111 = CARTESIAN_POINT('',(-1.418428085734,3.426876677308,
    19.236107821146));
#1112 = CARTESIAN_POINT('',(-2.42265248605,2.422652486051,
    19.500000000027));
#1113 = CARTESIAN_POINT('',(-3.426876068769,1.418428902316,
    19.763903254045));
#1114 = CARTESIAN_POINT('',(-3.962860161885,-5.417203996244E-02,
    20.027745044274));
#1115 = CARTESIAN_POINT('',(-3.780586851424,-1.745032380784,
    20.291725615423));
#1116 = CARTESIAN_POINT('',(-2.787396448541,-3.251421459615,
    20.555497344363));
#1117 = CARTESIAN_POINT('',(-1.154827038653,-4.123950891669,
    20.819488020664));
#1118 = CARTESIAN_POINT('',(0.649419928152,-4.112984300401,
    21.08331745237));
#1119 = CARTESIAN_POINT('',(2.156610592496,-3.325071890066,
    21.347227745247));
#1120 = CARTESIAN_POINT('',(3.083249710116,-2.061311767478,
    21.611113359475));
#1121 = CARTESIAN_POINT('',(3.637381257874,0.724494775895,
    22.138890407553));
#1122 = CARTESIAN_POINT('',(3.264898475259,2.24666650053,22.40277756618)
  );
#1123 = CARTESIAN_POINT('',(2.173957258182,3.551379204321,
    22.666682536296));
#1124 = CARTESIAN_POINT('',(0.51124678276,4.251967567138,22.930523271633
    ));
#1125 = CARTESIAN_POINT('',(-1.330952603121,4.070611440682,
    23.19449618422));
#1126 = CARTESIAN_POINT('',(-2.825011922687,3.058968916072,
    23.458289820256));
#1127 = CARTESIAN_POINT('',(-3.64047413092,1.566568890868,
    23.722248700694));
#1128 = CARTESIAN_POINT('',(-3.708830151018,9.522524165844E-04,
    23.986107821158));
#1129 = CARTESIAN_POINT('',(-3.165348015039,-1.31113007746,
    24.250000000027));
#1130 = CARTESIAN_POINT('',(-2.62186612746,-2.62321141948,
    24.513903254053));
#1131 = CARTESIAN_POINT('',(-1.466472489774,-3.681936135971,
    24.777745044261));
#1132 = CARTESIAN_POINT('',(0.165431747514,-4.160601793962,
    25.041725615438));
#1133 = CARTESIAN_POINT('',(1.93723129782,-3.819483652049,
    25.305497344352));
#1134 = CARTESIAN_POINT('',(3.368100646952,-2.645088746721,
    25.56948802067));
#1135 = CARTESIAN_POINT('',(4.048424259833,-0.97398516972,
    25.833317452366));
#1136 = CARTESIAN_POINT('',(3.897265007172,0.719998462253,
    26.097227745249));
#1137 = CARTESIAN_POINT('',(3.084312334004,2.059721438444,
    26.361113359474));
#1138 = CARTESIAN_POINT('',(0.722619649723,3.63775424366,26.888890407555
    ));
#1139 = CARTESIAN_POINT('',(-0.826226641382,3.876134924821,
    27.152777566169));
#1140 = CARTESIAN_POINT('',(-2.449109133686,3.367528598934,
    27.416682536323));
#1141 = CARTESIAN_POINT('',(-3.732660134563,2.099487981539,
    27.680523271584));
#1142 = CARTESIAN_POINT('',(-4.270088105334,0.328115689193,
    27.944496184284));
#1143 = CARTESIAN_POINT('',(-3.907204031194,-1.439353970181,
    28.208289820191));
#1144 = CARTESIAN_POINT('',(-2.840470070396,-2.763859577997,
    28.472248700747));
#1145 = CARTESIAN_POINT('',(-1.42018761877,-3.426147854863,
    28.736107821124));
#1146 = CARTESIAN_POINT('',(-1.459974068724E-12,-3.426148002689,
    29.000000000045));
#1147 = CARTESIAN_POINT('',(1.420186611056,-3.426148001971,
    29.263903254007));
#1148 = CARTESIAN_POINT('',(2.840470710165,-2.763859876553,
    29.527745044331));
#1149 = CARTESIAN_POINT('',(3.907202829358,-1.439354369666,
    29.791725615362));
#1150 = CARTESIAN_POINT('',(4.270089093198,0.328115231973,
    30.055497344412));
#1151 = CARTESIAN_POINT('',(3.732659670916,2.099487610647,
    30.319488020635));
#1152 = CARTESIAN_POINT('',(2.449109854689,3.367528324763,
    30.583317452384));
#1153 = CARTESIAN_POINT('',(0.826226907067,3.876134855731,30.84722774524
    ));
#1154 = CARTESIAN_POINT('',(-0.722619249191,3.637754307038,
    31.111113359478));
#1155 = CARTESIAN_POINT('',(-3.084312122173,2.059721784235,
    31.638890407546));
#1156 = CARTESIAN_POINT('',(-3.897264969331,0.719998734149,
    31.902777566215));
#1157 = CARTESIAN_POINT('',(-4.048424237214,-0.973984398665,
    32.166682536209));
#1158 = CARTESIAN_POINT('',(-3.368101167049,-2.645089033165,
    32.430523271781));
#1159 = CARTESIAN_POINT('',(-1.937231342185,-3.819482564379,
    32.694496184026));
#1160 = CARTESIAN_POINT('',(-0.165432576527,-4.160602751468,
    32.958289820458));
#1161 = CARTESIAN_POINT('',(1.466472458783,-3.681935430626,
    33.222248700529));
#1162 = CARTESIAN_POINT('',(2.621865605908,-2.623212294203,
    33.486107821266));
#1163 = CARTESIAN_POINT('',(3.165348015041,-1.311130077456,
    33.749999999971));
#1164 = CARTESIAN_POINT('',(3.708829901286,9.512651056012E-04,
    34.013903254181));
#1165 = CARTESIAN_POINT('',(3.640474651593,1.566569367695,
    34.277745044085));
#1166 = CARTESIAN_POINT('',(2.825011831824,3.058967652833,
    34.541725615612));
#1167 = CARTESIAN_POINT('',(1.330953403593,4.07061217839,34.805497344223
    ));
#1168 = CARTESIAN_POINT('',(-0.511246617541,4.251966996841,
    35.06948802074));
#1169 = CARTESIAN_POINT('',(-2.17395672896,3.551379765526,
    35.333317452343));
#1170 = CARTESIAN_POINT('',(-3.264898309756,2.24666671955,
    35.597227745251));
#1171 = CARTESIAN_POINT('',(-3.63738116315,0.724495170192,
    35.861113359476));
#1172 = CARTESIAN_POINT('',(-3.08324994852,-2.061311439444,
    36.38889040755));
#1173 = CARTESIAN_POINT('',(-2.156610829215,-3.325071751058,
    36.652777566201));
#1174 = CARTESIAN_POINT('',(-0.649420631855,-4.112983984421,
    36.916682536229));
#1175 = CARTESIAN_POINT('',(1.154827104256,-4.123951481821,
    37.180523271777));
#1176 = CARTESIAN_POINT('',(2.78739542669,-3.251421084335,
    37.444496183986));
#1177 = CARTESIAN_POINT('',(3.780587418796,-1.74503351314,
    37.708289820549));
#1178 = CARTESIAN_POINT('',(3.962859498368,-5.417179865758E-02,
    37.972248700418));
#1179 = CARTESIAN_POINT('',(3.426876677321,1.418428085721,
    38.236107821343));
#1180 = CARTESIAN_POINT('',(2.422652486047,2.422652486053,38.49999999996
    ));
#1181 = CARTESIAN_POINT('',(1.41842890304,3.426876069055,38.763903262809
    ));
#1182 = CARTESIAN_POINT('',(-5.417204292043E-02,3.962860160681,
    39.027745008752));
#1183 = CARTESIAN_POINT('',(-1.745032373548,3.780586854396,
    39.291725701986));
#1184 = CARTESIAN_POINT('',(-3.251421472456,2.787396443244,
    39.555497191111));
#1185 = CARTESIAN_POINT('',(-4.123950874028,1.154827045947,
    39.819488230896));
#1186 = CARTESIAN_POINT('',(-4.11298431968,-0.649419936133,
    40.083317222804));
#1187 = CARTESIAN_POINT('',(-3.32507187316,-2.156610585494,
    40.347227946482));
#1188 = CARTESIAN_POINT('',(-2.061311779312,-3.083249715017,
    40.611113218642));
#1189 = CARTESIAN_POINT('',(0.724494800668,-3.637381247613,
    41.138890702388));
#1190 = CARTESIAN_POINT('',(2.246666366799,-3.264898530652,
    41.40277597456));
#1191 = CARTESIAN_POINT('',(3.551379554006,-2.173957113341,
    41.666686698169));
#1192 = CARTESIAN_POINT('',(4.251966930149,-0.5112470466,41.930515690291
    ));
#1193 = CARTESIAN_POINT('',(4.070612326712,1.330952970115,
    42.194506729633));
#1194 = CARTESIAN_POINT('',(3.058967941362,2.825011518955,42.45827821942
    ));
#1195 = CARTESIAN_POINT('',(1.566569748828,3.6404744863,42.722258911923)
  );
#1196 = CARTESIAN_POINT('',(9.51650591318E-04,3.708829901731,
    42.986100658451));
#1197 = CARTESIAN_POINT('',(-1.31112974801,3.165348151504,
    43.250003920995));
#1198 = CARTESIAN_POINT('',(-2.623212021316,2.621865878942,
    43.513896099886));
#1199 = CARTESIAN_POINT('',(-3.681935277978,1.466472841982,
    43.777755220322));
#1200 = CARTESIAN_POINT('',(-4.160602768723,-0.165432143458,
    44.041714100785));
#1201 = CARTESIAN_POINT('',(-3.819482765967,-1.93723094468,
    44.305507736801));
#1202 = CARTESIAN_POINT('',(-2.645089383745,-3.368100891727,
    44.569480649408));
#1203 = CARTESIAN_POINT('',(-0.97398482002,-4.048424135849,
    44.833321384727));
#1204 = CARTESIAN_POINT('',(0.71999832852,-3.897265044268,
    45.097226354853));
#1205 = CARTESIAN_POINT('',(2.059721463217,-3.08431233655,
    45.361113513477));
#1206 = CARTESIAN_POINT('',(3.637754231827,-0.722619627811,
    45.888890561556));
#1207 = CARTESIAN_POINT('',(3.87613494173,0.826226503636,46.152776175782
    ));
#1208 = CARTESIAN_POINT('',(3.367528579641,2.449109504197,
    46.416686468666));
#1209 = CARTESIAN_POINT('',(2.09948799921,3.732659452392,46.680515900352
    ));
#1210 = CARTESIAN_POINT('',(0.328115676315,4.270089059062,
    46.944506576694));
#1211 = CARTESIAN_POINT('',(-1.439353962919,3.90720297915,
    47.208278305574));
#1212 = CARTESIAN_POINT('',(-2.763859580963,2.840470997843,
    47.472258876782));
#1213 = CARTESIAN_POINT('',(-3.426147854142,1.420186967645,
    47.736100666978));
#1214 = CARTESIAN_POINT('',(-3.426148002691,3.565961996799E-07,
    48.000003920991));
#1215 = CARTESIAN_POINT('',(5.629087352287,-1.7763568394E-15,
    7.529853901781));
#1216 = CARTESIAN_POINT('',(5.629077419509,2.333342396556,7.793748301108
    ));
#1217 = CARTESIAN_POINT('',(4.540981592142,4.666807083735,8.057619123098
    ));
#1218 = CARTESIAN_POINT('',(2.364802183567,6.41949655795,8.321543180951)
  );
#1219 = CARTESIAN_POINT('',(-0.539070909225,7.015600588594,
    8.585387127776));
#1220 = CARTESIAN_POINT('',(-3.449416274406,6.132729807224,
    8.849315061866));
#1221 = CARTESIAN_POINT('',(-5.532775268107,4.023808389534,
    9.113181143249));
#1222 = CARTESIAN_POINT('',(-6.368404402983,1.357477614872,9.37707824261
    ));
#1223 = CARTESIAN_POINT('',(-5.976750532996,-1.187247714962,
    9.640965875353));
#1224 = CARTESIAN_POINT('',(-3.384077370896,-5.067457319569,
    10.168743373224));
#1225 = CARTESIAN_POINT('',(-1.182936756425,-6.403120093799,
    10.432631598379));
#1226 = CARTESIAN_POINT('',(1.60020787833,-6.651478283334,
    10.696526655998));
#1227 = CARTESIAN_POINT('',(4.345883813276,-5.533698283886,
    10.960397073307));
#1228 = CARTESIAN_POINT('',(6.275250621905,-3.182853141559,
    11.224318193449));
#1229 = CARTESIAN_POINT('',(6.835838789125,-0.271782947204,
    11.488170543624));
#1230 = CARTESIAN_POINT('',(6.049309695192,2.409374191947,
    11.752086281069));
#1231 = CARTESIAN_POINT('',(4.309886952162,4.307669016931,
    12.015963750859));
#1232 = CARTESIAN_POINT('',(2.154158469043,5.200598591459,
    12.279853901802));
#1233 = CARTESIAN_POINT('',(-1.572614526885E-03,6.093520892093,
    12.543748301052));
#1234 = CARTESIAN_POINT('',(-2.573809124967,5.981229703356,
    12.807619123184));
#1235 = CARTESIAN_POINT('',(-5.025870862266,4.641427312808,
    13.071543180857));
#1236 = CARTESIAN_POINT('',(-6.687863298094,2.186717533655,
    13.335387127852));
#1237 = CARTESIAN_POINT('',(-6.985938006735,-0.839951002594,
    13.599315061822));
#1238 = CARTESIAN_POINT('',(-5.834815643992,-3.571773022519,
    13.863181143267));
#1239 = CARTESIAN_POINT('',(-3.691228639837,-5.364154289648,
    14.127078242606));
#1240 = CARTESIAN_POINT('',(-1.190329544481,-5.976137518992,
    14.390965875354));
#1241 = CARTESIAN_POINT('',(3.386689755737,-5.065711779819,
    14.918743373222));
#1242 = CARTESIAN_POINT('',(5.463021300665,-3.543259032876,
    15.182631598389));
#1243 = CARTESIAN_POINT('',(6.757537690273,-1.067011233163,
    15.446526655979));
#1244 = CARTESIAN_POINT('',(6.775568317914,1.897418452713,
    15.710397073332));
#1245 = CARTESIAN_POINT('',(5.342007319413,4.579550446147,
    15.974318193424));
#1246 = CARTESIAN_POINT('',(2.867056953124,6.211484713631,
    16.238170543642));
#1247 = CARTESIAN_POINT('',(8.899909548747E-02,6.510860998886,
    16.502086281058));
#1248 = CARTESIAN_POINT('',(-2.330444905603,5.630289907414,
    16.765963750869));
#1249 = CARTESIAN_POINT('',(-3.98036583868,3.980365838681,17.02985390179
    ));
#1250 = CARTESIAN_POINT('',(-5.630281046634,2.330436583767,
    17.293748301075));
#1251 = CARTESIAN_POINT('',(-6.5108898124,-8.897205844157E-02,
    17.55761912315));
#1252 = CARTESIAN_POINT('',(-6.211437208121,-2.867101887637,
    17.821543180893));
#1253 = CARTESIAN_POINT('',(-4.579598054835,-5.34195944587,
    18.085387127822));
#1254 = CARTESIAN_POINT('',(-1.8973891951,-6.775600472559,
    18.349315061839));
#1255 = CARTESIAN_POINT('',(1.067000712423,-6.757525109327,
    18.61318114326));
#1256 = CARTESIAN_POINT('',(3.543260311902,-5.463023565467,
    18.877078242607));
#1257 = CARTESIAN_POINT('',(5.065711741541,-3.386689921143,
    19.140965875354));
#1258 = CARTESIAN_POINT('',(5.976137491058,1.190329377019,
    19.668743373222));
#1259 = CARTESIAN_POINT('',(5.364152241277,3.691227036899,
    19.932631598387));
#1260 = CARTESIAN_POINT('',(3.571787556939,5.834823241131,
    20.196526655981));
#1261 = CARTESIAN_POINT('',(0.839911667041,6.98591949619,20.460397073334
    ));
#1262 = CARTESIAN_POINT('',(-2.186655228577,6.687889308323,
    20.724318193419));
#1263 = CARTESIAN_POINT('',(-4.641488397822,5.025847527857,
    20.988170543651));
#1264 = CARTESIAN_POINT('',(-5.981192736565,2.573823077425,
    21.252086281049));
#1265 = CARTESIAN_POINT('',(-6.093532262972,1.568317050466E-03,
    21.515963750874));
#1266 = CARTESIAN_POINT('',(-5.200598591479,-2.154158469048,
    21.779853901791));
#1267 = CARTESIAN_POINT('',(-4.307657937661,-4.309881950482,
    22.043748301078));
#1268 = CARTESIAN_POINT('',(-2.409410197407,-6.04932596883,
    22.307619123145));
#1269 = CARTESIAN_POINT('',(0.271842640898,-6.835812095356,22.5715431809
    ));
#1270 = CARTESIAN_POINT('',(3.182790693059,-6.275276286297,
    22.835387127816));
#1271 = CARTESIAN_POINT('',(5.533739187363,-4.345869087732,
    23.099315061843));
#1272 = CARTESIAN_POINT('',(6.651462633902,-1.60021278375,
    23.363181143258));
#1273 = CARTESIAN_POINT('',(6.403122675684,1.182937071402,
    23.627078242608));
#1274 = CARTESIAN_POINT('',(5.067457457732,3.384077272232,
    23.890965875354));
#1275 = CARTESIAN_POINT('',(1.187247858989,5.976750443105,
    24.418743373223));
#1276 = CARTESIAN_POINT('',(-1.357476917822,6.368401897102,
    24.682631598383));
#1277 = CARTESIAN_POINT('',(-4.023809846333,5.532791603516,
    24.946526655991));
#1278 = CARTESIAN_POINT('',(-6.132727758679,3.449372849284,
    25.210397073315));
#1279 = CARTESIAN_POINT('',(-7.015600775923,0.539138425498,
    25.474318193443));
#1280 = CARTESIAN_POINT('',(-6.419498375881,-2.364867548683,
    25.738170543627));
#1281 = CARTESIAN_POINT('',(-4.666805827598,-4.540942099711,
    26.002086281068));
#1282 = CARTESIAN_POINT('',(-2.333342777647,-5.629089569528,
    26.265963750861));
#1283 = CARTESIAN_POINT('',(-1.93991871178E-12,-5.629087352255,
    26.529853901797));
#1284 = CARTESIAN_POINT('',(2.333342396554,-5.629077419595,
    26.793748301059));
#1285 = CARTESIAN_POINT('',(4.666807083774,-4.540981592006,
    27.057619123174));
#1286 = CARTESIAN_POINT('',(6.419496557858,-2.364802183722,
    27.321543180867));
#1287 = CARTESIAN_POINT('',(7.015600588707,0.539070909355,
    27.585387127844));
#1288 = CARTESIAN_POINT('',(6.132729807144,3.449416274327,
    27.849315061825));
#1289 = CARTESIAN_POINT('',(4.023808389564,5.532775268138,
    28.113181143266));
#1290 = CARTESIAN_POINT('',(1.35747761487,6.368404402976,28.377078242605
    ));
#1291 = CARTESIAN_POINT('',(-1.187247714966,5.976750532997,
    28.640965875355));
#1292 = CARTESIAN_POINT('',(-5.067457319561,3.384077370893,
    29.16874337322));
#1293 = CARTESIAN_POINT('',(-6.403120093835,1.182936756445,29.4326315984
    ));
#1294 = CARTESIAN_POINT('',(-6.651478283254,-1.600207878393,
    29.69652665595));
#1295 = CARTESIAN_POINT('',(-5.53369828401,-4.34588381315,
    29.960397073386));
#1296 = CARTESIAN_POINT('',(-3.182853141406,-6.275250622075,
    30.22431819335));
#1297 = CARTESIAN_POINT('',(-0.271782947361,-6.835838788968,
    30.488170543722));
#1298 = CARTESIAN_POINT('',(2.409374192083,-6.04930969529,
    30.752086280989));
#1299 = CARTESIAN_POINT('',(4.307669016835,-4.309886952119,
    31.015963750914));
#1300 = CARTESIAN_POINT('',(5.200598591516,-2.15415846906,
    31.279853901769));
#1301 = CARTESIAN_POINT('',(6.09352089197,1.5726145823E-03,
    31.543748301129));
#1302 = CARTESIAN_POINT('',(5.981229703517,2.573809124831,31.80761912307
    ));
#1303 = CARTESIAN_POINT('',(4.641427312658,5.025870862483,
    32.071543180979));
#1304 = CARTESIAN_POINT('',(2.186717533756,6.687863297865,
    32.335387127754));
#1305 = CARTESIAN_POINT('',(-0.839951002643,6.985938006892,
    32.599315061878));
#1306 = CARTESIAN_POINT('',(-3.571773022505,5.834815643926,
    32.863181143246));
#1307 = CARTESIAN_POINT('',(-5.36415428965,3.691228639851,33.12707824261
    ));
#1308 = CARTESIAN_POINT('',(-5.976137518992,1.190329544481,
    33.390965875354));
#1309 = CARTESIAN_POINT('',(-5.065711779818,-3.386689755736,
    33.918743373221));
#1310 = CARTESIAN_POINT('',(-3.543259032876,-5.463021300682,
    34.182631598396));
#1311 = CARTESIAN_POINT('',(-1.067011233163,-6.7575376902,
    34.446526655953));
#1312 = CARTESIAN_POINT('',(1.897418452706,-6.775568318087,
    34.710397073396));
#1313 = CARTESIAN_POINT('',(4.579550446182,-5.342007319155,
    34.974318193318));
#1314 = CARTESIAN_POINT('',(6.211484713548,-2.867056953388,
    35.238170543773));
#1315 = CARTESIAN_POINT('',(6.510860998999,-8.899909529645E-02,
    35.502086280937));
#1316 = CARTESIAN_POINT('',(5.630289907322,2.330444905504,
    35.765963750946));
#1317 = CARTESIAN_POINT('',(3.980365838713,3.980365838716,
    36.029853901766));
#1318 = CARTESIAN_POINT('',(2.330436586208,5.63028104118,36.293748304439
    ));
#1319 = CARTESIAN_POINT('',(-8.89720686885E-02,6.510889834541,
    36.557619109513));
#1320 = CARTESIAN_POINT('',(-2.867101862336,6.211437154117,
    36.821543214119));
#1321 = CARTESIAN_POINT('',(-5.341959490986,4.579598150523,
    37.085387069012));
#1322 = CARTESIAN_POINT('',(-6.775600410406,1.897389063752,
    37.349315142499));
#1323 = CARTESIAN_POINT('',(-6.757525177354,-1.067000568937,
    37.613181055193));
#1324 = CARTESIAN_POINT('',(-5.463023505772,-3.543260437706,
    37.877078319802));
#1325 = CARTESIAN_POINT('',(-3.386689962933,-5.065711653491,
    38.140965821331));
#1326 = CARTESIAN_POINT('',(1.190329464505,-5.976137675391,
    38.66874348632));
#1327 = CARTESIAN_POINT('',(3.691226564626,-5.36415124618,38.93263098785
    ));
#1328 = CARTESIAN_POINT('',(5.834824476038,-3.57179015899,
    39.196528252452));
#1329 = CARTESIAN_POINT('',(6.985917246682,-0.839906927095,
    39.460394165175));
#1330 = CARTESIAN_POINT('',(6.687892437325,2.186648635458,
    39.724322238577));
#1331 = CARTESIAN_POINT('',(5.025844085647,4.641495650797,
    39.988166093635));
#1332 = CARTESIAN_POINT('',(2.573826107365,5.9811863524,40.252090198023)
  );
#1333 = CARTESIAN_POINT('',(1.566191656261E-03,6.093536741163,
    40.515961003293));
#1334 = CARTESIAN_POINT('',(-2.154157305577,5.200596140056,
    40.779855405858));
#1335 = CARTESIAN_POINT('',(-4.309884069972,4.307662416156,
    41.043745556772));
#1336 = CARTESIAN_POINT('',(-6.049322963127,2.409403812029,
    41.307623026631));
#1337 = CARTESIAN_POINT('',(-6.835815478181,-0.271835384969,
    41.57153876394));
#1338 = CARTESIAN_POINT('',(-6.275273262784,-3.182797291443,
    41.835391114303));
#1339 = CARTESIAN_POINT('',(-4.345871192218,-5.533734440143,
    42.099312234265));
#1340 = CARTESIAN_POINT('',(-1.600211707393,-6.651465243935,
    42.363182651692));
#1341 = CARTESIAN_POINT('',(1.182936738193,-6.403121673573,
    42.627077709259));
#1342 = CARTESIAN_POINT('',(3.384077262379,-5.067457646978,
    42.890965934428));
#1343 = CARTESIAN_POINT('',(5.976750605096,-1.187247760654,
    43.418743432297));
#1344 = CARTESIAN_POINT('',(6.368400856736,1.357476736496,
    43.682631065037));
#1345 = CARTESIAN_POINT('',(5.532794411963,4.023810134991,
    43.946528164418));
#1346 = CARTESIAN_POINT('',(3.449367671646,6.132727362905,
    44.210394245749));
#1347 = CARTESIAN_POINT('',(0.53914566876,7.015601239384,44.474322179916
    ));
#1348 = CARTESIAN_POINT('',(-2.364875541253,6.419497917329,
    44.738166126679));
#1349 = CARTESIAN_POINT('',(-4.540935052443,4.666806205812,
    45.002090184545));
#1350 = CARTESIAN_POINT('',(-5.629094517648,2.333342522416,
    45.265961006564));
#1351 = CARTESIAN_POINT('',(-5.629084642209,1.367911446337E-07,
    45.529855405856));
#1352 = CARTESIAN_POINT('',(8.3,0.,7.839994001758));
#1353 = CARTESIAN_POINT('',(8.299991314837,3.440481808611,8.103877665245
    ));
#1354 = CARTESIAN_POINT('',(6.695590010452,6.881115332778,8.367783686499
    ));
#1355 = CARTESIAN_POINT('',(3.486894033456,9.465483080086,8.631639225573
    ));
#1356 = CARTESIAN_POINT('',(-0.794890251246,10.344347399118,
    8.895570731866));
#1357 = CARTESIAN_POINT('',(-5.08608055275,9.042650389557,9.159422595184
    ));
#1358 = CARTESIAN_POINT('',(-8.158002985968,5.933024755096,
    9.423333111856));
#1359 = CARTESIAN_POINT('',(-9.390109698755,2.001582561102,
    9.687214214959));
#1360 = CARTESIAN_POINT('',(-8.812624790489,-1.750578131494,
    9.951104295021));
#1361 = CARTESIAN_POINT('',(-4.989768653225,-7.471886450944,
    10.478882338226));
#1362 = CARTESIAN_POINT('',(-1.744217783432,-9.4413004121,
    10.742771856511));
#1363 = CARTESIAN_POINT('',(2.359463802794,-9.807495962884,
    11.006654895792));
#1364 = CARTESIAN_POINT('',(6.407973527743,-8.159362080622,
    11.270561300691));
#1365 = CARTESIAN_POINT('',(9.252717827935,-4.693047778805,
    11.534419625703));
#1366 = CARTESIAN_POINT('',(10.079365332789,-0.400760745984,
    11.798343163106));
#1367 = CARTESIAN_POINT('',(8.919599246467,3.552598271513,
    12.062206592347));
#1368 = CARTESIAN_POINT('',(6.354863652035,6.351586761201,
    12.326106309612));
#1369 = CARTESIAN_POINT('',(3.176272488618,7.668200119811,
    12.589994001736));
#1370 = CARTESIAN_POINT('',(-2.321559957895E-03,8.984807483391,
    12.853877665292));
#1371 = CARTESIAN_POINT('',(-3.795030249973,8.81920740267,
    13.117783686441));
#1372 = CARTESIAN_POINT('',(-7.410589505878,6.843753583755,
    13.381639225623));
#1373 = CARTESIAN_POINT('',(-9.86112216907,3.224227534451,
    13.645570731835));
#1374 = CARTESIAN_POINT('',(-10.30067837768,-1.238453234578,
    13.9094225952));
#1375 = CARTESIAN_POINT('',(-8.603332721069,-5.266541707338,
    14.173333111849));
#1376 = CARTESIAN_POINT('',(-5.442660570631,-7.909357674065,
    14.437214214961));
#1377 = CARTESIAN_POINT('',(-1.755122197219,-8.811720919619,
    14.70110429502));
#1378 = CARTESIAN_POINT('',(4.993621166349,-7.469312283968,
    15.228882338228));
#1379 = CARTESIAN_POINT('',(8.05514096288,-5.224476358064,15.4927718565)
  );
#1380 = CARTESIAN_POINT('',(9.963872491886,-1.573305902836,
    15.75665489582));
#1381 = CARTESIAN_POINT('',(9.990492928726,2.797742900156,
    16.020561300641));
#1382 = CARTESIAN_POINT('',(7.87667260506,6.752444989177,16.284419625764
    ));
#1383 = CARTESIAN_POINT('',(4.227460772243,9.158754833768,
    16.548343163053));
#1384 = CARTESIAN_POINT('',(0.131210024672,9.600155682404,16.81220659238
    ));
#1385 = CARTESIAN_POINT('',(-3.436199973057,8.301775482745,
    17.076106309596));
#1386 = CARTESIAN_POINT('',(-5.868986283836,5.868986283837,
    17.339994001746));
#1387 = CARTESIAN_POINT('',(-8.301768159966,3.436192125129,
    17.603877665274));
#1388 = CARTESIAN_POINT('',(-9.600180414323,-0.131186213571,
    17.867783686464));
#1389 = CARTESIAN_POINT('',(-9.158713689506,-4.227500856698,
    18.131639225603));
#1390 = CARTESIAN_POINT('',(-6.752485905894,-7.87663047992,
    18.395570731849));
#1391 = CARTESIAN_POINT('',(-2.79771736185,-9.9905214588,18.659422595193
    ));
#1392 = CARTESIAN_POINT('',(1.573297195045,-9.963861269619,
    18.923333111852));
#1393 = CARTESIAN_POINT('',(5.224477642013,-8.055142846131,
    19.18721421496));
#1394 = CARTESIAN_POINT('',(7.469312417185,-4.99362108163,19.45110429502
    ));
#1395 = CARTESIAN_POINT('',(8.811720828963,1.755122326469,
    19.978882338228));
#1396 = CARTESIAN_POINT('',(7.909355767161,5.442659322087,
    20.242771856501));
#1397 = CARTESIAN_POINT('',(5.266554046857,8.603339756735,
    20.506654895816));
#1398 = CARTESIAN_POINT('',(1.238418722297,10.300661792484,
    20.770561300648));
#1399 = CARTESIAN_POINT('',(-3.224173611788,9.861145429385,
    21.034419625757));
#1400 = CARTESIAN_POINT('',(-6.843806935689,7.410568217976,
    21.298343163056));
#1401 = CARTESIAN_POINT('',(-8.819175441303,3.795042784025,
    21.562206592382));
#1402 = CARTESIAN_POINT('',(-8.984817251987,2.317111738924E-03,
    21.826106309593));
#1403 = CARTESIAN_POINT('',(-7.668200119828,-3.176272488623,
    22.089994001746));
#1404 = CARTESIAN_POINT('',(-6.351576708335,-6.354859889934,
    22.353877665271));
#1405 = CARTESIAN_POINT('',(-3.552629734618,-8.919612983699,
    22.617783686468));
#1406 = CARTESIAN_POINT('',(0.400813524437,-10.07934266003,
    22.881639225599));
#1407 = CARTESIAN_POINT('',(4.692993202079,-9.25273950955,23.14557073185
    ));
#1408 = CARTESIAN_POINT('',(8.159398212086,-6.407960851339,
    23.409422595192));
#1409 = CARTESIAN_POINT('',(9.807482262511,-2.359467553207,
    23.673333111852));
#1410 = CARTESIAN_POINT('',(9.441302643356,1.74421824897,23.93721421496)
  );
#1411 = CARTESIAN_POINT('',(7.471886423651,4.989768808721,24.20110429502
    ));
#1412 = CARTESIAN_POINT('',(1.750577977392,8.812624756197,
    24.728882338227));
#1413 = CARTESIAN_POINT('',(-2.001582137333,9.390107459193,
    24.992771856506));
#1414 = CARTESIAN_POINT('',(-5.933026533103,8.158017078686,
    25.256654895805));
#1415 = CARTESIAN_POINT('',(-9.04264827404,5.086042320555,
    25.520561300669));
#1416 = CARTESIAN_POINT('',(-10.34434825362,0.794948970816,
    25.78441962573));
#1417 = CARTESIAN_POINT('',(-9.46548382946,-3.486951470952,
    26.048343163083));
#1418 = CARTESIAN_POINT('',(-6.881114681672,-6.695555685252,
    26.312206592361));
#1419 = CARTESIAN_POINT('',(-3.440481437275,-8.300002042212,
    26.576106309606));
#1420 = CARTESIAN_POINT('',(-7.222265320517E-13,-8.299999999972,
    26.839994001739));
#1421 = CARTESIAN_POINT('',(3.44048180861,-8.299991314912,
    27.103877665286));
#1422 = CARTESIAN_POINT('',(6.881115332807,-6.695590010334,
    27.367783686447));
#1423 = CARTESIAN_POINT('',(9.465483080015,-3.486894033591,
    27.631639225618));
#1424 = CARTESIAN_POINT('',(10.344347399205,0.794890251361,
    27.895570731839));
#1425 = CARTESIAN_POINT('',(9.042650389495,5.086080552679,
    28.159422595197));
#1426 = CARTESIAN_POINT('',(5.933024755119,8.158002985997,
    28.423333111849));
#1427 = CARTESIAN_POINT('',(2.001582561101,9.390109698748,
    28.687214214962));
#1428 = CARTESIAN_POINT('',(-1.750578131498,8.81262479049,
    28.951104295019));
#1429 = CARTESIAN_POINT('',(-7.471886450937,4.989768653222,
    29.47888233823));
#1430 = CARTESIAN_POINT('',(-9.441300412128,1.744217783453,
    29.742771856488));
#1431 = CARTESIAN_POINT('',(-9.807495962825,-2.359463802856,
    30.00665489585));
#1432 = CARTESIAN_POINT('',(-8.15936208071,-6.407973527624,
    30.270561300587));
#1433 = CARTESIAN_POINT('',(-4.6930477787,-9.252717828092,
    30.534419625839));
#1434 = CARTESIAN_POINT('',(-0.400760746097,-10.07936533264,
    30.798343162971));
#1435 = CARTESIAN_POINT('',(3.552598271618,-8.919599246557,
    31.06220659245));
#1436 = CARTESIAN_POINT('',(6.351586761121,-6.354863651995,
    31.32610630955));
#1437 = CARTESIAN_POINT('',(7.66820011986,-3.176272488636,
    31.589994001768));
#1438 = CARTESIAN_POINT('',(8.984807483284,2.321560007203E-03,
    31.85387766523));
#1439 = CARTESIAN_POINT('',(8.819207402811,3.795030249861,
    32.117783686515));
#1440 = CARTESIAN_POINT('',(6.843753583621,7.410589506055,
    32.381639225564));
#1441 = CARTESIAN_POINT('',(3.224227534544,9.861122168885,32.64557073187
    ));
#1442 = CARTESIAN_POINT('',(-1.238453234623,10.30067837781,
    32.909422595185));
#1443 = CARTESIAN_POINT('',(-5.266541707324,8.603332721016,
    33.173333111854));
#1444 = CARTESIAN_POINT('',(-7.909357674066,5.442660570642,
    33.43721421496));
#1445 = CARTESIAN_POINT('',(-8.81172091962,1.755122197219,
    33.701104295019));
#1446 = CARTESIAN_POINT('',(-7.469312283967,-4.993621166348,
    34.228882338229));
#1447 = CARTESIAN_POINT('',(-5.224476358067,-8.055140962896,
    34.492771856496));
#1448 = CARTESIAN_POINT('',(-1.573305902824,-9.96387249182,
    34.756654895832));
#1449 = CARTESIAN_POINT('',(2.797742900124,-9.990492928878,
    35.020561300616));
#1450 = CARTESIAN_POINT('',(6.752444989244,-7.876672604837,
    35.284419625813));
#1451 = CARTESIAN_POINT('',(9.15875483366,-4.227460772465,
    35.548343162976));
#1452 = CARTESIAN_POINT('',(9.600155682526,-0.131210024518,
    35.812206592468));
#1453 = CARTESIAN_POINT('',(8.301775482655,3.43619997298,36.076106309527
    ));
#1454 = CARTESIAN_POINT('',(5.868986283867,5.868986283865,
    36.339994001774));
#1455 = CARTESIAN_POINT('',(3.436192126757,8.301768154994,
    36.603877662091));
#1456 = CARTESIAN_POINT('',(-0.131186220462,9.600180434531,
    36.86778369936));
#1457 = CARTESIAN_POINT('',(-4.227500839635,9.158713640196,
    37.13163919416));
#1458 = CARTESIAN_POINT('',(-7.87663051039,6.752485993281,
    37.395570787546));
#1459 = CARTESIAN_POINT('',(-9.990521416787,2.797717241888,
    37.659422518754));
#1460 = CARTESIAN_POINT('',(-9.963861315626,-1.573297063992,
    37.923333195343));
#1461 = CARTESIAN_POINT('',(-8.055142805751,-5.224477756918,
    38.187214141763));
#1462 = CARTESIAN_POINT('',(-4.9936211099,-7.469312336763,
    38.451104346248));
#1463 = CARTESIAN_POINT('',(1.755122385651,-8.811720997327,
    38.978882230981));
#1464 = CARTESIAN_POINT('',(5.442659002613,-7.909354858275,
    39.24277243546));
#1465 = CARTESIAN_POINT('',(8.603340592098,-5.266556423473,
    39.506653381912));
#1466 = CARTESIAN_POINT('',(10.300660270792,-1.238414393012,
    39.770564058407));
#1467 = CARTESIAN_POINT('',(9.861147546018,3.224167589884,
    40.034415789798));
#1468 = CARTESIAN_POINT('',(7.410565889462,6.843813560287,
    40.298347382925));
#1469 = CARTESIAN_POINT('',(3.795044833664,8.819169610232,
    40.562202878001));
#1470 = CARTESIAN_POINT('',(2.315673987231E-03,8.984821342215,
    40.826108915051));
#1471 = CARTESIAN_POINT('',(-3.176271701579,7.66819788078,
    41.089992575486));
#1472 = CARTESIAN_POINT('',(-6.354861322516,6.351580798289,
    41.353880267622));
#1473 = CARTESIAN_POINT('',(-8.919610955272,3.552623904704,
    41.617779984881));
#1474 = CARTESIAN_POINT('',(-10.07934493659,-0.400806902699,
    41.881643414114));
#1475 = CARTESIAN_POINT('',(-9.252737485187,-4.692999218904,
    42.14556695154));
#1476 = CARTESIAN_POINT('',(-6.4079622462,-8.159393889766,
    42.409425276528));
#1477 = CARTESIAN_POINT('',(-2.359466856498,-9.807484631528,
    42.673331681438));
#1478 = CARTESIAN_POINT('',(1.744218051102,-9.441301741128,
    42.937214720721));
#1479 = CARTESIAN_POINT('',(4.989768782784,-7.471886587355,
    43.201104239001));
#1480 = CARTESIAN_POINT('',(8.812624906123,-1.750577906724,
    43.728882282209));
#1481 = CARTESIAN_POINT('',(9.390106537629,2.001582075084,
    43.992772362264));
#1482 = CARTESIAN_POINT('',(8.158019547999,5.933026526458,
    44.256653465398));
#1483 = CARTESIAN_POINT('',(5.086037780659,9.04264840493,44.52056398199)
  );
#1484 = CARTESIAN_POINT('',(0.794955313631,10.344347992056,
    44.784415845439));
#1485 = CARTESIAN_POINT('',(-3.486958465074,9.465484164064,
    45.04834735158));
#1486 = CARTESIAN_POINT('',(-6.695549520738,6.881114363938,
    45.312202890785));
#1487 = CARTESIAN_POINT('',(-8.300006369574,3.440481669346,
    45.57610891195));
#1488 = CARTESIAN_POINT('',(-8.299997630185,-1.297108171983E-07,
    45.839992575486));
#1489 = CARTESIAN_POINT('',(8.3,4.440892098501E-15,10.));
#1490 = CARTESIAN_POINT('',(8.30000000026,3.440482295002,10.263883663488
    ));
#1491 = CARTESIAN_POINT('',(6.695570667672,6.881115883043,
    10.527789684737));
#1492 = CARTESIAN_POINT('',(3.486926673121,9.46548500061,10.791645223826
    ));
#1493 = CARTESIAN_POINT('',(-0.794922976771,10.344349166165,
    11.055576730095));
#1494 = CARTESIAN_POINT('',(-5.086059963446,9.042650648433,
    11.319428593437));
#1495 = CARTESIAN_POINT('',(-8.158012477997,5.933026424039,
    11.583339110092));
#1496 = CARTESIAN_POINT('',(-9.390109474376,2.001582530467,
    11.847220213202));
#1497 = CARTESIAN_POINT('',(-8.812626092729,-1.750578337887,
    12.111110293262));
#1498 = CARTESIAN_POINT('',(-4.989769371965,-7.471887624835,
    12.638888336468));
#1499 = CARTESIAN_POINT('',(-1.744218092502,-9.4413024381,
    12.902777854756));
#1500 = CARTESIAN_POINT('',(2.359465743128,-9.807491678893,
    13.166660894019));
#1501 = CARTESIAN_POINT('',(6.407968865527,-8.159379099968,
    13.430567298968));
#1502 = CARTESIAN_POINT('',(9.252729014182,-4.693024096539,
    13.694425623897));
#1503 = CARTESIAN_POINT('',(10.079356576747,-0.400783802796,
    13.958349161391));
#1504 = CARTESIAN_POINT('',(8.919606346495,3.552611664986,
    14.222212590566));
#1505 = CARTESIAN_POINT('',(6.354863344869,6.351584736154,14.48611230786
    ));
#1506 = CARTESIAN_POINT('',(3.17627248863,7.668200119845,14.749999999978
    ));
#1507 = CARTESIAN_POINT('',(-2.318685591944E-03,8.984815693732,
    15.013883663534));
#1508 = CARTESIAN_POINT('',(-3.795038160431,8.819189742951,
    15.27778968468));
#1509 = CARTESIAN_POINT('',(-7.410578789685,6.84378447373,
    15.541645223874));
#1510 = CARTESIAN_POINT('',(-9.861136324983,3.224197976294,
    15.805576730064));
#1511 = CARTESIAN_POINT('',(-10.30067073776,-1.238434113507,
    16.069428593452));
#1512 = CARTESIAN_POINT('',(-8.603337895375,-5.26654983814,
    16.333339110087));
#1513 = CARTESIAN_POINT('',(-5.442660456469,-7.909357478492,
    16.597220213204));
#1514 = CARTESIAN_POINT('',(-1.755122504885,-8.811722201714,
    16.861110293262));
#1515 = CARTESIAN_POINT('',(4.993621975836,-7.469313397228,
    17.38888833647));
#1516 = CARTESIAN_POINT('',(8.055142716377,-5.224477418909,
    17.652777854745));
#1517 = CARTESIAN_POINT('',(9.963869276533,-1.573302470832,
    17.916660894047));
#1518 = CARTESIAN_POINT('',(9.99050686841,2.797732079887,18.180567298918
    ));
#1519 = CARTESIAN_POINT('',(7.876655006264,6.752464386636,
    18.444425623958));
#1520 = CARTESIAN_POINT('',(4.22747872319,9.158737920859,18.708349161337
    ));
#1521 = CARTESIAN_POINT('',(0.131200367777,9.600167367392,
    18.972212590599));
#1522 = CARTESIAN_POINT('',(-3.436198219718,8.301774424025,
    19.236112307844));
#1523 = CARTESIAN_POINT('',(-5.868986283849,5.868986283849,
    19.499999999988));
#1524 = CARTESIAN_POINT('',(-8.301774645382,3.436197922684,
    19.763883663516));
#1525 = CARTESIAN_POINT('',(-9.600167126048,-0.131200280008,
    20.027789684702));
#1526 = CARTESIAN_POINT('',(-9.158738127227,-4.227479135083,
    20.291645223854));
#1527 = CARTESIAN_POINT('',(-6.752464014947,-7.876654869756,
    20.555576730078));
#1528 = CARTESIAN_POINT('',(-2.797732103744,-9.990507083079,
    20.819428593445));
#1529 = CARTESIAN_POINT('',(1.573302726804,-9.963869161594,
    21.08333911009));
#1530 = CARTESIAN_POINT('',(5.224477505016,-8.055142665813,
    21.347220213203));
#1531 = CARTESIAN_POINT('',(7.469313483948,-4.993621856513,
    21.611110293262));
#1532 = CARTESIAN_POINT('',(8.811722167258,1.755122648312,22.13888833647
    ));
#1533 = CARTESIAN_POINT('',(7.909357418291,5.442660536138,
    22.402777854746));
#1534 = CARTESIAN_POINT('',(5.26654964563,8.603338099516,22.666660894043
    ));
#1535 = CARTESIAN_POINT('',(1.238434053417,10.300670530313,
    22.930567298926));
#1536 = CARTESIAN_POINT('',(-3.224198267478,9.861136593334,
    23.19442562395));
#1537 = CARTESIAN_POINT('',(-6.843784440669,7.41057833017,
    23.458349161341));
#1538 = CARTESIAN_POINT('',(-8.819189932352,3.795038333882,
    23.722212590601));
#1539 = CARTESIAN_POINT('',(-8.984815602889,2.318326454825E-03,
    23.986112307841));
#1540 = CARTESIAN_POINT('',(-7.668200119844,-3.17627248863,
    24.249999999989));
#1541 = CARTESIAN_POINT('',(-6.351584546443,-6.354863663051,
    24.513883663513));
#1542 = CARTESIAN_POINT('',(-3.552611653714,-8.919606089924,
    24.777789684706));
#1543 = CARTESIAN_POINT('',(0.40078410436,-10.07935692504,25.04164522385
    ));
#1544 = CARTESIAN_POINT('',(4.693024112662,-9.252728618541,
    25.30557673008));
#1545 = CARTESIAN_POINT('',(8.159379289167,-6.40796896972,
    25.569428593445));
#1546 = CARTESIAN_POINT('',(9.807491670659,-2.359465462657,
    25.833339110089));
#1547 = CARTESIAN_POINT('',(9.441302424337,1.744218191406,
    26.097220213203));
#1548 = CARTESIAN_POINT('',(7.471887547781,4.989769497747,
    26.361110293262));
#1549 = CARTESIAN_POINT('',(1.750578192192,8.812626115783,
    26.888888336469));
#1550 = CARTESIAN_POINT('',(-2.00158262711,9.390109449242,
    27.152777854751));
#1551 = CARTESIAN_POINT('',(-5.933026686311,8.158012378275,
    27.416660894031));
#1552 = CARTESIAN_POINT('',(-9.042650479769,5.086059828514,
    27.680567298946));
#1553 = CARTESIAN_POINT('',(-10.34434952551,0.794922810481,
    27.944425623923));
#1554 = CARTESIAN_POINT('',(-9.465484563429,-3.486926818456,
    28.208349161368));
#1555 = CARTESIAN_POINT('',(-6.881116115765,-6.695570776263,
    28.472212590579));
#1556 = CARTESIAN_POINT('',(-3.440481928443,-8.300000053772,
    28.736112307854));
#1557 = CARTESIAN_POINT('',(4.579587577214E-13,-8.3,28.999999999982));
#1558 = CARTESIAN_POINT('',(3.440482295002,-8.300000000262,
    29.263883663529));
#1559 = CARTESIAN_POINT('',(6.881115883041,-6.695570667666,
    29.527789684686));
#1560 = CARTESIAN_POINT('',(9.465485000615,-3.486926673131,
    29.791645223869));
#1561 = CARTESIAN_POINT('',(10.344349166158,0.794922976782,
    30.055576730068));
#1562 = CARTESIAN_POINT('',(9.042650648438,5.086059963437,30.31942859345
    ));
#1563 = CARTESIAN_POINT('',(5.933026424036,8.158012478001,
    30.583339110086));
#1564 = CARTESIAN_POINT('',(2.001582530468,9.390109474375,
    30.847220213205));
#1565 = CARTESIAN_POINT('',(-1.750578337887,8.812626092729,
    31.111110293261));
#1566 = CARTESIAN_POINT('',(-7.471887624835,4.989769371964,
    31.638888336472));
#1567 = CARTESIAN_POINT('',(-9.441302438099,1.744218092503,
    31.902777854733));
#1568 = CARTESIAN_POINT('',(-9.807491678899,-2.359465743131,
    32.166660894077));
#1569 = CARTESIAN_POINT('',(-8.159379099955,-6.407968865524,
    32.430567298865));
#1570 = CARTESIAN_POINT('',(-4.693024096555,-9.252729014185,
    32.694425624032));
#1571 = CARTESIAN_POINT('',(-0.400783802782,-10.07935657674,
    32.958349161256));
#1572 = CARTESIAN_POINT('',(3.552611664978,-8.919606346496,
    33.222212590669));
#1573 = CARTESIAN_POINT('',(6.351584736159,-6.354863344868,
    33.486112307798));
#1574 = CARTESIAN_POINT('',(7.668200119843,-3.176272488632,
    33.75000000001));
#1575 = CARTESIAN_POINT('',(8.98481569373,2.318685593821E-03,
    34.013883663472));
#1576 = CARTESIAN_POINT('',(8.819189742959,3.79503816043,34.277789684753
    ));
#1577 = CARTESIAN_POINT('',(6.843784473715,7.410578789684,
    34.541645223815));
#1578 = CARTESIAN_POINT('',(3.22419797631,9.861136324984,34.805576730098
    ));
#1579 = CARTESIAN_POINT('',(-1.238434113518,10.300670737765,
    35.069428593438));
#1580 = CARTESIAN_POINT('',(-5.266549838136,8.603337895374,
    35.33333911009));
#1581 = CARTESIAN_POINT('',(-7.909357478493,5.442660456469,
    35.597220213204));
#1582 = CARTESIAN_POINT('',(-8.811722201714,1.755122504885,
    35.861110293261));
#1583 = CARTESIAN_POINT('',(-7.469313397228,-4.993621975836,
    36.388888336471));
#1584 = CARTESIAN_POINT('',(-5.22447741891,-8.055142716379,
    36.652777854741));
#1585 = CARTESIAN_POINT('',(-1.57330247082,-9.963869276526,
    36.916660894058));
#1586 = CARTESIAN_POINT('',(2.797732079859,-9.990506868423,
    37.180567298893));
#1587 = CARTESIAN_POINT('',(6.752464386676,-7.876655006248,
    37.444425624006));
#1588 = CARTESIAN_POINT('',(9.158737920822,-4.227478723198,
    37.708349161261));
#1589 = CARTESIAN_POINT('',(9.600167367414,-0.131200367778,
    37.972212590687));
#1590 = CARTESIAN_POINT('',(8.301774424018,3.436198219723,
    38.236112307775));
#1591 = CARTESIAN_POINT('',(5.86898628385,5.868986283847,38.500000000017
    ));
#1592 = CARTESIAN_POINT('',(3.436197922421,8.301774645275,
    38.763883660333));
#1593 = CARTESIAN_POINT('',(-0.13120027893,9.600167126495,
    39.027789697598));
#1594 = CARTESIAN_POINT('',(-4.22747913772,9.158738126131,
    39.291645192412));
#1595 = CARTESIAN_POINT('',(-7.876654865079,6.75246401689,
    39.555576785774));
#1596 = CARTESIAN_POINT('',(-9.990507089501,2.79773210108,
    39.819428517007));
#1597 = CARTESIAN_POINT('',(-9.963869154579,-1.573302723896,
    40.08333919358));
#1598 = CARTESIAN_POINT('',(-8.055142671963,-5.224477507564,
    40.347220140007));
#1599 = CARTESIAN_POINT('',(-4.993621852208,-7.469313482165,
    40.61111034449));
#1600 = CARTESIAN_POINT('',(1.7551226393,-8.81172217099,41.138888229223)
  );
#1601 = CARTESIAN_POINT('',(5.442660584784,-7.909357398143,
    41.402778433705));
#1602 = CARTESIAN_POINT('',(8.603337972312,-5.266549698311,
    41.666659380138));
#1603 = CARTESIAN_POINT('',(10.300670762031,-1.238433957456,
    41.930570056687));
#1604 = CARTESIAN_POINT('',(9.861136271023,3.224198133999,
    42.194421787988));
#1605 = CARTESIAN_POINT('',(7.410578684735,6.843784587513,
    42.458353381213));
#1606 = CARTESIAN_POINT('',(3.795038021792,8.819189803089,
    42.722208876217));
#1607 = CARTESIAN_POINT('',(2.318545371084E-03,8.984815693568,
    42.986114913301));
#1608 = CARTESIAN_POINT('',(-3.176272608469,7.668200070204,
    43.249998573727));
#1609 = CARTESIAN_POINT('',(-6.354863444133,6.351584636839,
    43.513886265867));
#1610 = CARTESIAN_POINT('',(-8.919606402016,3.552611525606,
    43.777785983116));
#1611 = CARTESIAN_POINT('',(-10.07935657047,-0.400783960347,
    44.04164941237));
#1612 = CARTESIAN_POINT('',(-9.252728940849,-4.693024241107,
    44.305572949765));
#1613 = CARTESIAN_POINT('',(-6.407968738005,-8.159379200135,
    44.569431274784));
#1614 = CARTESIAN_POINT('',(-2.359465589859,-9.807491715758,
    44.833337679673));
#1615 = CARTESIAN_POINT('',(1.744218240052,-9.441302410843,
    45.097220718966));
#1616 = CARTESIAN_POINT('',(4.989769488736,-7.471887546855,
    45.361110237243));
#1617 = CARTESIAN_POINT('',(8.812626120087,-1.750578200163,
    45.888888280451));
#1618 = CARTESIAN_POINT('',(9.390109443093,2.001582677216,
    46.152778360509));
#1619 = CARTESIAN_POINT('',(8.158012385282,5.933026551534,
    46.416659463624));
#1620 = CARTESIAN_POINT('',(5.086059822112,9.042650727917,
    46.680569980268));
#1621 = CARTESIAN_POINT('',(0.794922815131,10.344349178585,
    46.944421843631));
#1622 = CARTESIAN_POINT('',(-3.486926821072,9.465484946121,
    47.208353349867));
#1623 = CARTESIAN_POINT('',(-6.695570775193,6.8811157784,47.472208889002
    ));
#1624 = CARTESIAN_POINT('',(-8.300000054035,3.440482165291,
    47.736114910201));
#1625 = CARTESIAN_POINT('',(-8.299999999999,-1.297130571842E-07,
    47.999998573727));
#1626 = DEFINITIONAL_REPRESENTATION('',(#1627),#1707);
#1627 = B_SPLINE_CURVE_WITH_KNOTS('',8,(#1628,#1629,#1630,#1631,#1632,
    #1633,#1634,#1635,#1636,#1637,#1638,#1639,#1640,#1641,#1642,#1643,
    #1644,#1645,#1646,#1647,#1648,#1649,#1650,#1651,#1652,#1653,#1654,
    #1655,#1656,#1657,#1658,#1659,#1660,#1661,#1662,#1663,#1664,#1665,
    #1666,#1667,#1668,#1669,#1670,#1671,#1672,#1673,#1674,#1675,#1676,
    #1677,#1678,#1679,#1680,#1681,#1682,#1683,#1684,#1685,#1686,#1687,
    #1688,#1689,#1690,#1691,#1692,#1693,#1694,#1695,#1696,#1697,#1698,
    #1699,#1700,#1701,#1702,#1703,#1704,#1705,#1706),.UNSPECIFIED.,.F.,
  .F.,(9,7,7,7,7,7,7,7,7,7,7,9),(0.,0.180827247891,0.328630677576,
    0.435443894282,0.481809983376,0.518357533886,0.569112384166,
    0.594344202664,0.626680039057,0.689045461,0.822680310277,1.),
  .UNSPECIFIED.);
#1628 = CARTESIAN_POINT('',(4.019177741372,0.));
#1629 = CARTESIAN_POINT('',(4.035903455251,2.587777770006E-02));
#1630 = CARTESIAN_POINT('',(4.052950580336,5.165774439088E-02));
#1631 = CARTESIAN_POINT('',(4.070348358354,7.73344919921E-02));
#1632 = CARTESIAN_POINT('',(4.088131978619,0.10290233587));
#1633 = CARTESIAN_POINT('',(4.106342886874,0.12835515875));
#1634 = CARTESIAN_POINT('',(4.1250311907,0.153685872841));
#1635 = CARTESIAN_POINT('',(4.144260161516,0.178885500196));
#1636 = CARTESIAN_POINT('',(4.180339884058,0.224422289052));
#1637 = CARTESIAN_POINT('',(4.196984298274,0.2448073638));
#1638 = CARTESIAN_POINT('',(4.214090370472,0.265090579127));
#1639 = CARTESIAN_POINT('',(4.231715172038,0.285263914549));
#1640 = CARTESIAN_POINT('',(4.249926517402,0.305318027759));
#1641 = CARTESIAN_POINT('',(4.26880928714,0.325241223408));
#1642 = CARTESIAN_POINT('',(4.288480107838,0.345017208411));
#1643 = CARTESIAN_POINT('',(4.324019289474,0.378789178717));
#1644 = CARTESIAN_POINT('',(4.339425912099,0.392864054581));
#1645 = CARTESIAN_POINT('',(4.355400362056,0.406839837648));
#1646 = CARTESIAN_POINT('',(4.372021218925,0.420706394393));
#1647 = CARTESIAN_POINT('',(4.389398906872,0.434446503969));
#1648 = CARTESIAN_POINT('',(4.407670205622,0.448036520581));
#1649 = CARTESIAN_POINT('',(4.427024083193,0.461442701564));
#1650 = CARTESIAN_POINT('',(4.456845821211,0.480318317259));
#1651 = CARTESIAN_POINT('',(4.466141254794,0.485983771536));
#1652 = CARTESIAN_POINT('',(4.475735519665,0.49159752314));
#1653 = CARTESIAN_POINT('',(4.485665114123,0.497153035403));
#1654 = CARTESIAN_POINT('',(4.49597139077,0.502641191943));
#1655 = CARTESIAN_POINT('',(4.50670423214,0.508049701893));
#1656 = CARTESIAN_POINT('',(4.517930858661,0.513361620049));
#1657 = CARTESIAN_POINT('',(4.539065892654,0.522645014785));
#1658 = CARTESIAN_POINT('',(4.548731196638,0.526653868199));
#1659 = CARTESIAN_POINT('',(4.55880968456,0.530575540856));
#1660 = CARTESIAN_POINT('',(4.569364023722,0.534396386298));
#1661 = CARTESIAN_POINT('',(4.580463891334,0.538090527025));
#1662 = CARTESIAN_POINT('',(4.592183962685,0.541620589279));
#1663 = CARTESIAN_POINT('',(4.604614586943,0.544935414035));
#1664 = CARTESIAN_POINT('',(4.636369492319,0.552156524615));
#1665 = CARTESIAN_POINT('',(4.65816936796,0.556172139048));
#1666 = CARTESIAN_POINT('',(4.682236155932,0.559165050528));
#1667 = CARTESIAN_POINT('',(4.707506438154,0.560440753672));
#1668 = CARTESIAN_POINT('',(4.732893403031,0.559714324887));
#1669 = CARTESIAN_POINT('',(4.757345988572,0.557172359265));
#1670 = CARTESIAN_POINT('',(4.779734814201,0.553435529449));
#1671 = CARTESIAN_POINT('',(4.808072815549,0.547450532588));
#1672 = CARTESIAN_POINT('',(4.817481006961,0.545218359404));
#1673 = CARTESIAN_POINT('',(4.826887660153,0.542741742658));
#1674 = CARTESIAN_POINT('',(4.836292851902,0.54002109025));
#1675 = CARTESIAN_POINT('',(4.845696666042,0.537056841626));
#1676 = CARTESIAN_POINT('',(4.855099193463,0.533849467777));
#1677 = CARTESIAN_POINT('',(4.864500532111,0.530399471238));
#1678 = CARTESIAN_POINT('',(4.885947683401,0.521975794455));
#1679 = CARTESIAN_POINT('',(4.897276613869,0.517127944887));
#1680 = CARTESIAN_POINT('',(4.908021662528,0.512194921349));
#1681 = CARTESIAN_POINT('',(4.918265026376,0.507197374191));
#1682 = CARTESIAN_POINT('',(4.928069717263,0.502150283505));
#1683 = CARTESIAN_POINT('',(4.937488744259,0.497064193311));
#1684 = CARTESIAN_POINT('',(4.946565443425,0.491945188876));
#1685 = CARTESIAN_POINT('',(4.972262188871,0.47686454811));
#1686 = CARTESIAN_POINT('',(4.988037460496,0.466833414648));
#1687 = CARTESIAN_POINT('',(5.002925713472,0.456736247539));
#1688 = CARTESIAN_POINT('',(5.017070536746,0.446594243671));
#1689 = CARTESIAN_POINT('',(5.030577658007,0.436422233672));
#1690 = CARTESIAN_POINT('',(5.043533687919,0.426229979857));
#1691 = CARTESIAN_POINT('',(5.056003699407,0.416021860692));
#1692 = CARTESIAN_POINT('',(5.093851655978,0.383891311762));
#1693 = CARTESIAN_POINT('',(5.117666887804,0.36193737426));
#1694 = CARTESIAN_POINT('',(5.140025946674,0.33996928001));
#1695 = CARTESIAN_POINT('',(5.16118953283,0.318008583529));
#1696 = CARTESIAN_POINT('',(5.181345673465,0.296069568869));
#1697 = CARTESIAN_POINT('',(5.200648471772,0.274159575465));
#1698 = CARTESIAN_POINT('',(5.219203699437,0.252278343846));
#1699 = CARTESIAN_POINT('',(5.260868993321,0.201414173227));
#1700 = CARTESIAN_POINT('',(5.283470377385,0.172464834724));
#1701 = CARTESIAN_POINT('',(5.305122673298,0.143572549583));
#1702 = CARTESIAN_POINT('',(5.325961562285,0.114739578368));
#1703 = CARTESIAN_POINT('',(5.346090006735,8.596717188953E-02));
#1704 = CARTESIAN_POINT('',(5.365591583654,5.725494544869E-02));
#1705 = CARTESIAN_POINT('',(5.38453298873,2.860070742493E-02));
#1706 = CARTESIAN_POINT('',(5.402972023549,0.));
#1707 = ( GEOMETRIC_REPRESENTATION_CONTEXT(2) 
PARAMETRIC_REPRESENTATION_CONTEXT() REPRESENTATION_CONTEXT('2D SPACE',''
  ) );
#1708 = ADVANCED_FACE('',(#1709),#159,.F.);
#1709 = FACE_BOUND('',#1710,.F.);
#1710 = EDGE_LOOP('',(#1711,#1732,#1733,#1734));
#1711 = ORIENTED_EDGE('',*,*,#1712,.T.);
#1712 = EDGE_CURVE('',#319,#397,#1713,.T.);
#1713 = SURFACE_CURVE('',#1714,(#1718,#1725),.PCURVE_S1.);
#1714 = LINE('',#1715,#1716);
#1715 = CARTESIAN_POINT('',(-6.5,-11.25833024919,0.));
#1716 = VECTOR('',#1717,1.);
#1717 = DIRECTION('',(0.,0.,1.));
#1718 = PCURVE('',#159,#1719);
#1719 = DEFINITIONAL_REPRESENTATION('',(#1720),#1724);
#1720 = LINE('',#1721,#1722);
#1721 = CARTESIAN_POINT('',(0.,0.));
#1722 = VECTOR('',#1723,1.);
#1723 = DIRECTION('',(0.,-1.));
#1724 = ( GEOMETRIC_REPRESENTATION_CONTEXT(2) 
PARAMETRIC_REPRESENTATION_CONTEXT() REPRESENTATION_CONTEXT('2D SPACE',''
  ) );
#1725 = PCURVE('',#334,#1726);
#1726 = DEFINITIONAL_REPRESENTATION('',(#1727),#1731);
#1727 = LINE('',#1728,#1729);
#1728 = CARTESIAN_POINT('',(13.,0.));
#1729 = VECTOR('',#1730,1.);
#1730 = DIRECTION('',(0.,-1.));
#1731 = ( GEOMETRIC_REPRESENTATION_CONTEXT(2) 
PARAMETRIC_REPRESENTATION_CONTEXT() REPRESENTATION_CONTEXT('2D SPACE',''
  ) );
#1732 = ORIENTED_EDGE('',*,*,#419,.T.);
#1733 = ORIENTED_EDGE('',*,*,#141,.F.);
#1734 = ORIENTED_EDGE('',*,*,#346,.F.);
#1735 = ADVANCED_FACE('',(#1736),#257,.F.);
#1736 = FACE_BOUND('',#1737,.F.);
#1737 = EDGE_LOOP('',(#1738,#1739,#1740,#1761));
#1738 = ORIENTED_EDGE('',*,*,#241,.T.);
#1739 = ORIENTED_EDGE('',*,*,#373,.T.);
#1740 = ORIENTED_EDGE('',*,*,#1741,.F.);
#1741 = EDGE_CURVE('',#296,#374,#1742,.T.);
#1742 = SURFACE_CURVE('',#1743,(#1747,#1754),.PCURVE_S1.);
#1743 = LINE('',#1744,#1745);
#1744 = CARTESIAN_POINT('',(-13.,1.592040838892E-15,0.));
#1745 = VECTOR('',#1746,1.);
#1746 = DIRECTION('',(0.,0.,1.));
#1747 = PCURVE('',#257,#1748);
#1748 = DEFINITIONAL_REPRESENTATION('',(#1749),#1753);
#1749 = LINE('',#1750,#1751);
#1750 = CARTESIAN_POINT('',(13.,0.));
#1751 = VECTOR('',#1752,1.);
#1752 = DIRECTION('',(0.,-1.));
#1753 = ( GEOMETRIC_REPRESENTATION_CONTEXT(2) 
PARAMETRIC_REPRESENTATION_CONTEXT() REPRESENTATION_CONTEXT('2D SPACE',''
  ) );
#1754 = PCURVE('',#334,#1755);
#1755 = DEFINITIONAL_REPRESENTATION('',(#1756),#1760);
#1756 = LINE('',#1757,#1758);
#1757 = CARTESIAN_POINT('',(0.,0.));
#1758 = VECTOR('',#1759,1.);
#1759 = DIRECTION('',(0.,-1.));
#1760 = ( GEOMETRIC_REPRESENTATION_CONTEXT(2) 
PARAMETRIC_REPRESENTATION_CONTEXT() REPRESENTATION_CONTEXT('2D SPACE',''
  ) );
#1761 = ORIENTED_EDGE('',*,*,#295,.F.);
#1762 = ADVANCED_FACE('',(#1763),#334,.F.);
#1763 = FACE_BOUND('',#1764,.F.);
#1764 = EDGE_LOOP('',(#1765,#1766,#1767,#1768));
#1765 = ORIENTED_EDGE('',*,*,#1741,.T.);
#1766 = ORIENTED_EDGE('',*,*,#396,.T.);
#1767 = ORIENTED_EDGE('',*,*,#1712,.F.);
#1768 = ORIENTED_EDGE('',*,*,#318,.F.);
#1769 = ADVANCED_FACE('',(#1770),#460,.F.);
#1770 = FACE_BOUND('',#1771,.F.);
#1771 = EDGE_LOOP('',(#1772,#1795,#1824));
#1772 = ORIENTED_EDGE('',*,*,#1773,.T.);
#1773 = EDGE_CURVE('',#444,#1774,#1776,.T.);
#1774 = VERTEX_POINT('',#1775);
#1775 = CARTESIAN_POINT('',(7.,3.692131626535E-16,11.3));
#1776 = SURFACE_CURVE('',#1777,(#1781,#1788),.PCURVE_S1.);
#1777 = LINE('',#1778,#1779);
#1778 = CARTESIAN_POINT('',(7.,0.,9.));
#1779 = VECTOR('',#1780,1.);
#1780 = DIRECTION('',(0.,0.,1.));
#1781 = PCURVE('',#460,#1782);
#1782 = DEFINITIONAL_REPRESENTATION('',(#1783),#1787);
#1783 = LINE('',#1784,#1785);
#1784 = CARTESIAN_POINT('',(2.059502053253E-04,1.));
#1785 = VECTOR('',#1786,1.);
#1786 = DIRECTION('',(0.,-1.));
#1787 = ( GEOMETRIC_REPRESENTATION_CONTEXT(2) 
PARAMETRIC_REPRESENTATION_CONTEXT() REPRESENTATION_CONTEXT('2D SPACE',''
  ) );
#1788 = PCURVE('',#488,#1789);
#1789 = DEFINITIONAL_REPRESENTATION('',(#1790),#1794);
#1790 = LINE('',#1791,#1792);
#1791 = CARTESIAN_POINT('',(-6.28318530718,0.));
#1792 = VECTOR('',#1793,1.);
#1793 = DIRECTION('',(-0.,-1.));
#1794 = ( GEOMETRIC_REPRESENTATION_CONTEXT(2) 
PARAMETRIC_REPRESENTATION_CONTEXT() REPRESENTATION_CONTEXT('2D SPACE',''
  ) );
#1795 = ORIENTED_EDGE('',*,*,#1796,.T.);
#1796 = EDGE_CURVE('',#1774,#446,#1797,.T.);
#1797 = SURFACE_CURVE('',#1798,(#1806,#1817),.PCURVE_S1.);
#1798 = ( BOUNDED_CURVE() B_SPLINE_CURVE(6,(#1799,#1800,#1801,#1802,
#1803,#1804,#1805),.UNSPECIFIED.,.T.,.F.) B_SPLINE_CURVE_WITH_KNOTS((1,6
    ,6,1),(-6.28318530718,0.,6.28318530718,12.566370614359),
.UNSPECIFIED.) CURVE() GEOMETRIC_REPRESENTATION_ITEM() 
RATIONAL_B_SPLINE_CURVE((1.669078461068,1.03672962321,1.038346699848,
    0.853534330196,1.038346699848,1.03672962321,1.669078461068)) 
REPRESENTATION_ITEM('') );
#1799 = CARTESIAN_POINT('',(8.3,4.440892098501E-15,10.));
#1800 = CARTESIAN_POINT('',(8.3,-8.881784197001E-16,12.160005998242));
#1801 = CARTESIAN_POINT('',(5.629087352287,0.,12.470146098219));
#1802 = CARTESIAN_POINT('',(3.426148002689,-8.881784197001E-16,10.));
#1803 = CARTESIAN_POINT('',(5.629087352287,-1.7763568394E-15,
    7.529853901781));
#1804 = CARTESIAN_POINT('',(8.3,0.,7.839994001758));
#1805 = CARTESIAN_POINT('',(8.3,4.440892098501E-15,10.));
#1806 = PCURVE('',#460,#1807);
#1807 = DEFINITIONAL_REPRESENTATION('',(#1808),#1816);
#1808 = ( BOUNDED_CURVE() B_SPLINE_CURVE(6,(#1809,#1810,#1811,#1812,
#1813,#1814,#1815),.UNSPECIFIED.,.T.,.F.) B_SPLINE_CURVE_WITH_KNOTS((1,6
    ,6,1),(-6.28318530718,0.,6.28318530718,12.566370614359),
.UNSPECIFIED.) CURVE() GEOMETRIC_REPRESENTATION_ITEM() 
RATIONAL_B_SPLINE_CURVE((1.669078461068,1.03672962321,1.038346699848,
    0.853534330196,1.038346699848,1.03672962321,1.669078461068)) 
REPRESENTATION_ITEM('') );
#1809 = CARTESIAN_POINT('',(-1.299794049795,3.552713678801E-15));
#1810 = CARTESIAN_POINT('',(-1.299794049795,-2.160005998242));
#1811 = CARTESIAN_POINT('',(1.371118597918,-2.470146098219));
#1812 = CARTESIAN_POINT('',(3.574057947516,-3.552713678801E-15));
#1813 = CARTESIAN_POINT('',(1.371118597918,2.470146098219));
#1814 = CARTESIAN_POINT('',(-1.299794049795,2.160005998242));
#1815 = CARTESIAN_POINT('',(-1.299794049795,3.552713678801E-15));
#1816 = ( GEOMETRIC_REPRESENTATION_CONTEXT(2) 
PARAMETRIC_REPRESENTATION_CONTEXT() REPRESENTATION_CONTEXT('2D SPACE',''
  ) );
#1817 = PCURVE('',#666,#1818);
#1818 = DEFINITIONAL_REPRESENTATION('',(#1819),#1823);
#1819 = LINE('',#1820,#1821);
#1820 = CARTESIAN_POINT('',(0.,0.));
#1821 = VECTOR('',#1822,1.);
#1822 = DIRECTION('',(1.,0.));
#1823 = ( GEOMETRIC_REPRESENTATION_CONTEXT(2) 
PARAMETRIC_REPRESENTATION_CONTEXT() REPRESENTATION_CONTEXT('2D SPACE',''
  ) );
#1824 = ORIENTED_EDGE('',*,*,#443,.F.);
#1825 = ADVANCED_FACE('',(#1826),#666,.T.);
#1826 = FACE_BOUND('',#1827,.T.);
#1827 = EDGE_LOOP('',(#1828,#2042,#2043,#2044,#2232,#2441,#2655,#2869,
    #3125,#3339,#3553,#3788,#4002,#4111,#4147,#4361,#4491,#4721,#4951,
    #5139,#5369,#5599,#5829,#6059));
#1828 = ORIENTED_EDGE('',*,*,#1829,.F.);
#1829 = EDGE_CURVE('',#1774,#1830,#1832,.T.);
#1830 = VERTEX_POINT('',#1831);
#1831 = CARTESIAN_POINT('',(7.,0.,15.3000001413));
#1832 = SURFACE_CURVE('',#1833,(#1899,#1968),.PCURVE_S1.);
#1833 = B_SPLINE_CURVE_WITH_KNOTS('',8,(#1834,#1835,#1836,#1837,#1838,
    #1839,#1840,#1841,#1842,#1843,#1844,#1845,#1846,#1847,#1848,#1849,
    #1850,#1851,#1852,#1853,#1854,#1855,#1856,#1857,#1858,#1859,#1860,
    #1861,#1862,#1863,#1864,#1865,#1866,#1867,#1868,#1869,#1870,#1871,
    #1872,#1873,#1874,#1875,#1876,#1877,#1878,#1879,#1880,#1881,#1882,
    #1883,#1884,#1885,#1886,#1887,#1888,#1889,#1890,#1891,#1892,#1893,
    #1894,#1895,#1896,#1897,#1898),.UNSPECIFIED.,.F.,.F.,(9,7,7,7,7,7,7,
    7,7,9),(0.,0.117880695269,0.225115005246,0.354193459161,
    0.493682018697,0.582587243572,0.65277888697,0.810550553246,
    0.911411592934,1.),.UNSPECIFIED.);
#1834 = CARTESIAN_POINT('',(7.,0.,11.3));
#1835 = CARTESIAN_POINT('',(7.,0.647929395207,11.358926374639));
#1836 = CARTESIAN_POINT('',(6.931459123417,1.296171874331,
    11.417880588699));
#1837 = CARTESIAN_POINT('',(6.794262024105,1.935772964734,
    11.476818967778));
#1838 = CARTESIAN_POINT('',(6.589836126541,2.558282214561,
    11.535744394211));
#1839 = CARTESIAN_POINT('',(6.320681615925,3.155648086289,
    11.594668630104));
#1840 = CARTESIAN_POINT('',(5.990393707127,3.720252388864,
    11.653604388198));
#1841 = CARTESIAN_POINT('',(5.603614491918,4.244920297746,11.7125563155)
  );
#1842 = CARTESIAN_POINT('',(4.768705480205,5.158185730078,
    11.825091279302));
#1843 = CARTESIAN_POINT('',(4.328994054602,5.555095300253,
    11.878715661949));
#1844 = CARTESIAN_POINT('',(3.851728775083,5.908921483943,
    11.932331713379));
#1845 = CARTESIAN_POINT('',(3.341901049349,6.215591070777,
    11.985940675685));
#1846 = CARTESIAN_POINT('',(2.804913079021,6.47175875533,12.039550206404
    ));
#1847 = CARTESIAN_POINT('',(2.246539279244,6.674754315158,
    12.093167367665));
#1848 = CARTESIAN_POINT('',(1.672951379247,6.82265329196,12.146791500476
    ));
#1849 = CARTESIAN_POINT('',(0.390005687154,7.025040459952,
    12.264912849487));
#1850 = CARTESIAN_POINT('',(-0.324084634098,7.054502245562,
    12.329480494359));
#1851 = CARTESIAN_POINT('',(-1.039777028007,7.000815636083,
    12.394023955177));
#1852 = CARTESIAN_POINT('',(-1.745792662896,6.864324651614,
    12.458549028214));
#1853 = CARTESIAN_POINT('',(-2.431222282683,6.646927649646,
    12.523073401992));
#1854 = CARTESIAN_POINT('',(-3.085583481962,6.352177954263,
    12.587614940546));
#1855 = CARTESIAN_POINT('',(-3.698828384142,5.985149363098,
    12.652181607484));
#1856 = CARTESIAN_POINT('',(-4.869886048244,5.086454264887,
    12.786431489284));
#1857 = CARTESIAN_POINT('',(-5.42025183821,4.543120024496,
    12.856223265778));
#1858 = CARTESIAN_POINT('',(-5.900545328986,3.932197804856,
    12.925977045475));
#1859 = CARTESIAN_POINT('',(-6.301497431081,3.264491670582,
    12.995706648945));
#1860 = CARTESIAN_POINT('',(-6.615656704625,2.551814739772,
    13.065436568958));
#1861 = CARTESIAN_POINT('',(-6.837661787163,1.80706655705,
    13.135191596349));
#1862 = CARTESIAN_POINT('',(-6.964027522369,1.044073092662,
    13.204984072282));
#1863 = CARTESIAN_POINT('',(-7.013884175501,-0.210239665077,
    13.319148637557));
#1864 = CARTESIAN_POINT('',(-6.994341399072,-0.700110354702,
    13.363594514199));
#1865 = CARTESIAN_POINT('',(-6.935683740289,-1.187864700646,
    13.40803729186));
#1866 = CARTESIAN_POINT('',(-6.838196782735,-1.669866657075,
    13.452476876545));
#1867 = CARTESIAN_POINT('',(-6.702552316069,-2.142560123604,
    13.496917186964));
#1868 = CARTESIAN_POINT('',(-6.529789001513,-2.602469479424,
    13.541361443194));
#1869 = CARTESIAN_POINT('',(-6.321337841318,-3.046214282891,
    13.585807584183));
#1870 = CARTESIAN_POINT('',(-5.887837078956,-3.805546440839,
    13.665326701588));
#1871 = CARTESIAN_POINT('',(-5.675465434549,-4.128539303636,
    13.70041293151));
#1872 = CARTESIAN_POINT('',(-5.442876151383,-4.437927625511,
    13.735498441475));
#1873 = CARTESIAN_POINT('',(-5.191098442827,-4.732238494451,
    13.770582963319));
#1874 = CARTESIAN_POINT('',(-4.921276696618,-5.010104955839,
    13.805667957936));
#1875 = CARTESIAN_POINT('',(-4.634663765314,-5.270262861331,
    13.840754901589));
#1876 = CARTESIAN_POINT('',(-4.3326229538,-5.511554796658,
    13.875843923685));
#1877 = CARTESIAN_POINT('',(-3.306392309622,-6.230557078552,
    13.989803008809));
#1878 = CARTESIAN_POINT('',(-2.524587006332,-6.628383450954,
    14.068795513852));
#1879 = CARTESIAN_POINT('',(-1.689217423446,-6.913005609598,
    14.147716740273));
#1880 = CARTESIAN_POINT('',(-0.819616875396,-7.077011028097,
    14.226597627566));
#1881 = CARTESIAN_POINT('',(6.446112277046E-02,-7.116107195039,
    14.305480145993));
#1882 = CARTESIAN_POINT('',(0.942812308842,-7.029969151845,
    14.384403786771));
#1883 = CARTESIAN_POINT('',(1.794942900535,-6.821307811433,
    14.463405319359));
#1884 = CARTESIAN_POINT('',(3.11484484791,-6.293258094102,
    14.592694781993));
#1885 = CARTESIAN_POINT('',(3.611095088442,-6.040676577927,
    14.643129913713));
#1886 = CARTESIAN_POINT('',(4.083706343971,-5.743450314351,
    14.693560188547));
#1887 = CARTESIAN_POINT('',(4.528018977497,-5.40422678114,
    14.743983393548));
#1888 = CARTESIAN_POINT('',(4.939788059293,-5.026167205936,
    14.794406313171));
#1889 = CARTESIAN_POINT('',(5.315162665429,-4.612897260986,
    14.844836009485));
#1890 = CARTESIAN_POINT('',(5.65072676571,-4.168533131841,
    14.895271127657));
#1891 = CARTESIAN_POINT('',(6.200840016904,-3.28431302188,
    14.989980034047));
#1892 = CARTESIAN_POINT('',(6.425240081126,-2.850336693013,
    15.034272601682));
#1893 = CARTESIAN_POINT('',(6.614837683902,-2.398979116429,
    15.078562449616));
#1894 = CARTESIAN_POINT('',(6.768097416308,-1.933509050489,
    15.122849305245));
#1895 = CARTESIAN_POINT('',(6.883853678615,-1.457317177087,
    15.167136769708));
#1896 = CARTESIAN_POINT('',(6.96129619003,-0.973905450686,
    15.211427777611));
#1897 = CARTESIAN_POINT('',(6.999999999846,-0.486887488239,
    15.255719850104));
#1898 = CARTESIAN_POINT('',(7.,-8.881784197001E-16,15.3000001413));
#1899 = PCURVE('',#666,#1900);
#1900 = DEFINITIONAL_REPRESENTATION('',(#1901),#1967);
#1901 = B_SPLINE_CURVE_WITH_KNOTS('',8,(#1902,#1903,#1904,#1905,#1906,
    #1907,#1908,#1909,#1910,#1911,#1912,#1913,#1914,#1915,#1916,#1917,
    #1918,#1919,#1920,#1921,#1922,#1923,#1924,#1925,#1926,#1927,#1928,
    #1929,#1930,#1931,#1932,#1933,#1934,#1935,#1936,#1937,#1938,#1939,
    #1940,#1941,#1942,#1943,#1944,#1945,#1946,#1947,#1948,#1949,#1950,
    #1951,#1952,#1953,#1954,#1955,#1956,#1957,#1958,#1959,#1960,#1961,
    #1962,#1963,#1964,#1965,#1966),.UNSPECIFIED.,.F.,.F.,(9,7,7,7,7,7,7,
    7,7,9),(0.,0.117880695269,0.225115005246,0.354193459161,
    0.493682018697,0.582587243572,0.65277888697,0.810550553246,
    0.911411592934,1.),.UNSPECIFIED.);
#1902 = CARTESIAN_POINT('',(1.571514235749,0.));
#1903 = CARTESIAN_POINT('',(1.571515131943,0.109726559976));
#1904 = CARTESIAN_POINT('',(1.571514235637,0.219504959622));
#1905 = CARTESIAN_POINT('',(1.571515690746,0.329253873016));
#1906 = CARTESIAN_POINT('',(1.571515694662,0.438978667347));
#1907 = CARTESIAN_POINT('',(1.571514931235,0.548701244765));
#1908 = CARTESIAN_POINT('',(1.571514038085,0.658445277638));
#1909 = CARTESIAN_POINT('',(1.571513551663,0.768219419125));
#1910 = CARTESIAN_POINT('',(1.571513537227,0.977770312602));
#1911 = CARTESIAN_POINT('',(1.571513926202,1.077624055084));
#1912 = CARTESIAN_POINT('',(1.571514787905,1.17746228404));
#1913 = CARTESIAN_POINT('',(1.571515894449,1.277287312372));
#1914 = CARTESIAN_POINT('',(1.571516768123,1.377113399146));
#1915 = CARTESIAN_POINT('',(1.571517059556,1.476953694718));
#1916 = CARTESIAN_POINT('',(1.571516816442,1.576806971981));
#1917 = CARTESIAN_POINT('',(1.571515480181,1.796760250388));
#1918 = CARTESIAN_POINT('',(1.571514225104,1.916991396471));
#1919 = CARTESIAN_POINT('',(1.571512764665,2.037177509527));
#1920 = CARTESIAN_POINT('',(1.571511760011,2.157329382797));
#1921 = CARTESIAN_POINT('',(1.571511950353,2.277479953946));
#1922 = CARTESIAN_POINT('',(1.571513001886,2.397662487558));
#1923 = CARTESIAN_POINT('',(1.571514280199,2.517891812636));
#1924 = CARTESIAN_POINT('',(1.571516443506,2.767877965654));
#1925 = CARTESIAN_POINT('',(1.571517288639,2.897836945762));
#1926 = CARTESIAN_POINT('',(1.57151727701,3.027725172196));
#1927 = CARTESIAN_POINT('',(1.571516006322,3.157568380137));
#1928 = CARTESIAN_POINT('',(1.571514111081,3.287412177558));
#1929 = CARTESIAN_POINT('',(1.571513348186,3.41730272731));
#1930 = CARTESIAN_POINT('',(1.571513474018,3.547263009834));
#1931 = CARTESIAN_POINT('',(1.571514238402,3.759848377515));
#1932 = CARTESIAN_POINT('',(1.571514643259,3.842610861697));
#1933 = CARTESIAN_POINT('',(1.57151514081,3.92536757528));
#1934 = CARTESIAN_POINT('',(1.571515307866,4.008118343238));
#1935 = CARTESIAN_POINT('',(1.571515012309,4.090870462579));
#1936 = CARTESIAN_POINT('',(1.571514598145,4.1736299294));
#1937 = CARTESIAN_POINT('',(1.571514555964,4.256392905823));
#1938 = CARTESIAN_POINT('',(1.571514775819,4.404465127449));
#1939 = CARTESIAN_POINT('',(1.571514946245,4.469799051952));
#1940 = CARTESIAN_POINT('',(1.571514594701,4.535131635826));
#1941 = CARTESIAN_POINT('',(1.5715143699,4.600462379723));
#1942 = CARTESIAN_POINT('',(1.57151466609,4.665794003968));
#1943 = CARTESIAN_POINT('',(1.571515111912,4.731129257508));
#1944 = CARTESIAN_POINT('',(1.57151504669,4.796468381306));
#1945 = CARTESIAN_POINT('',(1.571514843611,5.008671125242));
#1946 = CARTESIAN_POINT('',(1.57151405113,5.155762744152));
#1947 = CARTESIAN_POINT('',(1.571512387268,5.302721635439));
#1948 = CARTESIAN_POINT('',(1.571512646032,5.449605411409));
#1949 = CARTESIAN_POINT('',(1.57151528343,5.596492224658));
#1950 = CARTESIAN_POINT('',(1.571516778634,5.743455611738));
#1951 = CARTESIAN_POINT('',(1.571517113147,5.8905640408));
#1952 = CARTESIAN_POINT('',(1.571516116437,6.131313417673));
#1953 = CARTESIAN_POINT('',(1.571515356317,6.225228469112));
#1954 = CARTESIAN_POINT('',(1.571514292253,6.319134476567));
#1955 = CARTESIAN_POINT('',(1.571513229598,6.413027319319));
#1956 = CARTESIAN_POINT('',(1.571512485749,6.506919630671));
#1957 = CARTESIAN_POINT('',(1.571512246353,6.600824560871));
#1958 = CARTESIAN_POINT('',(1.571512503542,6.694739587084));
#1959 = CARTESIAN_POINT('',(1.571513579179,6.87109665233));
#1960 = CARTESIAN_POINT('',(1.571514330292,6.953573661386));
#1961 = CARTESIAN_POINT('',(1.571515219998,7.036045603621));
#1962 = CARTESIAN_POINT('',(1.571516056622,7.118511974761));
#1963 = CARTESIAN_POINT('',(1.571516650377,7.20097948197));
#1964 = CARTESIAN_POINT('',(1.571516879505,7.28345358698));
#1965 = CARTESIAN_POINT('',(1.571516738508,7.365929670638));
#1966 = CARTESIAN_POINT('',(1.571516368504,7.448383818842));
#1967 = ( GEOMETRIC_REPRESENTATION_CONTEXT(2) 
PARAMETRIC_REPRESENTATION_CONTEXT() REPRESENTATION_CONTEXT('2D SPACE',''
  ) );
#1968 = PCURVE('',#1969,#1974);
#1969 = CYLINDRICAL_SURFACE('',#1970,7.);
#1970 = AXIS2_PLACEMENT_3D('',#1971,#1972,#1973);
#1971 = CARTESIAN_POINT('',(0.,0.,9.));
#1972 = DIRECTION('',(-0.,-0.,-1.));
#1973 = DIRECTION('',(1.,0.,0.));
#1974 = DEFINITIONAL_REPRESENTATION('',(#1975),#2041);
#1975 = B_SPLINE_CURVE_WITH_KNOTS('',8,(#1976,#1977,#1978,#1979,#1980,
    #1981,#1982,#1983,#1984,#1985,#1986,#1987,#1988,#1989,#1990,#1991,
    #1992,#1993,#1994,#1995,#1996,#1997,#1998,#1999,#2000,#2001,#2002,
    #2003,#2004,#2005,#2006,#2007,#2008,#2009,#2010,#2011,#2012,#2013,
    #2014,#2015,#2016,#2017,#2018,#2019,#2020,#2021,#2022,#2023,#2024,
    #2025,#2026,#2027,#2028,#2029,#2030,#2031,#2032,#2033,#2034,#2035,
    #2036,#2037,#2038,#2039,#2040),.UNSPECIFIED.,.F.,.F.,(9,7,7,7,7,7,7,
    7,7,9),(0.,0.117880695269,0.225115005246,0.354193459161,
    0.493682018697,0.582587243572,0.65277888697,0.810550553246,
    0.911411592934,1.),.UNSPECIFIED.);
#1976 = CARTESIAN_POINT('',(0.,-2.3));
#1977 = CARTESIAN_POINT('',(-9.256134217245E-02,-2.358926374639));
#1978 = CARTESIAN_POINT('',(-0.185167369275,-2.417880588699));
#1979 = CARTESIAN_POINT('',(-0.277747626097,-2.476818967779));
#1980 = CARTESIAN_POINT('',(-0.370306925315,-2.53574439421));
#1981 = CARTESIAN_POINT('',(-0.462864387535,-2.594668630104));
#1982 = CARTESIAN_POINT('',(-0.555440138084,-2.653604388198));
#1983 = CARTESIAN_POINT('',(-0.648041506006,-2.7125563155));
#1984 = CARTESIAN_POINT('',(-0.824811090132,-2.825091279302));
#1985 = CARTESIAN_POINT('',(-0.909044228233,-2.878715661949));
#1986 = CARTESIAN_POINT('',(-0.993264349204,-2.932331713379));
#1987 = CARTESIAN_POINT('',(-1.077473289444,-2.985940675685));
#1988 = CARTESIAN_POINT('',(-1.161683019842,-3.039550206404));
#1989 = CARTESIAN_POINT('',(-1.245904648081,-3.093167367665));
#1990 = CARTESIAN_POINT('',(-1.330137184726,-3.146791500476));
#1991 = CARTESIAN_POINT('',(-1.515681624347,-3.264912849487));
#1992 = CARTESIAN_POINT('',(-1.617104152408,-3.329480494359));
#1993 = CARTESIAN_POINT('',(-1.718488736019,-3.394023955176));
#1994 = CARTESIAN_POINT('',(-1.819844530788,-3.458549028215));
#1995 = CARTESIAN_POINT('',(-1.921199259451,-3.523073401991));
#1996 = CARTESIAN_POINT('',(-2.022580879051,-3.587614940546));
#1997 = CARTESIAN_POINT('',(-2.124001906772,-3.652181607484));
#1998 = CARTESIAN_POINT('',(-2.334880967392,-3.786431489284));
#1999 = CARTESIAN_POINT('',(-2.44450952417,-3.856223265778));
#2000 = CARTESIAN_POINT('',(-2.55407843099,-3.925977045475));
#2001 = CARTESIAN_POINT('',(-2.663609485283,-3.995706648945));
#2002 = CARTESIAN_POINT('',(-2.773141332163,-4.065436568958));
#2003 = CARTESIAN_POINT('',(-2.882712634794,-4.13519159635));
#2004 = CARTESIAN_POINT('',(-2.992342489281,-4.204984072282));
#2005 = CARTESIAN_POINT('',(-3.171671521048,-4.319148637557));
#2006 = CARTESIAN_POINT('',(-3.241486743173,-4.363594514199));
#2007 = CARTESIAN_POINT('',(-3.311297015152,-4.40803729186));
#2008 = CARTESIAN_POINT('',(-3.381102219951,-4.452476876545));
#2009 = CARTESIAN_POINT('',(-3.450908648297,-4.496917186964));
#2010 = CARTESIAN_POINT('',(-3.52072154845,-4.541361443194));
#2011 = CARTESIAN_POINT('',(-3.590537735795,-4.585807584183));
#2012 = CARTESIAN_POINT('',(-3.715446538206,-4.665326701588));
#2013 = CARTESIAN_POINT('',(-3.770559713292,-4.70041293151));
#2014 = CARTESIAN_POINT('',(-3.825672187154,-4.735498441475));
#2015 = CARTESIAN_POINT('',(-3.880783243829,-4.770582963319));
#2016 = CARTESIAN_POINT('',(-3.935894794122,-4.805667957936));
#2017 = CARTESIAN_POINT('',(-3.991009137188,-4.840754901589));
#2018 = CARTESIAN_POINT('',(-4.046126741353,-4.875843923685));
#2019 = CARTESIAN_POINT('',(-4.225132705022,-4.989803008809));
#2020 = CARTESIAN_POINT('',(-4.349213224995,-5.068795513852));
#2021 = CARTESIAN_POINT('',(-4.473182125202,-5.147716740272));
#2022 = CARTESIAN_POINT('',(-4.597088572865,-5.226597627567));
#2023 = CARTESIAN_POINT('',(-4.720997318208,-5.305480145992));
#2024 = CARTESIAN_POINT('',(-4.844970432284,-5.384403786771));
#2025 = CARTESIAN_POINT('',(-4.969065717704,-5.463405319359));
#2026 = CARTESIAN_POINT('',(-5.17215299434,-5.592694781993));
#2027 = CARTESIAN_POINT('',(-5.251376238503,-5.643129913712));
#2028 = CARTESIAN_POINT('',(-5.330591862666,-5.693560188547));
#2029 = CARTESIAN_POINT('',(-5.409796419968,-5.743983393548));
#2030 = CARTESIAN_POINT('',(-5.489000571887,-5.794406313171));
#2031 = CARTESIAN_POINT('',(-5.568215388384,-5.844836009485));
#2032 = CARTESIAN_POINT('',(-5.647438707395,-5.895271127657));
#2033 = CARTESIAN_POINT('',(-5.796207106497,-5.989980034047));
#2034 = CARTESIAN_POINT('',(-5.865781690045,-6.034272601682));
#2035 = CARTESIAN_POINT('',(-5.935351974616,-6.078562449616));
#2036 = CARTESIAN_POINT('',(-6.004917534234,-6.122849305245));
#2037 = CARTESIAN_POINT('',(-6.074484042925,-6.167136769708));
#2038 = CARTESIAN_POINT('',(-6.144056138197,-6.211427777611));
#2039 = CARTESIAN_POINT('',(-6.213629951717,-6.255719850104));
#2040 = CARTESIAN_POINT('',(-6.28318530718,-6.3000001413));
#2041 = ( GEOMETRIC_REPRESENTATION_CONTEXT(2) 
PARAMETRIC_REPRESENTATION_CONTEXT() REPRESENTATION_CONTEXT('2D SPACE',''
  ) );
#2042 = ORIENTED_EDGE('',*,*,#1796,.T.);
#2043 = ORIENTED_EDGE('',*,*,#500,.F.);
#2044 = ORIENTED_EDGE('',*,*,#2045,.T.);
#2045 = EDGE_CURVE('',#472,#2046,#2048,.T.);
#2046 = VERTEX_POINT('',#2047);
#2047 = CARTESIAN_POINT('',(7.,0.,12.700000132324));
#2048 = SURFACE_CURVE('',#2049,(#2108,#2170),.PCURVE_S1.);
#2049 = B_SPLINE_CURVE_WITH_KNOTS('',8,(#2050,#2051,#2052,#2053,#2054,
    #2055,#2056,#2057,#2058,#2059,#2060,#2061,#2062,#2063,#2064,#2065,
    #2066,#2067,#2068,#2069,#2070,#2071,#2072,#2073,#2074,#2075,#2076,
    #2077,#2078,#2079,#2080,#2081,#2082,#2083,#2084,#2085,#2086,#2087,
    #2088,#2089,#2090,#2091,#2092,#2093,#2094,#2095,#2096,#2097,#2098,
    #2099,#2100,#2101,#2102,#2103,#2104,#2105,#2106,#2107),
  .UNSPECIFIED.,.F.,.F.,(9,7,7,7,7,7,7,7,9),(0.,0.132943138769,
    0.270754643884,0.412894222486,0.562811880197,0.678978498431,
    0.796179731313,0.891004181595,1.),.UNSPECIFIED.);
#2050 = CARTESIAN_POINT('',(6.237048429959,3.177928080109,8.9999994));
#2051 = CARTESIAN_POINT('',(5.930208578884,3.780136488593,9.061467444925
    ));
#2052 = CARTESIAN_POINT('',(5.556721696444,4.348869254401,9.122974530571
    ));
#2053 = CARTESIAN_POINT('',(5.121084174032,4.874937020571,9.184463736338
    ));
#2054 = CARTESIAN_POINT('',(4.62917270851,5.350554817786,9.245938174473)
  );
#2055 = CARTESIAN_POINT('',(4.087756851464,5.768943350861,9.307412111197
    ));
#2056 = CARTESIAN_POINT('',(3.504520139536,6.124389958856,9.368899927041
    ));
#2057 = CARTESIAN_POINT('',(2.887982855131,6.412209956259,9.430407260087
    ));
#2058 = CARTESIAN_POINT('',(1.584278375766,6.854270065547,9.555604241986
    ));
#2059 = CARTESIAN_POINT('',(0.894533960953,7.0035097486,9.619369745315)
  );
#2060 = CARTESIAN_POINT('',(0.189357798183,7.073151654164,9.683113053899
    ));
#2061 = CARTESIAN_POINT('',(-0.520516256194,7.0616427787,9.746840884592)
  );
#2062 = CARTESIAN_POINT('',(-1.22442291889,6.968947592399,9.810569993404
    ));
#2063 = CARTESIAN_POINT('',(-1.911807500135,6.79665041655,9.874316813015
    ));
#2064 = CARTESIAN_POINT('',(-2.572251713988,6.547860747321,
    9.938086318033));
#2065 = CARTESIAN_POINT('',(-3.838645351806,5.898057581804,
    10.067536163811));
#2066 = CARTESIAN_POINT('',(-4.443189952073,5.492017143637,
    10.13331142341));
#2067 = CARTESIAN_POINT('',(-4.997985606801,5.015410764639,
    10.199059076284));
#2068 = CARTESIAN_POINT('',(-5.493659603519,4.475600006823,
    10.264787140056));
#2069 = CARTESIAN_POINT('',(-5.922132595918,3.881046765287,
    10.330514787236));
#2070 = CARTESIAN_POINT('',(-6.276754463787,3.241374806818,
    10.39626140984));
#2071 = CARTESIAN_POINT('',(-6.552216280662,2.567246242526,
    10.462035548348));
#2072 = CARTESIAN_POINT('',(-6.949085605508,1.136321138461,
    10.597084352788));
#2073 = CARTESIAN_POINT('',(-7.061582406868,0.375778032459,
    10.666470506301));
#2074 = CARTESIAN_POINT('',(-7.078589063076,-0.396534279518,
    10.735821081692));
#2075 = CARTESIAN_POINT('',(-6.99919185145,-1.166648666411,
    10.80514663756));
#2076 = CARTESIAN_POINT('',(-6.824506747891,-1.92088197386,
    10.874475025374));
#2077 = CARTESIAN_POINT('',(-6.557913805617,-2.645929953129,
    10.943824661023));
#2078 = CARTESIAN_POINT('',(-6.20480726109,-3.328871204907,
    11.013211350391));
#2079 = CARTESIAN_POINT('',(-5.439925356828,-4.444779826553,
    11.136250228647));
#2080 = CARTESIAN_POINT('',(-5.058895305912,-4.899933656192,
    11.189985099277));
#2081 = CARTESIAN_POINT('',(-4.634514061454,-5.317472945817,
    11.243710482617));
#2082 = CARTESIAN_POINT('',(-4.17119962578,-5.692641740779,
    11.297426803538));
#2083 = CARTESIAN_POINT('',(-3.673870336434,-6.021365154853,
    11.351142041107));
#2084 = CARTESIAN_POINT('',(-3.147893200377,-6.300195205649,
    11.404864774104));
#2085 = CARTESIAN_POINT('',(-2.599114276391,-6.526368611989,
    11.458597414348));
#2086 = CARTESIAN_POINT('',(-1.463722421488,-6.871145547006,
    11.56651230554));
#2087 = CARTESIAN_POINT('',(-0.876482480181,-6.988874304272,
    11.620726027819));
#2088 = CARTESIAN_POINT('',(-0.278775866338,-7.049124507894,
    11.67493010643));
#2089 = CARTESIAN_POINT('',(0.322820490003,-7.050922879539,
    11.72912671519));
#2090 = CARTESIAN_POINT('',(0.921748320225,-6.994163457736,
    11.783324404878));
#2091 = CARTESIAN_POINT('',(1.511475869094,-6.879540795566,
    11.837531027557));
#2092 = CARTESIAN_POINT('',(2.085515409746,-6.708629380238,
    11.891746524668));
#2093 = CARTESIAN_POINT('',(3.084073328945,-6.30245420384,
    11.989786552491));
#2094 = CARTESIAN_POINT('',(3.516432299767,-6.085618576564,
    12.033640006643));
#2095 = CARTESIAN_POINT('',(3.931229323557,-5.834936542572,
    12.077491173789));
#2096 = CARTESIAN_POINT('',(4.325388695177,-5.55209777867,
    12.121339439307));
#2097 = CARTESIAN_POINT('',(4.696057425207,-5.239095476876,
    12.165188248345));
#2098 = CARTESIAN_POINT('',(5.040597491787,-4.89820854306,12.20904060679
    ));
#2099 = CARTESIAN_POINT('',(5.356606822349,-4.532017050201,
    12.252894614014));
#2100 = CARTESIAN_POINT('',(5.96997812706,-3.696814236227,
    12.347135920829));
#2101 = CARTESIAN_POINT('',(6.257693411882,-3.220345099275,
    12.39755017543));
#2102 = CARTESIAN_POINT('',(6.501791782868,-2.718470307978,
    12.447961063084));
#2103 = CARTESIAN_POINT('',(6.699712304349,-2.195897669791,
    12.498365863498));
#2104 = CARTESIAN_POINT('',(6.849518824285,-1.65755308205,
    12.548770901338));
#2105 = CARTESIAN_POINT('',(6.949856184565,-1.108549869186,
    12.599182654517));
#2106 = CARTESIAN_POINT('',(6.999999999143,-0.554190402142,
    12.649598933599));
#2107 = CARTESIAN_POINT('',(7.,-1.7763568394E-15,12.700000132324));
#2108 = PCURVE('',#666,#2109);
#2109 = DEFINITIONAL_REPRESENTATION('',(#2110),#2169);
#2110 = B_SPLINE_CURVE_WITH_KNOTS('',8,(#2111,#2112,#2113,#2114,#2115,
    #2116,#2117,#2118,#2119,#2120,#2121,#2122,#2123,#2124,#2125,#2126,
    #2127,#2128,#2129,#2130,#2131,#2132,#2133,#2134,#2135,#2136,#2137,
    #2138,#2139,#2140,#2141,#2142,#2143,#2144,#2145,#2146,#2147,#2148,
    #2149,#2150,#2151,#2152,#2153,#2154,#2155,#2156,#2157,#2158,#2159,
    #2160,#2161,#2162,#2163,#2164,#2165,#2166,#2167,#2168),
  .UNSPECIFIED.,.F.,.F.,(9,7,7,7,7,7,7,7,9),(0.,0.132943138769,
    0.270754643884,0.412894222486,0.562811880197,0.678978498431,
    0.796179731313,0.891004181595,1.),.UNSPECIFIED.);
#2111 = CARTESIAN_POINT('',(4.711671628962,0.558627649478));
#2112 = CARTESIAN_POINT('',(4.711671986476,0.673087043246));
#2113 = CARTESIAN_POINT('',(4.71167265793,0.787619134578));
#2114 = CARTESIAN_POINT('',(4.711673379112,0.902117931857));
#2115 = CARTESIAN_POINT('',(4.711673108711,1.016589230395));
#2116 = CARTESIAN_POINT('',(4.711671971572,1.131059595269));
#2117 = CARTESIAN_POINT('',(4.711670756044,1.245555804375));
#2118 = CARTESIAN_POINT('',(4.711669983929,1.360088356388));
#2119 = CARTESIAN_POINT('',(4.711669576247,1.593217141709));
#2120 = CARTESIAN_POINT('',(4.711669985356,1.711954623327));
#2121 = CARTESIAN_POINT('',(4.711671156713,1.830650776209));
#2122 = CARTESIAN_POINT('',(4.711672841788,1.949318107769));
#2123 = CARTESIAN_POINT('',(4.711674093331,2.067987819283));
#2124 = CARTESIAN_POINT('',(4.711674374714,2.186690510029));
#2125 = CARTESIAN_POINT('',(4.711673864943,2.305435443178));
#2126 = CARTESIAN_POINT('',(4.711672024104,2.546483468854));
#2127 = CARTESIAN_POINT('',(4.711670666282,2.668963309362));
#2128 = CARTESIAN_POINT('',(4.711669331642,2.791391743494));
#2129 = CARTESIAN_POINT('',(4.711668707993,2.913783700823));
#2130 = CARTESIAN_POINT('',(4.711669449778,3.036174882461));
#2131 = CARTESIAN_POINT('',(4.711670765543,3.158601398135));
#2132 = CARTESIAN_POINT('',(4.71167185561,3.281079151061));
#2133 = CARTESIAN_POINT('',(4.711673051312,3.532552974635));
#2134 = CARTESIAN_POINT('',(4.711673086652,3.661756645851));
#2135 = CARTESIAN_POINT('',(4.711672287413,3.790894067205));
#2136 = CARTESIAN_POINT('',(4.71167072088,3.91998489979));
#2137 = CARTESIAN_POINT('',(4.711670043833,4.049081005741));
#2138 = CARTESIAN_POINT('',(4.711672987541,4.178216677194));
#2139 = CARTESIAN_POINT('',(4.711671547525,4.307421346225));
#2140 = CARTESIAN_POINT('',(4.711671735965,4.536531535628));
#2141 = CARTESIAN_POINT('',(4.71167232189,4.636591017331));
#2142 = CARTESIAN_POINT('',(4.71167130014,4.736632832789));
#2143 = CARTESIAN_POINT('',(4.711670827374,4.836657773155));
#2144 = CARTESIAN_POINT('',(4.711671332799,4.936680696215));
#2145 = CARTESIAN_POINT('',(4.711671918726,5.036717576481));
#2146 = CARTESIAN_POINT('',(4.711672453967,5.136772904989));
#2147 = CARTESIAN_POINT('',(4.711672861672,5.337720780252));
#2148 = CARTESIAN_POINT('',(4.711672747179,5.438671929641));
#2149 = CARTESIAN_POINT('',(4.711672124143,5.539605121601));
#2150 = CARTESIAN_POINT('',(4.71167106993,5.640524403977));
#2151 = CARTESIAN_POINT('',(4.711670056217,5.741445699142));
#2152 = CARTESIAN_POINT('',(4.711669531675,5.842383628389));
#2153 = CARTESIAN_POINT('',(4.711669543113,5.943338082689));
#2154 = CARTESIAN_POINT('',(4.711670330785,6.12589801547));
#2155 = CARTESIAN_POINT('',(4.711670957,6.207557352172));
#2156 = CARTESIAN_POINT('',(4.711671803227,6.289212430248));
#2157 = CARTESIAN_POINT('',(4.71167269546,6.370862105213));
#2158 = CARTESIAN_POINT('',(4.711673435793,6.452512792262));
#2159 = CARTESIAN_POINT('',(4.711673873463,6.534170088648));
#2160 = CARTESIAN_POINT('',(4.711673950759,6.61583045522));
#2161 = CARTESIAN_POINT('',(4.711673462935,6.791316805228));
#2162 = CARTESIAN_POINT('',(4.711672789833,6.88519298432));
#2163 = CARTESIAN_POINT('',(4.711671796573,6.979062885917));
#2164 = CARTESIAN_POINT('',(4.711670708445,7.072921455834));
#2165 = CARTESIAN_POINT('',(4.711669824633,7.166780475637));
#2166 = CARTESIAN_POINT('',(4.711669413623,7.260651997758));
#2167 = CARTESIAN_POINT('',(4.711669563352,7.354531934252));
#2168 = CARTESIAN_POINT('',(4.711669986082,7.448383799207));
#2169 = ( GEOMETRIC_REPRESENTATION_CONTEXT(2) 
PARAMETRIC_REPRESENTATION_CONTEXT() REPRESENTATION_CONTEXT('2D SPACE',''
  ) );
#2170 = PCURVE('',#488,#2171);
#2171 = DEFINITIONAL_REPRESENTATION('',(#2172),#2231);
#2172 = B_SPLINE_CURVE_WITH_KNOTS('',8,(#2173,#2174,#2175,#2176,#2177,
    #2178,#2179,#2180,#2181,#2182,#2183,#2184,#2185,#2186,#2187,#2188,
    #2189,#2190,#2191,#2192,#2193,#2194,#2195,#2196,#2197,#2198,#2199,
    #2200,#2201,#2202,#2203,#2204,#2205,#2206,#2207,#2208,#2209,#2210,
    #2211,#2212,#2213,#2214,#2215,#2216,#2217,#2218,#2219,#2220,#2221,
    #2222,#2223,#2224,#2225,#2226,#2227,#2228,#2229,#2230),
  .UNSPECIFIED.,.F.,.F.,(9,7,7,7,7,7,7,7,9),(0.,0.132943138769,
    0.270754643884,0.412894222486,0.562811880197,0.678978498431,
    0.796179731313,0.891004181595,1.),.UNSPECIFIED.);
#2173 = CARTESIAN_POINT('',(-0.471238029347,5.999999999062E-07));
#2174 = CARTESIAN_POINT('',(-0.567791457663,-6.146744492539E-02));
#2175 = CARTESIAN_POINT('',(-0.664406259359,-0.122974530571));
#2176 = CARTESIAN_POINT('',(-0.760993245004,-0.184463736338));
#2177 = CARTESIAN_POINT('',(-0.857557348157,-0.245938174473));
#2178 = CARTESIAN_POINT('',(-0.954120676296,-0.307412111198));
#2179 = CARTESIAN_POINT('',(-1.050705708507,-0.368899927041));
#2180 = CARTESIAN_POINT('',(-1.147321281008,-0.430407260087));
#2181 = CARTESIAN_POINT('',(-1.343980237318,-0.555604241986));
#2182 = CARTESIAN_POINT('',(-1.444142766897,-0.619369745315));
#2183 = CARTESIAN_POINT('',(-1.544270383355,-0.683113053899));
#2184 = CARTESIAN_POINT('',(-1.644373734431,-0.746840884592));
#2185 = CARTESIAN_POINT('',(-1.744479208709,-0.810569993403));
#2186 = CARTESIAN_POINT('',(-1.844612532422,-0.874316813015));
#2187 = CARTESIAN_POINT('',(-1.944781464708,-0.938086318033));
#2188 = CARTESIAN_POINT('',(-2.148120780993,-1.067536163811));
#2189 = CARTESIAN_POINT('',(-2.251440260362,-1.13331142341));
#2190 = CARTESIAN_POINT('',(-2.354716318153,-1.199059076284));
#2191 = CARTESIAN_POINT('',(-2.457961574663,-1.264787140055));
#2192 = CARTESIAN_POINT('',(-2.561206290281,-1.330514787236));
#2193 = CARTESIAN_POINT('',(-2.664481023623,-1.39626140984));
#2194 = CARTESIAN_POINT('',(-2.76779904498,-1.462035548348));
#2195 = CARTESIAN_POINT('',(-2.979933576536,-1.597084352788));
#2196 = CARTESIAN_POINT('',(-3.08892534445,-1.6664705063));
#2197 = CARTESIAN_POINT('',(-3.197860141044,-1.735821081693));
#2198 = CARTESIAN_POINT('',(-3.306757571438,-1.805146637559));
#2199 = CARTESIAN_POINT('',(-3.415655213612,-1.874475025375));
#2200 = CARTESIAN_POINT('',(-3.524590933593,-1.943824661023));
#2201 = CARTESIAN_POINT('',(-3.633583788951,-2.013211350391));
#2202 = CARTESIAN_POINT('',(-3.826852998431,-2.136250228647));
#2203 = CARTESIAN_POINT('',(-3.911260286597,-2.189985099277));
#2204 = CARTESIAN_POINT('',(-3.995652038196,-2.243710482617));
#2205 = CARTESIAN_POINT('',(-4.080029068463,-2.297426803538));
#2206 = CARTESIAN_POINT('',(-4.16440430836,-2.351142041107));
#2207 = CARTESIAN_POINT('',(-4.248791447448,-2.404864774104));
#2208 = CARTESIAN_POINT('',(-4.333194310976,-2.458597414348));
#2209 = CARTESIAN_POINT('',(-4.502706564407,-2.56651230554));
#2210 = CARTESIAN_POINT('',(-4.587865390104,-2.620726027819));
#2211 = CARTESIAN_POINT('',(-4.673009184106,-2.67493010643));
#2212 = CARTESIAN_POINT('',(-4.758141238681,-2.72912671519));
#2213 = CARTESIAN_POINT('',(-4.843274898427,-2.783324404879));
#2214 = CARTESIAN_POINT('',(-4.928422487425,-2.837531027557));
#2215 = CARTESIAN_POINT('',(-5.013583957008,-2.891746524668));
#2216 = CARTESIAN_POINT('',(-5.167584764846,-2.989786552491));
#2217 = CARTESIAN_POINT('',(-5.236469544929,-3.033640006643));
#2218 = CARTESIAN_POINT('',(-5.305350736062,-3.077491173789));
#2219 = CARTESIAN_POINT('',(-5.374227392733,-3.121339439307));
#2220 = CARTESIAN_POINT('',(-5.4431049338,-3.165188248345));
#2221 = CARTESIAN_POINT('',(-5.51198807231,-3.20904060679));
#2222 = CARTESIAN_POINT('',(-5.580873804845,-3.252894614014));
#2223 = CARTESIAN_POINT('',(-5.728907729384,-3.347135920829));
#2224 = CARTESIAN_POINT('',(-5.808098260105,-3.39755017543));
#2225 = CARTESIAN_POINT('',(-5.88728347287,-3.447961063084));
#2226 = CARTESIAN_POINT('',(-5.966459083501,-3.498365863498));
#2227 = CARTESIAN_POINT('',(-6.045635041966,-3.548770901338));
#2228 = CARTESIAN_POINT('',(-6.12482156315,-3.599182654517));
#2229 = CARTESIAN_POINT('',(-6.204015249731,-3.649598933599));
#2230 = CARTESIAN_POINT('',(-6.28318530718,-3.700000132324));
#2231 = ( GEOMETRIC_REPRESENTATION_CONTEXT(2) 
PARAMETRIC_REPRESENTATION_CONTEXT() REPRESENTATION_CONTEXT('2D SPACE',''
  ) );
#2232 = ORIENTED_EDGE('',*,*,#2233,.T.);
#2233 = EDGE_CURVE('',#2046,#2234,#2236,.T.);
#2234 = VERTEX_POINT('',#2235);
#2235 = CARTESIAN_POINT('',(7.,0.,16.699999888007));
#2236 = SURFACE_CURVE('',#2237,(#2303,#2372),.PCURVE_S1.);
#2237 = B_SPLINE_CURVE_WITH_KNOTS('',8,(#2238,#2239,#2240,#2241,#2242,
    #2243,#2244,#2245,#2246,#2247,#2248,#2249,#2250,#2251,#2252,#2253,
    #2254,#2255,#2256,#2257,#2258,#2259,#2260,#2261,#2262,#2263,#2264,
    #2265,#2266,#2267,#2268,#2269,#2270,#2271,#2272,#2273,#2274,#2275,
    #2276,#2277,#2278,#2279,#2280,#2281,#2282,#2283,#2284,#2285,#2286,
    #2287,#2288,#2289,#2290,#2291,#2292,#2293,#2294,#2295,#2296,#2297,
    #2298,#2299,#2300,#2301,#2302),.UNSPECIFIED.,.F.,.F.,(9,7,7,7,7,7,7,
    7,7,9),(0.,0.117338922629,0.203890106064,0.28838745224,
    0.403295990331,0.511741782224,0.631877947501,0.734579974361,
    0.852902701167,1.),.UNSPECIFIED.);
#2238 = CARTESIAN_POINT('',(7.,-8.881784197001E-16,12.700000132324));
#2239 = CARTESIAN_POINT('',(7.,0.644862450069,12.758647558324));
#2240 = CARTESIAN_POINT('',(6.932106489649,1.290063910279,
    12.817325737825));
#2241 = CARTESIAN_POINT('',(6.79619486067,1.926769341295,12.875989805446
    ));
#2242 = CARTESIAN_POINT('',(6.593659662263,2.546632032933,
    12.934641633558));
#2243 = CARTESIAN_POINT('',(6.326954839043,3.141700844219,12.99329279193
    ));
#2244 = CARTESIAN_POINT('',(5.999615480761,3.704448463311,
    13.051955110323));
#2245 = CARTESIAN_POINT('',(5.616204780551,4.227781636667,
    13.110632588684));
#2246 = CARTESIAN_POINT('',(4.862969754189,5.057450358641,
    13.212545414561));
#2247 = CARTESIAN_POINT('',(4.51579178655,5.384897086823,13.255817996284
    ));
#2248 = CARTESIAN_POINT('',(4.143515005196,5.684981772012,
    13.299085979272));
#2249 = CARTESIAN_POINT('',(3.748705968943,5.955473582789,
    13.342350489018));
#2250 = CARTESIAN_POINT('',(3.334105876413,6.194457640293,
    13.385607925249));
#2251 = CARTESIAN_POINT('',(2.902624306309,6.400320474352,
    13.428869864158));
#2252 = CARTESIAN_POINT('',(2.457323058051,6.571749968548,
    13.472134830148));
#2253 = CARTESIAN_POINT('',(1.556370467989,6.84057241529,13.557641851109
    ));
#2254 = CARTESIAN_POINT('',(1.101126430187,6.939651899242,
    13.599892056192));
#2255 = CARTESIAN_POINT('',(0.638823028415,7.004054520553,13.64213965423
    ));
#2256 = CARTESIAN_POINT('',(0.172578163614,7.033224708023,
    13.684381648758));
#2257 = CARTESIAN_POINT('',(-0.294498816582,7.026945753029,
    13.726620446494));
#2258 = CARTESIAN_POINT('',(-0.759314145455,6.985308358467,
    13.768860130236));
#2259 = CARTESIAN_POINT('',(-1.218794637426,6.908712346873,
    13.811103262456));
#2260 = CARTESIAN_POINT('',(-2.283339330536,6.647209111808,
    13.910797435301));
#2261 = CARTESIAN_POINT('',(-2.881486023762,6.433191393295,
    13.968268932912));
#2262 = CARTESIAN_POINT('',(-3.456310601948,6.157727453263,
    14.02572665196));
#2263 = CARTESIAN_POINT('',(-4.000529560451,5.823914423062,
    14.083174755728));
#2264 = CARTESIAN_POINT('',(-4.507412476469,5.435717973726,
    14.140624309529));
#2265 = CARTESIAN_POINT('',(-4.970824285316,4.997990098941,
    14.198085668451));
#2266 = CARTESIAN_POINT('',(-5.385229027849,4.516445190796,
    14.255559724798));
#2267 = CARTESIAN_POINT('',(-6.086445412921,3.508637210763,
    14.367218778056));
#2268 = CARTESIAN_POINT('',(-6.379428224364,2.985971580457,
    14.421455746903));
#2269 = CARTESIAN_POINT('',(-6.620907274816,2.435604414174,
    14.475684557782));
#2270 = CARTESIAN_POINT('',(-6.807914175178,1.863526459532,
    14.529905023762));
#2271 = CARTESIAN_POINT('',(-6.93833109933,1.275967267389,
    14.584124726573));
#2272 = CARTESIAN_POINT('',(-7.010817027576,0.679362381601,
    14.638351693371));
#2273 = CARTESIAN_POINT('',(-7.024877661919,8.036254492181E-02,
    14.692587066327));
#2274 = CARTESIAN_POINT('',(-6.932586663984,-1.172754033461,
    14.806861287283));
#2275 = CARTESIAN_POINT('',(-6.813045200675,-1.826487682243,
    14.866953478665));
#2276 = CARTESIAN_POINT('',(-6.623030631564,-2.465859008214,
    14.927028554538));
#2277 = CARTESIAN_POINT('',(-6.36474204756,-3.082055055415,
    14.98708976183));
#2278 = CARTESIAN_POINT('',(-6.041492690365,-3.666782571331,
    15.047150030362));
#2279 = CARTESIAN_POINT('',(-5.65773986186,-4.212309722864,
    15.10722276256));
#2280 = CARTESIAN_POINT('',(-5.219025404437,-4.71146494372,
    15.167312614215));
#2281 = CARTESIAN_POINT('',(-4.316414368636,-5.539611735714,
    15.278717474851));
#2282 = CARTESIAN_POINT('',(-3.86515943769,-5.883015948349,
    15.330071461346));
#2283 = CARTESIAN_POINT('',(-3.382895923294,-6.184205970549,
    15.381416833249));
#2284 = CARTESIAN_POINT('',(-2.874262772227,-6.439988454099,
    15.432756188382));
#2285 = CARTESIAN_POINT('',(-2.34420095758,-6.647795998167,
    15.48409693732));
#2286 = CARTESIAN_POINT('',(-1.797926839039,-6.805649169298,
    15.535445644278));
#2287 = CARTESIAN_POINT('',(-1.240946984179,-6.912215805677,
    15.586802065411));
#2288 = CARTESIAN_POINT('',(-3.178715880182E-02,-7.0300766865,
    15.697291261326));
#2289 = CARTESIAN_POINT('',(0.622582167578,-7.024473601249,
    15.756473341313));
#2290 = CARTESIAN_POINT('',(1.274991035843,-6.949157204482,
    15.815638891932));
#2291 = CARTESIAN_POINT('',(1.916776195237,-6.80473613401,
    15.874797502389));
#2292 = CARTESIAN_POINT('',(2.539581908885,-6.592942049448,
    15.933949078902));
#2293 = CARTESIAN_POINT('',(3.135373780768,-6.316665382716,
    15.993117383443));
#2294 = CARTESIAN_POINT('',(3.696464139293,-5.979898450093,
    16.052299406603));
#2295 = CARTESIAN_POINT('',(4.861195865212,-5.101232963289,
    16.184988750695));
#2296 = CARTESIAN_POINT('',(5.443174784835,-4.528480344767,
    16.258612728599));
#2297 = CARTESIAN_POINT('',(5.947013580962,-3.880417487734,
    16.332184582751));
#2298 = CARTESIAN_POINT('',(6.361939179887,-3.16981696147,
    16.405726366294));
#2299 = CARTESIAN_POINT('',(6.679345596048,-2.410614576956,
    16.479269011348));
#2300 = CARTESIAN_POINT('',(6.893267350143,-1.618073870205,
    16.552843163474));
#2301 = CARTESIAN_POINT('',(7.,-0.808539033963,16.626466701528));
#2302 = CARTESIAN_POINT('',(7.,0.,16.699999888007));
#2303 = PCURVE('',#666,#2304);
#2304 = DEFINITIONAL_REPRESENTATION('',(#2305),#2371);
#2305 = B_SPLINE_CURVE_WITH_KNOTS('',8,(#2306,#2307,#2308,#2309,#2310,
    #2311,#2312,#2313,#2314,#2315,#2316,#2317,#2318,#2319,#2320,#2321,
    #2322,#2323,#2324,#2325,#2326,#2327,#2328,#2329,#2330,#2331,#2332,
    #2333,#2334,#2335,#2336,#2337,#2338,#2339,#2340,#2341,#2342,#2343,
    #2344,#2345,#2346,#2347,#2348,#2349,#2350,#2351,#2352,#2353,#2354,
    #2355,#2356,#2357,#2358,#2359,#2360,#2361,#2362,#2363,#2364,#2365,
    #2366,#2367,#2368,#2369,#2370),.UNSPECIFIED.,.F.,.F.,(9,7,7,7,7,7,7,
    7,7,9),(0.,0.117338922629,0.203890106064,0.28838745224,
    0.403295990331,0.511741782224,0.631877947501,0.734579974361,
    0.852902701167,1.),.UNSPECIFIED.);
#2306 = CARTESIAN_POINT('',(4.71166996907,7.448383802872));
#2307 = CARTESIAN_POINT('',(4.71167046173,7.557590933735));
#2308 = CARTESIAN_POINT('',(4.711671397467,7.666855330567));
#2309 = CARTESIAN_POINT('',(4.71167252903,7.776093449727));
#2310 = CARTESIAN_POINT('',(4.711673409412,7.885308777731));
#2311 = CARTESIAN_POINT('',(4.711673362176,7.994522858634));
#2312 = CARTESIAN_POINT('',(4.711672650957,8.103757720561));
#2313 = CARTESIAN_POINT('',(4.711671976332,8.213020811801));
#2314 = CARTESIAN_POINT('',(4.711671237933,8.402792265915));
#2315 = CARTESIAN_POINT('',(4.711671427947,8.483369962453));
#2316 = CARTESIAN_POINT('',(4.71166982772,8.563939095706));
#2317 = CARTESIAN_POINT('',(4.711673187554,8.644501761448));
#2318 = CARTESIAN_POINT('',(4.711670666379,8.725051255631));
#2319 = CARTESIAN_POINT('',(4.711670195832,8.805609134225));
#2320 = CARTESIAN_POINT('',(4.711671585946,8.886172649541));
#2321 = CARTESIAN_POINT('',(4.711672074972,9.045394921764));
#2322 = CARTESIAN_POINT('',(4.711671870186,9.124068854963));
#2323 = CARTESIAN_POINT('',(4.711671412377,9.202737933592));
#2324 = CARTESIAN_POINT('',(4.711671142401,9.281396577951));
#2325 = CARTESIAN_POINT('',(4.711671289567,9.360049269577));
#2326 = CARTESIAN_POINT('',(4.711671723306,9.438703611029));
#2327 = CARTESIAN_POINT('',(4.711672115557,9.51736437388));
#2328 = CARTESIAN_POINT('',(4.711672819562,9.703004483301));
#2329 = CARTESIAN_POINT('',(4.711673014722,9.810021922745));
#2330 = CARTESIAN_POINT('',(4.711672659219,9.917013705179));
#2331 = CARTESIAN_POINT('',(4.711671584948,10.023987583056));
#2332 = CARTESIAN_POINT('',(4.711670387502,10.130964161009));
#2333 = CARTESIAN_POINT('',(4.711669652022,10.23796272124));
#2334 = CARTESIAN_POINT('',(4.711669525976,10.344984925294));
#2335 = CARTESIAN_POINT('',(4.711670251392,10.552904789352));
#2336 = CARTESIAN_POINT('',(4.71167104696,10.653899226082));
#2337 = CARTESIAN_POINT('',(4.711672197341,10.754878471896));
#2338 = CARTESIAN_POINT('',(4.711673370886,10.855842178698));
#2339 = CARTESIAN_POINT('',(4.711674125938,10.956804464404));
#2340 = CARTESIAN_POINT('',(4.711674218487,11.057780276359));
#2341 = CARTESIAN_POINT('',(4.711673775984,11.158771741388));
#2342 = CARTESIAN_POINT('',(4.71167220125,11.371561298467));
#2343 = CARTESIAN_POINT('',(4.711671000084,11.483458721009));
#2344 = CARTESIAN_POINT('',(4.711669753736,11.595324272831));
#2345 = CARTESIAN_POINT('',(4.711668976654,11.707164000008));
#2346 = CARTESIAN_POINT('',(4.711669184175,11.819001979152));
#2347 = CARTESIAN_POINT('',(4.711670079943,11.93086316683));
#2348 = CARTESIAN_POINT('',(4.711671097378,12.042756232575));
#2349 = CARTESIAN_POINT('',(4.711672544508,12.250202765593));
#2350 = CARTESIAN_POINT('',(4.711673032476,12.345828812732));
#2351 = CARTESIAN_POINT('',(4.711673148837,12.441438818676));
#2352 = CARTESIAN_POINT('',(4.711672682647,12.537037620822));
#2353 = CARTESIAN_POINT('',(4.711671918645,12.632639018368));
#2354 = CARTESIAN_POINT('',(4.711671380768,12.728255234503));
#2355 = CARTESIAN_POINT('',(4.711671318124,12.823885815175));
#2356 = CARTESIAN_POINT('',(4.711671594211,13.029627292681));
#2357 = CARTESIAN_POINT('',(4.711672584052,13.139830000534));
#2358 = CARTESIAN_POINT('',(4.711670696897,13.250001929118));
#2359 = CARTESIAN_POINT('',(4.711671612797,13.360160934456));
#2360 = CARTESIAN_POINT('',(4.711673125159,13.470306841918));
#2361 = CARTESIAN_POINT('',(4.711670767974,13.580483898568));
#2362 = CARTESIAN_POINT('',(4.711671266711,13.690686500605));
#2363 = CARTESIAN_POINT('',(4.711672020963,13.937766782768));
#2364 = CARTESIAN_POINT('',(4.711672883229,14.074861689365));
#2365 = CARTESIAN_POINT('',(4.711673782275,14.211859536525));
#2366 = CARTESIAN_POINT('',(4.711672826891,14.348801389351));
#2367 = CARTESIAN_POINT('',(4.711670717771,14.485744846389));
#2368 = CARTESIAN_POINT('',(4.711669527123,14.62274697259));
#2369 = CARTESIAN_POINT('',(4.71166938415,14.759841060145));
#2370 = CARTESIAN_POINT('',(4.711670012162,14.896766904403));
#2371 = ( GEOMETRIC_REPRESENTATION_CONTEXT(2) 
PARAMETRIC_REPRESENTATION_CONTEXT() REPRESENTATION_CONTEXT('2D SPACE',''
  ) );
#2372 = PCURVE('',#1969,#2373);
#2373 = DEFINITIONAL_REPRESENTATION('',(#2374),#2440);
#2374 = B_SPLINE_CURVE_WITH_KNOTS('',8,(#2375,#2376,#2377,#2378,#2379,
    #2380,#2381,#2382,#2383,#2384,#2385,#2386,#2387,#2388,#2389,#2390,
    #2391,#2392,#2393,#2394,#2395,#2396,#2397,#2398,#2399,#2400,#2401,
    #2402,#2403,#2404,#2405,#2406,#2407,#2408,#2409,#2410,#2411,#2412,
    #2413,#2414,#2415,#2416,#2417,#2418,#2419,#2420,#2421,#2422,#2423,
    #2424,#2425,#2426,#2427,#2428,#2429,#2430,#2431,#2432,#2433,#2434,
    #2435,#2436,#2437,#2438,#2439),.UNSPECIFIED.,.F.,.F.,(9,7,7,7,7,7,7,
    7,7,9),(0.,0.117338922629,0.203890106064,0.28838745224,
    0.403295990331,0.511741782224,0.631877947501,0.734579974361,
    0.852902701167,1.),.UNSPECIFIED.);
#2375 = CARTESIAN_POINT('',(0.,-3.700000132324));
#2376 = CARTESIAN_POINT('',(-9.212320715265E-02,-3.758647558324));
#2377 = CARTESIAN_POINT('',(-0.184294801735,-3.817325737825));
#2378 = CARTESIAN_POINT('',(-0.276444318851,-3.875989805446));
#2379 = CARTESIAN_POINT('',(-0.368574651656,-3.934641633558));
#2380 = CARTESIAN_POINT('',(-0.460703848397,-3.99329279193));
#2381 = CARTESIAN_POINT('',(-0.552850273583,-4.051955110323));
#2382 = CARTESIAN_POINT('',(-0.645020310062,-4.110632588684));
#2383 = CARTESIAN_POINT('',(-0.805104037719,-4.212545414561));
#2384 = CARTESIAN_POINT('',(-0.873075979073,-4.255817996284));
#2385 = CARTESIAN_POINT('',(-0.941042190852,-4.299085979272));
#2386 = CARTESIAN_POINT('',(-1.008999328223,-4.342350489018));
#2387 = CARTESIAN_POINT('',(-1.076951684607,-4.385607925249));
#2388 = CARTESIAN_POINT('',(-1.144905639702,-4.428869864158));
#2389 = CARTESIAN_POINT('',(-1.212866577585,-4.472134830148));
#2390 = CARTESIAN_POINT('',(-1.347181245999,-4.557641851109));
#2391 = CARTESIAN_POINT('',(-1.413547958044,-4.599892056192));
#2392 = CARTESIAN_POINT('',(-1.479910284046,-4.64213965423));
#2393 = CARTESIAN_POINT('',(-1.546263588725,-4.684381648758));
#2394 = CARTESIAN_POINT('',(-1.612611813643,-4.726620446494));
#2395 = CARTESIAN_POINT('',(-1.678961483409,-4.768860130236));
#2396 = CARTESIAN_POINT('',(-1.745316650561,-4.811103262456));
#2397 = CARTESIAN_POINT('',(-1.901915667003,-4.910797435301));
#2398 = CARTESIAN_POINT('',(-1.992191726545,-4.968268932912));
#2399 = CARTESIAN_POINT('',(-2.082446327125,-5.025726651959));
#2400 = CARTESIAN_POINT('',(-2.172685879852,-5.083174755728));
#2401 = CARTESIAN_POINT('',(-2.262927599394,-5.140624309528));
#2402 = CARTESIAN_POINT('',(-2.353187746932,-5.198085668451));
#2403 = CARTESIAN_POINT('',(-2.443467758252,-5.255559724798));
#2404 = CARTESIAN_POINT('',(-2.618861271694,-5.367218778056));
#2405 = CARTESIAN_POINT('',(-2.704056415086,-5.421455746903));
#2406 = CARTESIAN_POINT('',(-2.78923874868,-5.475684557782));
#2407 = CARTESIAN_POINT('',(-2.874408027163,-5.529905023762));
#2408 = CARTESIAN_POINT('',(-2.959576160528,-5.584124726573));
#2409 = CARTESIAN_POINT('',(-3.044755720626,-5.638351693371));
#2410 = CARTESIAN_POINT('',(-3.129948465325,-5.692587066327));
#2411 = CARTESIAN_POINT('',(-3.309449973892,-5.806861287283));
#2412 = CARTESIAN_POINT('',(-3.403842522477,-5.866953478665));
#2413 = CARTESIAN_POINT('',(-3.498208137624,-5.927028554537));
#2414 = CARTESIAN_POINT('',(-3.59255193702,-5.987089761831));
#2415 = CARTESIAN_POINT('',(-3.686894318721,-6.047150030361));
#2416 = CARTESIAN_POINT('',(-3.781256425377,-6.107222762561));
#2417 = CARTESIAN_POINT('',(-3.875645518979,-6.167312614215));
#2418 = CARTESIAN_POINT('',(-4.050640200592,-6.278717474851));
#2419 = CARTESIAN_POINT('',(-4.131307013426,-6.330071461346));
#2420 = CARTESIAN_POINT('',(-4.211960238304,-6.381416833249));
#2421 = CARTESIAN_POINT('',(-4.292603885818,-6.432756188382));
#2422 = CARTESIAN_POINT('',(-4.373249507545,-6.48409693732));
#2423 = CARTESIAN_POINT('',(-4.453907464269,-6.535445644278));
#2424 = CARTESIAN_POINT('',(-4.534577617896,-6.586802065411));
#2425 = CARTESIAN_POINT('',(-4.708133388532,-6.697291261326));
#2426 = CARTESIAN_POINT('',(-4.801096077504,-6.756473341313));
#2427 = CARTESIAN_POINT('',(-4.894036334209,-6.815638891932));
#2428 = CARTESIAN_POINT('',(-4.986957308814,-6.874797502389));
#2429 = CARTESIAN_POINT('',(-5.079878132298,-6.933949078902));
#2430 = CARTESIAN_POINT('',(-5.172817058367,-6.993117383443));
#2431 = CARTESIAN_POINT('',(-5.265780047365,-7.052299406603));
#2432 = CARTESIAN_POINT('',(-5.474207249508,-7.184988750695));
#2433 = CARTESIAN_POINT('',(-5.589855137434,-7.258612728599));
#2434 = CARTESIAN_POINT('',(-5.705421570027,-7.332184582751));
#2435 = CARTESIAN_POINT('',(-5.820941264988,-7.405726366294));
#2436 = CARTESIAN_POINT('',(-5.936462081639,-7.479269011349));
#2437 = CARTESIAN_POINT('',(-6.052032189786,-7.552843163474));
#2438 = CARTESIAN_POINT('',(-6.167679730899,-7.626466701528));
#2439 = CARTESIAN_POINT('',(-6.28318530718,-7.699999888007));
#2440 = ( GEOMETRIC_REPRESENTATION_CONTEXT(2) 
PARAMETRIC_REPRESENTATION_CONTEXT() REPRESENTATION_CONTEXT('2D SPACE',''
  ) );
#2441 = ORIENTED_EDGE('',*,*,#2442,.T.);
#2442 = EDGE_CURVE('',#2234,#2443,#2445,.T.);
#2443 = VERTEX_POINT('',#2444);
#2444 = CARTESIAN_POINT('',(7.,0.,20.699999638785));
#2445 = SURFACE_CURVE('',#2446,(#2512,#2581),.PCURVE_S1.);
#2446 = B_SPLINE_CURVE_WITH_KNOTS('',8,(#2447,#2448,#2449,#2450,#2451,
    #2452,#2453,#2454,#2455,#2456,#2457,#2458,#2459,#2460,#2461,#2462,
    #2463,#2464,#2465,#2466,#2467,#2468,#2469,#2470,#2471,#2472,#2473,
    #2474,#2475,#2476,#2477,#2478,#2479,#2480,#2481,#2482,#2483,#2484,
    #2485,#2486,#2487,#2488,#2489,#2490,#2491,#2492,#2493,#2494,#2495,
    #2496,#2497,#2498,#2499,#2500,#2501,#2502,#2503,#2504,#2505,#2506,
    #2507,#2508,#2509,#2510,#2511),.UNSPECIFIED.,.F.,.F.,(9,7,7,7,7,7,7,
    7,7,9),(0.,9.021819575312E-02,0.186950291455,0.353112179974,
    0.382655252686,0.511919019227,0.637265967969,0.776551249246,
    0.886888638487,1.),.UNSPECIFIED.);
#2447 = CARTESIAN_POINT('',(7.,0.,16.699999888007));
#2448 = CARTESIAN_POINT('',(7.,0.495771267389,16.745088176295));
#2449 = CARTESIAN_POINT('',(6.959870895825,0.991657604285,
    16.790186796133));
#2450 = CARTESIAN_POINT('',(6.879581673907,1.483728235921,
    16.835283548316));
#2451 = CARTESIAN_POINT('',(6.75958896294,1.968179891617,16.880376685761
    ));
#2452 = CARTESIAN_POINT('',(6.600759955129,2.441322588493,
    16.925469725725));
#2453 = CARTESIAN_POINT('',(6.404344467341,2.899579587337,
    16.970566318654));
#2454 = CARTESIAN_POINT('',(6.171996142174,3.339501520621,17.01566517369
    ));
#2455 = CARTESIAN_POINT('',(5.620472732241,4.206289309698,
    17.109100469425));
#2456 = CARTESIAN_POINT('',(5.29609919942,4.630139891878,17.157458968522
    ));
#2457 = CARTESIAN_POINT('',(4.935298310839,5.025219978642,
    17.205814076271));
#2458 = CARTESIAN_POINT('',(4.541098682822,5.387905614948,
    17.254163843847));
#2459 = CARTESIAN_POINT('',(4.116897421473,5.714994064394,
    17.302513582722));
#2460 = CARTESIAN_POINT('',(3.666425752625,6.003681164596,
    17.350868680674));
#2461 = CARTESIAN_POINT('',(3.193764287912,6.251597324826,
    17.399227486519));
#2462 = CARTESIAN_POINT('',(1.861096609368,6.809565259539,
    17.530622105336));
#2463 = CARTESIAN_POINT('',(0.964694106986,7.03728293585,17.61381852246)
  );
#2464 = CARTESIAN_POINT('',(3.820878671269E-02,7.129088370148,
    17.696921881085));
#2465 = CARTESIAN_POINT('',(-0.89437797588,7.081744591347,
    17.779976757899));
#2466 = CARTESIAN_POINT('',(-1.809443812111,6.89573508314,17.86303186068
    ));
#2467 = CARTESIAN_POINT('',(-2.68399610739,6.576486496352,
    17.946134378485));
#2468 = CARTESIAN_POINT('',(-3.495647448428,6.133052337204,
    18.029331793263));
#2469 = CARTESIAN_POINT('',(-4.353312231556,5.484070849518,
    18.12714630953));
#2470 = CARTESIAN_POINT('',(-4.480185773431,5.38267075495,
    18.141912043991));
#2471 = CARTESIAN_POINT('',(-4.604357552859,5.277917974451,
    18.156677953122));
#2472 = CARTESIAN_POINT('',(-4.72572575179,5.169895375464,
    18.171444224369));
#2473 = CARTESIAN_POINT('',(-4.844191365396,5.058689711608,
    18.186210987051));
#2474 = CARTESIAN_POINT('',(-4.959658202069,4.944391622679,
    18.20097831236));
#2475 = CARTESIAN_POINT('',(-5.072032883422,4.827095634645,
    18.215746213357));
#2476 = CARTESIAN_POINT('',(-5.658987068783,4.180992784681,
    18.295132943698));
#2477 = CARTESIAN_POINT('',(-6.076051417706,3.599323393932,
    18.359792671281));
#2478 = CARTESIAN_POINT('',(-6.424275642342,2.970579209211,
    18.424427167766));
#2479 = CARTESIAN_POINT('',(-6.697744426453,2.304403102181,
    18.489043141335));
#2480 = CARTESIAN_POINT('',(-6.892044313676,1.610999189136,
    18.553658018066));
#2481 = CARTESIAN_POINT('',(-7.004387297486,0.901122693986,
    18.618290310841));
#2482 = CARTESIAN_POINT('',(-7.033507809719,0.186000566628,
    18.682948301239));
#2483 = CARTESIAN_POINT('',(-6.929039450893,-1.209591062261,
    18.810226212608));
#2484 = CARTESIAN_POINT('',(-6.800288582198,-1.891329485979,
    18.872928262622));
#2485 = CARTESIAN_POINT('',(-6.594848031669,-2.556887636063,
    18.935608888531));
#2486 = CARTESIAN_POINT('',(-6.315328615585,-3.196268150786,
    18.998272522703));
#2487 = CARTESIAN_POINT('',(-5.965630110706,-3.800109018627,
    19.060934678874));
#2488 = CARTESIAN_POINT('',(-5.550998061838,-4.359742166955,
    19.123611607739));
#2489 = CARTESIAN_POINT('',(-5.077924126249,-4.867179273868,
    19.186310303361));
#2490 = CARTESIAN_POINT('',(-3.973319497545,-5.813684881977,
    19.318605035864));
#2491 = CARTESIAN_POINT('',(-3.329120739699,-6.239645366719,
    19.388300085088));
#2492 = CARTESIAN_POINT('',(-2.633370074175,-6.583342548811,
    19.457957459135));
#2493 = CARTESIAN_POINT('',(-1.898496178771,-6.837957395979,
    19.527590793795));
#2494 = CARTESIAN_POINT('',(-1.137535068797,-6.998651794779,
    19.597225108976));
#2495 = CARTESIAN_POINT('',(-0.364154356875,-7.062838776166,
    19.666884806781));
#2496 = CARTESIAN_POINT('',(0.407460629385,-7.029947016145,
    19.736582164511));
#2497 = CARTESIAN_POINT('',(1.760534495574,-6.802085248273,
    19.861371075301));
#2498 = CARTESIAN_POINT('',(2.348886760872,-6.642102077002,
    19.916552365967));
#2499 = CARTESIAN_POINT('',(2.92030226302,-6.423986243471,
    19.971723581235));
#2500 = CARTESIAN_POINT('',(3.468098769614,-6.149938359387,
    20.026885352622));
#2501 = CARTESIAN_POINT('',(3.986049776215,-5.822982480373,
    20.082046477517));
#2502 = CARTESIAN_POINT('',(4.46835463493,-5.446885017518,
    20.137216164692));
#2503 = CARTESIAN_POINT('',(4.909686690507,-5.02621570974,
    20.192396368939));
#2504 = CARTESIAN_POINT('',(5.710975758915,-4.095284257382,
    20.304104433472));
#2505 = CARTESIAN_POINT('',(6.068919605005,-3.582674747461,
    20.360674580718));
#2506 = CARTESIAN_POINT('',(6.373992503543,-3.034601674679,
    20.417232598496));
#2507 = CARTESIAN_POINT('',(6.622227537877,-2.457500478538,
    20.473780511578));
#2508 = CARTESIAN_POINT('',(6.810565327374,-1.858170110559,
    20.530326907845));
#2509 = CARTESIAN_POINT('',(6.936886741839,-1.243760804195,
    20.586885768558));
#2510 = CARTESIAN_POINT('',(7.,-0.62174625431,20.643454598093));
#2511 = CARTESIAN_POINT('',(7.,1.7763568394E-15,20.699999638785));
#2512 = PCURVE('',#666,#2513);
#2513 = DEFINITIONAL_REPRESENTATION('',(#2514),#2580);
#2514 = B_SPLINE_CURVE_WITH_KNOTS('',8,(#2515,#2516,#2517,#2518,#2519,
    #2520,#2521,#2522,#2523,#2524,#2525,#2526,#2527,#2528,#2529,#2530,
    #2531,#2532,#2533,#2534,#2535,#2536,#2537,#2538,#2539,#2540,#2541,
    #2542,#2543,#2544,#2545,#2546,#2547,#2548,#2549,#2550,#2551,#2552,
    #2553,#2554,#2555,#2556,#2557,#2558,#2559,#2560,#2561,#2562,#2563,
    #2564,#2565,#2566,#2567,#2568,#2569,#2570,#2571,#2572,#2573,#2574,
    #2575,#2576,#2577,#2578,#2579),.UNSPECIFIED.,.F.,.F.,(9,7,7,7,7,7,7,
    7,7,9),(0.,9.021819575312E-02,0.186950291455,0.353112179974,
    0.382655252686,0.511919019227,0.637265967969,0.776551249246,
    0.886888638487,1.),.UNSPECIFIED.);
#2515 = CARTESIAN_POINT('',(4.711670012162,14.896766904403));
#2516 = CARTESIAN_POINT('',(4.71167039724,14.980725620674));
#2517 = CARTESIAN_POINT('',(4.711671066798,15.064703575282));
#2518 = CARTESIAN_POINT('',(4.711671957617,15.148678052135));
#2519 = CARTESIAN_POINT('',(4.711672871979,15.232645797998));
#2520 = CARTESIAN_POINT('',(4.711673593687,15.316613362338));
#2521 = CARTESIAN_POINT('',(4.71167396971,15.40058754264));
#2522 = CARTESIAN_POINT('',(4.711673957466,15.484565935207));
#2523 = CARTESIAN_POINT('',(4.711673294925,15.658551415298));
#2524 = CARTESIAN_POINT('',(4.711672600593,15.748599577674));
#2525 = CARTESIAN_POINT('',(4.711671617473,15.838641425034));
#2526 = CARTESIAN_POINT('',(4.711670598225,15.928673328475));
#2527 = CARTESIAN_POINT('',(4.711669818983,16.01870517847));
#2528 = CARTESIAN_POINT('',(4.711669463257,16.108747007581));
#2529 = CARTESIAN_POINT('',(4.711669556165,16.19879574115));
#2530 = CARTESIAN_POINT('',(4.711670623861,16.443465120706));
#2531 = CARTESIAN_POINT('',(4.711672247346,16.59838482703));
#2532 = CARTESIAN_POINT('',(4.711673796688,16.75313124948));
#2533 = CARTESIAN_POINT('',(4.711674995864,16.90778739417));
#2534 = CARTESIAN_POINT('',(4.711670468107,17.062443959642));
#2535 = CARTESIAN_POINT('',(4.71167089926,17.217188816411));
#2536 = CARTESIAN_POINT('',(4.711671329193,17.372110380461));
#2537 = CARTESIAN_POINT('',(4.71167120403,17.554250389098));
#2538 = CARTESIAN_POINT('',(4.711671119218,17.581745602537));
#2539 = CARTESIAN_POINT('',(4.711671036459,17.60924114123));
#2540 = CARTESIAN_POINT('',(4.711671001979,17.636737354217));
#2541 = CARTESIAN_POINT('',(4.711671040251,17.664234482303));
#2542 = CARTESIAN_POINT('',(4.711671154002,17.691732658053));
#2543 = CARTESIAN_POINT('',(4.711671324208,17.719231905791));
#2544 = CARTESIAN_POINT('',(4.711672323448,17.867057610009));
#2545 = CARTESIAN_POINT('',(4.711672345488,17.987460222932));
#2546 = CARTESIAN_POINT('',(4.711670216728,18.10781585313));
#2547 = CARTESIAN_POINT('',(4.711671039424,18.228136991882));
#2548 = CARTESIAN_POINT('',(4.711672177698,18.348456088226));
#2549 = CARTESIAN_POINT('',(4.711672959329,18.468807614896));
#2550 = CARTESIAN_POINT('',(4.711672953843,18.589206993019));
#2551 = CARTESIAN_POINT('',(4.711671958476,18.826210668557));
#2552 = CARTESIAN_POINT('',(4.711670992647,18.942967898128));
#2553 = CARTESIAN_POINT('',(4.711669766814,19.059685233961));
#2554 = CARTESIAN_POINT('',(4.711668941153,19.176370929534));
#2555 = CARTESIAN_POINT('',(4.711669246573,19.293053872952));
#2556 = CARTESIAN_POINT('',(4.71167030353,19.409764324542));
#2557 = CARTESIAN_POINT('',(4.711671552136,19.526515307911));
#2558 = CARTESIAN_POINT('',(4.711673669098,19.772860785452));
#2559 = CARTESIAN_POINT('',(4.711674480387,19.902639650102));
#2560 = CARTESIAN_POINT('',(4.711674406513,20.032348359948));
#2561 = CARTESIAN_POINT('',(4.711673021134,20.162012306201));
#2562 = CARTESIAN_POINT('',(4.711670978941,20.291678078226));
#2563 = CARTESIAN_POINT('',(4.711669701408,20.421391115139));
#2564 = CARTESIAN_POINT('',(4.711669402918,20.551174278449));
#2565 = CARTESIAN_POINT('',(4.711670122193,20.783543196242));
#2566 = CARTESIAN_POINT('',(4.711670877496,20.886296050751));
#2567 = CARTESIAN_POINT('',(4.711671928312,20.989030143902));
#2568 = CARTESIAN_POINT('',(4.71167289525,21.091746651634));
#2569 = CARTESIAN_POINT('',(4.711673267782,21.194461955537));
#2570 = CARTESIAN_POINT('',(4.711672929698,21.297193203232));
#2571 = CARTESIAN_POINT('',(4.711672379832,21.399944034723));
#2572 = CARTESIAN_POINT('',(4.711671457341,21.607955162471));
#2573 = CARTESIAN_POINT('',(4.711671561555,21.713294201104));
#2574 = CARTESIAN_POINT('',(4.711669182606,21.818610653506));
#2575 = CARTESIAN_POINT('',(4.71167579107,21.923908289994));
#2576 = CARTESIAN_POINT('',(4.711669099187,22.029203102026));
#2577 = CARTESIAN_POINT('',(4.711672266469,22.134521124054));
#2578 = CARTESIAN_POINT('',(4.71167190475,22.239857708983));
#2579 = CARTESIAN_POINT('',(4.711671697714,22.345149996807));
#2580 = ( GEOMETRIC_REPRESENTATION_CONTEXT(2) 
PARAMETRIC_REPRESENTATION_CONTEXT() REPRESENTATION_CONTEXT('2D SPACE',''
  ) );
#2581 = PCURVE('',#2582,#2587);
#2582 = CYLINDRICAL_SURFACE('',#2583,7.);
#2583 = AXIS2_PLACEMENT_3D('',#2584,#2585,#2586);
#2584 = CARTESIAN_POINT('',(0.,0.,9.));
#2585 = DIRECTION('',(-0.,-0.,-1.));
#2586 = DIRECTION('',(1.,0.,0.));
#2587 = DEFINITIONAL_REPRESENTATION('',(#2588),#2654);
#2588 = B_SPLINE_CURVE_WITH_KNOTS('',8,(#2589,#2590,#2591,#2592,#2593,
    #2594,#2595,#2596,#2597,#2598,#2599,#2600,#2601,#2602,#2603,#2604,
    #2605,#2606,#2607,#2608,#2609,#2610,#2611,#2612,#2613,#2614,#2615,
    #2616,#2617,#2618,#2619,#2620,#2621,#2622,#2623,#2624,#2625,#2626,
    #2627,#2628,#2629,#2630,#2631,#2632,#2633,#2634,#2635,#2636,#2637,
    #2638,#2639,#2640,#2641,#2642,#2643,#2644,#2645,#2646,#2647,#2648,
    #2649,#2650,#2651,#2652,#2653),.UNSPECIFIED.,.F.,.F.,(9,7,7,7,7,7,7,
    7,7,9),(0.,9.021819575312E-02,0.186950291455,0.353112179974,
    0.382655252686,0.511919019227,0.637265967969,0.776551249246,
    0.886888638487,1.),.UNSPECIFIED.);
#2589 = CARTESIAN_POINT('',(0.,-7.699999888007));
#2590 = CARTESIAN_POINT('',(-7.082446676982E-02,-7.745088176295));
#2591 = CARTESIAN_POINT('',(-0.141665146313,-7.790186796133));
#2592 = CARTESIAN_POINT('',(-0.212502898012,-7.835283548316));
#2593 = CARTESIAN_POINT('',(-0.283334998366,-7.880376685761));
#2594 = CARTESIAN_POINT('',(-0.354166978322,-7.925469725725));
#2595 = CARTESIAN_POINT('',(-0.425004560546,-7.970566318654));
#2596 = CARTESIAN_POINT('',(-0.495845696628,-8.01566517369));
#2597 = CARTESIAN_POINT('',(-0.642613536555,-8.109100469425));
#2598 = CARTESIAN_POINT('',(-0.718574888063,-8.157458968522));
#2599 = CARTESIAN_POINT('',(-0.794530884219,-8.205814076271));
#2600 = CARTESIAN_POINT('',(-0.870478456931,-8.254163843847));
#2601 = CARTESIAN_POINT('',(-0.946425964845,-8.302513582722));
#2602 = CARTESIAN_POINT('',(-1.022381905933,-8.350868680674));
#2603 = CARTESIAN_POINT('',(-1.098343722342,-8.399227486519));
#2604 = CARTESIAN_POINT('',(-1.304738003112,-8.530622105336));
#2605 = CARTESIAN_POINT('',(-1.435422852733,-8.61381852246));
#2606 = CARTESIAN_POINT('',(-1.565961701004,-8.696921881085));
#2607 = CARTESIAN_POINT('',(-1.696424436558,-8.779976757899));
#2608 = CARTESIAN_POINT('',(-1.82688688026,-8.86303186068));
#2609 = CARTESIAN_POINT('',(-1.957422388309,-8.946134378485));
#2610 = CARTESIAN_POINT('',(-2.088108627647,-9.029331793263));
#2611 = CARTESIAN_POINT('',(-2.24175584161,-9.12714630953));
#2612 = CARTESIAN_POINT('',(-2.264949916182,-9.141912043991));
#2613 = CARTESIAN_POINT('',(-2.288144256171,-9.156677953122));
#2614 = CARTESIAN_POINT('',(-2.311339132554,-9.171444224369));
#2615 = CARTESIAN_POINT('',(-2.334534743434,-9.186210987051));
#2616 = CARTESIAN_POINT('',(-2.357731214043,-9.20097831236));
#2617 = CARTESIAN_POINT('',(-2.380928596739,-9.215746213357));
#2618 = CARTESIAN_POINT('',(-2.505629390351,-9.295132943698));
#2619 = CARTESIAN_POINT('',(-2.607197464298,-9.359792671281));
#2620 = CARTESIAN_POINT('',(-2.708724638437,-9.424427167767));
#2621 = CARTESIAN_POINT('',(-2.810222372198,-9.489043141334));
#2622 = CARTESIAN_POINT('',(-2.911718754529,-9.553658018067));
#2623 = CARTESIAN_POINT('',(-3.013242812568,-9.61829031084));
#2624 = CARTESIAN_POINT('',(-3.114807454298,-9.682948301239));
#2625 = CARTESIAN_POINT('',(-3.314735483829,-9.810226212608));
#2626 = CARTESIAN_POINT('',(-3.413227876601,-9.872928262622));
#2627 = CARTESIAN_POINT('',(-3.511686563876,-9.935608888531));
#2628 = CARTESIAN_POINT('',(-3.610118376835,-9.998272522703));
#2629 = CARTESIAN_POINT('',(-3.70854774265,-10.06093467887));
#2630 = CARTESIAN_POINT('',(-3.807000313183,-10.12361160773));
#2631 = CARTESIAN_POINT('',(-3.905487116397,-10.18631030336));
#2632 = CARTESIAN_POINT('',(-4.113295124922,-10.31860503586));
#2633 = CARTESIAN_POINT('',(-4.22277186869,-10.38830008508));
#2634 = CARTESIAN_POINT('',(-4.332189484978,-10.45795745913));
#2635 = CARTESIAN_POINT('',(-4.441569330805,-10.52759079379));
#2636 = CARTESIAN_POINT('',(-4.550950555051,-10.59722510897));
#2637 = CARTESIAN_POINT('',(-4.660371592917,-10.66688480678));
#2638 = CARTESIAN_POINT('',(-4.769851862422,-10.73658216451));
#2639 = CARTESIAN_POINT('',(-4.965869868291,-10.8613710753));
#2640 = CARTESIAN_POINT('',(-5.052548525149,-10.91655236596));
#2641 = CARTESIAN_POINT('',(-5.139211435176,-10.97172358123));
#2642 = CARTESIAN_POINT('',(-5.225859588639,-11.02688535262));
#2643 = CARTESIAN_POINT('',(-5.312506690157,-11.08204647751));
#2644 = CARTESIAN_POINT('',(-5.399167063461,-11.13721616469));
#2645 = CARTESIAN_POINT('',(-5.485843745475,-11.19239636893));
#2646 = CARTESIAN_POINT('',(-5.661313816191,-11.30410443347));
#2647 = CARTESIAN_POINT('',(-5.750173735236,-11.36067458071));
#2648 = CARTESIAN_POINT('',(-5.839014197314,-11.41723259849));
#2649 = CARTESIAN_POINT('',(-5.927839286755,-11.47378051157));
#2650 = CARTESIAN_POINT('',(-6.016664518593,-11.53032690784));
#2651 = CARTESIAN_POINT('',(-6.105505222553,-11.58688576855));
#2652 = CARTESIAN_POINT('',(-6.194364413707,-11.64345459809));
#2653 = CARTESIAN_POINT('',(-6.28318530718,-11.69999963878));
#2654 = ( GEOMETRIC_REPRESENTATION_CONTEXT(2) 
PARAMETRIC_REPRESENTATION_CONTEXT() REPRESENTATION_CONTEXT('2D SPACE',''
  ) );
#2655 = ORIENTED_EDGE('',*,*,#2656,.T.);
#2656 = EDGE_CURVE('',#2443,#2657,#2659,.T.);
#2657 = VERTEX_POINT('',#2658);
#2658 = CARTESIAN_POINT('',(7.,0.,24.69999998253));
#2659 = SURFACE_CURVE('',#2660,(#2726,#2795),.PCURVE_S1.);
#2660 = B_SPLINE_CURVE_WITH_KNOTS('',8,(#2661,#2662,#2663,#2664,#2665,
    #2666,#2667,#2668,#2669,#2670,#2671,#2672,#2673,#2674,#2675,#2676,
    #2677,#2678,#2679,#2680,#2681,#2682,#2683,#2684,#2685,#2686,#2687,
    #2688,#2689,#2690,#2691,#2692,#2693,#2694,#2695,#2696,#2697,#2698,
    #2699,#2700,#2701,#2702,#2703,#2704,#2705,#2706,#2707,#2708,#2709,
    #2710,#2711,#2712,#2713,#2714,#2715,#2716,#2717,#2718,#2719,#2720,
    #2721,#2722,#2723,#2724,#2725),.UNSPECIFIED.,.F.,.F.,(9,7,7,7,7,7,7,
    7,7,9),(0.,0.125677487893,0.266851954755,0.397565720888,
    0.528834402816,0.56012838695,0.630961403269,0.712814815821,
    0.865825362279,1.),.UNSPECIFIED.);
#2661 = CARTESIAN_POINT('',(7.,1.7763568394E-15,20.699999638785));
#2662 = CARTESIAN_POINT('',(7.,0.690800699891,20.762824872415));
#2663 = CARTESIAN_POINT('',(6.922088814123,1.382047034479,
    20.825690822252));
#2664 = CARTESIAN_POINT('',(6.766091238497,2.06281012101,20.888536356491
    ));
#2665 = CARTESIAN_POINT('',(6.533873671408,2.722854197522,
    20.951365955597));
#2666 = CARTESIAN_POINT('',(6.228650067697,3.35247528264,21.014195431221
    ));
#2667 = CARTESIAN_POINT('',(5.855050887418,3.942558552107,
    21.077040451302));
#2668 = CARTESIAN_POINT('',(5.419021309811,4.484578175073,
    21.139907099628));
#2669 = CARTESIAN_POINT('',(4.377374450757,5.517315961206,
    21.273308251947));
#2670 = CARTESIAN_POINT('',(3.756544248668,5.994390057652,
    21.343951445137));
#2671 = CARTESIAN_POINT('',(3.076898746378,6.390859186061,
    21.414554543512));
#2672 = CARTESIAN_POINT('',(2.35087023955,6.698741942556,21.48513196188)
  );
#2673 = CARTESIAN_POINT('',(1.591663626462,6.912091508794,
    21.555709544977));
#2674 = CARTESIAN_POINT('',(0.813304527987,7.027296502489,
    21.626313119198));
#2675 = CARTESIAN_POINT('',(3.04892470187E-02,7.042815184099,
    21.696957036946));
#2676 = CARTESIAN_POINT('',(-1.455609650741,6.884580051847,
    21.832875270231));
#2677 = CARTESIAN_POINT('',(-2.16167727861,6.724639218167,
    21.898268154405));
#2678 = CARTESIAN_POINT('',(-2.847035733226,6.481923641966,
    21.963634801262));
#2679 = CARTESIAN_POINT('',(-3.500482436085,6.159849889944,
    22.028982757376));
#2680 = CARTESIAN_POINT('',(-4.111605018748,5.763301164271,
    22.094330588999));
#2681 = CARTESIAN_POINT('',(-4.670881515755,5.29872421675,
    22.159696970903));
#2682 = CARTESIAN_POINT('',(-5.169646341964,4.773992772564,
    22.225089593617));
#2683 = CARTESIAN_POINT('',(-6.033502299566,3.621807952788,
    22.356056756506));
#2684 = CARTESIAN_POINT('',(-6.398649770647,2.993083927012,
    22.421726693242));
#2685 = CARTESIAN_POINT('',(-6.688423584372,2.322830900045,
    22.487369381078));
#2686 = CARTESIAN_POINT('',(-6.89764121461,1.621712502881,
    22.552993065014));
#2687 = CARTESIAN_POINT('',(-7.022755027956,0.900818784523,
    22.61861714943));
#2688 = CARTESIAN_POINT('',(-7.061998145532,0.171659281949,
    22.684260776893));
#2689 = CARTESIAN_POINT('',(-7.015256485554,-0.553908314925,
    22.749931463641));
#2690 = CARTESIAN_POINT('',(-6.853953768856,-1.432796941913,
    22.831197512006));
#2691 = CARTESIAN_POINT('',(-6.818158369277,-1.601079804928,
    22.846838290688));
#2692 = CARTESIAN_POINT('',(-6.777645351399,-1.768318422873,
    22.862477506089));
#2693 = CARTESIAN_POINT('',(-6.732447484423,-1.93437198281,
    22.878116408491));
#2694 = CARTESIAN_POINT('',(-6.682603964158,-2.099096278964,
    22.893755790714));
#2695 = CARTESIAN_POINT('',(-6.628160413014,-2.262343712726,
    22.909395988118));
#2696 = CARTESIAN_POINT('',(-6.569168880009,-2.423963292645,
    22.9250368786));
#2697 = CARTESIAN_POINT('',(-6.362000368139,-2.945587775083,
    22.976080836935));
#2698 = CARTESIAN_POINT('',(-6.195316880113,-3.298249125124,
    23.01148436665));
#2699 = CARTESIAN_POINT('',(-6.006320002455,-3.640062129296,
    23.04688674118));
#2700 = CARTESIAN_POINT('',(-5.795839834019,-3.969391458769,
    23.082288770683));
#2701 = CARTESIAN_POINT('',(-5.56484259111,-4.284682035619,
    23.117691939292));
#2702 = CARTESIAN_POINT('',(-5.314428747607,-4.584459630597,
    23.153096746933));
#2703 = CARTESIAN_POINT('',(-5.045840670832,-4.867339034203,
    23.1885012597));
#2704 = CARTESIAN_POINT('',(-4.430721596135,-5.43792344399,
    23.264805891228));
#2705 = CARTESIAN_POINT('',(-4.078428115212,-5.719659226921,
    23.305720906614));
#2706 = CARTESIAN_POINT('',(-3.705731736105,-5.975235123606,
    23.346635915171));
#2707 = CARTESIAN_POINT('',(-3.314929948757,-6.202936543747,
    23.387548906694));
#2708 = CARTESIAN_POINT('',(-2.9084572984,-6.401308162805,
    23.428461596031));
#2709 = CARTESIAN_POINT('',(-2.488872122984,-6.569140386503,
    23.469376226367));
#2710 = CARTESIAN_POINT('',(-2.058858036991,-6.705480450016,
    23.510292440315));
#2711 = CARTESIAN_POINT('',(-0.803190575712,-7.004428720696,
    23.627681587167));
#2712 = CARTESIAN_POINT('',(4.266632714696E-02,-7.087131179716,
    23.704258550143));
#2713 = CARTESIAN_POINT('',(0.896708749446,-7.052568187238,
    23.780773434511));
#2714 = CARTESIAN_POINT('',(1.740115154341,-6.900759544332,
    23.857253454954));
#2715 = CARTESIAN_POINT('',(2.554671599783,-6.634496661389,
    23.933734440978));
#2716 = CARTESIAN_POINT('',(3.323017647406,-6.259948245841,
    24.010252007048));
#2717 = CARTESIAN_POINT('',(4.028541679748,-5.786011895986,
    24.08683277743));
#2718 = CARTESIAN_POINT('',(5.206965428691,-4.73616105659,
    24.230367662119));
#2719 = CARTESIAN_POINT('',(5.698968040463,-4.178951310199,
    24.297487053983));
#2720 = CARTESIAN_POINT('',(6.122198042824,-3.563758100554,
    24.364578669257));
#2721 = CARTESIAN_POINT('',(6.469000724553,-2.9007068121,24.431649883155
    ));
#2722 = CARTESIAN_POINT('',(6.733390078177,-2.200705081332,
    24.49872100668));
#2723 = CARTESIAN_POINT('',(6.911217900672,-1.475472078793,
    24.565812477541));
#2724 = CARTESIAN_POINT('',(7.,-0.737420327555,24.632934910982));
#2725 = CARTESIAN_POINT('',(7.,3.552713678801E-15,24.69999998253));
#2726 = PCURVE('',#666,#2727);
#2727 = DEFINITIONAL_REPRESENTATION('',(#2728),#2794);
#2728 = B_SPLINE_CURVE_WITH_KNOTS('',8,(#2729,#2730,#2731,#2732,#2733,
    #2734,#2735,#2736,#2737,#2738,#2739,#2740,#2741,#2742,#2743,#2744,
    #2745,#2746,#2747,#2748,#2749,#2750,#2751,#2752,#2753,#2754,#2755,
    #2756,#2757,#2758,#2759,#2760,#2761,#2762,#2763,#2764,#2765,#2766,
    #2767,#2768,#2769,#2770,#2771,#2772,#2773,#2774,#2775,#2776,#2777,
    #2778,#2779,#2780,#2781,#2782,#2783,#2784,#2785,#2786,#2787,#2788,
    #2789,#2790,#2791,#2792,#2793),.UNSPECIFIED.,.F.,.F.,(9,7,7,7,7,7,7,
    7,7,9),(0.,0.125677487893,0.266851954755,0.397565720888,
    0.528834402816,0.56012838695,0.630961403269,0.712814815821,
    0.865825362279,1.),.UNSPECIFIED.);
#2729 = CARTESIAN_POINT('',(4.711671697714,22.345149996807));
#2730 = CARTESIAN_POINT('',(4.711671467683,22.462136606082));
#2731 = CARTESIAN_POINT('',(4.711671057616,22.57919903284));
#2732 = CARTESIAN_POINT('',(4.711671170829,22.696223443793));
#2733 = CARTESIAN_POINT('',(4.711672651767,22.81321818201));
#2734 = CARTESIAN_POINT('',(4.711673275734,22.930212690271));
#2735 = CARTESIAN_POINT('',(4.711673097888,23.047236143823));
#2736 = CARTESIAN_POINT('',(4.711672333759,23.164299871235));
#2737 = CARTESIAN_POINT('',(4.711670501663,23.41270560857));
#2738 = CARTESIAN_POINT('',(4.711669403295,23.544250008202));
#2739 = CARTESIAN_POINT('',(4.711668796452,23.675719747433));
#2740 = CARTESIAN_POINT('',(4.71166956957,23.807141668054));
#2741 = CARTESIAN_POINT('',(4.711671513175,23.938563895416));
#2742 = CARTESIAN_POINT('',(4.71167312201,24.070034520715));
#2743 = CARTESIAN_POINT('',(4.711673884209,24.201580269542));
#2744 = CARTESIAN_POINT('',(4.71167374959,24.454673053));
#2745 = CARTESIAN_POINT('',(4.711672972433,24.576440873801));
#2746 = CARTESIAN_POINT('',(4.711671518951,24.698159838209));
#2747 = CARTESIAN_POINT('',(4.711669837627,24.819843998643));
#2748 = CARTESIAN_POINT('',(4.711668978837,24.941527927257));
#2749 = CARTESIAN_POINT('',(4.711669251686,25.063246398296));
#2750 = CARTESIAN_POINT('',(4.71167012316,25.185013732233));
#2751 = CARTESIAN_POINT('',(4.71167202496,25.428887147861));
#2752 = CARTESIAN_POINT('',(4.711673062173,25.551170867095));
#2753 = CARTESIAN_POINT('',(4.71167359567,25.673403846254));
#2754 = CARTESIAN_POINT('',(4.7116732325,25.795601438354));
#2755 = CARTESIAN_POINT('',(4.711671504274,25.91779977617));
#2756 = CARTESIAN_POINT('',(4.711671046242,26.040034505014));
#2757 = CARTESIAN_POINT('',(4.711671177524,26.162319620844));
#2758 = CARTESIAN_POINT('',(4.711671238345,26.313644795431));
#2759 = CARTESIAN_POINT('',(4.71167125279,26.342769425118));
#2760 = CARTESIAN_POINT('',(4.711671248219,26.371891143826));
#2761 = CARTESIAN_POINT('',(4.711671215363,26.401012279699));
#2762 = CARTESIAN_POINT('',(4.71167115744,26.430134309045));
#2763 = CARTESIAN_POINT('',(4.71167109015,26.459257856335));
#2764 = CARTESIAN_POINT('',(4.71167104168,26.488382694203));
#2765 = CARTESIAN_POINT('',(4.711671077645,26.583431439183));
#2766 = CARTESIAN_POINT('',(4.711672390709,26.649356206326));
#2767 = CARTESIAN_POINT('',(4.711672377643,26.715278822403));
#2768 = CARTESIAN_POINT('',(4.711671721117,26.781200796007));
#2769 = CARTESIAN_POINT('',(4.711671437616,26.847124890736));
#2770 = CARTESIAN_POINT('',(4.711671547624,26.913052037498));
#2771 = CARTESIAN_POINT('',(4.71167137911,26.978978635177));
#2772 = CARTESIAN_POINT('',(4.711671648972,27.121065175866));
#2773 = CARTESIAN_POINT('',(4.711671977216,27.197252857819));
#2774 = CARTESIAN_POINT('',(4.711672438649,27.273440527056));
#2775 = CARTESIAN_POINT('',(4.711672825223,27.349624440381));
#2776 = CARTESIAN_POINT('',(4.711672960418,27.425807791008));
#2777 = CARTESIAN_POINT('',(4.711672794027,27.501994755963));
#2778 = CARTESIAN_POINT('',(4.711672402549,27.578184669754));
#2779 = CARTESIAN_POINT('',(4.711670946694,27.796774517535));
#2780 = CARTESIAN_POINT('',(4.711669598538,27.939368165495));
#2781 = CARTESIAN_POINT('',(4.711668539605,28.081846217111));
#2782 = CARTESIAN_POINT('',(4.711669202092,28.224259348797));
#2783 = CARTESIAN_POINT('',(4.711671572703,28.366674278486));
#2784 = CARTESIAN_POINT('',(4.711673362762,28.509157323689));
#2785 = CARTESIAN_POINT('',(4.711674057451,28.651758061401));
#2786 = CARTESIAN_POINT('',(4.711673545233,28.919033780127));
#2787 = CARTESIAN_POINT('',(4.711672564394,29.044016523803));
#2788 = CARTESIAN_POINT('',(4.711670966784,29.168947544806));
#2789 = CARTESIAN_POINT('',(4.711669327045,29.293840576474));
#2790 = CARTESIAN_POINT('',(4.711668814467,29.418733439855));
#2791 = CARTESIAN_POINT('',(4.711669477067,29.543664191954));
#2792 = CARTESIAN_POINT('',(4.711670556208,29.668652599334));
#2793 = CARTESIAN_POINT('',(4.711671504291,29.793534193367));
#2794 = ( GEOMETRIC_REPRESENTATION_CONTEXT(2) 
PARAMETRIC_REPRESENTATION_CONTEXT() REPRESENTATION_CONTEXT('2D SPACE',''
  ) );
#2795 = PCURVE('',#2796,#2801);
#2796 = CYLINDRICAL_SURFACE('',#2797,7.);
#2797 = AXIS2_PLACEMENT_3D('',#2798,#2799,#2800);
#2798 = CARTESIAN_POINT('',(0.,0.,9.));
#2799 = DIRECTION('',(-0.,-0.,-1.));
#2800 = DIRECTION('',(1.,0.,0.));
#2801 = DEFINITIONAL_REPRESENTATION('',(#2802),#2868);
#2802 = B_SPLINE_CURVE_WITH_KNOTS('',8,(#2803,#2804,#2805,#2806,#2807,
    #2808,#2809,#2810,#2811,#2812,#2813,#2814,#2815,#2816,#2817,#2818,
    #2819,#2820,#2821,#2822,#2823,#2824,#2825,#2826,#2827,#2828,#2829,
    #2830,#2831,#2832,#2833,#2834,#2835,#2836,#2837,#2838,#2839,#2840,
    #2841,#2842,#2843,#2844,#2845,#2846,#2847,#2848,#2849,#2850,#2851,
    #2852,#2853,#2854,#2855,#2856,#2857,#2858,#2859,#2860,#2861,#2862,
    #2863,#2864,#2865,#2866,#2867),.UNSPECIFIED.,.F.,.F.,(9,7,7,7,7,7,7,
    7,7,9),(0.,0.125677487893,0.266851954755,0.397565720888,
    0.528834402816,0.56012838695,0.630961403269,0.712814815821,
    0.865825362279,1.),.UNSPECIFIED.);
#2803 = CARTESIAN_POINT('',(0.,-11.69999963878));
#2804 = CARTESIAN_POINT('',(-9.868581427019E-02,-11.76282487241));
#2805 = CARTESIAN_POINT('',(-0.197435214405,-11.82569082225));
#2806 = CARTESIAN_POINT('',(-0.296152056876,-11.88853635649));
#2807 = CARTESIAN_POINT('',(-0.394844148795,-11.95136595559));
#2808 = CARTESIAN_POINT('',(-0.493536434297,-12.01419543122));
#2809 = CARTESIAN_POINT('',(-0.592253333557,-12.0770404513));
#2810 = CARTESIAN_POINT('',(-0.691004255411,-12.13990709962));
#2811 = CARTESIAN_POINT('',(-0.900550680732,-12.27330825194));
#2812 = CARTESIAN_POINT('',(-1.011516902811,-12.34395144513));
#2813 = CARTESIAN_POINT('',(-1.122419974303,-12.41455454351));
#2814 = CARTESIAN_POINT('',(-1.233282517022,-12.48513196188));
#2815 = CARTESIAN_POINT('',(-1.344145386155,-12.55570954497));
#2816 = CARTESIAN_POINT('',(-1.45504919524,-12.62631311919));
#2817 = CARTESIAN_POINT('',(-1.566016427055,-12.69695703694));
#2818 = CARTESIAN_POINT('',(-1.779516333426,-12.83287527023));
#2819 = CARTESIAN_POINT('',(-1.88223525529,-12.8982681544));
#2820 = CARTESIAN_POINT('',(-1.984912918935,-12.96363480126));
#2821 = CARTESIAN_POINT('',(-2.087561136385,-13.02898275737));
#2822 = CARTESIAN_POINT('',(-2.190209104146,-13.09433058899));
#2823 = CARTESIAN_POINT('',(-2.29288632953,-13.1596969709));
#2824 = CARTESIAN_POINT('',(-2.395604913121,-13.22508959361));
#2825 = CARTESIAN_POINT('',(-2.601327977141,-13.3560567565));
#2826 = CARTESIAN_POINT('',(-2.704482307276,-13.42172669324));
#2827 = CARTESIAN_POINT('',(-2.807593832695,-13.48736938107));
#2828 = CARTESIAN_POINT('',(-2.910675347596,-13.55299306501));
#2829 = CARTESIAN_POINT('',(-3.013757078369,-13.61861714943));
#2830 = CARTESIAN_POINT('',(-3.116869093174,-13.68426077689));
#2831 = CARTESIAN_POINT('',(-3.220024083157,-13.74993146364));
#2832 = CARTESIAN_POINT('',(-3.347676655739,-13.831197512));
#2833 = CARTESIAN_POINT('',(-3.372245186648,-13.84683829068));
#2834 = CARTESIAN_POINT('',(-3.396811286524,-13.86247750608));
#2835 = CARTESIAN_POINT('',(-3.421376915907,-13.87811640849));
#2836 = CARTESIAN_POINT('',(-3.44594331076,-13.89375579071));
#2837 = CARTESIAN_POINT('',(-3.470510982464,-13.90939598811));
#2838 = CARTESIAN_POINT('',(-3.495079717821,-13.9250368786));
#2839 = CARTESIAN_POINT('',(-3.575259476704,-13.97608083693));
#2840 = CARTESIAN_POINT('',(-3.630871302452,-14.01148436665));
#2841 = CARTESIAN_POINT('',(-3.686481621373,-14.04688674118));
#2842 = CARTESIAN_POINT('',(-3.742091311313,-14.08228877068));
#2843 = CARTESIAN_POINT('',(-3.797702433503,-14.11769193929));
#2844 = CARTESIAN_POINT('',(-3.853315918469,-14.15309674693));
#2845 = CARTESIAN_POINT('',(-3.908929067232,-14.1885012597));
#2846 = CARTESIAN_POINT('',(-4.028787661191,-14.26480589122));
#2847 = CARTESIAN_POINT('',(-4.0930565671,-14.30572090661));
#2848 = CARTESIAN_POINT('',(-4.157325531273,-14.34663591517));
#2849 = CARTESIAN_POINT('',(-4.221591437207,-14.38754890669));
#2850 = CARTESIAN_POINT('',(-4.285856975847,-14.42846159603));
#2851 = CARTESIAN_POINT('',(-4.350125634213,-14.46937622636));
#2852 = CARTESIAN_POINT('',(-4.414396802956,-14.51029244031));
#2853 = CARTESIAN_POINT('',(-4.598791612406,-14.62768158716));
#2854 = CARTESIAN_POINT('',(-4.719078654445,-14.70425855014));
#2855 = CARTESIAN_POINT('',(-4.839267984463,-14.78077343451));
#2856 = CARTESIAN_POINT('',(-4.959402249063,-14.85725345495));
#2857 = CARTESIAN_POINT('',(-5.079538133614,-14.93373444097));
#2858 = CARTESIAN_POINT('',(-5.199731631397,-15.01025200704));
#2859 = CARTESIAN_POINT('',(-5.320024462855,-15.08683277743));
#2860 = CARTESIAN_POINT('',(-5.545488579058,-15.23036766211));
#2861 = CARTESIAN_POINT('',(-5.650919484007,-15.29748705398));
#2862 = CARTESIAN_POINT('',(-5.756306700874,-15.36457866925));
#2863 = CARTESIAN_POINT('',(-5.861661777704,-15.43164988315));
#2864 = CARTESIAN_POINT('',(-5.967016684933,-15.49872100668));
#2865 = CARTESIAN_POINT('',(-6.07240372404,-15.56581247754));
#2866 = CARTESIAN_POINT('',(-6.1778395461,-15.63293491098));
#2867 = CARTESIAN_POINT('',(-6.28318530718,-15.69999998253));
#2868 = ( GEOMETRIC_REPRESENTATION_CONTEXT(2) 
PARAMETRIC_REPRESENTATION_CONTEXT() REPRESENTATION_CONTEXT('2D SPACE',''
  ) );
#2869 = ORIENTED_EDGE('',*,*,#2870,.T.);
#2870 = EDGE_CURVE('',#2657,#2871,#2873,.T.);
#2871 = VERTEX_POINT('',#2872);
#2872 = CARTESIAN_POINT('',(7.,0.,28.699999981845));
#2873 = SURFACE_CURVE('',#2874,(#2954,#3037),.PCURVE_S1.);
#2874 = B_SPLINE_CURVE_WITH_KNOTS('',8,(#2875,#2876,#2877,#2878,#2879,
    #2880,#2881,#2882,#2883,#2884,#2885,#2886,#2887,#2888,#2889,#2890,
    #2891,#2892,#2893,#2894,#2895,#2896,#2897,#2898,#2899,#2900,#2901,
    #2902,#2903,#2904,#2905,#2906,#2907,#2908,#2909,#2910,#2911,#2912,
    #2913,#2914,#2915,#2916,#2917,#2918,#2919,#2920,#2921,#2922,#2923,
    #2924,#2925,#2926,#2927,#2928,#2929,#2930,#2931,#2932,#2933,#2934,
    #2935,#2936,#2937,#2938,#2939,#2940,#2941,#2942,#2943,#2944,#2945,
    #2946,#2947,#2948,#2949,#2950,#2951,#2952,#2953),.UNSPECIFIED.,.F.,
  .F.,(9,7,7,7,7,7,7,7,7,7,7,9),(0.,0.113486739869,0.216607663584,
    0.374415362705,0.462875335456,0.552503542124,0.637857904098,
    0.72706832245,0.748051150116,0.814580409681,0.902134990436,1.),
  .UNSPECIFIED.);
#2875 = CARTESIAN_POINT('',(7.,3.552713678801E-15,24.69999998253));
#2876 = CARTESIAN_POINT('',(7.,0.62371995657,24.756724515269));
#2877 = CARTESIAN_POINT('',(6.936484448992,1.247684983368,
    24.813471333964));
#2878 = CARTESIAN_POINT('',(6.809372176001,1.863966689013,
    24.870205605103));
#2879 = CARTESIAN_POINT('',(6.619852949252,2.46501696606,24.926929499676
    ));
#2880 = CARTESIAN_POINT('',(6.370100820443,3.043639374939,
    24.983653639793));
#2881 = CARTESIAN_POINT('',(6.063177689463,3.592969959859,
    25.040388694008));
#2882 = CARTESIAN_POINT('',(5.703115242801,4.106521494585,
    25.097136818179));
#2883 = CARTESIAN_POINT('',(4.924473689238,5.007072704754,
    25.205407154138));
#2884 = CARTESIAN_POINT('',(4.514028894615,5.401595727469,
    25.256963087098));
#2885 = CARTESIAN_POINT('',(4.067645824542,5.757440842274,
    25.308510436201));
#2886 = CARTESIAN_POINT('',(3.589625275697,6.070853853103,
    25.360051910424));
#2887 = CARTESIAN_POINT('',(3.084640087909,6.338684390238,
    25.411594013387));
#2888 = CARTESIAN_POINT('',(2.557704441643,6.558345447618,
    25.463143295247));
#2889 = CARTESIAN_POINT('',(2.01419816459,6.727867522145,25.514701642261
    ));
#2890 = CARTESIAN_POINT('',(0.611698202108,7.026949818555,
    25.645121343937));
#2891 = CARTESIAN_POINT('',(-0.263394289354,7.087993119608,
    25.72411502652));
#2892 = CARTESIAN_POINT('',(-1.143614575415,7.023913599316,
    25.803038596527));
#2893 = CARTESIAN_POINT('',(-2.008265746189,6.835410893752,
    25.881921743959));
#2894 = CARTESIAN_POINT('',(-2.837481533069,6.526250472379,
    25.960807162037));
#2895 = CARTESIAN_POINT('',(-3.612533363252,6.10402401609,
    26.039733684466));
#2896 = CARTESIAN_POINT('',(-4.315619252487,5.579211500558,
    26.118739791623));
#2897 = CARTESIAN_POINT('',(-5.276220677991,4.625780390764,
    26.24182893677));
#2898 = CARTESIAN_POINT('',(-5.594145435112,4.255860633793,
    26.286050132177));
#2899 = CARTESIAN_POINT('',(-5.88231365089,3.861077448011,
    26.330268930847));
#2900 = CARTESIAN_POINT('',(-6.138484174776,3.444248109896,
    26.374484587142));
#2901 = CARTESIAN_POINT('',(-6.360750375088,3.008389762311,
    26.418700638185));
#2902 = CARTESIAN_POINT('',(-6.547525434421,2.556704355802,
    26.462920280121));
#2903 = CARTESIAN_POINT('',(-6.697568099514,2.092584487539,
    26.507141751059));
#2904 = CARTESIAN_POINT('',(-6.924015132952,1.140449916628,
    26.596149569344));
#2905 = CARTESIAN_POINT('',(-6.9994752521,0.651971704012,26.64095679886)
  );
#2906 = CARTESIAN_POINT('',(-7.035502512331,0.157953877984,
    26.68576285924));
#2907 = CARTESIAN_POINT('',(-7.031664693148,-0.337865995569,
    26.730565587277));
#2908 = CARTESIAN_POINT('',(-6.987946725873,-0.831767672962,
    26.775368187619));
#2909 = CARTESIAN_POINT('',(-6.904722335573,-1.320055401874,
    26.820174280867));
#2910 = CARTESIAN_POINT('',(-6.782774683264,-1.799065749545,
    26.864983018681));
#2911 = CARTESIAN_POINT('',(-6.471558600423,-2.709060355901,
    26.95244920383));
#2912 = CARTESIAN_POINT('',(-6.285719574127,-3.141415531279,
    26.995123465128));
#2913 = CARTESIAN_POINT('',(-6.066898247127,-3.559089721639,
    27.037797361147));
#2914 = CARTESIAN_POINT('',(-5.816481239954,-3.959146793457,
    27.080469198155));
#2915 = CARTESIAN_POINT('',(-5.53614084398,-4.338840999651,
    27.123141426937));
#2916 = CARTESIAN_POINT('',(-5.2278148043,-4.695611065201,
    27.165816760503));
#2917 = CARTESIAN_POINT('',(-4.893717517585,-5.027093732907,
    27.208494259926));
#2918 = CARTESIAN_POINT('',(-4.162904444772,-5.648956469951,
    27.295764271441));
#2919 = CARTESIAN_POINT('',(-3.763884426548,-5.936936929541,
    27.340374730907));
#2920 = CARTESIAN_POINT('',(-3.342202012119,-6.192602426266,
    27.38498436882));
#2921 = CARTESIAN_POINT('',(-2.90094889731,-6.413894478716,
    27.429590942297));
#2922 = CARTESIAN_POINT('',(-2.443388359325,-6.599127801146,
    27.474197433458));
#2923 = CARTESIAN_POINT('',(-1.972936161203,-6.746968924533,
    27.5188072189));
#2924 = CARTESIAN_POINT('',(-1.493163053291,-6.856457483437,
    27.563419338668));
#2925 = CARTESIAN_POINT('',(-0.893662997234,-6.943678697512,
    27.618515117849));
#2926 = CARTESIAN_POINT('',(-0.779193954446,-6.958137246996,
    27.629006396698));
#2927 = CARTESIAN_POINT('',(-0.664458945026,-6.970438991018,
    27.639497712774));
#2928 = CARTESIAN_POINT('',(-0.549505081929,-6.980578311624,
    27.649989095839));
#2929 = CARTESIAN_POINT('',(-0.434379389401,-6.988550799023,
    27.660480593889));
#2930 = CARTESIAN_POINT('',(-0.319128802974,-6.994353251584,
    27.670972273151));
#2931 = CARTESIAN_POINT('',(-0.20380016947,-6.997983675836,
    27.681464218086));
#2932 = CARTESIAN_POINT('',(0.277326004703,-7.00406286358,
    27.725224013066));
#2933 = CARTESIAN_POINT('',(0.643385869089,-6.986838676484,
    27.758493024948));
#2934 = CARTESIAN_POINT('',(1.008192051618,-6.947751248085,
    27.791761285505));
#2935 = CARTESIAN_POINT('',(1.370218866729,-6.886908911925,
    27.825028677693));
#2936 = CARTESIAN_POINT('',(1.727963869908,-6.804545508795,
    27.858296150664));
#2937 = CARTESIAN_POINT('',(2.079949489772,-6.701020083345,
    27.891564621476));
#2938 = CARTESIAN_POINT('',(2.424724660139,-6.576816580703,
    27.924833876811));
#2939 = CARTESIAN_POINT('',(3.203239535206,-6.242675725434,
    28.001882671158));
#2940 = CARTESIAN_POINT('',(3.630799385581,-6.017992219768,
    28.045674635126));
#2941 = CARTESIAN_POINT('',(4.040226135178,-5.759883130459,
    28.089466011491));
#2942 = CARTESIAN_POINT('',(4.428471946404,-5.470095545214,
    28.13325463607));
#2943 = CARTESIAN_POINT('',(4.792727043017,-5.150674805086,
    28.177043185652));
#2944 = CARTESIAN_POINT('',(5.130410772345,-4.803940630324,
    28.220834777336));
#2945 = CARTESIAN_POINT('',(5.439187698851,-4.432498102069,
    28.264628517148));
#2946 = CARTESIAN_POINT('',(6.027545968063,-3.599763939941,
    28.357357775356));
#2947 = CARTESIAN_POINT('',(6.299571581494,-3.132810071437,
    28.406317223725));
#2948 = CARTESIAN_POINT('',(6.530099658794,-2.642554111228,
    28.455270564437));
#2949 = CARTESIAN_POINT('',(6.71685054439,-2.13336167512,28.504215875074
    ));
#2950 = CARTESIAN_POINT('',(6.858115756443,-1.609763788455,
    28.553157928811));
#2951 = CARTESIAN_POINT('',(6.9527099957,-1.076434179358,28.602102855275
    ));
#2952 = CARTESIAN_POINT('',(7.,-0.538190734846,28.651053827776));
#2953 = CARTESIAN_POINT('',(7.,7.993605777301E-15,28.699999981845));
#2954 = PCURVE('',#666,#2955);
#2955 = DEFINITIONAL_REPRESENTATION('',(#2956),#3036);
#2956 = B_SPLINE_CURVE_WITH_KNOTS('',8,(#2957,#2958,#2959,#2960,#2961,
    #2962,#2963,#2964,#2965,#2966,#2967,#2968,#2969,#2970,#2971,#2972,
    #2973,#2974,#2975,#2976,#2977,#2978,#2979,#2980,#2981,#2982,#2983,
    #2984,#2985,#2986,#2987,#2988,#2989,#2990,#2991,#2992,#2993,#2994,
    #2995,#2996,#2997,#2998,#2999,#3000,#3001,#3002,#3003,#3004,#3005,
    #3006,#3007,#3008,#3009,#3010,#3011,#3012,#3013,#3014,#3015,#3016,
    #3017,#3018,#3019,#3020,#3021,#3022,#3023,#3024,#3025,#3026,#3027,
    #3028,#3029,#3030,#3031,#3032,#3033,#3034,#3035),.UNSPECIFIED.,.F.,
  .F.,(9,7,7,7,7,7,7,7,7,7,7,9),(0.,0.113486739869,0.216607663584,
    0.374415362705,0.462875335456,0.552503542124,0.637857904098,
    0.72706832245,0.748051150116,0.814580409681,0.902134990436,1.),
  .UNSPECIFIED.);
#2957 = CARTESIAN_POINT('',(4.711671504291,29.793534193367));
#2958 = CARTESIAN_POINT('',(4.711672306192,29.899160712593));
#2959 = CARTESIAN_POINT('',(4.711673001735,30.004828730402));
#2960 = CARTESIAN_POINT('',(4.711673323627,30.110473383459));
#2961 = CARTESIAN_POINT('',(4.711672823418,30.216098714362));
#2962 = CARTESIAN_POINT('',(4.711671874968,30.321724502492));
#2963 = CARTESIAN_POINT('',(4.711671260606,30.427370613711));
#2964 = CARTESIAN_POINT('',(4.711671301409,30.533041062446));
#2965 = CARTESIAN_POINT('',(4.711671667144,30.734650809948));
#2966 = CARTESIAN_POINT('',(4.711672538455,30.830652900773));
#2967 = CARTESIAN_POINT('',(4.711670779895,30.926639007632));
#2968 = CARTESIAN_POINT('',(4.711671566361,31.022614174903));
#2969 = CARTESIAN_POINT('',(4.711672748812,31.118590512947));
#2970 = CARTESIAN_POINT('',(4.711671357927,31.214580218786));
#2971 = CARTESIAN_POINT('',(4.711671340435,31.310586804809));
#2972 = CARTESIAN_POINT('',(4.711671570068,31.55344079516));
#2973 = CARTESIAN_POINT('',(4.711672356249,31.700534606767));
#2974 = CARTESIAN_POINT('',(4.711673957064,31.847497862023));
#2975 = CARTESIAN_POINT('',(4.711673603446,31.994385846577));
#2976 = CARTESIAN_POINT('',(4.711671010058,32.141278059314));
#2977 = CARTESIAN_POINT('',(4.711669599094,32.288246812247));
#2978 = CARTESIAN_POINT('',(4.711669341888,32.435363759602));
#2979 = CARTESIAN_POINT('',(4.711670356653,32.664567550779));
#2980 = CARTESIAN_POINT('',(4.711670997721,32.74691165696));
#2981 = CARTESIAN_POINT('',(4.711671858107,32.829251300187));
#2982 = CARTESIAN_POINT('',(4.711672756637,32.911585092007));
#2983 = CARTESIAN_POINT('',(4.711673490114,32.993919618883));
#2984 = CARTESIAN_POINT('',(4.711673907386,33.076260832347));
#2985 = CARTESIAN_POINT('',(4.711673955571,33.158605451593));
#2986 = CARTESIAN_POINT('',(4.711673437913,33.324346544124));
#2987 = CARTESIAN_POINT('',(4.711672864392,33.407781902009));
#2988 = CARTESIAN_POINT('',(4.711672020271,33.491215082855));
#2989 = CARTESIAN_POINT('',(4.711671081021,33.574642058553));
#2990 = CARTESIAN_POINT('',(4.711670260543,33.658068796469));
#2991 = CARTESIAN_POINT('',(4.711669734003,33.74150203851));
#2992 = CARTESIAN_POINT('',(4.711669578171,33.824940204991));
#2993 = CARTESIAN_POINT('',(4.711669873132,33.987810628794));
#2994 = CARTESIAN_POINT('',(4.711670295297,34.067274195331));
#2995 = CARTESIAN_POINT('',(4.711670966421,34.146737081682));
#2996 = CARTESIAN_POINT('',(4.711671734358,34.226196133957));
#2997 = CARTESIAN_POINT('',(4.711672408431,34.30565591575));
#2998 = CARTESIAN_POINT('',(4.711672832186,34.385121478948));
#2999 = CARTESIAN_POINT('',(4.711672944618,34.464591075182));
#3000 = CARTESIAN_POINT('',(4.711672709966,34.627096204867));
#3001 = CARTESIAN_POINT('',(4.711672357191,34.710165158052));
#3002 = CARTESIAN_POINT('',(4.711671759043,34.793232581425));
#3003 = CARTESIAN_POINT('',(4.711671245002,34.876294298525));
#3004 = CARTESIAN_POINT('',(4.711671055297,34.959355862343));
#3005 = CARTESIAN_POINT('',(4.711671152103,35.042423560431));
#3006 = CARTESIAN_POINT('',(4.711671273176,35.125495605256));
#3007 = CARTESIAN_POINT('',(4.711671217279,35.228089229178));
#3008 = CARTESIAN_POINT('',(4.711671200248,35.247624996394));
#3009 = CARTESIAN_POINT('',(4.711671173803,35.26716083293));
#3010 = CARTESIAN_POINT('',(4.711671138619,35.286696794206));
#3011 = CARTESIAN_POINT('',(4.711671099082,35.306232969596));
#3012 = CARTESIAN_POINT('',(4.711671063285,35.325769482421));
#3013 = CARTESIAN_POINT('',(4.711671043026,35.345306489953));
#3014 = CARTESIAN_POINT('',(4.711671088009,35.426791424292));
#3015 = CARTESIAN_POINT('',(4.711671976034,35.488741514554));
#3016 = CARTESIAN_POINT('',(4.711672411991,35.550690205776));
#3017 = CARTESIAN_POINT('',(4.711672160819,35.61263728001));
#3018 = CARTESIAN_POINT('',(4.711671601111,35.674584504669));
#3019 = CARTESIAN_POINT('',(4.711671267937,35.736533587405));
#3020 = CARTESIAN_POINT('',(4.711671395664,35.798484130999));
#3021 = CARTESIAN_POINT('',(4.711671546471,35.941956374212));
#3022 = CARTESIAN_POINT('',(4.71167185472,36.023501210293));
#3023 = CARTESIAN_POINT('',(4.711672371531,36.105044952201));
#3024 = CARTESIAN_POINT('',(4.711672832408,36.186583570018));
#3025 = CARTESIAN_POINT('',(4.711673001195,36.268122048184));
#3026 = CARTESIAN_POINT('',(4.711672810697,36.349666191039));
#3027 = CARTESIAN_POINT('',(4.711672365108,36.431214333913));
#3028 = CARTESIAN_POINT('',(4.711671177308,36.603885104425));
#3029 = CARTESIAN_POINT('',(4.711670407551,36.695052291964));
#3030 = CARTESIAN_POINT('',(4.711669686999,36.786208106459));
#3031 = CARTESIAN_POINT('',(4.711669313955,36.877348968185));
#3032 = CARTESIAN_POINT('',(4.711669455674,36.968483765255));
#3033 = CARTESIAN_POINT('',(4.711670056087,37.059623911621));
#3034 = CARTESIAN_POINT('',(4.711670885483,37.150775316286));
#3035 = CARTESIAN_POINT('',(4.711671729089,37.241917748565));
#3036 = ( GEOMETRIC_REPRESENTATION_CONTEXT(2) 
PARAMETRIC_REPRESENTATION_CONTEXT() REPRESENTATION_CONTEXT('2D SPACE',''
  ) );
#3037 = PCURVE('',#3038,#3043);
#3038 = CYLINDRICAL_SURFACE('',#3039,7.);
#3039 = AXIS2_PLACEMENT_3D('',#3040,#3041,#3042);
#3040 = CARTESIAN_POINT('',(0.,0.,9.));
#3041 = DIRECTION('',(-0.,-0.,-1.));
#3042 = DIRECTION('',(1.,0.,0.));
#3043 = DEFINITIONAL_REPRESENTATION('',(#3044),#3124);
#3044 = B_SPLINE_CURVE_WITH_KNOTS('',8,(#3045,#3046,#3047,#3048,#3049,
    #3050,#3051,#3052,#3053,#3054,#3055,#3056,#3057,#3058,#3059,#3060,
    #3061,#3062,#3063,#3064,#3065,#3066,#3067,#3068,#3069,#3070,#3071,
    #3072,#3073,#3074,#3075,#3076,#3077,#3078,#3079,#3080,#3081,#3082,
    #3083,#3084,#3085,#3086,#3087,#3088,#3089,#3090,#3091,#3092,#3093,
    #3094,#3095,#3096,#3097,#3098,#3099,#3100,#3101,#3102,#3103,#3104,
    #3105,#3106,#3107,#3108,#3109,#3110,#3111,#3112,#3113,#3114,#3115,
    #3116,#3117,#3118,#3119,#3120,#3121,#3122,#3123),.UNSPECIFIED.,.F.,
  .F.,(9,7,7,7,7,7,7,7,7,7,7,9),(0.,0.113486739869,0.216607663584,
    0.374415362705,0.462875335456,0.552503542124,0.637857904098,
    0.72706832245,0.748051150116,0.814580409681,0.902134990436,1.),
  .UNSPECIFIED.);
#3045 = CARTESIAN_POINT('',(0.,-15.69999998253));
#3046 = CARTESIAN_POINT('',(-8.910285093856E-02,-15.75672451526));
#3047 = CARTESIAN_POINT('',(-0.178240740656,-15.81347133396));
#3048 = CARTESIAN_POINT('',(-0.267358879749,-15.8702056051));
#3049 = CARTESIAN_POINT('',(-0.356460591483,-15.92692949967));
#3050 = CARTESIAN_POINT('',(-0.4455623997,-15.98365363979));
#3051 = CARTESIAN_POINT('',(-0.534681116371,-16.040388694));
#3052 = CARTESIAN_POINT('',(-0.623820512835,-16.09713681817));
#3053 = CARTESIAN_POINT('',(-0.793891035487,-16.20540715413));
#3054 = CARTESIAN_POINT('',(-0.874875166868,-16.25696308709));
#3055 = CARTESIAN_POINT('',(-0.955846250089,-16.3085104362));
#3056 = CARTESIAN_POINT('',(-1.036807112249,-16.36005191042));
#3057 = CARTESIAN_POINT('',(-1.117769342378,-16.41159401338));
#3058 = CARTESIAN_POINT('',(-1.198743840689,-16.46314329524));
#3059 = CARTESIAN_POINT('',(-1.279730971584,-16.51470164226));
#3060 = CARTESIAN_POINT('',(-1.484593113623,-16.64512134393));
#3061 = CARTESIAN_POINT('',(-1.60867550032,-16.72411502652));
#3062 = CARTESIAN_POINT('',(-1.732648123885,-16.80303859652));
#3063 = CARTESIAN_POINT('',(-1.856558130971,-16.88192174396));
#3064 = CARTESIAN_POINT('',(-1.98047142364,-16.96080716203));
#3065 = CARTESIAN_POINT('',(-2.104449055438,-17.03973368446));
#3066 = CARTESIAN_POINT('',(-2.228551519596,-17.11873979162));
#3067 = CARTESIAN_POINT('',(-2.421899359881,-17.24182893677));
#3068 = CARTESIAN_POINT('',(-2.491361785912,-17.28605013217));
#3069 = CARTESIAN_POINT('',(-2.560820451479,-17.33026893084));
#3070 = CARTESIAN_POINT('',(-2.630274205465,-17.37448458714));
#3071 = CARTESIAN_POINT('',(-2.69972861078,-17.41870063818));
#3072 = CARTESIAN_POINT('',(-2.769188678432,-17.46292028012));
#3073 = CARTESIAN_POINT('',(-2.838651622071,-17.50714175105));
#3074 = CARTESIAN_POINT('',(-2.978464799173,-17.59614956934));
#3075 = CARTESIAN_POINT('',(-3.048847833882,-17.64095679886));
#3076 = CARTESIAN_POINT('',(-3.119229010734,-17.68576285924));
#3077 = CARTESIAN_POINT('',(-3.189604923276,-17.73056558727));
#3078 = CARTESIAN_POINT('',(-3.259980612692,-17.77536818761));
#3079 = CARTESIAN_POINT('',(-3.330361789578,-17.82017428086));
#3080 = CARTESIAN_POINT('',(-3.40074714982,-17.86498301868));
#3081 = CARTESIAN_POINT('',(-3.538138712539,-17.95244920383));
#3082 = CARTESIAN_POINT('',(-3.605171322811,-17.99512346512));
#3083 = CARTESIAN_POINT('',(-3.67220340711,-18.03779736114));
#3084 = CARTESIAN_POINT('',(-3.739232306328,-18.08046919815));
#3085 = CARTESIAN_POINT('',(-3.806261847457,-18.12314142693));
#3086 = CARTESIAN_POINT('',(-3.873296247146,-18.1658167605));
#3087 = CARTESIAN_POINT('',(-3.940333981891,-18.20849425992));
#3088 = CARTESIAN_POINT('',(-4.077417377566,-18.29576427144));
#3089 = CARTESIAN_POINT('',(-4.147491219339,-18.3403747309));
#3090 = CARTESIAN_POINT('',(-4.2175636685,-18.38498436882));
#3091 = CARTESIAN_POINT('',(-4.28763119057,-18.42959094229));
#3092 = CARTESIAN_POINT('',(-4.357698558962,-18.47419743345));
#3093 = CARTESIAN_POINT('',(-4.427771254711,-18.5188072189));
#3094 = CARTESIAN_POINT('',(-4.497847905273,-18.56341933866));
#3095 = CARTESIAN_POINT('',(-4.584392438742,-18.61851511784));
#3096 = CARTESIAN_POINT('',(-4.600872162523,-18.62900639669));
#3097 = CARTESIAN_POINT('',(-4.617351950154,-18.63949771277));
#3098 = CARTESIAN_POINT('',(-4.633831845236,-18.64998909583));
#3099 = CARTESIAN_POINT('',(-4.650311918547,-18.66048059388));
#3100 = CARTESIAN_POINT('',(-4.666792268038,-18.67097227315));
#3101 = CARTESIAN_POINT('',(-4.683273018833,-18.68146421808));
#3102 = CARTESIAN_POINT('',(-4.75201081582,-18.72522401306));
#3103 = CARTESIAN_POINT('',(-4.804269847796,-18.75849302494));
#3104 = CARTESIAN_POINT('',(-4.856527758374,-18.7917612855));
#3105 = CARTESIAN_POINT('',(-4.908784266193,-18.82502867769));
#3106 = CARTESIAN_POINT('',(-4.961040776836,-18.85829615066));
#3107 = CARTESIAN_POINT('',(-5.013298690339,-18.89156462147));
#3108 = CARTESIAN_POINT('',(-5.065557708715,-18.92483387681));
#3109 = CARTESIAN_POINT('',(-5.186585241581,-19.00188267115));
#3110 = CARTESIAN_POINT('',(-5.255373211006,-19.04567463512));
#3111 = CARTESIAN_POINT('',(-5.324160324497,-19.08946601149));
#3112 = CARTESIAN_POINT('',(-5.392943243497,-19.13325463607));
#3113 = CARTESIAN_POINT('',(-5.46172617465,-19.17704318565));
#3114 = CARTESIAN_POINT('',(-5.530513967867,-19.22083477733));
#3115 = CARTESIAN_POINT('',(-5.599305155969,-19.26462851714));
#3116 = CARTESIAN_POINT('',(-5.744964223779,-19.35735777535));
#3117 = CARTESIAN_POINT('',(-5.821869688765,-19.40631722372));
#3118 = CARTESIAN_POINT('',(-5.898765501239,-19.45527056443));
#3119 = CARTESIAN_POINT('',(-5.975648614402,-19.50421587507));
#3120 = CARTESIAN_POINT('',(-6.052526549342,-19.55315792881));
#3121 = CARTESIAN_POINT('',(-6.129408979218,-19.60210285527));
#3122 = CARTESIAN_POINT('',(-6.206300916487,-19.65105382777));
#3123 = CARTESIAN_POINT('',(-6.28318530718,-19.69999998184));
#3124 = ( GEOMETRIC_REPRESENTATION_CONTEXT(2) 
PARAMETRIC_REPRESENTATION_CONTEXT() REPRESENTATION_CONTEXT('2D SPACE',''
  ) );
#3125 = ORIENTED_EDGE('',*,*,#3126,.T.);
#3126 = EDGE_CURVE('',#2871,#3127,#3129,.T.);
#3127 = VERTEX_POINT('',#3128);
#3128 = CARTESIAN_POINT('',(7.,0.,32.699999771271));
#3129 = SURFACE_CURVE('',#3130,(#3196,#3265),.PCURVE_S1.);
#3130 = B_SPLINE_CURVE_WITH_KNOTS('',8,(#3131,#3132,#3133,#3134,#3135,
    #3136,#3137,#3138,#3139,#3140,#3141,#3142,#3143,#3144,#3145,#3146,
    #3147,#3148,#3149,#3150,#3151,#3152,#3153,#3154,#3155,#3156,#3157,
    #3158,#3159,#3160,#3161,#3162,#3163,#3164,#3165,#3166,#3167,#3168,
    #3169,#3170,#3171,#3172,#3173,#3174,#3175,#3176,#3177,#3178,#3179,
    #3180,#3181,#3182,#3183,#3184,#3185,#3186,#3187,#3188,#3189,#3190,
    #3191,#3192,#3193,#3194,#3195),.UNSPECIFIED.,.F.,.F.,(9,7,7,7,7,7,7,
    7,7,9),(0.,0.124147424334,0.255474006599,0.343718816829,
    0.461033999874,0.558878771182,0.677281565153,0.798457443502,
    0.915471229186,1.),.UNSPECIFIED.);
#3131 = CARTESIAN_POINT('',(7.,7.993605777301E-15,28.699999981845));
#3132 = CARTESIAN_POINT('',(7.,0.682453955074,28.762066261078));
#3133 = CARTESIAN_POINT('',(6.923960193618,1.365322882788,
    28.824170214995));
#3134 = CARTESIAN_POINT('',(6.771719447286,2.038085655813,
    28.886254270583));
#3135 = CARTESIAN_POINT('',(6.545051116209,2.690872889817,
    28.948323059928));
#3136 = CARTESIAN_POINT('',(6.24701952128,3.31431835681,29.010391740808)
  );
#3137 = CARTESIAN_POINT('',(5.882037479056,3.899609497235,
    29.072475286362));
#3138 = CARTESIAN_POINT('',(5.455781137669,4.438492724097,
    29.134579087948));
#3139 = CARTESIAN_POINT('',(4.467960691671,5.436774646636,
    29.262303835004));
#3140 = CARTESIAN_POINT('',(3.899309110397,5.890470499759,29.32800937818
    ));
#3141 = CARTESIAN_POINT('',(3.278459831302,6.275627179057,
    29.393687741447));
#3142 = CARTESIAN_POINT('',(2.615218326792,6.585542653054,
    29.459346985814));
#3143 = CARTESIAN_POINT('',(1.92005192997,6.815072292012,29.525006315327
    ));
#3144 = CARTESIAN_POINT('',(1.204106859385,6.960775391335,29.59068497868
    ));
#3145 = CARTESIAN_POINT('',(0.479119537218,7.020799469581,
    29.656390884261));
#3146 = CARTESIAN_POINT('',(-0.7271845294,6.979005950081,29.766165140093
    ));
#3147 = CARTESIAN_POINT('',(-1.210705207548,6.9238108883,29.810286736013
    ));
#3148 = CARTESIAN_POINT('',(-1.68929617632,6.830332879497,
    29.854404149837));
#3149 = CARTESIAN_POINT('',(-2.159434318729,6.699114532619,
    29.898517524542));
#3150 = CARTESIAN_POINT('',(-2.617702035618,6.531065297694,
    29.942630891851));
#3151 = CARTESIAN_POINT('',(-3.06078808952,6.327442178051,
    29.986747904974));
#3152 = CARTESIAN_POINT('',(-3.485502563303,6.089871445854,
    30.030867529062));
#3153 = CARTESIAN_POINT('',(-4.424969007452,5.462183391552,
    30.133623661222));
#3154 = CARTESIAN_POINT('',(-4.923684325664,5.047332077173,
    30.192296044199));
#3155 = CARTESIAN_POINT('',(-5.377544298962,4.5806657325,30.250953414397
    ));
#3156 = CARTESIAN_POINT('',(-5.780397416264,4.067976860517,
    30.309598401127));
#3157 = CARTESIAN_POINT('',(-6.127002516406,3.515715860921,
    30.368242475284));
#3158 = CARTESIAN_POINT('',(-6.413067615362,2.930994089367,
    30.426897937568));
#3159 = CARTESIAN_POINT('',(-6.635231583756,2.321539025372,
    30.485569072119));
#3160 = CARTESIAN_POINT('',(-6.921762457064,1.174082079581,
    30.593129640012));
#3161 = CARTESIAN_POINT('',(-7.006270749102,0.640719130353,
    30.642053288234));
#3162 = CARTESIAN_POINT('',(-7.043741240964,0.100657524277,30.6909724753
    ));
#3163 = CARTESIAN_POINT('',(-7.033621511299,-0.441263504064,
    30.739886856601));
#3164 = CARTESIAN_POINT('',(-6.975935746914,-0.98021712215,
    30.788802684887));
#3165 = CARTESIAN_POINT('',(-6.871251280789,-1.511396362942,
    30.837725176467));
#3166 = CARTESIAN_POINT('',(-6.720727774668,-2.030031490572,
    30.886650851788));
#3167 = CARTESIAN_POINT('',(-6.290908674936,-3.138148482907,
    30.994745047655));
#3168 = CARTESIAN_POINT('',(-5.990966433866,-3.720228959831,
    31.053964767363));
#3169 = CARTESIAN_POINT('',(-5.62958320073,-4.269120216196,
    31.113170743803));
#3170 = CARTESIAN_POINT('',(-5.211215025441,-4.777339728595,
    31.172364365471));
#3171 = CARTESIAN_POINT('',(-4.74119075531,-5.238190271131,
    31.231557153702));
#3172 = CARTESIAN_POINT('',(-4.225722591032,-5.64579731919,
    31.290761212575));
#3173 = CARTESIAN_POINT('',(-3.671847335298,-5.995092161048,
    31.349980846244));
#3174 = CARTESIAN_POINT('',(-2.489968343713,-6.575996093049,
    31.469749386242));
#3175 = CARTESIAN_POINT('',(-1.859908848778,-6.804963728047,
    31.530360053917));
#3176 = CARTESIAN_POINT('',(-1.206264752251,-6.964656934954,
    31.590952683971));
#3177 = CARTESIAN_POINT('',(-0.537977968674,-7.052465215984,
    31.651531258947));
#3178 = CARTESIAN_POINT('',(0.135890037962,-7.067037690501,
    31.712109307593));
#3179 = CARTESIAN_POINT('',(0.806180350174,-7.008339866664,
    31.772700645715));
#3180 = CARTESIAN_POINT('',(1.463668509828,-6.877597987106,
    31.833309948548));
#3181 = CARTESIAN_POINT('',(2.712720188177,-6.484972906084,
    31.952385547957));
#3182 = CARTESIAN_POINT('',(3.30632389771,-6.227574966859,
    32.010906468821));
#3183 = CARTESIAN_POINT('',(3.871589313761,-5.908180576487,
    32.069412419603));
#3184 = CARTESIAN_POINT('',(4.40106389391,-5.530567684101,
    32.127908237317));
#3185 = CARTESIAN_POINT('',(4.887949862296,-5.099400564077,
    32.186406059167));
#3186 = CARTESIAN_POINT('',(5.326153242468,-4.620248081487,
    32.244917018287));
#3187 = CARTESIAN_POINT('',(5.710282436738,-4.099554311535,
    32.303442135067));
#3188 = CARTESIAN_POINT('',(6.271291767937,-3.144323220552,
    32.404190473215));
#3189 = CARTESIAN_POINT('',(6.476214770431,-2.725806691182,
    32.446448670955));
#3190 = CARTESIAN_POINT('',(6.649146039294,-2.292147101919,
    32.488706139699));
#3191 = CARTESIAN_POINT('',(6.788812327076,-1.846199280743,
    32.530960231057));
#3192 = CARTESIAN_POINT('',(6.894238906646,-1.39091768496,
    32.573217902416));
#3193 = CARTESIAN_POINT('',(6.964754478621,-0.929347546353,
    32.615479376602));
#3194 = CARTESIAN_POINT('',(7.,-0.464627632016,32.657743748969));
#3195 = CARTESIAN_POINT('',(7.,-7.105427357601E-15,32.699999771271));
#3196 = PCURVE('',#666,#3197);
#3197 = DEFINITIONAL_REPRESENTATION('',(#3198),#3264);
#3198 = B_SPLINE_CURVE_WITH_KNOTS('',8,(#3199,#3200,#3201,#3202,#3203,
    #3204,#3205,#3206,#3207,#3208,#3209,#3210,#3211,#3212,#3213,#3214,
    #3215,#3216,#3217,#3218,#3219,#3220,#3221,#3222,#3223,#3224,#3225,
    #3226,#3227,#3228,#3229,#3230,#3231,#3232,#3233,#3234,#3235,#3236,
    #3237,#3238,#3239,#3240,#3241,#3242,#3243,#3244,#3245,#3246,#3247,
    #3248,#3249,#3250,#3251,#3252,#3253,#3254,#3255,#3256,#3257,#3258,
    #3259,#3260,#3261,#3262,#3263),.UNSPECIFIED.,.F.,.F.,(9,7,7,7,7,7,7,
    7,7,9),(0.,0.124147424334,0.255474006599,0.343718816829,
    0.461033999874,0.558878771182,0.677281565153,0.798457443502,
    0.915471229186,1.),.UNSPECIFIED.);
#3199 = CARTESIAN_POINT('',(4.711671729089,37.241917748565));
#3200 = CARTESIAN_POINT('',(4.711672798826,37.357491111977));
#3201 = CARTESIAN_POINT('',(4.711673890266,37.473134629262));
#3202 = CARTESIAN_POINT('',(4.711674554031,37.588741093943));
#3203 = CARTESIAN_POINT('',(4.711674312367,37.704319131426));
#3204 = CARTESIAN_POINT('',(4.7116731039,37.819896966953));
#3205 = CARTESIAN_POINT('',(4.711671667445,37.935502481908));
#3206 = CARTESIAN_POINT('',(4.711670555663,38.051145715537));
#3207 = CARTESIAN_POINT('',(4.71166939162,38.288981441963));
#3208 = CARTESIAN_POINT('',(4.711669405285,38.411331463802));
#3209 = CARTESIAN_POINT('',(4.711670274956,38.533630874051));
#3210 = CARTESIAN_POINT('',(4.711671886194,38.655894683083));
#3211 = CARTESIAN_POINT('',(4.711673186226,38.778158650629));
#3212 = CARTESIAN_POINT('',(4.71167323267,38.900458619669));
#3213 = CARTESIAN_POINT('',(4.711672701522,39.022809316344));
#3214 = CARTESIAN_POINT('',(4.711671763441,39.22721950686));
#3215 = CARTESIAN_POINT('',(4.711671415699,39.309378149245));
#3216 = CARTESIAN_POINT('',(4.711671090367,39.391529004165));
#3217 = CARTESIAN_POINT('',(4.711671235587,39.473672337858));
#3218 = CARTESIAN_POINT('',(4.711671795183,39.55581565778));
#3219 = CARTESIAN_POINT('',(4.711672105034,39.637965766556));
#3220 = CARTESIAN_POINT('',(4.711671645135,39.7201207372));
#3221 = CARTESIAN_POINT('',(4.711671650299,39.911462508476));
#3222 = CARTESIAN_POINT('',(4.711672580946,40.020716111621));
#3223 = CARTESIAN_POINT('',(4.711670984491,40.129941759538));
#3224 = CARTESIAN_POINT('',(4.711670793129,40.239144348238));
#3225 = CARTESIAN_POINT('',(4.711671415706,40.348345237654));
#3226 = CARTESIAN_POINT('',(4.711672233421,40.457567332844));
#3227 = CARTESIAN_POINT('',(4.711672700926,40.566818611301));
#3228 = CARTESIAN_POINT('',(4.71167274564,40.767106702606));
#3229 = CARTESIAN_POINT('',(4.711672464494,40.85820722684));
#3230 = CARTESIAN_POINT('',(4.711671781162,40.949299443977));
#3231 = CARTESIAN_POINT('',(4.711670884703,41.040382712316));
#3232 = CARTESIAN_POINT('',(4.711670070747,41.131468675078));
#3233 = CARTESIAN_POINT('',(4.711669596534,41.22256704553));
#3234 = CARTESIAN_POINT('',(4.711669574149,41.31367134442));
#3235 = CARTESIAN_POINT('',(4.7116702987,41.514953102184));
#3236 = CARTESIAN_POINT('',(4.71167121856,41.625225898811));
#3237 = CARTESIAN_POINT('',(4.711672531186,41.735473104152));
#3238 = CARTESIAN_POINT('',(4.711673813337,41.845697303716));
#3239 = CARTESIAN_POINT('',(4.711674409792,41.955919951337));
#3240 = CARTESIAN_POINT('',(4.711674172667,42.066163585989));
#3241 = CARTESIAN_POINT('',(4.711673381975,42.176436222403));
#3242 = CARTESIAN_POINT('',(4.711671408811,42.399456728382));
#3243 = CARTESIAN_POINT('',(4.711670216453,42.512319603497));
#3244 = CARTESIAN_POINT('',(4.711669230295,42.625148890826));
#3245 = CARTESIAN_POINT('',(4.71166894369,42.737952006249));
#3246 = CARTESIAN_POINT('',(4.711669671039,42.850754141617));
#3247 = CARTESIAN_POINT('',(4.711670833167,42.963581023251));
#3248 = CARTESIAN_POINT('',(4.711671839532,43.076441356897));
#3249 = CARTESIAN_POINT('',(4.711673008953,43.298171541049));
#3250 = CARTESIAN_POINT('',(4.711673202341,43.407143107216));
#3251 = CARTESIAN_POINT('',(4.711672763897,43.516086797661));
#3252 = CARTESIAN_POINT('',(4.711671817494,43.625011619357));
#3253 = CARTESIAN_POINT('',(4.711670783814,43.733940172943));
#3254 = CARTESIAN_POINT('',(4.711671128459,43.842893189392));
#3255 = CARTESIAN_POINT('',(4.711671296741,43.951872568759));
#3256 = CARTESIAN_POINT('',(4.711671170563,44.13947563506));
#3257 = CARTESIAN_POINT('',(4.711671084097,44.218164451355));
#3258 = CARTESIAN_POINT('',(4.711668667955,44.296851910176));
#3259 = CARTESIAN_POINT('',(4.711677398924,44.375533080008));
#3260 = CARTESIAN_POINT('',(4.711668768058,44.454220916118));
#3261 = CARTESIAN_POINT('',(4.711672435603,44.532915833472));
#3262 = CARTESIAN_POINT('',(4.711671400909,44.611616147512));
#3263 = CARTESIAN_POINT('',(4.711671448303,44.690300912931));
#3264 = ( GEOMETRIC_REPRESENTATION_CONTEXT(2) 
PARAMETRIC_REPRESENTATION_CONTEXT() REPRESENTATION_CONTEXT('2D SPACE',''
  ) );
#3265 = PCURVE('',#3266,#3271);
#3266 = CYLINDRICAL_SURFACE('',#3267,7.);
#3267 = AXIS2_PLACEMENT_3D('',#3268,#3269,#3270);
#3268 = CARTESIAN_POINT('',(0.,0.,9.));
#3269 = DIRECTION('',(-0.,-0.,-1.));
#3270 = DIRECTION('',(1.,0.,0.));
#3271 = DEFINITIONAL_REPRESENTATION('',(#3272),#3338);
#3272 = B_SPLINE_CURVE_WITH_KNOTS('',8,(#3273,#3274,#3275,#3276,#3277,
    #3278,#3279,#3280,#3281,#3282,#3283,#3284,#3285,#3286,#3287,#3288,
    #3289,#3290,#3291,#3292,#3293,#3294,#3295,#3296,#3297,#3298,#3299,
    #3300,#3301,#3302,#3303,#3304,#3305,#3306,#3307,#3308,#3309,#3310,
    #3311,#3312,#3313,#3314,#3315,#3316,#3317,#3318,#3319,#3320,#3321,
    #3322,#3323,#3324,#3325,#3326,#3327,#3328,#3329,#3330,#3331,#3332,
    #3333,#3334,#3335,#3336,#3337),.UNSPECIFIED.,.F.,.F.,(9,7,7,7,7,7,7,
    7,7,9),(0.,0.124147424334,0.255474006599,0.343718816829,
    0.461033999874,0.558878771182,0.677281565153,0.798457443502,
    0.915471229186,1.),.UNSPECIFIED.);
#3273 = CARTESIAN_POINT('',(0.,-19.69999998184));
#3274 = CARTESIAN_POINT('',(-9.749342215348E-02,-19.76206626107));
#3275 = CARTESIAN_POINT('',(-0.195046059271,-19.82417021499));
#3276 = CARTESIAN_POINT('',(-0.292567498251,-19.88625427058));
#3277 = CARTESIAN_POINT('',(-0.390064998029,-19.94832305992));
#3278 = CARTESIAN_POINT('',(-0.487562272338,-20.0103917408));
#3279 = CARTESIAN_POINT('',(-0.585082810816,-20.07247528636));
#3280 = CARTESIAN_POINT('',(-0.682635138615,-20.13457908794));
#3281 = CARTESIAN_POINT('',(-0.883264557907,-20.262303835));
#3282 = CARTESIAN_POINT('',(-0.986474537785,-20.32800937818));
#3283 = CARTESIAN_POINT('',(-1.089641921181,-20.39368774144));
#3284 = CARTESIAN_POINT('',(-1.192779425414,-20.45934698581));
#3285 = CARTESIAN_POINT('',(-1.295917240062,-20.52500631532));
#3286 = CARTESIAN_POINT('',(-1.399085258113,-20.59068497868));
#3287 = CARTESIAN_POINT('',(-1.502295759591,-20.65639088426));
#3288 = CARTESIAN_POINT('',(-1.674728307741,-20.76616514009));
#3289 = CARTESIAN_POINT('',(-1.744034086368,-20.81028673601));
#3290 = CARTESIAN_POINT('',(-1.81333326308,-20.85440414983));
#3291 = CARTESIAN_POINT('',(-1.882626136637,-20.89851752454));
#3292 = CARTESIAN_POINT('',(-1.951919200748,-20.94263089185));
#3293 = CARTESIAN_POINT('',(-2.021218344722,-20.98674790497));
#3294 = CARTESIAN_POINT('',(-2.090521830273,-21.03086752906));
#3295 = CARTESIAN_POINT('',(-2.251930773024,-21.13362366122));
#3296 = CARTESIAN_POINT('',(-2.344094090543,-21.19229604419));
#3297 = CARTESIAN_POINT('',(-2.436232948525,-21.25095341439));
#3298 = CARTESIAN_POINT('',(-2.5283517378,-21.30959840112));
#3299 = CARTESIAN_POINT('',(-2.620469132293,-21.36824247528));
#3300 = CARTESIAN_POINT('',(-2.712604595468,-21.42689793756));
#3301 = CARTESIAN_POINT('',(-2.804764896332,-21.48556907211));
#3302 = CARTESIAN_POINT('',(-2.97372071617,-21.59312964001));
#3303 = CARTESIAN_POINT('',(-3.050569937423,-21.64205328823));
#3304 = CARTESIAN_POINT('',(-3.127412211239,-21.6909724753));
#3305 = CARTESIAN_POINT('',(-3.204246918416,-21.7398868566));
#3306 = CARTESIAN_POINT('',(-3.281083825763,-21.78880268488));
#3307 = CARTESIAN_POINT('',(-3.357931120161,-21.83772517646));
#3308 = CARTESIAN_POINT('',(-3.434783366971,-21.88665085178));
#3309 = CARTESIAN_POINT('',(-3.60457722321,-21.99474504765));
#3310 = CARTESIAN_POINT('',(-3.697599245407,-22.05396476736));
#3311 = CARTESIAN_POINT('',(-3.790599690747,-22.1131707438));
#3312 = CARTESIAN_POINT('',(-3.883580796939,-22.17236436547));
#3313 = CARTESIAN_POINT('',(-3.976560660761,-22.2315571537));
#3314 = CARTESIAN_POINT('',(-4.0695582223,-22.29076121257));
#3315 = CARTESIAN_POINT('',(-4.162580210523,-22.34998084624));
#3316 = CARTESIAN_POINT('',(-4.350712129555,-22.46974938624));
#3317 = CARTESIAN_POINT('',(-4.445919073025,-22.53036005391));
#3318 = CARTESIAN_POINT('',(-4.541097648099,-22.59095268397));
#3319 = CARTESIAN_POINT('',(-4.636254148837,-22.65153125894));
#3320 = CARTESIAN_POINT('',(-4.731409929822,-22.71210930759));
#3321 = CARTESIAN_POINT('',(-4.826586742898,-22.77270064571));
#3322 = CARTESIAN_POINT('',(-4.921791829731,-22.83330994854));
#3323 = CARTESIAN_POINT('',(-5.1088356721,-22.95238554795));
#3324 = CARTESIAN_POINT('',(-5.200760234969,-23.01090646882));
#3325 = CARTESIAN_POINT('',(-5.292661138399,-23.0694124196));
#3326 = CARTESIAN_POINT('',(-5.384545886405,-23.12790823731));
#3327 = CARTESIAN_POINT('',(-5.47643350073,-23.18640605916));
#3328 = CARTESIAN_POINT('',(-5.568341782947,-23.24491701828));
#3329 = CARTESIAN_POINT('',(-5.660272931564,-23.30344213506));
#3330 = CARTESIAN_POINT('',(-5.818528595735,-23.40419047321));
#3331 = CARTESIAN_POINT('',(-5.884908359107,-23.44644867095));
#3332 = CARTESIAN_POINT('',(-5.951284614873,-23.4887061397));
#3333 = CARTESIAN_POINT('',(-6.017659421623,-23.53096023105));
#3334 = CARTESIAN_POINT('',(-6.084037158892,-23.57321790241));
#3335 = CARTESIAN_POINT('',(-6.150421375193,-23.6154793766));
#3336 = CARTESIAN_POINT('',(-6.216809931177,-23.65774374896));
#3337 = CARTESIAN_POINT('',(-6.28318530718,-23.69999977127));
#3338 = ( GEOMETRIC_REPRESENTATION_CONTEXT(2) 
PARAMETRIC_REPRESENTATION_CONTEXT() REPRESENTATION_CONTEXT('2D SPACE',''
  ) );
#3339 = ORIENTED_EDGE('',*,*,#3340,.T.);
#3340 = EDGE_CURVE('',#3127,#3341,#3343,.T.);
#3341 = VERTEX_POINT('',#3342);
#3342 = CARTESIAN_POINT('',(7.,0.,36.699999767247));
#3343 = SURFACE_CURVE('',#3344,(#3410,#3479),.PCURVE_S1.);
#3344 = B_SPLINE_CURVE_WITH_KNOTS('',8,(#3345,#3346,#3347,#3348,#3349,
    #3350,#3351,#3352,#3353,#3354,#3355,#3356,#3357,#3358,#3359,#3360,
    #3361,#3362,#3363,#3364,#3365,#3366,#3367,#3368,#3369,#3370,#3371,
    #3372,#3373,#3374,#3375,#3376,#3377,#3378,#3379,#3380,#3381,#3382,
    #3383,#3384,#3385,#3386,#3387,#3388,#3389,#3390,#3391,#3392,#3393,
    #3394,#3395,#3396,#3397,#3398,#3399,#3400,#3401,#3402,#3403,#3404,
    #3405,#3406,#3407,#3408,#3409),.UNSPECIFIED.,.F.,.F.,(9,7,7,7,7,7,7,
    7,7,9),(0.,0.116587573483,0.233883757794,0.338230676991,
    0.458261741419,0.523311393072,0.625289679908,0.692152004072,
    0.830828234419,1.),.UNSPECIFIED.);
#3345 = CARTESIAN_POINT('',(7.,-7.105427357601E-15,32.699999771271));
#3346 = CARTESIAN_POINT('',(7.,0.640717439659,32.758270456341));
#3347 = CARTESIAN_POINT('',(6.93297648165,1.281797950239,32.816574198973
    ));
#3348 = CARTESIAN_POINT('',(6.798796883319,1.914550803838,
    32.874864557224));
#3349 = CARTESIAN_POINT('',(6.598823426469,2.53077611768,32.933142331262
    ));
#3350 = CARTESIAN_POINT('',(6.335453693174,3.122668254167,
    32.991418499394));
#3351 = CARTESIAN_POINT('',(6.012136054697,3.682839894101,
    33.049705025615));
#3352 = CARTESIAN_POINT('',(5.63331666971,4.204327568798,33.108006604475
    ));
#3353 = CARTESIAN_POINT('',(4.773723467615,5.160154838103,
    33.224917020551));
#3354 = CARTESIAN_POINT('',(4.292005859848,5.59432148296,33.283571507793
    ));
#3355 = CARTESIAN_POINT('',(3.765453910426,5.976727560193,
    33.342210468626));
#3356 = CARTESIAN_POINT('',(3.200639946616,6.302131191959,
    33.400839168629));
#3357 = CARTESIAN_POINT('',(2.604673364074,6.566260061445,
    33.459470309916));
#3358 = CARTESIAN_POINT('',(1.985202877542,6.765862880506,
    33.518115350216));
#3359 = CARTESIAN_POINT('',(1.350386593437,6.898698459515,33.57677586355
    ));
#3360 = CARTESIAN_POINT('',(0.138504142796,7.022087057179,33.68756111244
    ));
#3361 = CARTESIAN_POINT('',(-0.437639875051,7.02677305514,
    33.739732587978));
#3362 = CARTESIAN_POINT('',(-1.01330974008,6.977385046779,
    33.791896475386));
#3363 = CARTESIAN_POINT('',(-1.582589877104,6.874160646016,
    33.844054476184));
#3364 = CARTESIAN_POINT('',(-2.139712824128,6.718065771283,
    33.896213713954));
#3365 = CARTESIAN_POINT('',(-2.679054507348,6.510744178357,
    33.948380413107));
#3366 = CARTESIAN_POINT('',(-3.195162444405,6.254581897179,
    34.000553773656));
#3367 = CARTESIAN_POINT('',(-4.243818802747,5.605813867373,
    34.112700515172));
#3368 = CARTESIAN_POINT('',(-4.767769871572,5.198121764753,
    34.172730793019));
#3369 = CARTESIAN_POINT('',(-5.246530915415,4.734663845207,
    34.232746311947));
#3370 = CARTESIAN_POINT('',(-5.673301917897,4.221452552974,34.2927485917
    ));
#3371 = CARTESIAN_POINT('',(-6.042269302437,3.665245709854,
    34.352749921725));
#3372 = CARTESIAN_POINT('',(-6.348649309673,3.073552122204,
    34.412763363446));
#3373 = CARTESIAN_POINT('',(-6.588651934605,2.45457047044,
    34.472793860354));
#3374 = CARTESIAN_POINT('',(-6.852773583598,1.472184397685,
    34.565310694326));
#3375 = CARTESIAN_POINT('',(-6.925450050696,1.121477292398,
    34.597827358202));
#3376 = CARTESIAN_POINT('',(-6.97760105784,0.76673513453,34.630344041754
    ));
#3377 = CARTESIAN_POINT('',(-7.008970359817,0.409361062106,
    34.662860683301));
#3378 = CARTESIAN_POINT('',(-7.019417510025,5.076498777739E-02,
    34.69537724578));
#3379 = CARTESIAN_POINT('',(-7.008917860476,-0.307636401185,
    34.72789371674));
#3380 = CARTESIAN_POINT('',(-6.977562561792,-0.664419642889,
    34.760410108347));
#3381 = CARTESIAN_POINT('',(-6.844031936255,-1.572704354488,
    34.843902311735));
#3382 = CARTESIAN_POINT('',(-6.711734281262,-2.119947792551,
    34.894892807308));
#3383 = CARTESIAN_POINT('',(-6.529449015927,-2.654230245009,
    34.945875109706));
#3384 = CARTESIAN_POINT('',(-6.29872934111,-3.17023594304,
    34.996851868032));
#3385 = CARTESIAN_POINT('',(-6.021744425762,-3.662952540151,
    35.047828921638));
#3386 = CARTESIAN_POINT('',(-5.701228828309,-4.127654748213,
    35.098811536949));
#3387 = CARTESIAN_POINT('',(-5.340523308363,-4.559932901597,
    35.149801592827));
#3388 = CARTESIAN_POINT('',(-4.683513808699,-5.215338629033,
    35.234201031637));
#3389 = CARTESIAN_POINT('',(-4.407738800466,-5.459294432701,
    35.267626535225));
#3390 = CARTESIAN_POINT('',(-4.117496346029,-5.686528246628,
    35.301049901922));
#3391 = CARTESIAN_POINT('',(-3.81398657121,-5.896041318511,
    35.334470054406));
#3392 = CARTESIAN_POINT('',(-3.498471143446,-6.086952817501,
    35.367888186191));
#3393 = CARTESIAN_POINT('',(-3.172265672806,-6.258491338511,
    35.401306597572));
#3394 = CARTESIAN_POINT('',(-2.836736910117,-6.409992764039,
    35.434727761125));
#3395 = CARTESIAN_POINT('',(-1.781007061555,-6.812422771165,
    35.537480726082));
#3396 = CARTESIAN_POINT('',(-1.034319853505,-6.995518849239,
    35.60686590116));
#3397 = CARTESIAN_POINT('',(-0.26701195682,-7.08464881933,
    35.676213259591));
#3398 = CARTESIAN_POINT('',(0.50712458921,-7.077606531691,
    35.745537251368));
#3399 = CARTESIAN_POINT('',(1.274381081083,-6.974214253175,
    35.814863244502));
#3400 = CARTESIAN_POINT('',(2.021202820035,-6.776581047792,
    35.884215637609));
#3401 = CARTESIAN_POINT('',(2.734205055859,-6.488848553673,
    35.953606716247));
#3402 = CARTESIAN_POINT('',(4.213264793599,-5.666839838418,
    36.107498925938));
#3403 = CARTESIAN_POINT('',(4.959174954937,-5.090779008234,
    36.192243776066));
#3404 = CARTESIAN_POINT('',(5.613073884523,-4.403181178147,
    36.276880424788));
#3405 = CARTESIAN_POINT('',(6.156806961767,-3.622022390909,
    36.361465650777));
#3406 = CARTESIAN_POINT('',(6.575461041538,-2.767288137529,
    36.446050127175));
#3407 = CARTESIAN_POINT('',(6.858825466997,-1.861709870625,
    36.530686267178));
#3408 = CARTESIAN_POINT('',(7.,-0.929883551223,36.615430959955));
#3409 = CARTESIAN_POINT('',(7.,6.217248937901E-15,36.699999767247));
#3410 = PCURVE('',#666,#3411);
#3411 = DEFINITIONAL_REPRESENTATION('',(#3412),#3478);
#3412 = B_SPLINE_CURVE_WITH_KNOTS('',8,(#3413,#3414,#3415,#3416,#3417,
    #3418,#3419,#3420,#3421,#3422,#3423,#3424,#3425,#3426,#3427,#3428,
    #3429,#3430,#3431,#3432,#3433,#3434,#3435,#3436,#3437,#3438,#3439,
    #3440,#3441,#3442,#3443,#3444,#3445,#3446,#3447,#3448,#3449,#3450,
    #3451,#3452,#3453,#3454,#3455,#3456,#3457,#3458,#3459,#3460,#3461,
    #3462,#3463,#3464,#3465,#3466,#3467,#3468,#3469,#3470,#3471,#3472,
    #3473,#3474,#3475,#3476,#3477),.UNSPECIFIED.,.F.,.F.,(9,7,7,7,7,7,7,
    7,7,9),(0.,0.116587573483,0.233883757794,0.338230676991,
    0.458261741419,0.523311393072,0.625289679908,0.692152004072,
    0.830828234419,1.),.UNSPECIFIED.);
#3413 = CARTESIAN_POINT('',(4.711671448303,44.690300912931));
#3414 = CARTESIAN_POINT('',(4.711671513658,44.798806516055));
#3415 = CARTESIAN_POINT('',(4.71167197877,44.907373675532));
#3416 = CARTESIAN_POINT('',(4.711672853692,45.015915912007));
#3417 = CARTESIAN_POINT('',(4.711673390115,45.124434715459));
#3418 = CARTESIAN_POINT('',(4.711672933543,45.232950528583));
#3419 = CARTESIAN_POINT('',(4.711672002434,45.341485629451));
#3420 = CARTESIAN_POINT('',(4.711671036152,45.450048759772));
#3421 = CARTESIAN_POINT('',(4.711669694958,45.667747164939));
#3422 = CARTESIAN_POINT('',(4.711669321782,45.776967444507));
#3423 = CARTESIAN_POINT('',(4.711669568475,45.886158812416));
#3424 = CARTESIAN_POINT('',(4.711670596901,45.995331073688));
#3425 = CARTESIAN_POINT('',(4.711672023412,46.104507880853));
#3426 = CARTESIAN_POINT('',(4.711673190732,46.213710569305));
#3427 = CARTESIAN_POINT('',(4.711673797735,46.322942070034));
#3428 = CARTESIAN_POINT('',(4.711673853878,46.529234826567));
#3429 = CARTESIAN_POINT('',(4.711673423725,46.626383116699));
#3430 = CARTESIAN_POINT('',(4.711672528443,46.723517277008));
#3431 = CARTESIAN_POINT('',(4.711671343324,46.82064047588));
#3432 = CARTESIAN_POINT('',(4.711670260773,46.917765978107));
#3433 = CARTESIAN_POINT('',(4.711669627762,47.014905374144));
#3434 = CARTESIAN_POINT('',(4.711669507434,47.112057174344));
#3435 = CARTESIAN_POINT('',(4.711670103939,47.320885160702));
#3436 = CARTESIAN_POINT('',(4.711670951044,47.432667294305));
#3437 = CARTESIAN_POINT('',(4.711672137618,47.544421945389));
#3438 = CARTESIAN_POINT('',(4.711673213053,47.656151943845));
#3439 = CARTESIAN_POINT('',(4.711673371428,47.767880173827));
#3440 = CARTESIAN_POINT('',(4.711672720984,47.879630956952));
#3441 = CARTESIAN_POINT('',(4.711672051977,47.991413498467));
#3442 = CARTESIAN_POINT('',(4.711671446644,48.163688714679));
#3443 = CARTESIAN_POINT('',(4.711671367882,48.224237860811));
#3444 = CARTESIAN_POINT('',(4.71167139718,48.284787043581));
#3445 = CARTESIAN_POINT('',(4.711671500821,48.345336148134));
#3446 = CARTESIAN_POINT('',(4.711671637313,48.405885105454));
#3447 = CARTESIAN_POINT('',(4.711671757378,48.466433892358));
#3448 = CARTESIAN_POINT('',(4.71167180396,48.526982531497));
#3449 = CARTESIAN_POINT('',(4.711671568402,48.682453020199));
#3450 = CARTESIAN_POINT('',(4.711671799114,48.777402212391));
#3451 = CARTESIAN_POINT('',(4.711672343751,48.872336148104));
#3452 = CARTESIAN_POINT('',(4.711671389912,48.967259760223));
#3453 = CARTESIAN_POINT('',(4.711670650571,49.062183922182));
#3454 = CARTESIAN_POINT('',(4.71167155713,49.15711844057));
#3455 = CARTESIAN_POINT('',(4.711671878809,49.252066814005));
#3456 = CARTESIAN_POINT('',(4.711672541142,49.409226662057));
#3457 = CARTESIAN_POINT('',(4.711672763719,49.471468154878));
#3458 = CARTESIAN_POINT('',(4.711672873172,49.533705668606));
#3459 = CARTESIAN_POINT('',(4.711672812776,49.595937197159));
#3460 = CARTESIAN_POINT('',(4.711672570202,49.658164962979));
#3461 = CARTESIAN_POINT('',(4.711672183205,49.720393249434));
#3462 = CARTESIAN_POINT('',(4.711671723256,49.782626660695));
#3463 = CARTESIAN_POINT('',(4.71167029041,49.973962534336));
#3464 = CARTESIAN_POINT('',(4.711669301663,50.103164383612));
#3465 = CARTESIAN_POINT('',(4.711668894722,50.232295814654));
#3466 = CARTESIAN_POINT('',(4.711669819653,50.361383734782));
#3467 = CARTESIAN_POINT('',(4.71167173239,50.490475381607));
#3468 = CARTESIAN_POINT('',(4.711673253224,50.619616187701));
#3469 = CARTESIAN_POINT('',(4.71167392996,50.748829029971));
#3470 = CARTESIAN_POINT('',(4.711673656646,51.035391081007));
#3471 = CARTESIAN_POINT('',(4.711672308807,51.193194118056));
#3472 = CARTESIAN_POINT('',(4.711669951391,51.350795673744));
#3473 = CARTESIAN_POINT('',(4.711667647459,51.508301475255));
#3474 = CARTESIAN_POINT('',(4.711668976843,51.665805881108));
#3475 = CARTESIAN_POINT('',(4.711671231827,51.823406489462));
#3476 = CARTESIAN_POINT('',(4.711672521959,51.981209233506));
#3477 = CARTESIAN_POINT('',(4.711672813194,52.138684461911));
#3478 = ( GEOMETRIC_REPRESENTATION_CONTEXT(2) 
PARAMETRIC_REPRESENTATION_CONTEXT() REPRESENTATION_CONTEXT('2D SPACE',''
  ) );
#3479 = PCURVE('',#3480,#3485);
#3480 = CYLINDRICAL_SURFACE('',#3481,7.);
#3481 = AXIS2_PLACEMENT_3D('',#3482,#3483,#3484);
#3482 = CARTESIAN_POINT('',(0.,0.,9.));
#3483 = DIRECTION('',(-0.,-0.,-1.));
#3484 = DIRECTION('',(1.,0.,0.));
#3485 = DEFINITIONAL_REPRESENTATION('',(#3486),#3552);
#3486 = B_SPLINE_CURVE_WITH_KNOTS('',8,(#3487,#3488,#3489,#3490,#3491,
    #3492,#3493,#3494,#3495,#3496,#3497,#3498,#3499,#3500,#3501,#3502,
    #3503,#3504,#3505,#3506,#3507,#3508,#3509,#3510,#3511,#3512,#3513,
    #3514,#3515,#3516,#3517,#3518,#3519,#3520,#3521,#3522,#3523,#3524,
    #3525,#3526,#3527,#3528,#3529,#3530,#3531,#3532,#3533,#3534,#3535,
    #3536,#3537,#3538,#3539,#3540,#3541,#3542,#3543,#3544,#3545,#3546,
    #3547,#3548,#3549,#3550,#3551),.UNSPECIFIED.,.F.,.F.,(9,7,7,7,7,7,7,
    7,7,9),(0.,0.116587573483,0.233883757794,0.338230676991,
    0.458261741419,0.523311393072,0.625289679908,0.692152004072,
    0.830828234419,1.),.UNSPECIFIED.);
#3487 = CARTESIAN_POINT('',(0.,-23.69999977127));
#3488 = CARTESIAN_POINT('',(-9.153106280842E-02,-23.75827045634));
#3489 = CARTESIAN_POINT('',(-0.183113956338,-23.81657419897));
#3490 = CARTESIAN_POINT('',(-0.274675968053,-23.87486455722));
#3491 = CARTESIAN_POINT('',(-0.366218556649,-23.93314233126));
#3492 = CARTESIAN_POINT('',(-0.457758782514,-23.99141849939));
#3493 = CARTESIAN_POINT('',(-0.549315286926,-24.04970502561));
#3494 = CARTESIAN_POINT('',(-0.640895366242,-24.10800660447));
#3495 = CARTESIAN_POINT('',(-0.824538000672,-24.22491702055));
#3496 = CARTESIAN_POINT('',(-0.916672261675,-24.28357150779));
#3497 = CARTESIAN_POINT('',(-1.008782036946,-24.34221046862));
#3498 = CARTESIAN_POINT('',(-1.10087564742,-24.40083916862));
#3499 = CARTESIAN_POINT('',(-1.192973145712,-24.45947030991));
#3500 = CARTESIAN_POINT('',(-1.285092541662,-24.51811535021));
#3501 = CARTESIAN_POINT('',(-1.377236277654,-24.57677586355));
#3502 = CARTESIAN_POINT('',(-1.551257377724,-24.68756111244));
#3503 = CARTESIAN_POINT('',(-1.633208159923,-24.73973258797));
#3504 = CARTESIAN_POINT('',(-1.715147003901,-24.79189647538));
#3505 = CARTESIAN_POINT('',(-1.797076554258,-24.84405447618));
#3506 = CARTESIAN_POINT('',(-1.879008005188,-24.89621371395));
#3507 = CARTESIAN_POINT('',(-1.960951173479,-24.9483804131));
#3508 = CARTESIAN_POINT('',(-2.042904851361,-25.00055377365));
#3509 = CARTESIAN_POINT('',(-2.219064572161,-25.11270051517));
#3510 = CARTESIAN_POINT('',(-2.313360008062,-25.17273079301));
#3511 = CARTESIAN_POINT('',(-2.407632365068,-25.23274631194));
#3512 = CARTESIAN_POINT('',(-2.501884000104,-25.2927485917));
#3513 = CARTESIAN_POINT('',(-2.596134103368,-25.35274992172));
#3514 = CARTESIAN_POINT('',(-2.690402933013,-25.41276336344));
#3515 = CARTESIAN_POINT('',(-2.784698316503,-25.47279386035));
#3516 = CARTESIAN_POINT('',(-2.93002291036,-25.56531069432));
#3517 = CARTESIAN_POINT('',(-2.981099742728,-25.5978273582));
#3518 = CARTESIAN_POINT('',(-3.032176659466,-25.63034404175));
#3519 = CARTESIAN_POINT('',(-3.083253621812,-25.6628606833));
#3520 = CARTESIAN_POINT('',(-3.13433058945,-25.69537724578));
#3521 = CARTESIAN_POINT('',(-3.185407520516,-25.72789371674));
#3522 = CARTESIAN_POINT('',(-3.23648437159,-25.76041010834));
#3523 = CARTESIAN_POINT('',(-3.367634040358,-25.84390231173));
#3524 = CARTESIAN_POINT('',(-3.447729272808,-25.8948928073));
#3525 = CARTESIAN_POINT('',(-3.527813598192,-25.9458751097));
#3526 = CARTESIAN_POINT('',(-3.607887591616,-25.99685186803));
#3527 = CARTESIAN_POINT('',(-3.687961210896,-26.04782892163));
#3528 = CARTESIAN_POINT('',(-3.768044657744,-26.09881153694));
#3529 = CARTESIAN_POINT('',(-3.84813921894,-26.14980159282));
#3530 = CARTESIAN_POINT('',(-3.980713276042,-26.23420103163));
#3531 = CARTESIAN_POINT('',(-4.03321787889,-26.26762653522));
#3532 = CARTESIAN_POINT('',(-4.085719188022,-26.30104990192));
#3533 = CARTESIAN_POINT('',(-4.138215502632,-26.3344700544));
#3534 = CARTESIAN_POINT('',(-4.190708678584,-26.36788818619));
#3535 = CARTESIAN_POINT('',(-4.243202307477,-26.40130659757));
#3536 = CARTESIAN_POINT('',(-4.295700254801,-26.43472776112));
#3537 = CARTESIAN_POINT('',(-4.457104514903,-26.53748072608));
#3538 = CARTESIAN_POINT('',(-4.566094615739,-26.60686590116));
#3539 = CARTESIAN_POINT('',(-4.675025149444,-26.67621325958));
#3540 = CARTESIAN_POINT('',(-4.783918819995,-26.74553725137));
#3541 = CARTESIAN_POINT('',(-4.892815711157,-26.8148632445));
#3542 = CARTESIAN_POINT('',(-5.001754177522,-26.8842156376));
#3543 = CARTESIAN_POINT('',(-5.110753456593,-26.95360671624));
#3544 = CARTESIAN_POINT('',(-5.352486824455,-27.10749892593));
#3545 = CARTESIAN_POINT('',(-5.485603741533,-27.19224377606));
#3546 = CARTESIAN_POINT('',(-5.618550609998,-27.27688042478));
#3547 = CARTESIAN_POINT('',(-5.751416477184,-27.36146565077));
#3548 = CARTESIAN_POINT('',(-5.884281267193,-27.44605012717));
#3549 = CARTESIAN_POINT('',(-6.017227778247,-27.53068626717));
#3550 = CARTESIAN_POINT('',(-6.150344799862,-27.61543095995));
#3551 = CARTESIAN_POINT('',(-6.28318530718,-27.69999976724));
#3552 = ( GEOMETRIC_REPRESENTATION_CONTEXT(2) 
PARAMETRIC_REPRESENTATION_CONTEXT() REPRESENTATION_CONTEXT('2D SPACE',''
  ) );
#3553 = ORIENTED_EDGE('',*,*,#3554,.T.);
#3554 = EDGE_CURVE('',#3341,#3555,#3557,.T.);
#3555 = VERTEX_POINT('',#3556);
#3556 = CARTESIAN_POINT('',(7.,0.,40.700000012333));
#3557 = SURFACE_CURVE('',#3558,(#3631,#3707),.PCURVE_S1.);
#3558 = B_SPLINE_CURVE_WITH_KNOTS('',8,(#3559,#3560,#3561,#3562,#3563,
    #3564,#3565,#3566,#3567,#3568,#3569,#3570,#3571,#3572,#3573,#3574,
    #3575,#3576,#3577,#3578,#3579,#3580,#3581,#3582,#3583,#3584,#3585,
    #3586,#3587,#3588,#3589,#3590,#3591,#3592,#3593,#3594,#3595,#3596,
    #3597,#3598,#3599,#3600,#3601,#3602,#3603,#3604,#3605,#3606,#3607,
    #3608,#3609,#3610,#3611,#3612,#3613,#3614,#3615,#3616,#3617,#3618,
    #3619,#3620,#3621,#3622,#3623,#3624,#3625,#3626,#3627,#3628,#3629,
    #3630),.UNSPECIFIED.,.F.,.F.,(9,7,7,7,7,7,7,7,7,7,9),(0.,
    0.112861057774,0.17782085702,0.243665652398,0.340457563926,
    0.452195021817,0.584611837991,0.694565901686,0.767915575755,
    0.842077687955,1.),.UNSPECIFIED.);
#3559 = CARTESIAN_POINT('',(7.,6.217248937901E-15,36.699999767247));
#3560 = CARTESIAN_POINT('',(7.,0.620363147809,36.756419059135));
#3561 = CARTESIAN_POINT('',(6.937166272025,1.241000672917,
    36.812863387101));
#3562 = CARTESIAN_POINT('',(6.811407791297,1.854098809084,
    36.869297339117));
#3563 = CARTESIAN_POINT('',(6.623883543952,2.452217846945,
    36.925722100979));
#3564 = CARTESIAN_POINT('',(6.376723719303,3.028257297404,
    36.982146788614));
#3565 = CARTESIAN_POINT('',(6.072936326332,3.57544299413,37.038580399778
    ));
#3566 = CARTESIAN_POINT('',(5.716484968403,4.087376823102,37.09502404575
    ));
#3567 = CARTESIAN_POINT('',(5.080014124368,4.829177076099,
    37.183916432324));
#3568 = CARTESIAN_POINT('',(4.831683774663,5.086631857942,
    37.216391612373));
#3569 = CARTESIAN_POINT('',(4.568479260991,5.32945480323,37.248867589419
    ));
#3570 = CARTESIAN_POINT('',(4.291415938575,5.556640664077,
    37.281343606067));
#3571 = CARTESIAN_POINT('',(4.001577717952,5.767278254191,
    37.313819221864));
#3572 = CARTESIAN_POINT('',(3.700117064975,5.960550448864,
    37.346294313295));
#3573 = CARTESIAN_POINT('',(3.388255000812,6.135734184982,
    37.378769073789));
#3574 = CARTESIAN_POINT('',(2.741934334597,6.450798394644,
    37.444161384135));
#3575 = CARTESIAN_POINT('',(2.407204673039,6.590174754987,
    37.477078709325));
#3576 = CARTESIAN_POINT('',(2.064438203647,6.709675615358,
    37.509996246487));
#3577 = CARTESIAN_POINT('',(1.715012675189,6.808765083952,
    37.542914091546));
#3578 = CARTESIAN_POINT('',(1.360337498825,6.887025303853,
    37.575832179141));
#3579 = CARTESIAN_POINT('',(1.001853748116,6.944156453031,
    37.608750282634));
#3580 = CARTESIAN_POINT('',(0.641034159014,6.979976744342,
    37.641668014104));
#3581 = CARTESIAN_POINT('',(-0.252244225268,7.015657590546,
    37.722972566562));
#3582 = CARTESIAN_POINT('',(-0.785826145823,6.990716685666,
    37.771370036734));
#3583 = CARTESIAN_POINT('',(-1.316519298694,6.919375150186,
    37.81976330481));
#3584 = CARTESIAN_POINT('',(-1.839624368977,6.802055330245,
    37.868151820519));
#3585 = CARTESIAN_POINT('',(-2.350567847808,6.639719293144,
    37.91654147229));
#3586 = CARTESIAN_POINT('',(-2.844904946286,6.433834149987,
    37.964937577421));
#3587 = CARTESIAN_POINT('',(-3.318343635477,6.186409886653,
    38.013337803495));
#3588 = CARTESIAN_POINT('',(-4.284480134227,5.569602182372,
    38.117583662533));
#3589 = CARTESIAN_POINT('',(-4.769243529979,5.187043574028,
    38.173465634959));
#3590 = CARTESIAN_POINT('',(-5.214645796147,4.756441513841,
    38.229336806599));
#3591 = CARTESIAN_POINT('',(-5.61520306647,4.282621978674,
    38.285198214081));
#3592 = CARTESIAN_POINT('',(-5.966211039056,3.771016985352,
    38.341059261489));
#3593 = CARTESIAN_POINT('',(-6.263680558252,3.227599262356,
    38.396929633178));
#3594 = CARTESIAN_POINT('',(-6.504411854469,2.658924863665,
    38.452811176819));
#3595 = CARTESIAN_POINT('',(-6.901718697319,1.376987063931,
    38.574868882987));
#3596 = CARTESIAN_POINT('',(-7.034741039866,0.655584553339,
    38.641117905531));
#3597 = CARTESIAN_POINT('',(-7.081273076491,-7.97334213788E-02,
    38.707338413955));
#3598 = CARTESIAN_POINT('',(-7.040012093229,-0.816859142221,
    38.773538944441));
#3599 = CARTESIAN_POINT('',(-6.911390025244,-1.543846555119,
    38.839739244557));
#3600 = CARTESIAN_POINT('',(-6.697723252899,-2.24896910665,
    38.905959188146));
#3601 = CARTESIAN_POINT('',(-6.403052558589,-2.920742500185,
    38.972207612814));
#3602 = CARTESIAN_POINT('',(-5.727732066884,-4.06920104472,
    39.093374058661));
#3603 = CARTESIAN_POINT('',(-5.369832746422,-4.560182201787,
    39.148363984386));
#3604 = CARTESIAN_POINT('',(-4.963987956604,-5.01488197348,
    39.203344332374));
#3605 = CARTESIAN_POINT('',(-4.514586063573,-5.427894427757,
    39.25831558764));
#3606 = CARTESIAN_POINT('',(-4.026619813479,-5.794521148624,
    39.313285921692));
#3607 = CARTESIAN_POINT('',(-3.505621046279,-6.11071989468,
    39.368263625102));
#3608 = CARTESIAN_POINT('',(-2.957695642364,-6.373170696899,
    39.423249743926));
#3609 = CARTESIAN_POINT('',(-2.010673498361,-6.717123016259,
    39.514881655069));
#3610 = CARTESIAN_POINT('',(-1.622673534037,-6.829807250927,
    39.551546954505));
#3611 = CARTESIAN_POINT('',(-1.22755049865,-6.916847412915,
    39.588210795336));
#3612 = CARTESIAN_POINT('',(-0.827266297377,-6.977736475077,
    39.624874379113));
#3613 = CARTESIAN_POINT('',(-0.423819210477,-7.012141465326,
    39.661539663298));
#3614 = CARTESIAN_POINT('',(-1.924149495523E-02,-7.019904028533,
    39.698208108202));
#3615 = CARTESIAN_POINT('',(0.384402333631,-7.001054972526,
    39.73487852364));
#3616 = CARTESIAN_POINT('',(1.190068041369,-6.910129843249,
    39.808615622579));
#3617 = CARTESIAN_POINT('',(1.592068078107,-6.837461506255,
    39.845686412348));
#3618 = CARTESIAN_POINT('',(1.988915774701,-6.738077021111,
    39.882755764241));
#3619 = CARTESIAN_POINT('',(2.378560438253,-6.612410340354,
    39.919825123467));
#3620 = CARTESIAN_POINT('',(2.758998182032,-6.461075630451,
    39.956896576828));
#3621 = CARTESIAN_POINT('',(3.128274458472,-6.284866919989,
    39.993971144676));
#3622 = CARTESIAN_POINT('',(3.484492500814,-6.08477190076,
    40.031046788855));
#3623 = CARTESIAN_POINT('',(4.552673741258,-5.387624607627,
    40.147052360676));
#3624 = CARTESIAN_POINT('',(5.213481646375,-4.809477404601,
    40.226116726997));
#3625 = CARTESIAN_POINT('',(5.788957336517,-4.139322039902,
    40.30510709467));
#3626 = CARTESIAN_POINT('',(6.265015792474,-3.392414530752,
    40.384056386795));
#3627 = CARTESIAN_POINT('',(6.630301142866,-2.585537495509,
    40.463005046209));
#3628 = CARTESIAN_POINT('',(6.876994961255,-1.737371210968,
    40.541993980503));
#3629 = CARTESIAN_POINT('',(7.,-0.867985553618,40.621060480934));
#3630 = CARTESIAN_POINT('',(7.,-8.881784197001E-16,40.700000012333));
#3631 = PCURVE('',#666,#3632);
#3632 = DEFINITIONAL_REPRESENTATION('',(#3633),#3706);
#3633 = B_SPLINE_CURVE_WITH_KNOTS('',8,(#3634,#3635,#3636,#3637,#3638,
    #3639,#3640,#3641,#3642,#3643,#3644,#3645,#3646,#3647,#3648,#3649,
    #3650,#3651,#3652,#3653,#3654,#3655,#3656,#3657,#3658,#3659,#3660,
    #3661,#3662,#3663,#3664,#3665,#3666,#3667,#3668,#3669,#3670,#3671,
    #3672,#3673,#3674,#3675,#3676,#3677,#3678,#3679,#3680,#3681,#3682,
    #3683,#3684,#3685,#3686,#3687,#3688,#3689,#3690,#3691,#3692,#3693,
    #3694,#3695,#3696,#3697,#3698,#3699,#3700,#3701,#3702,#3703,#3704,
    #3705),.UNSPECIFIED.,.F.,.F.,(9,7,7,7,7,7,7,7,7,7,9),(0.,
    0.112861057774,0.17782085702,0.243665652398,0.340457563926,
    0.452195021817,0.584611837991,0.694565901686,0.767915575755,
    0.842077687955,1.),.UNSPECIFIED.);
#3634 = CARTESIAN_POINT('',(4.711672813194,52.138684461911));
#3635 = CARTESIAN_POINT('',(4.711673007488,52.243742593401));
#3636 = CARTESIAN_POINT('',(4.7116727329,52.348847344471));
#3637 = CARTESIAN_POINT('',(4.711672092285,52.45393277453));
#3638 = CARTESIAN_POINT('',(4.711671032768,52.559001091637));
#3639 = CARTESIAN_POINT('',(4.711670731808,52.664069270524));
#3640 = CARTESIAN_POINT('',(4.711671424543,52.769154065882));
#3641 = CARTESIAN_POINT('',(4.711671304707,52.874257547014));
#3642 = CARTESIAN_POINT('',(4.711671031623,53.039783694626));
#3643 = CARTESIAN_POINT('',(4.71167136595,53.100255593893));
#3644 = CARTESIAN_POINT('',(4.711671780315,53.160728977245));
#3645 = CARTESIAN_POINT('',(4.711672046663,53.221202434341));
#3646 = CARTESIAN_POINT('',(4.711672062928,53.281675145012));
#3647 = CARTESIAN_POINT('',(4.71167185304,53.342146879266));
#3648 = CARTESIAN_POINT('',(4.711671566918,53.402617997283));
#3649 = CARTESIAN_POINT('',(4.711671392854,53.524384749558));
#3650 = CARTESIAN_POINT('',(4.711671449322,53.585679965475));
#3651 = CARTESIAN_POINT('',(4.711671628353,53.646975576106));
#3652 = CARTESIAN_POINT('',(4.711671895638,53.708271760067));
#3653 = CARTESIAN_POINT('',(4.711672204086,53.769568395656));
#3654 = CARTESIAN_POINT('',(4.711672493825,53.830865060847));
#3655 = CARTESIAN_POINT('',(4.711672692198,53.892161033296));
#3656 = CARTESIAN_POINT('',(4.711672745471,54.043557906196));
#3657 = CARTESIAN_POINT('',(4.711672478434,54.133678636446));
#3658 = CARTESIAN_POINT('',(4.711671810975,54.223791541994));
#3659 = CARTESIAN_POINT('',(4.711670925797,54.313895598177));
#3660 = CARTESIAN_POINT('',(4.711670112726,54.404001769813));
#3661 = CARTESIAN_POINT('',(4.711669627248,54.494119958222));
#3662 = CARTESIAN_POINT('',(4.711669584817,54.584245820228));
#3663 = CARTESIAN_POINT('',(4.711670244385,54.778361605803));
#3664 = CARTESIAN_POINT('',(4.711671069953,54.882419196935));
#3665 = CARTESIAN_POINT('',(4.71167227572,54.986456675972));
#3666 = CARTESIAN_POINT('',(4.711673490736,55.090475973198));
#3667 = CARTESIAN_POINT('',(4.711674225465,55.194494599929));
#3668 = CARTESIAN_POINT('',(4.711674230026,55.298530589377));
#3669 = CARTESIAN_POINT('',(4.711673684969,55.402587382072));
#3670 = CARTESIAN_POINT('',(4.711671880697,55.629870534967));
#3671 = CARTESIAN_POINT('',(4.711670508384,55.753232567506));
#3672 = CARTESIAN_POINT('',(4.711669215964,55.876541504016));
#3673 = CARTESIAN_POINT('',(4.71166870317,55.999813239669));
#3674 = CARTESIAN_POINT('',(4.711669585064,56.123084546401));
#3675 = CARTESIAN_POINT('',(4.71167095562,56.246392431132));
#3676 = CARTESIAN_POINT('',(4.711672014595,56.369753350366));
#3677 = CARTESIAN_POINT('',(4.711672950319,56.595376891075));
#3678 = CARTESIAN_POINT('',(4.711672981385,56.697773405709));
#3679 = CARTESIAN_POINT('',(4.711672575122,56.800152085683));
#3680 = CARTESIAN_POINT('',(4.711671608808,56.902513834134));
#3681 = CARTESIAN_POINT('',(4.711670967368,57.004873867193));
#3682 = CARTESIAN_POINT('',(4.711671240219,57.107247622708));
#3683 = CARTESIAN_POINT('',(4.711671639459,57.209637048528));
#3684 = CARTESIAN_POINT('',(4.711671824424,57.380264453579));
#3685 = CARTESIAN_POINT('',(4.711671577698,57.448538756932));
#3686 = CARTESIAN_POINT('',(4.711671563275,57.516810344224));
#3687 = CARTESIAN_POINT('',(4.711671758028,57.585081452854));
#3688 = CARTESIAN_POINT('',(4.711671909382,57.653355727809));
#3689 = CARTESIAN_POINT('',(4.711671811309,57.721635888325));
#3690 = CARTESIAN_POINT('',(4.711671509602,57.789919718165));
#3691 = CARTESIAN_POINT('',(4.71167136244,57.927225266974));
#3692 = CARTESIAN_POINT('',(4.711671397203,57.99625463221));
#3693 = CARTESIAN_POINT('',(4.71167163413,58.065281319983));
#3694 = CARTESIAN_POINT('',(4.711672014958,58.13430802141));
#3695 = CARTESIAN_POINT('',(4.711672412348,58.203338622316));
#3696 = CARTESIAN_POINT('',(4.711672697276,58.272375022695));
#3697 = CARTESIAN_POINT('',(4.711672791193,58.341413427308));
#3698 = CARTESIAN_POINT('',(4.71167251511,58.557426925712));
#3699 = CARTESIAN_POINT('',(4.711671490931,58.704652357215));
#3700 = CARTESIAN_POINT('',(4.711669589473,58.851739996154));
#3701 = CARTESIAN_POINT('',(4.711668078545,58.998751148414));
#3702 = CARTESIAN_POINT('',(4.711669322352,59.145761122611));
#3703 = CARTESIAN_POINT('',(4.711671310435,59.292846092437));
#3704 = CARTESIAN_POINT('',(4.711672886459,59.440075497852));
#3705 = CARTESIAN_POINT('',(4.711673554521,59.587068474755));
#3706 = ( GEOMETRIC_REPRESENTATION_CONTEXT(2) 
PARAMETRIC_REPRESENTATION_CONTEXT() REPRESENTATION_CONTEXT('2D SPACE',''
  ) );
#3707 = PCURVE('',#3708,#3713);
#3708 = CYLINDRICAL_SURFACE('',#3709,7.);
#3709 = AXIS2_PLACEMENT_3D('',#3710,#3711,#3712);
#3710 = CARTESIAN_POINT('',(0.,0.,9.));
#3711 = DIRECTION('',(-0.,-0.,-1.));
#3712 = DIRECTION('',(1.,0.,0.));
#3713 = DEFINITIONAL_REPRESENTATION('',(#3714),#3787);
#3714 = B_SPLINE_CURVE_WITH_KNOTS('',8,(#3715,#3716,#3717,#3718,#3719,
    #3720,#3721,#3722,#3723,#3724,#3725,#3726,#3727,#3728,#3729,#3730,
    #3731,#3732,#3733,#3734,#3735,#3736,#3737,#3738,#3739,#3740,#3741,
    #3742,#3743,#3744,#3745,#3746,#3747,#3748,#3749,#3750,#3751,#3752,
    #3753,#3754,#3755,#3756,#3757,#3758,#3759,#3760,#3761,#3762,#3763,
    #3764,#3765,#3766,#3767,#3768,#3769,#3770,#3771,#3772,#3773,#3774,
    #3775,#3776,#3777,#3778,#3779,#3780,#3781,#3782,#3783,#3784,#3785,
    #3786),.UNSPECIFIED.,.F.,.F.,(9,7,7,7,7,7,7,7,7,7,9),(0.,
    0.112861057774,0.17782085702,0.243665652398,0.340457563926,
    0.452195021817,0.584611837991,0.694565901686,0.767915575755,
    0.842077687955,1.),.UNSPECIFIED.);
#3715 = CARTESIAN_POINT('',(0.,-27.69999976724));
#3716 = CARTESIAN_POINT('',(-8.86233068299E-02,-27.75641905913));
#3717 = CARTESIAN_POINT('',(-0.177285834462,-27.8128633871));
#3718 = CARTESIAN_POINT('',(-0.265931882108,-27.86929733911));
#3719 = CARTESIAN_POINT('',(-0.354563272953,-27.92572210097));
#3720 = CARTESIAN_POINT('',(-0.443194419319,-27.98214678861));
#3721 = CARTESIAN_POINT('',(-0.531839864477,-28.03858039977));
#3722 = CARTESIAN_POINT('',(-0.62050179475,-28.09502404575));
#3723 = CARTESIAN_POINT('',(-0.760134165613,-28.18391643232));
#3724 = CARTESIAN_POINT('',(-0.811146192282,-28.21639161237));
#3725 = CARTESIAN_POINT('',(-0.862159456714,-28.24886758941));
#3726 = CARTESIAN_POINT('',(-0.913172792078,-28.28134360606));
#3727 = CARTESIAN_POINT('',(-0.964185503564,-28.31381922186));
#3728 = CARTESIAN_POINT('',(-1.015197368374,-28.34629431329));
#3729 = CARTESIAN_POINT('',(-1.066208635731,-28.37876907378));
#3730 = CARTESIAN_POINT('',(-1.168926384509,-28.44416138413));
#3731 = CARTESIAN_POINT('',(-1.220632597422,-28.47707870932));
#3732 = CARTESIAN_POINT('',(-1.272339125429,-28.50999624648));
#3733 = CARTESIAN_POINT('',(-1.324046160655,-28.54291409154));
#3734 = CARTESIAN_POINT('',(-1.375753627537,-28.57583217914));
#3735 = CARTESIAN_POINT('',(-1.427461182825,-28.60875028263));
#3736 = CARTESIAN_POINT('',(-1.47916821558,-28.6416680141));
#3737 = CARTESIAN_POINT('',(-1.606881174555,-28.72297256656));
#3738 = CARTESIAN_POINT('',(-1.682903882642,-28.77137003673));
#3739 = CARTESIAN_POINT('',(-1.758920048179,-28.81976330481));
#3740 = CARTESIAN_POINT('',(-1.834928729552,-28.86815182051));
#3741 = CARTESIAN_POINT('',(-1.910939122226,-28.91654147229));
#3742 = CARTESIAN_POINT('',(-1.986959571879,-28.96493757742));
#3743 = CARTESIAN_POINT('',(-2.062986445239,-29.01333780349));
#3744 = CARTESIAN_POINT('',(-2.226735349474,-29.11758366253));
#3745 = CARTESIAN_POINT('',(-2.31451445482,-29.17346563495));
#3746 = CARTESIAN_POINT('',(-2.402276599493,-29.22933680659));
#3747 = CARTESIAN_POINT('',(-2.490023465995,-29.28519821408));
#3748 = CARTESIAN_POINT('',(-2.577769824097,-29.34105926148));
#3749 = CARTESIAN_POINT('',(-2.66553084177,-29.39692963317));
#3750 = CARTESIAN_POINT('',(-2.753309382445,-29.45281117681));
#3751 = CARTESIAN_POINT('',(-2.945037147021,-29.57486888298));
#3752 = CARTESIAN_POINT('',(-3.049100805571,-29.64111790553));
#3753 = CARTESIAN_POINT('',(-3.153119618835,-29.70733841395));
#3754 = CARTESIAN_POINT('',(-3.257107026919,-29.77353894444));
#3755 = CARTESIAN_POINT('',(-3.361094203189,-29.83973924455));
#3756 = CARTESIAN_POINT('',(-3.465112451031,-29.90595918814));
#3757 = CARTESIAN_POINT('',(-3.569175487549,-29.97220761281));
#3758 = CARTESIAN_POINT('',(-3.759503603536,-30.09337405866));
#3759 = CARTESIAN_POINT('',(-3.84588165741,-30.14836398438));
#3760 = CARTESIAN_POINT('',(-3.932244524053,-30.20334433237));
#3761 = CARTESIAN_POINT('',(-4.018592898682,-30.25831558764));
#3762 = CARTESIAN_POINT('',(-4.104939604608,-30.31328592169));
#3763 = CARTESIAN_POINT('',(-4.191297929014,-30.3682636251));
#3764 = CARTESIAN_POINT('',(-4.277669964799,-30.42324974392));
#3765 = CARTESIAN_POINT('',(-4.421605476098,-30.51488165506));
#3766 = CARTESIAN_POINT('',(-4.479199613664,-30.5515469545));
#3767 = CARTESIAN_POINT('',(-4.536790917786,-30.58821079533));
#3768 = CARTESIAN_POINT('',(-4.59438189724,-30.62487437911));
#3769 = CARTESIAN_POINT('',(-4.651976005696,-30.66153966329));
#3770 = CARTESIAN_POINT('',(-4.709575119157,-30.6982081082));
#3771 = CARTESIAN_POINT('',(-4.767176694243,-30.73487852364));
#3772 = CARTESIAN_POINT('',(-4.883002444064,-30.80861562257));
#3773 = CARTESIAN_POINT('',(-4.941232898514,-30.84568641234));
#3774 = CARTESIAN_POINT('',(-4.999461051392,-30.88275576424));
#3775 = CARTESIAN_POINT('',(-5.05768924356,-30.91982512346));
#3776 = CARTESIAN_POINT('',(-5.11592080089,-30.95689657682));
#3777 = CARTESIAN_POINT('',(-5.174157336256,-30.99397114467));
#3778 = CARTESIAN_POINT('',(-5.232395628682,-31.03104678885));
#3779 = CARTESIAN_POINT('',(-5.41461692892,-31.14705236067));
#3780 = CARTESIAN_POINT('',(-5.538811279935,-31.22611672699));
#3781 = CARTESIAN_POINT('',(-5.662889420831,-31.30510709467));
#3782 = CARTESIAN_POINT('',(-5.786902625953,-31.38405638679));
#3783 = CARTESIAN_POINT('',(-5.910914634303,-31.46300504621));
#3784 = CARTESIAN_POINT('',(-6.034990036772,-31.5419939805));
#3785 = CARTESIAN_POINT('',(-6.159187370948,-31.62106048093));
#3786 = CARTESIAN_POINT('',(-6.28318530718,-31.70000001233));
#3787 = ( GEOMETRIC_REPRESENTATION_CONTEXT(2) 
PARAMETRIC_REPRESENTATION_CONTEXT() REPRESENTATION_CONTEXT('2D SPACE',''
  ) );
#3788 = ORIENTED_EDGE('',*,*,#3789,.T.);
#3789 = EDGE_CURVE('',#3555,#3790,#3792,.T.);
#3790 = VERTEX_POINT('',#3791);
#3791 = CARTESIAN_POINT('',(7.,0.,44.70000018194));
#3792 = SURFACE_CURVE('',#3793,(#3859,#3928),.PCURVE_S1.);
#3793 = B_SPLINE_CURVE_WITH_KNOTS('',8,(#3794,#3795,#3796,#3797,#3798,
    #3799,#3800,#3801,#3802,#3803,#3804,#3805,#3806,#3807,#3808,#3809,
    #3810,#3811,#3812,#3813,#3814,#3815,#3816,#3817,#3818,#3819,#3820,
    #3821,#3822,#3823,#3824,#3825,#3826,#3827,#3828,#3829,#3830,#3831,
    #3832,#3833,#3834,#3835,#3836,#3837,#3838,#3839,#3840,#3841,#3842,
    #3843,#3844,#3845,#3846,#3847,#3848,#3849,#3850,#3851,#3852,#3853,
    #3854,#3855,#3856,#3857,#3858),.UNSPECIFIED.,.F.,.F.,(9,7,7,7,7,7,7,
    7,7,9),(0.,0.115337609766,0.237836128425,0.34892663535,
    0.458229647222,0.610104762129,0.687378573843,0.809530493762,
    0.907794502875,1.),.UNSPECIFIED.);
#3794 = CARTESIAN_POINT('',(7.,-8.881784197001E-16,40.700000012333));
#3795 = CARTESIAN_POINT('',(7.,0.652290126573,40.75932297769));
#3796 = CARTESIAN_POINT('',(6.930533428975,1.304904234136,
    40.818675363477));
#3797 = CARTESIAN_POINT('',(6.791480067796,1.948720922449,
    40.878012807575));
#3798 = CARTESIAN_POINT('',(6.584295603374,2.575123756381,
    40.937339024308));
#3799 = CARTESIAN_POINT('',(6.311536450173,3.175891815151,
    40.996666192824));
#3800 = CARTESIAN_POINT('',(5.9768953166,3.743242629966,41.056006048773)
  );
#3801 = CARTESIAN_POINT('',(5.585153420505,4.269840260098,
    41.115361013344));
#3802 = CARTESIAN_POINT('',(4.672612914978,5.258006815601,
    41.237688962271));
#3803 = CARTESIAN_POINT('',(4.14469194793,5.71417953932,41.300740776679)
  );
#3804 = CARTESIAN_POINT('',(3.566224508323,6.109291960965,
    41.363772302094));
#3805 = CARTESIAN_POINT('',(2.945627380979,6.437026311636,
    41.426786793136));
#3806 = CARTESIAN_POINT('',(2.291941230998,6.692404285878,
    41.489799771846));
#3807 = CARTESIAN_POINT('',(1.614837995151,6.871865338416,
    41.552827711555));
#3808 = CARTESIAN_POINT('',(0.924545557957,6.973182002803,
    41.615877992336));
#3809 = CARTESIAN_POINT('',(-0.395919219433,7.016983027548,41.7360350349
    ));
#3810 = CARTESIAN_POINT('',(-1.018127093703,6.973129921908,
    41.792458786675));
#3811 = CARTESIAN_POINT('',(-1.631224022605,6.867321761946,
    41.848570434398));
#3812 = CARTESIAN_POINT('',(-2.230201998036,6.700750122955,
    41.90454034945));
#3813 = CARTESIAN_POINT('',(-2.808788256991,6.475125476323,
    41.960455566443));
#3814 = CARTESIAN_POINT('',(-3.35980625616,6.193343299487,
    42.016265174871));
#3815 = CARTESIAN_POINT('',(-3.875452327865,5.860454344526,
    42.071822174638));
#3816 = CARTESIAN_POINT('',(-4.813523821384,5.116876284214,
    42.180687208903));
#3817 = CARTESIAN_POINT('',(-5.243172549943,4.702882460672,
    42.234697074094));
#3818 = CARTESIAN_POINT('',(-5.631857986558,4.247849853998,
    42.288697689403));
#3819 = CARTESIAN_POINT('',(-5.975076010705,3.756584870214,
    42.342689779306));
#3820 = CARTESIAN_POINT('',(-6.269046197604,3.23436127007,
    42.396681418718));
#3821 = CARTESIAN_POINT('',(-6.510656975229,2.686872186771,
    42.450680852031));
#3822 = CARTESIAN_POINT('',(-6.697530998303,2.120258266652,
    42.504689204674));
#3823 = CARTESIAN_POINT('',(-7.009842309999,0.736554402944,
    42.633696439143));
#3824 = CARTESIAN_POINT('',(-7.083304725572,-9.34752807547E-02,
    42.708802327985));
#3825 = CARTESIAN_POINT('',(-7.043981512674,-0.930415735837,
    42.783851998948));
#3826 = CARTESIAN_POINT('',(-6.891987046784,-1.756518092604,
    42.858869069972));
#3827 = CARTESIAN_POINT('',(-6.630038403294,-2.554610888632,
    42.933887519768));
#3828 = CARTESIAN_POINT('',(-6.263959587288,-3.308317499003,
    43.008940415834));
#3829 = CARTESIAN_POINT('',(-5.80212119221,-4.001966617362,
    43.084051911886));
#3830 = CARTESIAN_POINT('',(-4.980484912452,-4.936688711758,
    43.197234202537));
#3831 = CARTESIAN_POINT('',(-4.68177386706,-5.232958317369,
    43.235407202726));
#3832 = CARTESIAN_POINT('',(-4.362969705176,-5.508509937908,
    43.273580681289));
#3833 = CARTESIAN_POINT('',(-4.025766042879,-5.761761179473,
    43.311753817751));
#3834 = CARTESIAN_POINT('',(-3.671985740605,-5.991306552829,
    43.349927930565));
#3835 = CARTESIAN_POINT('',(-3.303573238205,-6.195912316091,
    43.388104259479));
#3836 = CARTESIAN_POINT('',(-2.922598609553,-6.374526608171,
    43.42628165658));
#3837 = CARTESIAN_POINT('',(-1.912679115322,-6.766231001043,
    43.524796074866));
#3838 = CARTESIAN_POINT('',(-1.267797430932,-6.939262900518,
    43.585166911028));
#3839 = CARTESIAN_POINT('',(-0.605525052492,-7.041820906994,
    43.645520925952));
#3840 = CARTESIAN_POINT('',(6.513542602932E-02,-7.072086584051,
    43.705863317515));
#3841 = CARTESIAN_POINT('',(0.735146316244,-7.029480582174,
    43.766207418315));
#3842 = CARTESIAN_POINT('',(1.395465809601,-6.914728469061,
    43.826565562922));
#3843 = CARTESIAN_POINT('',(2.037078295727,-6.729818756869,
    43.886939653015));
#3844 = CARTESIAN_POINT('',(3.145034295727,-6.276431349707,
    43.995813917417));
#3845 = CARTESIAN_POINT('',(3.621469542799,-6.03122270199,
    44.044362054654));
#3846 = CARTESIAN_POINT('',(4.07584246601,-5.744759460455,
    44.092903823351));
#3847 = CARTESIAN_POINT('',(4.504009802283,-5.419413539458,
    44.14144018576));
#3848 = CARTESIAN_POINT('',(4.902186988125,-5.057992112402,
    44.189975709173));
#3849 = CARTESIAN_POINT('',(5.266927657629,-4.663703334951,
    44.238515521727));
#3850 = CARTESIAN_POINT('',(5.595151524183,-4.240179633862,
    44.287062116624));
#3851 = CARTESIAN_POINT('',(6.155492415942,-3.370566045542,
    44.381146149314));
#3852 = CARTESIAN_POINT('',(6.392385013218,-2.927325722166,
    44.426700578998));
#3853 = CARTESIAN_POINT('',(6.592696910726,-2.465207940525,
    44.47225217873));
#3854 = CARTESIAN_POINT('',(6.754710162437,-1.98776164292,
    44.517799657356));
#3855 = CARTESIAN_POINT('',(6.877128015768,-1.498666138153,
    44.563347014077));
#3856 = CARTESIAN_POINT('',(6.959050348345,-1.001714771773,
    44.608898451379));
#3857 = CARTESIAN_POINT('',(7.,-0.500814304668,44.65445318943));
#3858 = CARTESIAN_POINT('',(7.,-1.7763568394E-15,44.70000018194));
#3859 = PCURVE('',#666,#3860);
#3860 = DEFINITIONAL_REPRESENTATION('',(#3861),#3927);
#3861 = B_SPLINE_CURVE_WITH_KNOTS('',8,(#3862,#3863,#3864,#3865,#3866,
    #3867,#3868,#3869,#3870,#3871,#3872,#3873,#3874,#3875,#3876,#3877,
    #3878,#3879,#3880,#3881,#3882,#3883,#3884,#3885,#3886,#3887,#3888,
    #3889,#3890,#3891,#3892,#3893,#3894,#3895,#3896,#3897,#3898,#3899,
    #3900,#3901,#3902,#3903,#3904,#3905,#3906,#3907,#3908,#3909,#3910,
    #3911,#3912,#3913,#3914,#3915,#3916,#3917,#3918,#3919,#3920,#3921,
    #3922,#3923,#3924,#3925,#3926),.UNSPECIFIED.,.F.,.F.,(9,7,7,7,7,7,7,
    7,7,9),(0.,0.115337609766,0.237836128425,0.34892663535,
    0.458229647222,0.610104762129,0.687378573843,0.809530493762,
    0.907794502875,1.),.UNSPECIFIED.);
#3862 = CARTESIAN_POINT('',(4.711673554521,59.587068474755));
#3863 = CARTESIAN_POINT('',(4.71167405657,59.697533524674));
#3864 = CARTESIAN_POINT('',(4.711674049024,59.808053358258));
#3865 = CARTESIAN_POINT('',(4.711673340174,59.918545368987));
#3866 = CARTESIAN_POINT('',(4.711671993142,60.029016473295));
#3867 = CARTESIAN_POINT('',(4.711670558186,60.139489349892));
#3868 = CARTESIAN_POINT('',(4.711669677814,60.249985851712));
#3869 = CARTESIAN_POINT('',(4.711669477219,60.360510487237));
#3870 = CARTESIAN_POINT('',(4.711670131219,60.588296858061));
#3871 = CARTESIAN_POINT('',(4.711671054629,60.705705382476));
#3872 = CARTESIAN_POINT('',(4.711672345598,60.823076126843));
#3873 = CARTESIAN_POINT('',(4.711673494394,60.94041515155));
#3874 = CARTESIAN_POINT('',(4.711673482427,61.057751360175));
#3875 = CARTESIAN_POINT('',(4.711672622812,61.175115427608));
#3876 = CARTESIAN_POINT('',(4.711671875209,61.292521096259));
#3877 = CARTESIAN_POINT('',(4.711671125431,61.516265031265));
#3878 = CARTESIAN_POINT('',(4.711670658775,61.621331467491));
#3879 = CARTESIAN_POINT('',(4.711673298854,61.725816736056));
#3880 = CARTESIAN_POINT('',(4.711668871663,61.830038084772));
#3881 = CARTESIAN_POINT('',(4.711674315976,61.934157580486));
#3882 = CARTESIAN_POINT('',(4.711672408636,62.038080422911));
#3883 = CARTESIAN_POINT('',(4.711672068193,62.14153288379));
#3884 = CARTESIAN_POINT('',(4.71167134418,62.344250016562));
#3885 = CARTESIAN_POINT('',(4.711671171584,62.444821564506));
#3886 = CARTESIAN_POINT('',(4.7116716558,62.545375888287));
#3887 = CARTESIAN_POINT('',(4.711672531524,62.645914336938));
#3888 = CARTESIAN_POINT('',(4.711673110526,62.74645194673));
#3889 = CARTESIAN_POINT('',(4.711673003847,62.847004069518));
#3890 = CARTESIAN_POINT('',(4.711672494577,62.947572800955));
#3891 = CARTESIAN_POINT('',(4.711670840476,63.187796641926));
#3892 = CARTESIAN_POINT('',(4.711669544294,63.327651008789));
#3893 = CARTESIAN_POINT('',(4.711668598934,63.467400692548));
#3894 = CARTESIAN_POINT('',(4.711669298636,63.607089672132));
#3895 = CARTESIAN_POINT('',(4.711671557695,63.746781219124));
#3896 = CARTESIAN_POINT('',(4.71167330528,63.886536908334));
#3897 = CARTESIAN_POINT('',(4.711674019969,64.026401716356));
#3898 = CARTESIAN_POINT('',(4.711673685373,64.237157994501));
#3899 = CARTESIAN_POINT('',(4.711673332129,64.308239781229));
#3900 = CARTESIAN_POINT('',(4.711672751811,64.379322458737));
#3901 = CARTESIAN_POINT('',(4.711672022233,64.450404499221));
#3902 = CARTESIAN_POINT('',(4.711671259903,64.521488357762));
#3903 = CARTESIAN_POINT('',(4.711670589516,64.592576342892));
#3904 = CARTESIAN_POINT('',(4.711670108725,64.663666317089));
#3905 = CARTESIAN_POINT('',(4.711669436384,64.847109610396));
#3906 = CARTESIAN_POINT('',(4.711669578555,64.959525896236));
#3907 = CARTESIAN_POINT('',(4.711670409257,65.07191085932));
#3908 = CARTESIAN_POINT('',(4.711671763972,65.184274178601));
#3909 = CARTESIAN_POINT('',(4.711672905259,65.296640680618));
#3910 = CARTESIAN_POINT('',(4.711673154717,65.40903333357));
#3911 = CARTESIAN_POINT('',(4.711672832472,65.521455678541));
#3912 = CARTESIAN_POINT('',(4.711671961876,65.724189998717));
#3913 = CARTESIAN_POINT('',(4.711671489534,65.814591285492));
#3914 = CARTESIAN_POINT('',(4.711671059829,65.904980713431));
#3915 = CARTESIAN_POINT('',(4.711671116645,65.995360074346));
#3916 = CARTESIAN_POINT('',(4.711671749723,66.085737872969));
#3917 = CARTESIAN_POINT('',(4.71167219255,66.176123658385));
#3918 = CARTESIAN_POINT('',(4.711671525884,66.266522073173));
#3919 = CARTESIAN_POINT('',(4.711671715172,66.441715563677));
#3920 = CARTESIAN_POINT('',(4.711672070189,66.526542279923));
#3921 = CARTESIAN_POINT('',(4.711671680418,66.611363726527));
#3922 = CARTESIAN_POINT('',(4.71167114357,66.696177499235));
#3923 = CARTESIAN_POINT('',(4.711671099526,66.780991044945));
#3924 = CARTESIAN_POINT('',(4.71167152941,66.86581218909));
#3925 = CARTESIAN_POINT('',(4.711671917459,66.950639479544));
#3926 = CARTESIAN_POINT('',(4.711672275669,67.035452347059));
#3927 = ( GEOMETRIC_REPRESENTATION_CONTEXT(2) 
PARAMETRIC_REPRESENTATION_CONTEXT() REPRESENTATION_CONTEXT('2D SPACE',''
  ) );
#3928 = PCURVE('',#3929,#3934);
#3929 = CYLINDRICAL_SURFACE('',#3930,7.);
#3930 = AXIS2_PLACEMENT_3D('',#3931,#3932,#3933);
#3931 = CARTESIAN_POINT('',(0.,0.,9.));
#3932 = DIRECTION('',(-0.,-0.,-1.));
#3933 = DIRECTION('',(1.,0.,0.));
#3934 = DEFINITIONAL_REPRESENTATION('',(#3935),#4001);
#3935 = B_SPLINE_CURVE_WITH_KNOTS('',8,(#3936,#3937,#3938,#3939,#3940,
    #3941,#3942,#3943,#3944,#3945,#3946,#3947,#3948,#3949,#3950,#3951,
    #3952,#3953,#3954,#3955,#3956,#3957,#3958,#3959,#3960,#3961,#3962,
    #3963,#3964,#3965,#3966,#3967,#3968,#3969,#3970,#3971,#3972,#3973,
    #3974,#3975,#3976,#3977,#3978,#3979,#3980,#3981,#3982,#3983,#3984,
    #3985,#3986,#3987,#3988,#3989,#3990,#3991,#3992,#3993,#3994,#3995,
    #3996,#3997,#3998,#3999,#4000),.UNSPECIFIED.,.F.,.F.,(9,7,7,7,7,7,7,
    7,7,9),(0.,0.115337609766,0.237836128425,0.34892663535,
    0.458229647222,0.610104762129,0.687378573843,0.809530493762,
    0.907794502875,1.),.UNSPECIFIED.);
#3936 = CARTESIAN_POINT('',(0.,-31.70000001233));
#3937 = CARTESIAN_POINT('',(-9.318430379618E-02,-31.75932297769));
#3938 = CARTESIAN_POINT('',(-0.186414845345,-31.81867536347));
#3939 = CARTESIAN_POINT('',(-0.279621915322,-31.87801280757));
#3940 = CARTESIAN_POINT('',(-0.372811303269,-31.93733902431));
#3941 = CARTESIAN_POINT('',(-0.466002103,-31.99666619282));
#3942 = CARTESIAN_POINT('',(-0.559212816299,-32.05600604877));
#3943 = CARTESIAN_POINT('',(-0.65244731638,-32.11536101334));
#3944 = CARTESIAN_POINT('',(-0.844599643053,-32.23768896227));
#3945 = CARTESIAN_POINT('',(-0.943641305298,-32.30074077667));
#3946 = CARTESIAN_POINT('',(-1.042651212925,-32.36377230209));
#3947 = CARTESIAN_POINT('',(-1.141634440148,-32.42678679313));
#3948 = CARTESIAN_POINT('',(-1.240615230557,-32.48979977184));
#3949 = CARTESIAN_POINT('',(-1.339619138563,-32.55282771155));
#3950 = CARTESIAN_POINT('',(-1.438657904677,-32.61587799233));
#3951 = CARTESIAN_POINT('',(-1.627399481491,-32.7360350349));
#3952 = CARTESIAN_POINT('',(-1.716029795061,-32.79245878667));
#3953 = CARTESIAN_POINT('',(-1.804167663727,-32.84857043439));
#3954 = CARTESIAN_POINT('',(-1.89209037452,-32.90454034944));
#3955 = CARTESIAN_POINT('',(-1.979916828565,-32.96045556644));
#3956 = CARTESIAN_POINT('',(-2.067585490877,-33.01626517487));
#3957 = CARTESIAN_POINT('',(-2.15485396318,-33.07182217463));
#3958 = CARTESIAN_POINT('',(-2.325858585312,-33.1806872089));
#3959 = CARTESIAN_POINT('',(-2.410696736519,-33.23469707409));
#3960 = CARTESIAN_POINT('',(-2.495520230047,-33.2886976894));
#3961 = CARTESIAN_POINT('',(-2.580330528183,-33.3426897793));
#3962 = CARTESIAN_POINT('',(-2.665140379162,-33.39668141871));
#3963 = CARTESIAN_POINT('',(-2.749962614137,-33.45068085203));
#3964 = CARTESIAN_POINT('',(-2.834798917857,-33.50468920467));
#3965 = CARTESIAN_POINT('',(-3.03744341092,-33.63369643914));
#3966 = CARTESIAN_POINT('',(-3.155419675767,-33.70880232798));
#3967 = CARTESIAN_POINT('',(-3.273307438646,-33.78385199894));
#3968 = CARTESIAN_POINT('',(-3.391143722963,-33.85886906997));
#3969 = CARTESIAN_POINT('',(-3.508982267566,-33.93388751976));
#3970 = CARTESIAN_POINT('',(-3.626875063616,-34.00894041583));
#3971 = CARTESIAN_POINT('',(-3.744859961286,-34.08405191188));
#3972 = CARTESIAN_POINT('',(-3.922646325285,-34.19723420253));
#3973 = CARTESIAN_POINT('',(-3.98260834357,-34.23540720272));
#3974 = CARTESIAN_POINT('',(-4.042571101949,-34.27358068128));
#3975 = CARTESIAN_POINT('',(-4.102533303588,-34.31175381775));
#3976 = CARTESIAN_POINT('',(-4.162497018463,-34.34992793056));
#3977 = CARTESIAN_POINT('',(-4.222464201821,-34.38810425947));
#3978 = CARTESIAN_POINT('',(-4.282433064537,-34.42628165658));
#3979 = CARTESIAN_POINT('',(-4.437179052334,-34.52479607486));
#3980 = CARTESIAN_POINT('',(-4.532009314886,-34.58516691102));
#3981 = CARTESIAN_POINT('',(-4.626813242496,-34.64552092595));
#3982 = CARTESIAN_POINT('',(-4.721599037444,-34.70586331751));
#3983 = CARTESIAN_POINT('',(-4.816387638282,-34.76620741831));
#3984 = CARTESIAN_POINT('',(-4.911198200487,-34.82656556292));
#3985 = CARTESIAN_POINT('',(-5.006033582211,-34.88693965301));
#3986 = CARTESIAN_POINT('',(-5.177052535625,-34.99581391741));
#3987 = CARTESIAN_POINT('',(-5.253311398056,-35.04436205465));
#3988 = CARTESIAN_POINT('',(-5.329560644916,-35.09290382335));
#3989 = CARTESIAN_POINT('',(-5.405800675933,-35.14144018576));
#3990 = CARTESIAN_POINT('',(-5.482039881247,-35.18997570917));
#3991 = CARTESIAN_POINT('',(-5.558287013074,-35.23851552172));
#3992 = CARTESIAN_POINT('',(-5.634543901676,-35.28706211662));
#3993 = CARTESIAN_POINT('',(-5.782330959459,-35.38114614931));
#3994 = CARTESIAN_POINT('',(-5.853888225248,-35.42670057899));
#3995 = CARTESIAN_POINT('',(-5.925440734134,-35.47225217873));
#3996 = CARTESIAN_POINT('',(-5.996986405872,-35.51779965735));
#3997 = CARTESIAN_POINT('',(-6.068531716524,-35.56334701407));
#3998 = CARTESIAN_POINT('',(-6.140083438607,-35.60889845137));
#3999 = CARTESIAN_POINT('',(-6.211640406513,-35.65445318943));
#4000 = CARTESIAN_POINT('',(-6.28318530718,-35.70000018194));
#4001 = ( GEOMETRIC_REPRESENTATION_CONTEXT(2) 
PARAMETRIC_REPRESENTATION_CONTEXT() REPRESENTATION_CONTEXT('2D SPACE',''
  ) );
#4002 = ORIENTED_EDGE('',*,*,#4003,.T.);
#4003 = EDGE_CURVE('',#3790,#4004,#4006,.T.);
#4004 = VERTEX_POINT('',#4005);
#4005 = CARTESIAN_POINT('',(-7.,1.163121045319E-12,46.7));
#4006 = SURFACE_CURVE('',#4007,(#4038,#4072),.PCURVE_S1.);
#4007 = B_SPLINE_CURVE_WITH_KNOTS('',8,(#4008,#4009,#4010,#4011,#4012,
    #4013,#4014,#4015,#4016,#4017,#4018,#4019,#4020,#4021,#4022,#4023,
    #4024,#4025,#4026,#4027,#4028,#4029,#4030,#4031,#4032,#4033,#4034,
    #4035,#4036,#4037),.UNSPECIFIED.,.F.,.F.,(9,7,7,7,9),(0.,
    0.232909086999,0.469679064188,0.671420598292,1.),.UNSPECIFIED.);
#4008 = CARTESIAN_POINT('',(7.,-1.380980507832E-15,44.70000018194));
#4009 = CARTESIAN_POINT('',(7.,0.639993642393,44.758204960368));
#4010 = CARTESIAN_POINT('',(6.933127823194,1.280256298653,
    44.816434079905));
#4011 = CARTESIAN_POINT('',(6.799285460793,1.912207043058,
    44.874648685086));
#4012 = CARTESIAN_POINT('',(6.599815950339,2.527715939487,
    44.932852698032));
#4013 = CARTESIAN_POINT('',(6.337086682444,3.119013501187,
    44.991058113769));
#4014 = CARTESIAN_POINT('',(6.014517269677,3.678723440094,
    45.049276121272));
#4015 = CARTESIAN_POINT('',(5.636545489418,4.199873173029,
    45.107508901425));
#4016 = CARTESIAN_POINT('',(4.774418679815,5.160251698769,
    45.224881386285));
#4017 = CARTESIAN_POINT('',(4.288134971834,5.59850552778,45.284084382613
    ));
#4018 = CARTESIAN_POINT('',(3.756145376461,5.984015653005,
    45.343273656033));
#4019 = CARTESIAN_POINT('',(3.185258173561,6.311363240188,
    45.402450558412));
#4020 = CARTESIAN_POINT('',(2.582820980241,6.576171579641,
    45.461626519423));
#4021 = CARTESIAN_POINT('',(1.956716356323,6.775144776024,
    45.520813514096));
#4022 = CARTESIAN_POINT('',(1.315314227081,6.906032359076,
    45.580015639387));
#4023 = CARTESIAN_POINT('',(0.11578233154,7.020964022322,45.6896075142)
  );
#4024 = CARTESIAN_POINT('',(-0.441072417772,7.023909947264,
    45.740045759639));
#4025 = CARTESIAN_POINT('',(-0.997375766322,6.97632941493,
    45.790477724583));
#4026 = CARTESIAN_POINT('',(-1.547741644829,6.878449559612,
    45.840901150135));
#4027 = CARTESIAN_POINT('',(-2.086946269833,6.731149389073,
    45.891321215322));
#4028 = CARTESIAN_POINT('',(-2.609922307308,6.535896516365,
    45.941744556109));
#4029 = CARTESIAN_POINT('',(-3.111771524446,6.294779219636,
    45.992174023529));
#4030 = CARTESIAN_POINT('',(-4.36316427512,5.547806294645,
    46.124716101105));
#4031 = CARTESIAN_POINT('',(-5.071697025079,4.969840323613,
    46.206986926648));
#4032 = CARTESIAN_POINT('',(-5.691012374811,4.289119697683,
    46.289166183503));
#4033 = CARTESIAN_POINT('',(-6.204813383837,3.522392127015,
    46.37129933816));
#4034 = CARTESIAN_POINT('',(-6.599812890399,2.688232546612,
    46.453432579597));
#4035 = CARTESIAN_POINT('',(-6.866882713841,1.807561429163,
    46.535611790113));
#4036 = CARTESIAN_POINT('',(-7.,0.902959437455,46.617879746638));
#4037 = CARTESIAN_POINT('',(-7.,1.150961691609E-12,46.7));
#4038 = PCURVE('',#666,#4039);
#4039 = DEFINITIONAL_REPRESENTATION('',(#4040),#4071);
#4040 = B_SPLINE_CURVE_WITH_KNOTS('',8,(#4041,#4042,#4043,#4044,#4045,
    #4046,#4047,#4048,#4049,#4050,#4051,#4052,#4053,#4054,#4055,#4056,
    #4057,#4058,#4059,#4060,#4061,#4062,#4063,#4064,#4065,#4066,#4067,
    #4068,#4069,#4070),.UNSPECIFIED.,.F.,.F.,(9,7,7,7,9),(0.,
    0.232909086999,0.469679064188,0.671420598292,1.),.UNSPECIFIED.);
#4041 = CARTESIAN_POINT('',(4.711672275669,67.035452347059));
#4042 = CARTESIAN_POINT('',(4.711672733428,67.143835225696));
#4043 = CARTESIAN_POINT('',(4.711673070638,67.252263429811));
#4044 = CARTESIAN_POINT('',(4.711672919431,67.360664606802));
#4045 = CARTESIAN_POINT('',(4.711671971865,67.46904606005));
#4046 = CARTESIAN_POINT('',(4.711670729888,67.577430125415));
#4047 = CARTESIAN_POINT('',(4.711669853079,67.685837637854));
#4048 = CARTESIAN_POINT('',(4.711669559678,67.794272658386));
#4049 = CARTESIAN_POINT('',(4.711670035008,68.012831479942));
#4050 = CARTESIAN_POINT('',(4.711670821238,68.123073136031));
#4051 = CARTESIAN_POINT('',(4.711672089164,68.233289238752));
#4052 = CARTESIAN_POINT('',(4.711673468202,68.343482305397));
#4053 = CARTESIAN_POINT('',(4.711674277823,68.453673619118));
#4054 = CARTESIAN_POINT('',(4.711674263653,68.563885478593));
#4055 = CARTESIAN_POINT('',(4.711673632029,68.674125512729));
#4056 = CARTESIAN_POINT('',(4.711671952693,68.878196092303));
#4057 = CARTESIAN_POINT('',(4.711670980998,68.97211694179));
#4058 = CARTESIAN_POINT('',(4.711670017026,69.066026096388));
#4059 = CARTESIAN_POINT('',(4.711669366785,69.159919349821));
#4060 = CARTESIAN_POINT('',(4.71166925585,69.253806345932));
#4061 = CARTESIAN_POINT('',(4.711669674785,69.347699441532));
#4062 = CARTESIAN_POINT('',(4.711670370537,69.441603945508));
#4063 = CARTESIAN_POINT('',(4.711672300487,69.688410003299));
#4064 = CARTESIAN_POINT('',(4.711673643782,69.841606169334));
#4065 = CARTESIAN_POINT('',(4.711673707107,69.994631825682));
#4066 = CARTESIAN_POINT('',(4.711672771667,70.147571635364));
#4067 = CARTESIAN_POINT('',(4.71166781672,70.300511606569));
#4068 = CARTESIAN_POINT('',(4.711673112208,70.45353717666));
#4069 = CARTESIAN_POINT('',(4.711670917555,70.606728000307));
#4070 = CARTESIAN_POINT('',(4.711672166489,70.759643786506));
#4071 = ( GEOMETRIC_REPRESENTATION_CONTEXT(2) 
PARAMETRIC_REPRESENTATION_CONTEXT() REPRESENTATION_CONTEXT('2D SPACE',''
  ) );
#4072 = PCURVE('',#4073,#4078);
#4073 = CYLINDRICAL_SURFACE('',#4074,7.);
#4074 = AXIS2_PLACEMENT_3D('',#4075,#4076,#4077);
#4075 = CARTESIAN_POINT('',(0.,0.,9.));
#4076 = DIRECTION('',(-0.,-0.,-1.));
#4077 = DIRECTION('',(1.,0.,0.));
#4078 = DEFINITIONAL_REPRESENTATION('',(#4079),#4110);
#4079 = B_SPLINE_CURVE_WITH_KNOTS('',8,(#4080,#4081,#4082,#4083,#4084,
    #4085,#4086,#4087,#4088,#4089,#4090,#4091,#4092,#4093,#4094,#4095,
    #4096,#4097,#4098,#4099,#4100,#4101,#4102,#4103,#4104,#4105,#4106,
    #4107,#4108,#4109),.UNSPECIFIED.,.F.,.F.,(9,7,7,7,9),(0.,
    0.232909086999,0.469679064188,0.671420598292,1.),.UNSPECIFIED.);
#4080 = CARTESIAN_POINT('',(0.,-35.70000018194));
#4081 = CARTESIAN_POINT('',(-9.142766319897E-02,-35.75820496036));
#4082 = CARTESIAN_POINT('',(-0.18289371904,-35.8164340799));
#4083 = CARTESIAN_POINT('',(-0.274337188273,-35.87464868508));
#4084 = CARTESIAN_POINT('',(-0.365764127576,-35.93285269803));
#4085 = CARTESIAN_POINT('',(-0.457193183742,-35.99105811377));
#4086 = CARTESIAN_POINT('',(-0.548641905629,-36.04927612127));
#4087 = CARTESIAN_POINT('',(-0.640113741964,-36.10750890142));
#4088 = CARTESIAN_POINT('',(-0.824481915572,-36.22488138628));
#4089 = CARTESIAN_POINT('',(-0.9174776694,-36.28408438261));
#4090 = CARTESIAN_POINT('',(-1.010451864231,-36.34327365603));
#4091 = CARTESIAN_POINT('',(-1.103406687009,-36.40245055841));
#4092 = CARTESIAN_POINT('',(-1.196360106948,-36.46162651942));
#4093 = CARTESIAN_POINT('',(-1.289330866415,-36.52081351409));
#4094 = CARTESIAN_POINT('',(-1.382325362944,-36.58001563938));
#4095 = CARTESIAN_POINT('',(-1.554471839233,-36.6896075142));
#4096 = CARTESIAN_POINT('',(-1.633700005993,-36.74004575963));
#4097 = CARTESIAN_POINT('',(-1.712918278573,-36.79047772458));
#4098 = CARTESIAN_POINT('',(-1.792123120891,-36.84090115013));
#4099 = CARTESIAN_POINT('',(-1.871322713533,-36.89132121532));
#4100 = CARTESIAN_POINT('',(-1.950527523685,-36.9417445561));
#4101 = CARTESIAN_POINT('',(-2.029742031812,-36.99217402352));
#4102 = CARTESIAN_POINT('',(-2.237938973854,-37.1247161011));
#4103 = CARTESIAN_POINT('',(-2.367170008221,-37.20698692664));
#4104 = CARTESIAN_POINT('',(-2.496257122138,-37.2891661835));
#4105 = CARTESIAN_POINT('',(-2.625271567593,-37.37129933816));
#4106 = CARTESIAN_POINT('',(-2.754284908758,-37.45343257959));
#4107 = CARTESIAN_POINT('',(-2.883370366154,-37.53561179011));
#4108 = CARTESIAN_POINT('',(-3.012598448239,-37.61787974663));
#4109 = CARTESIAN_POINT('',(-3.14159265359,-37.7));
#4110 = ( GEOMETRIC_REPRESENTATION_CONTEXT(2) 
PARAMETRIC_REPRESENTATION_CONTEXT() REPRESENTATION_CONTEXT('2D SPACE',''
  ) );
#4111 = ORIENTED_EDGE('',*,*,#4112,.F.);
#4112 = EDGE_CURVE('',#4113,#4004,#4115,.T.);
#4113 = VERTEX_POINT('',#4114);
#4114 = CARTESIAN_POINT('',(-6.169337613708,8.288189008419E-08,49.));
#4115 = SURFACE_CURVE('',#4116,(#4124,#4131),.PCURVE_S1.);
#4116 = ( BOUNDED_CURVE() B_SPLINE_CURVE(6,(#4117,#4118,#4119,#4120,
#4121,#4122,#4123),.UNSPECIFIED.,.T.,.F.) B_SPLINE_CURVE_WITH_KNOTS((1,6
    ,6,1),(-6.28318530718,0.,6.28318530718,12.566370614359),
.UNSPECIFIED.) CURVE() GEOMETRIC_REPRESENTATION_ITEM() 
RATIONAL_B_SPLINE_CURVE((1.669078461068,1.03672962321,1.038346699848,
    0.853534330196,1.038346699848,1.03672962321,1.669078461068)) 
REPRESENTATION_ITEM('') );
#4117 = CARTESIAN_POINT('',(-8.299999999999,-1.297130571842E-07,
    47.999998573727));
#4118 = CARTESIAN_POINT('',(-8.300002369813,-1.297152998347E-07,
    50.160004571968));
#4119 = CARTESIAN_POINT('',(-5.629090062367,1.36786013627E-07,
    50.470147602291));
#4120 = CARTESIAN_POINT('',(-3.426148002691,3.565961996799E-07,
    48.000003920991));
#4121 = CARTESIAN_POINT('',(-5.629084642209,1.367911446337E-07,
    45.529855405856));
#4122 = CARTESIAN_POINT('',(-8.299997630185,-1.297108171983E-07,
    45.839992575486));
#4123 = CARTESIAN_POINT('',(-8.299999999999,-1.297130571842E-07,
    47.999998573727));
#4124 = PCURVE('',#666,#4125);
#4125 = DEFINITIONAL_REPRESENTATION('',(#4126),#4130);
#4126 = LINE('',#4127,#4128);
#4127 = CARTESIAN_POINT('',(0.,70.759643786506));
#4128 = VECTOR('',#4129,1.);
#4129 = DIRECTION('',(1.,0.));
#4130 = ( GEOMETRIC_REPRESENTATION_CONTEXT(2) 
PARAMETRIC_REPRESENTATION_CONTEXT() REPRESENTATION_CONTEXT('2D SPACE',''
  ) );
#4131 = PCURVE('',#4132,#4137);
#4132 = PLANE('',#4133);
#4133 = AXIS2_PLACEMENT_3D('',#4134,#4135,#4136);
#4134 = CARTESIAN_POINT('',(-7.000205950205,-2.05934344485E-11,
    47.999999999774));
#4135 = DIRECTION('',(-9.977924127274E-08,1.,9.28599965914E-13));
#4136 = DIRECTION('',(1.,9.977924127274E-08,0.));
#4137 = DEFINITIONAL_REPRESENTATION('',(#4138),#4146);
#4138 = ( BOUNDED_CURVE() B_SPLINE_CURVE(6,(#4139,#4140,#4141,#4142,
#4143,#4144,#4145),.UNSPECIFIED.,.T.,.F.) B_SPLINE_CURVE_WITH_KNOTS((1,6
    ,6,1),(-6.28318530718,0.,6.28318530718,12.566370614359),
.UNSPECIFIED.) CURVE() GEOMETRIC_REPRESENTATION_ITEM() 
RATIONAL_B_SPLINE_CURVE((1.669078461068,1.03672962321,1.038346699848,
    0.853534330196,1.038346699848,1.03672962321,1.669078461068)) 
REPRESENTATION_ITEM('') );
#4139 = CARTESIAN_POINT('',(-1.299794049794,1.426047020914E-06));
#4140 = CARTESIAN_POINT('',(-1.299796419608,-2.160004572194));
#4141 = CARTESIAN_POINT('',(1.371115887838,-2.470147602517));
#4142 = CARTESIAN_POINT('',(3.574057947514,-3.921217214042E-06));
#4143 = CARTESIAN_POINT('',(1.371121307996,2.470144593918));
#4144 = CARTESIAN_POINT('',(-1.29979167998,2.160007424288));
#4145 = CARTESIAN_POINT('',(-1.299794049794,1.426047020914E-06));
#4146 = ( GEOMETRIC_REPRESENTATION_CONTEXT(2) 
PARAMETRIC_REPRESENTATION_CONTEXT() REPRESENTATION_CONTEXT('2D SPACE',''
  ) );
#4147 = ORIENTED_EDGE('',*,*,#4148,.T.);
#4148 = EDGE_CURVE('',#4113,#4149,#4151,.T.);
#4149 = VERTEX_POINT('',#4150);
#4150 = CARTESIAN_POINT('',(-6.23704543484,3.177933958367,49.));
#4151 = SURFACE_CURVE('',#4152,(#4218,#4287),.PCURVE_S1.);
#4152 = B_SPLINE_CURVE_WITH_KNOTS('',8,(#4153,#4154,#4155,#4156,#4157,
    #4158,#4159,#4160,#4161,#4162,#4163,#4164,#4165,#4166,#4167,#4168,
    #4169,#4170,#4171,#4172,#4173,#4174,#4175,#4176,#4177,#4178,#4179,
    #4180,#4181,#4182,#4183,#4184,#4185,#4186,#4187,#4188,#4189,#4190,
    #4191,#4192,#4193,#4194,#4195,#4196,#4197,#4198,#4199,#4200,#4201,
    #4202,#4203,#4204,#4205,#4206,#4207,#4208,#4209,#4210,#4211,#4212,
    #4213,#4214,#4215,#4216,#4217),.UNSPECIFIED.,.F.,.F.,(9,7,7,7,7,7,7,
    7,7,9),(0.,0.262312235365,0.476719346664,0.631665095617,
    0.698924827874,0.751941558438,0.825567731625,0.856069284578,
    0.916345751524,1.),.UNSPECIFIED.);
#4153 = CARTESIAN_POINT('',(-6.169337613708,8.288187901672E-08,49.));
#4154 = CARTESIAN_POINT('',(-6.186067783191,0.134673874728,49.));
#4155 = CARTESIAN_POINT('',(-6.20002572114,0.269673827129,49.));
#4156 = CARTESIAN_POINT('',(-6.211259317095,0.404919412839,49.));
#4157 = CARTESIAN_POINT('',(-6.219828993259,0.540335241101,49.));
#4158 = CARTESIAN_POINT('',(-6.225807361893,0.675851014495,49.));
#4159 = CARTESIAN_POINT('',(-6.229282594108,0.811401166202,49.));
#4160 = CARTESIAN_POINT('',(-6.230365500047,0.946924177666,49.));
#4161 = CARTESIAN_POINT('',(-6.228247933377,1.193064538884,49.));
#4162 = CARTESIAN_POINT('',(-6.22579411926,1.303712536444,49.));
#4163 = CARTESIAN_POINT('',(-6.221915884533,1.41427360857,49.));
#4164 = CARTESIAN_POINT('',(-6.216710846463,1.524719396837,49.));
#4165 = CARTESIAN_POINT('',(-6.210293818761,1.635025147136,49.));
#4166 = CARTESIAN_POINT('',(-6.202806679831,1.74516943295,49.));
#4167 = CARTESIAN_POINT('',(-6.19444152369,1.855133599963,49.));
#4168 = CARTESIAN_POINT('',(-6.178998762075,2.044226572675,49.));
#4169 = CARTESIAN_POINT('',(-6.172208701501,2.123432156527,49.));
#4170 = CARTESIAN_POINT('',(-6.165214948854,2.202528357203,49.));
#4171 = CARTESIAN_POINT('',(-6.158142220078,2.281515171981,49.));
#4172 = CARTESIAN_POINT('',(-6.151169822055,2.360379616183,49.));
#4173 = CARTESIAN_POINT('',(-6.14452506646,2.439096719997,49.));
#4174 = CARTESIAN_POINT('',(-6.138525182752,2.517628240972,49.));
#4175 = CARTESIAN_POINT('',(-6.13169254576,2.629896018428,49.));
#4176 = CARTESIAN_POINT('',(-6.129858315217,2.663820139792,49.));
#4177 = CARTESIAN_POINT('',(-6.128304749596,2.697687727191,49.));
#4178 = CARTESIAN_POINT('',(-6.127092857936,2.731490295448,49.));
#4179 = CARTESIAN_POINT('',(-6.126295954044,2.765209726209,49.));
#4180 = CARTESIAN_POINT('',(-6.126006041004,2.798817434131,49.));
#4181 = CARTESIAN_POINT('',(-6.126348570803,2.832271989588,49.));
#4182 = CARTESIAN_POINT('',(-6.128417577927,2.89171878451,49.));
#4183 = CARTESIAN_POINT('',(-6.129833810875,2.91773808572,49.));
#4184 = CARTESIAN_POINT('',(-6.131843816339,2.943592747953,49.));
#4185 = CARTESIAN_POINT('',(-6.134558974385,2.969253402697,49.));
#4186 = CARTESIAN_POINT('',(-6.138131025298,2.994632434529,49.));
#4187 = CARTESIAN_POINT('',(-6.142749842607,3.019586295405,49.));
#4188 = CARTESIAN_POINT('',(-6.148663867959,3.043908514279,49.));
#4189 = CARTESIAN_POINT('',(-6.166824814115,3.099766774505,49.));
#4190 = CARTESIAN_POINT('',(-6.181598153375,3.133374589517,49.));
#4191 = CARTESIAN_POINT('',(-6.201527393718,3.163189708416,49.));
#4192 = CARTESIAN_POINT('',(-6.227313231815,3.18495081341,49.));
#4193 = CARTESIAN_POINT('',(-6.258718404667,3.196350362976,49.));
#4194 = CARTESIAN_POINT('',(-6.293978258881,3.197388884412,49.));
#4195 = CARTESIAN_POINT('',(-6.330032981576,3.190553719547,49.));
#4196 = CARTESIAN_POINT('',(-6.37627796234,3.175740789907,49.));
#4197 = CARTESIAN_POINT('',(-6.39027245873,3.170448962366,49.));
#4198 = CARTESIAN_POINT('',(-6.404711194278,3.164197365426,49.));
#4199 = CARTESIAN_POINT('',(-6.419589340379,3.156978774671,49.));
#4200 = CARTESIAN_POINT('',(-6.434901213261,3.148785751827,49.));
#4201 = CARTESIAN_POINT('',(-6.450640273984,3.139610644764,49.));
#4202 = CARTESIAN_POINT('',(-6.466799128437,3.129445587493,49.));
#4203 = CARTESIAN_POINT('',(-6.516115568288,3.096222263932,49.));
#4204 = CARTESIAN_POINT('',(-6.547888495551,3.07200376739,49.));
#4205 = CARTESIAN_POINT('',(-6.578823873027,3.046200149178,49.));
#4206 = CARTESIAN_POINT('',(-6.608969255212,3.019134846657,49.));
#4207 = CARTESIAN_POINT('',(-6.638367920411,2.991042162656,49.));
#4208 = CARTESIAN_POINT('',(-6.667074318673,2.962093318877,49.));
#4209 = CARTESIAN_POINT('',(-6.695146019856,2.932380310739,49.));
#4210 = CARTESIAN_POINT('',(-6.760837784247,2.859717228235,49.));
#4211 = CARTESIAN_POINT('',(-6.797862871435,2.816185098145,49.));
#4212 = CARTESIAN_POINT('',(-6.833845166649,2.771576306335,49.));
#4213 = CARTESIAN_POINT('',(-6.868849416226,2.726041213605,49.));
#4214 = CARTESIAN_POINT('',(-6.902925397034,2.679694064757,49.));
#4215 = CARTESIAN_POINT('',(-6.936117109974,2.632622923585,49.));
#4216 = CARTESIAN_POINT('',(-6.968462715291,2.584889757738,49.));
#4217 = CARTESIAN_POINT('',(-7.,2.536537229699,49.));
#4218 = PCURVE('',#666,#4219);
#4219 = DEFINITIONAL_REPRESENTATION('',(#4220),#4286);
#4220 = B_SPLINE_CURVE_WITH_KNOTS('',8,(#4221,#4222,#4223,#4224,#4225,
    #4226,#4227,#4228,#4229,#4230,#4231,#4232,#4233,#4234,#4235,#4236,
    #4237,#4238,#4239,#4240,#4241,#4242,#4243,#4244,#4245,#4246,#4247,
    #4248,#4249,#4250,#4251,#4252,#4253,#4254,#4255,#4256,#4257,#4258,
    #4259,#4260,#4261,#4262,#4263,#4264,#4265,#4266,#4267,#4268,#4269,
    #4270,#4271,#4272,#4273,#4274,#4275,#4276,#4277,#4278,#4279,#4280,
    #4281,#4282,#4283,#4284,#4285),.UNSPECIFIED.,.F.,.F.,(9,7,7,7,7,7,7,
    7,7,9),(0.,0.262312235365,0.476719346664,0.631665095617,
    0.698924827874,0.751941558438,0.825567731625,0.856069284578,
    0.916345751524,1.),.UNSPECIFIED.);
#4221 = CARTESIAN_POINT('',(2.264008662635,70.759643786506));
#4222 = CARTESIAN_POINT('',(2.247282948786,70.733766008884));
#4223 = CARTESIAN_POINT('',(2.230235823725,70.707986042261));
#4224 = CARTESIAN_POINT('',(2.212838045725,70.682309294714));
#4225 = CARTESIAN_POINT('',(2.195054425467,70.656741450879));
#4226 = CARTESIAN_POINT('',(2.176843517211,70.631288628029));
#4227 = CARTESIAN_POINT('',(2.158155213373,70.605957913953));
#4228 = CARTESIAN_POINT('',(2.138926242532,70.580758286599));
#4229 = CARTESIAN_POINT('',(2.102846519986,70.535221497804));
#4230 = CARTESIAN_POINT('',(2.0862021058,70.514836423122));
#4231 = CARTESIAN_POINT('',(2.069096033625,70.494553207847));
#4232 = CARTESIAN_POINT('',(2.051471232071,70.474379872463));
#4233 = CARTESIAN_POINT('',(2.033259886707,70.454325759278));
#4234 = CARTESIAN_POINT('',(2.014377116955,70.434402563637));
#4235 = CARTESIAN_POINT('',(1.994706296226,70.414626578623));
#4236 = CARTESIAN_POINT('',(1.959167114578,70.380854608347));
#4237 = CARTESIAN_POINT('',(1.943760491991,70.36677973253));
#4238 = CARTESIAN_POINT('',(1.927786042063,70.352803949499));
#4239 = CARTESIAN_POINT('',(1.911165185211,70.338937392774));
#4240 = CARTESIAN_POINT('',(1.893787497268,70.325197283204));
#4241 = CARTESIAN_POINT('',(1.875516198504,70.31160726658));
#4242 = CARTESIAN_POINT('',(1.856162320895,70.298201085565));
#4243 = CARTESIAN_POINT('',(1.826340582819,70.279325469826));
#4244 = CARTESIAN_POINT('',(1.817045149253,70.273660015556));
#4245 = CARTESIAN_POINT('',(1.807450884395,70.268046263953));
#4246 = CARTESIAN_POINT('',(1.797521289943,70.262490751686));
#4247 = CARTESIAN_POINT('',(1.787215013296,70.257002595136));
#4248 = CARTESIAN_POINT('',(1.776482171918,70.251594085169));
#4249 = CARTESIAN_POINT('',(1.765255545379,70.246282166991));
#4250 = CARTESIAN_POINT('',(1.744120511368,70.236998772219));
#4251 = CARTESIAN_POINT('',(1.734455207392,70.232989918793));
#4252 = CARTESIAN_POINT('',(1.724376719473,70.22906824612));
#4253 = CARTESIAN_POINT('',(1.713822380308,70.225247400657));
#4254 = CARTESIAN_POINT('',(1.702722512688,70.221553259904));
#4255 = CARTESIAN_POINT('',(1.691002441325,70.218023197621));
#4256 = CARTESIAN_POINT('',(1.678571817059,70.214708372833));
#4257 = CARTESIAN_POINT('',(1.646816911283,70.207487262076));
#4258 = CARTESIAN_POINT('',(1.625017035285,70.203471647538));
#4259 = CARTESIAN_POINT('',(1.600950247188,70.200478736035));
#4260 = CARTESIAN_POINT('',(1.575679965191,70.199203032917));
#4261 = CARTESIAN_POINT('',(1.550293000891,70.199929461649));
#4262 = CARTESIAN_POINT('',(1.5258404162,70.202471427042));
#4263 = CARTESIAN_POINT('',(1.503451591518,70.206208256482));
#4264 = CARTESIAN_POINT('',(1.47668189168,70.211862027144));
#4265 = CARTESIAN_POINT('',(1.468841510249,70.213688167737));
#4266 = CARTESIAN_POINT('',(1.461002204971,70.215684104414));
#4267 = CARTESIAN_POINT('',(1.453163931538,70.217849604656));
#4268 = CARTESIAN_POINT('',(1.445326642325,70.220184420489));
#4269 = CARTESIAN_POINT('',(1.437490286396,70.222688288482));
#4270 = CARTESIAN_POINT('',(1.429654809503,70.225360929751));
#4271 = CARTESIAN_POINT('',(1.406337488364,70.233816606311));
#4272 = CARTESIAN_POINT('',(1.392077666451,70.239646567062));
#4273 = CARTESIAN_POINT('',(1.378737839851,70.245619391205));
#4274 = CARTESIAN_POINT('',(1.366167999651,70.251693237998));
#4275 = CARTESIAN_POINT('',(1.354255345344,70.257839038224));
#4276 = CARTESIAN_POINT('',(1.342902387013,70.264037578904));
#4277 = CARTESIAN_POINT('',(1.332035942624,70.270281178496));
#4278 = CARTESIAN_POINT('',(1.307078807769,70.285296771196));
#4279 = CARTESIAN_POINT('',(1.293401333408,70.294093111647));
#4280 = CARTESIAN_POINT('',(1.280393652814,70.30293805149));
#4281 = CARTESIAN_POINT('',(1.267958130285,70.311817711368));
#4282 = CARTESIAN_POINT('',(1.256021216562,70.320722073202));
#4283 = CARTESIAN_POINT('',(1.244522764044,70.329644227016));
#4284 = CARTESIAN_POINT('',(1.233415142805,70.338580349227));
#4285 = CARTESIAN_POINT('',(1.222656248795,70.347529138196));
#4286 = ( GEOMETRIC_REPRESENTATION_CONTEXT(2) 
PARAMETRIC_REPRESENTATION_CONTEXT() REPRESENTATION_CONTEXT('2D SPACE',''
  ) );
#4287 = PCURVE('',#4288,#4293);
#4288 = PLANE('',#4289);
#4289 = AXIS2_PLACEMENT_3D('',#4290,#4291,#4292);
#4290 = CARTESIAN_POINT('',(-1.953485903628E-16,4.9564344165E-16,49.));
#4291 = DIRECTION('',(0.,0.,1.));
#4292 = DIRECTION('',(1.,0.,-0.));
#4293 = DEFINITIONAL_REPRESENTATION('',(#4294),#4360);
#4294 = B_SPLINE_CURVE_WITH_KNOTS('',8,(#4295,#4296,#4297,#4298,#4299,
    #4300,#4301,#4302,#4303,#4304,#4305,#4306,#4307,#4308,#4309,#4310,
    #4311,#4312,#4313,#4314,#4315,#4316,#4317,#4318,#4319,#4320,#4321,
    #4322,#4323,#4324,#4325,#4326,#4327,#4328,#4329,#4330,#4331,#4332,
    #4333,#4334,#4335,#4336,#4337,#4338,#4339,#4340,#4341,#4342,#4343,
    #4344,#4345,#4346,#4347,#4348,#4349,#4350,#4351,#4352,#4353,#4354,
    #4355,#4356,#4357,#4358,#4359),.UNSPECIFIED.,.F.,.F.,(9,7,7,7,7,7,7,
    7,7,9),(0.,0.262312235365,0.476719346664,0.631665095617,
    0.698924827874,0.751941558438,0.825567731625,0.856069284578,
    0.916345751524,1.),.UNSPECIFIED.);
#4295 = CARTESIAN_POINT('',(-6.169337613708,8.288187852108E-08));
#4296 = CARTESIAN_POINT('',(-6.186067783191,0.134673874728));
#4297 = CARTESIAN_POINT('',(-6.20002572114,0.269673827129));
#4298 = CARTESIAN_POINT('',(-6.211259317095,0.404919412839));
#4299 = CARTESIAN_POINT('',(-6.219828993259,0.540335241101));
#4300 = CARTESIAN_POINT('',(-6.225807361893,0.675851014495));
#4301 = CARTESIAN_POINT('',(-6.229282594108,0.811401166202));
#4302 = CARTESIAN_POINT('',(-6.230365500047,0.946924177666));
#4303 = CARTESIAN_POINT('',(-6.228247933377,1.193064538884));
#4304 = CARTESIAN_POINT('',(-6.22579411926,1.303712536444));
#4305 = CARTESIAN_POINT('',(-6.221915884533,1.41427360857));
#4306 = CARTESIAN_POINT('',(-6.216710846463,1.524719396837));
#4307 = CARTESIAN_POINT('',(-6.210293818761,1.635025147136));
#4308 = CARTESIAN_POINT('',(-6.202806679831,1.74516943295));
#4309 = CARTESIAN_POINT('',(-6.19444152369,1.855133599963));
#4310 = CARTESIAN_POINT('',(-6.178998762075,2.044226572675));
#4311 = CARTESIAN_POINT('',(-6.172208701501,2.123432156527));
#4312 = CARTESIAN_POINT('',(-6.165214948854,2.202528357203));
#4313 = CARTESIAN_POINT('',(-6.158142220078,2.281515171981));
#4314 = CARTESIAN_POINT('',(-6.151169822055,2.360379616183));
#4315 = CARTESIAN_POINT('',(-6.14452506646,2.439096719997));
#4316 = CARTESIAN_POINT('',(-6.138525182752,2.517628240972));
#4317 = CARTESIAN_POINT('',(-6.13169254576,2.629896018428));
#4318 = CARTESIAN_POINT('',(-6.129858315217,2.663820139792));
#4319 = CARTESIAN_POINT('',(-6.128304749596,2.697687727191));
#4320 = CARTESIAN_POINT('',(-6.127092857936,2.731490295448));
#4321 = CARTESIAN_POINT('',(-6.126295954044,2.765209726209));
#4322 = CARTESIAN_POINT('',(-6.126006041004,2.798817434131));
#4323 = CARTESIAN_POINT('',(-6.126348570803,2.832271989588));
#4324 = CARTESIAN_POINT('',(-6.128417577927,2.89171878451));
#4325 = CARTESIAN_POINT('',(-6.129833810875,2.91773808572));
#4326 = CARTESIAN_POINT('',(-6.131843816339,2.943592747953));
#4327 = CARTESIAN_POINT('',(-6.134558974385,2.969253402697));
#4328 = CARTESIAN_POINT('',(-6.138131025298,2.994632434529));
#4329 = CARTESIAN_POINT('',(-6.142749842607,3.019586295405));
#4330 = CARTESIAN_POINT('',(-6.148663867959,3.043908514279));
#4331 = CARTESIAN_POINT('',(-6.166824814115,3.099766774505));
#4332 = CARTESIAN_POINT('',(-6.181598153375,3.133374589517));
#4333 = CARTESIAN_POINT('',(-6.201527393718,3.163189708416));
#4334 = CARTESIAN_POINT('',(-6.227313231815,3.18495081341));
#4335 = CARTESIAN_POINT('',(-6.258718404667,3.196350362976));
#4336 = CARTESIAN_POINT('',(-6.293978258881,3.197388884412));
#4337 = CARTESIAN_POINT('',(-6.330032981576,3.190553719547));
#4338 = CARTESIAN_POINT('',(-6.37627796234,3.175740789907));
#4339 = CARTESIAN_POINT('',(-6.39027245873,3.170448962366));
#4340 = CARTESIAN_POINT('',(-6.404711194278,3.164197365426));
#4341 = CARTESIAN_POINT('',(-6.419589340379,3.156978774671));
#4342 = CARTESIAN_POINT('',(-6.434901213261,3.148785751827));
#4343 = CARTESIAN_POINT('',(-6.450640273984,3.139610644764));
#4344 = CARTESIAN_POINT('',(-6.466799128437,3.129445587493));
#4345 = CARTESIAN_POINT('',(-6.516115568288,3.096222263932));
#4346 = CARTESIAN_POINT('',(-6.547888495551,3.07200376739));
#4347 = CARTESIAN_POINT('',(-6.578823873027,3.046200149178));
#4348 = CARTESIAN_POINT('',(-6.608969255212,3.019134846657));
#4349 = CARTESIAN_POINT('',(-6.638367920411,2.991042162656));
#4350 = CARTESIAN_POINT('',(-6.667074318673,2.962093318877));
#4351 = CARTESIAN_POINT('',(-6.695146019856,2.932380310739));
#4352 = CARTESIAN_POINT('',(-6.760837784247,2.859717228235));
#4353 = CARTESIAN_POINT('',(-6.797862871435,2.816185098145));
#4354 = CARTESIAN_POINT('',(-6.833845166649,2.771576306335));
#4355 = CARTESIAN_POINT('',(-6.868849416226,2.726041213605));
#4356 = CARTESIAN_POINT('',(-6.902925397034,2.679694064757));
#4357 = CARTESIAN_POINT('',(-6.936117109974,2.632622923585));
#4358 = CARTESIAN_POINT('',(-6.968462715291,2.584889757738));
#4359 = CARTESIAN_POINT('',(-7.,2.536537229699));
#4360 = ( GEOMETRIC_REPRESENTATION_CONTEXT(2) 
PARAMETRIC_REPRESENTATION_CONTEXT() REPRESENTATION_CONTEXT('2D SPACE',''
  ) );
#4361 = ORIENTED_EDGE('',*,*,#4362,.F.);
#4362 = EDGE_CURVE('',#4363,#4149,#4365,.T.);
#4363 = VERTEX_POINT('',#4364);
#4364 = CARTESIAN_POINT('',(7.,0.,47.300000180681));
#4365 = SURFACE_CURVE('',#4366,(#4404,#4445),.PCURVE_S1.);
#4366 = B_SPLINE_CURVE_WITH_KNOTS('',8,(#4367,#4368,#4369,#4370,#4371,
    #4372,#4373,#4374,#4375,#4376,#4377,#4378,#4379,#4380,#4381,#4382,
    #4383,#4384,#4385,#4386,#4387,#4388,#4389,#4390,#4391,#4392,#4393,
    #4394,#4395,#4396,#4397,#4398,#4399,#4400,#4401,#4402,#4403),
  .UNSPECIFIED.,.F.,.F.,(9,7,7,7,7,9),(0.,0.228966939411,0.363913822107,
    0.613521053238,0.87433994051,1.),.UNSPECIFIED.);
#4367 = CARTESIAN_POINT('',(7.,-6.719276186024E-15,47.300000180681));
#4368 = CARTESIAN_POINT('',(7.,0.629310141469,47.357233338829));
#4369 = CARTESIAN_POINT('',(6.935341808832,1.258787360015,47.41448157453
    ));
#4370 = CARTESIAN_POINT('',(6.805965629393,1.880354217507,
    47.471715276228));
#4371 = CARTESIAN_POINT('',(6.613112749056,2.486314702367,
    47.528940415369));
#4372 = CARTESIAN_POINT('',(6.358982434345,3.069281899316,
    47.586169115879));
#4373 = CARTESIAN_POINT('',(6.046763038239,3.62221146195,47.643411515726
    ));
#4374 = CARTESIAN_POINT('',(5.680618379872,4.138420652973,
    47.700667907956));
#4375 = CARTESIAN_POINT('',(5.021719782306,4.890794206095,
    47.791623330763));
#4376 = CARTESIAN_POINT('',(4.760470701799,5.155022122979,
    47.825354655385));
#4377 = CARTESIAN_POINT('',(4.483362909728,5.403264011999,
    47.859086798791));
#4378 = CARTESIAN_POINT('',(4.191545541618,5.634414062429,
    47.892819467814));
#4379 = CARTESIAN_POINT('',(3.886251115837,5.847470192953,
    47.926553313538));
#4380 = CARTESIAN_POINT('',(3.568792598449,6.041532776673,
    47.960288744475));
#4381 = CARTESIAN_POINT('',(3.240566344941,6.215810592166,
    47.994024641679));
#4382 = CARTESIAN_POINT('',(2.278787180694,6.65415657939,48.090150669897
    ));
#4383 = CARTESIAN_POINT('',(1.622299040692,6.868912247124,
    48.152578812079));
#4384 = CARTESIAN_POINT('',(0.943229655178,7.009347953994,
    48.214986092372));
#4385 = CARTESIAN_POINT('',(0.251428209559,7.072958874177,48.27737911503
    ));
#4386 = CARTESIAN_POINT('',(-0.443163598906,7.058638303915,
    48.339773854518));
#4387 = CARTESIAN_POINT('',(-1.130538374715,6.96676574186,
    48.402185348699));
#4388 = CARTESIAN_POINT('',(-1.800657225075,6.799137817391,
    48.464617692692));
#4389 = CARTESIAN_POINT('',(-3.115288967618,6.309425131128,
    48.592203634523));
#4390 = CARTESIAN_POINT('',(-3.758263851651,5.980381630804,
    48.657446959477));
#4391 = CARTESIAN_POINT('',(-4.360869689736,5.576611262276,
    48.722664408201));
#4392 = CARTESIAN_POINT('',(-4.913160124885,5.104158798215,
    48.78786279312));
#4393 = CARTESIAN_POINT('',(-5.406315366071,4.570282333383,
    48.853060706575));
#4394 = CARTESIAN_POINT('',(-5.832755368353,3.983521264606,
    48.918277036507));
#4395 = CARTESIAN_POINT('',(-6.186072145161,3.353567586881,
    48.983519923742));
#4396 = CARTESIAN_POINT('',(-6.594556828144,2.372995730605,
    49.080127558809));
#4397 = CARTESIAN_POINT('',(-6.709394861264,2.046679885209,
    49.111538874075));
#4398 = CARTESIAN_POINT('',(-6.805759858897,1.714061340075,
    49.142949789873));
#4399 = CARTESIAN_POINT('',(-6.883255764417,1.376358179663,
    49.174360606895));
#4400 = CARTESIAN_POINT('',(-6.94158130179,1.034815680843,
    49.205771855143));
#4401 = CARTESIAN_POINT('',(-6.980530649723,0.69070544855,49.2371835129)
  );
#4402 = CARTESIAN_POINT('',(-7.,0.345325314647,49.26859415066));
#4403 = CARTESIAN_POINT('',(-7.,-1.263442411178E-12,49.3));
#4404 = PCURVE('',#666,#4405);
#4405 = DEFINITIONAL_REPRESENTATION('',(#4406),#4444);
#4406 = B_SPLINE_CURVE_WITH_KNOTS('',8,(#4407,#4408,#4409,#4410,#4411,
    #4412,#4413,#4414,#4415,#4416,#4417,#4418,#4419,#4420,#4421,#4422,
    #4423,#4424,#4425,#4426,#4427,#4428,#4429,#4430,#4431,#4432,#4433,
    #4434,#4435,#4436,#4437,#4438,#4439,#4440,#4441,#4442,#4443),
  .UNSPECIFIED.,.F.,.F.,(9,7,7,7,7,9),(0.,0.228966939411,0.363913822107,
    0.613521053238,0.87433994051,1.),.UNSPECIFIED.);
#4407 = CARTESIAN_POINT('',(1.571514077096,67.035452344715));
#4408 = CARTESIAN_POINT('',(1.571513613337,67.142025973224));
#4409 = CARTESIAN_POINT('',(1.571513279263,67.248627677584));
#4410 = CARTESIAN_POINT('',(1.571513432666,67.355202318236));
#4411 = CARTESIAN_POINT('',(1.571514360185,67.461761014577));
#4412 = CARTESIAN_POINT('',(1.571515597964,67.568326342539));
#4413 = CARTESIAN_POINT('',(1.571516509747,67.674917179981));
#4414 = CARTESIAN_POINT('',(1.571516863811,67.781534072582));
#4415 = CARTESIAN_POINT('',(1.57151658906,67.950901791482));
#4416 = CARTESIAN_POINT('',(1.571516304734,68.013712752394));
#4417 = CARTESIAN_POINT('',(1.571515843497,68.076525237959));
#4418 = CARTESIAN_POINT('',(1.571515250541,68.139338702273));
#4419 = CARTESIAN_POINT('',(1.571514598451,68.20215435772));
#4420 = CARTESIAN_POINT('',(1.571513971297,68.264972964988));
#4421 = CARTESIAN_POINT('',(1.571513445073,68.327792440489));
#4422 = CARTESIAN_POINT('',(1.571512360577,68.506788322475));
#4423 = CARTESIAN_POINT('',(1.57151215688,68.6230355094));
#4424 = CARTESIAN_POINT('',(1.57151274578,68.739243849484));
#4425 = CARTESIAN_POINT('',(1.571514148735,68.855425640466));
#4426 = CARTESIAN_POINT('',(1.571515736987,68.971610628379));
#4427 = CARTESIAN_POINT('',(1.571516692514,69.087826815134));
#4428 = CARTESIAN_POINT('',(1.571516888335,69.20408182623));
#4429 = CARTESIAN_POINT('',(1.571516163336,69.441659084021));
#4430 = CARTESIAN_POINT('',(1.571515188125,69.563148411206));
#4431 = CARTESIAN_POINT('',(1.571513886085,69.684589554367));
#4432 = CARTESIAN_POINT('',(1.5715128215,69.805995198923));
#4433 = CARTESIAN_POINT('',(1.571513193886,69.927399965533));
#4434 = CARTESIAN_POINT('',(1.571514291371,70.048839025404));
#4435 = CARTESIAN_POINT('',(1.571514870637,70.170327537519));
#4436 = CARTESIAN_POINT('',(1.571514991824,70.350220217634));
#4437 = CARTESIAN_POINT('',(1.571514909738,70.408711098662));
#4438 = CARTESIAN_POINT('',(1.571514725639,70.467201235842));
#4439 = CARTESIAN_POINT('',(1.571514458017,70.525691189093));
#4440 = CARTESIAN_POINT('',(1.571514255553,70.584181945327));
#4441 = CARTESIAN_POINT('',(1.5715143532,70.642673464108));
#4442 = CARTESIAN_POINT('',(1.571514853167,70.701163083555));
#4443 = CARTESIAN_POINT('',(1.571515330806,70.759643786506));
#4444 = ( GEOMETRIC_REPRESENTATION_CONTEXT(2) 
PARAMETRIC_REPRESENTATION_CONTEXT() REPRESENTATION_CONTEXT('2D SPACE',''
  ) );
#4445 = PCURVE('',#4446,#4451);
#4446 = CYLINDRICAL_SURFACE('',#4447,7.);
#4447 = AXIS2_PLACEMENT_3D('',#4448,#4449,#4450);
#4448 = CARTESIAN_POINT('',(0.,0.,9.));
#4449 = DIRECTION('',(-0.,-0.,-1.));
#4450 = DIRECTION('',(1.,0.,0.));
#4451 = DEFINITIONAL_REPRESENTATION('',(#4452),#4490);
#4452 = B_SPLINE_CURVE_WITH_KNOTS('',8,(#4453,#4454,#4455,#4456,#4457,
    #4458,#4459,#4460,#4461,#4462,#4463,#4464,#4465,#4466,#4467,#4468,
    #4469,#4470,#4471,#4472,#4473,#4474,#4475,#4476,#4477,#4478,#4479,
    #4480,#4481,#4482,#4483,#4484,#4485,#4486,#4487,#4488,#4489),
  .UNSPECIFIED.,.F.,.F.,(9,7,7,7,7,9),(0.,0.228966939411,0.363913822107,
    0.613521053238,0.87433994051,1.),.UNSPECIFIED.);
#4453 = CARTESIAN_POINT('',(0.,-38.30000018068));
#4454 = CARTESIAN_POINT('',(-8.990144878125E-02,-38.35723333882));
#4455 = CARTESIAN_POINT('',(-0.179826734399,-38.41448157453));
#4456 = CARTESIAN_POINT('',(-0.269729394352,-38.47171527622));
#4457 = CARTESIAN_POINT('',(-0.359618711035,-38.52894041537));
#4458 = CARTESIAN_POINT('',(-0.449513545264,-38.58616911587));
#4459 = CARTESIAN_POINT('',(-0.539429791172,-38.64341151572));
#4460 = CARTESIAN_POINT('',(-0.62936792812,-38.70066790795));
#4461 = CARTESIAN_POINT('',(-0.772240307687,-38.79162333076));
#4462 = CARTESIAN_POINT('',(-0.82522530826,-38.82535465538));
#4463 = CARTESIAN_POINT('',(-0.878211586683,-38.85908679879));
#4464 = CARTESIAN_POINT('',(-0.93119869294,-38.89281946781));
#4465 = CARTESIAN_POINT('',(-0.984187658108,-38.92655331353));
#4466 = CARTESIAN_POINT('',(-1.03717912767,-38.96028874447));
#4467 = CARTESIAN_POINT('',(-1.090171342971,-38.99402464167));
#4468 = CARTESIAN_POINT('',(-1.241165758687,-39.09015066989));
#4469 = CARTESIAN_POINT('',(-1.339227689804,-39.15257881207));
#4470 = CARTESIAN_POINT('',(-1.437256858323,-39.21498609237));
#4471 = CARTESIAN_POINT('',(-1.53526358334,-39.27737911503));
#4472 = CARTESIAN_POINT('',(-1.63327289834,-39.33977385451));
#4473 = CARTESIAN_POINT('',(-1.731308509204,-39.40218534869));
#4474 = CARTESIAN_POINT('',(-1.829376936789,-39.46461769269));
#4475 = CARTESIAN_POINT('',(-2.02978850992,-39.59220363452));
#4476 = CARTESIAN_POINT('',(-2.13227260669,-39.65744695947));
#4477 = CARTESIAN_POINT('',(-2.23471618712,-39.7226644082));
#4478 = CARTESIAN_POINT('',(-2.337129899892,-39.78786279312));
#4479 = CARTESIAN_POINT('',(-2.439542777489,-39.85306070657));
#4480 = CARTESIAN_POINT('',(-2.541984097206,-39.9182770365));
#4481 = CARTESIAN_POINT('',(-2.644466914732,-39.98351992374));
#4482 = CARTESIAN_POINT('',(-2.796217307366,-40.0801275588));
#4483 = CARTESIAN_POINT('',(-2.84555794176,-40.11153887407));
#4484 = CARTESIAN_POINT('',(-2.894898012828,-40.14294978987));
#4485 = CARTESIAN_POINT('',(-2.944238033235,-40.17436060689));
#4486 = CARTESIAN_POINT('',(-2.993578866308,-40.20577185514));
#4487 = CARTESIAN_POINT('',(-3.042920464233,-40.2371835129));
#4488 = CARTESIAN_POINT('',(-3.092260465783,-40.26859415066));
#4489 = CARTESIAN_POINT('',(-3.14159265359,-40.3));
#4490 = ( GEOMETRIC_REPRESENTATION_CONTEXT(2) 
PARAMETRIC_REPRESENTATION_CONTEXT() REPRESENTATION_CONTEXT('2D SPACE',''
  ) );
#4491 = ORIENTED_EDGE('',*,*,#4492,.F.);
#4492 = EDGE_CURVE('',#4493,#4363,#4495,.T.);
#4493 = VERTEX_POINT('',#4494);
#4494 = CARTESIAN_POINT('',(7.,0.,43.300000007053));
#4495 = SURFACE_CURVE('',#4496,(#4569,#4645),.PCURVE_S1.);
#4496 = B_SPLINE_CURVE_WITH_KNOTS('',8,(#4497,#4498,#4499,#4500,#4501,
    #4502,#4503,#4504,#4505,#4506,#4507,#4508,#4509,#4510,#4511,#4512,
    #4513,#4514,#4515,#4516,#4517,#4518,#4519,#4520,#4521,#4522,#4523,
    #4524,#4525,#4526,#4527,#4528,#4529,#4530,#4531,#4532,#4533,#4534,
    #4535,#4536,#4537,#4538,#4539,#4540,#4541,#4542,#4543,#4544,#4545,
    #4546,#4547,#4548,#4549,#4550,#4551,#4552,#4553,#4554,#4555,#4556,
    #4557,#4558,#4559,#4560,#4561,#4562,#4563,#4564,#4565,#4566,#4567,
    #4568),.UNSPECIFIED.,.F.,.F.,(9,7,7,7,7,7,7,7,7,7,9),(0.,
    0.118380935683,0.247583617853,0.325243237337,0.429947864096,
    0.525803639947,0.641938083074,0.72608510848,0.857919544045,
    0.91871390407,1.),.UNSPECIFIED.);
#4497 = CARTESIAN_POINT('',(7.,-8.881784197001E-16,43.300000007053));
#4498 = CARTESIAN_POINT('',(7.,0.650761581573,43.359183955921));
#4499 = CARTESIAN_POINT('',(6.930858607592,1.301801958011,
    43.418393217852));
#4500 = CARTESIAN_POINT('',(6.792472753197,1.944101740814,
    43.477587195673));
#4501 = CARTESIAN_POINT('',(6.586277627394,2.569125967412,
    43.536771071438));
#4502 = CARTESIAN_POINT('',(6.314795811035,3.168713238268,43.59595726026
    ));
#4503 = CARTESIAN_POINT('',(5.981680115951,3.735124288366,
    43.655157044305));
#4504 = CARTESIAN_POINT('',(5.591676412351,4.261055235035,
    43.714371491174));
#4505 = CARTESIAN_POINT('',(4.670155159481,5.262512966861,
    43.838141793191));
#4506 = CARTESIAN_POINT('',(4.12827568998,5.729780982528,43.902782948303
    ));
#4507 = CARTESIAN_POINT('',(3.533358340842,6.132735757098,43.96739967421
    ));
#4508 = CARTESIAN_POINT('',(2.894503457946,6.464612794431,
    44.031996826896));
#4509 = CARTESIAN_POINT('',(2.221479145594,6.720113403114,
    44.096591995864));
#4510 = CARTESIAN_POINT('',(1.52473901495,6.895511169087,44.161203859083
    ));
#4511 = CARTESIAN_POINT('',(0.815331770856,6.98854159384,44.225841413575
    ));
#4512 = CARTESIAN_POINT('',(-0.321726151655,7.005622893332,
    44.329263958675));
#4513 = CARTESIAN_POINT('',(-0.749066390941,6.982282441952,
    44.368092514288));
#4514 = CARTESIAN_POINT('',(-1.174411452203,6.929146729663,
    44.40691912543));
#4515 = CARTESIAN_POINT('',(-1.595343561072,6.846426914007,
    44.44574389734));
#4516 = CARTESIAN_POINT('',(-2.009490842672,6.734559518174,
    44.484569068709));
#4517 = CARTESIAN_POINT('',(-2.414527759901,6.594198328494,
    44.523396840214));
#4518 = CARTESIAN_POINT('',(-2.808180628009,6.426225665571,
    44.562226760702));
#4519 = CARTESIAN_POINT('',(-3.70065983595,5.969624421866,44.65339934257
    ));
#4520 = CARTESIAN_POINT('',(-4.188527033773,5.659268629423,
    44.705754862914));
#4521 = CARTESIAN_POINT('',(-4.646373763123,5.303481748139,
    44.75810127777));
#4522 = CARTESIAN_POINT('',(-5.069330355153,4.905704129385,
    44.810441791269));
#4523 = CARTESIAN_POINT('',(-5.453045448721,4.469915477702,
    44.862784420738));
#4524 = CARTESIAN_POINT('',(-5.793659122428,4.00059266922,
    44.915136404149));
#4525 = CARTESIAN_POINT('',(-6.087859187926,3.502747008965,
    44.967497705631));
#4526 = CARTESIAN_POINT('',(-6.557516964897,2.505316570665,
    45.067762792078));
#4527 = CARTESIAN_POINT('',(-6.741017756016,2.009202691257,
    45.115692409304));
#4528 = CARTESIAN_POINT('',(-6.881522038702,1.497931008374,
    45.163617884243));
#4529 = CARTESIAN_POINT('',(-6.977624668009,0.97585836595,
    45.211539029866));
#4530 = CARTESIAN_POINT('',(-7.028443637797,0.44743636396,
    45.259461582651));
#4531 = CARTESIAN_POINT('',(-7.033592398042,-8.280083738684E-02,
    45.307390288762));
#4532 = CARTESIAN_POINT('',(-6.993225414788,-0.610243306814,
    45.355322061417));
#4533 = CARTESIAN_POINT('',(-6.805091966398,-1.760170453017,
    45.461293419097));
#4534 = CARTESIAN_POINT('',(-6.636315419852,-2.379744790136,
    45.519380061071));
#4535 = CARTESIAN_POINT('',(-6.403083907196,-2.980445131188,
    45.577454973246));
#4536 = CARTESIAN_POINT('',(-6.108022531845,-3.554481407447,
    45.635518758147));
#4537 = CARTESIAN_POINT('',(-5.754708227139,-4.094606861993,
    45.693581743416));
#4538 = CARTESIAN_POINT('',(-5.347679447972,-4.594145792855,
    45.75165483268));
#4539 = CARTESIAN_POINT('',(-4.892385152831,-5.046991587958,
    45.809741591174));
#4540 = CARTESIAN_POINT('',(-4.035540623011,-5.738325294336,
    45.909869667686));
#4541 = CARTESIAN_POINT('',(-3.653557860297,-6.001637102346,
    45.951943505292));
#4542 = CARTESIAN_POINT('',(-3.252042667768,-6.235802021985,
    45.994015610373));
#4543 = CARTESIAN_POINT('',(-2.833609485688,-6.439151313802,
    46.036085135551));
#4544 = CARTESIAN_POINT('',(-2.401011039108,-6.610305976996,
    46.078154430648));
#4545 = CARTESIAN_POINT('',(-1.957127190921,-6.748166426772,
    46.120225581253));
#4546 = CARTESIAN_POINT('',(-1.504966422181,-6.851932468735,
    46.162296816797));
#4547 = CARTESIAN_POINT('',(-0.331242192489,-7.029603332075,
    46.270257923831));
#4548 = CARTESIAN_POINT('',(0.398585233532,-7.053381700374,
    46.336208416222));
#4549 = CARTESIAN_POINT('',(1.129279283453,-6.990357426773,
    46.40213174738));
#4550 = CARTESIAN_POINT('',(1.848830484461,-6.841031909796,
    46.46803567379));
#4551 = CARTESIAN_POINT('',(2.545640744117,-6.607575634225,
    46.53393948066));
#4552 = CARTESIAN_POINT('',(3.20860339896,-6.293958825602,
    46.599862696457));
#4553 = CARTESIAN_POINT('',(3.827099275271,-5.905791422588,
    46.665813448087));
#4554 = CARTESIAN_POINT('',(4.651602649295,-5.241588303786,
    46.762103214178));
#4555 = CARTESIAN_POINT('',(4.900435550352,-5.017724812059,
    46.792498742024));
#4556 = CARTESIAN_POINT('',(5.136929974441,-4.780375906788,
    46.822895258811));
#4557 = CARTESIAN_POINT('',(5.360220289292,-4.530357429641,
    46.853290552264));
#4558 = CARTESIAN_POINT('',(5.569521054568,-4.26853827109,
    46.883684300445));
#4559 = CARTESIAN_POINT('',(5.764121363619,-3.995834122815,
    46.914077185107));
#4560 = CARTESIAN_POINT('',(5.943382767828,-3.713204656995,
    46.944470148532));
#4561 = CARTESIAN_POINT('',(6.325161297127,-3.03183172306,
    47.015502115724));
#4562 = CARTESIAN_POINT('',(6.515185186027,-2.625998408165,
    47.056148278113));
#4563 = CARTESIAN_POINT('',(6.675385065326,-2.206658351869,
    47.096792986607));
#4564 = CARTESIAN_POINT('',(6.804658498056,-1.776398091483,
    47.137434206197));
#4565 = CARTESIAN_POINT('',(6.902182721505,-1.33786912909,
    47.178073860434));
#4566 = CARTESIAN_POINT('',(6.967395199406,-0.893777882204,
    47.218714796783));
#4567 = CARTESIAN_POINT('',(7.,-0.446882993556,47.259358018163));
#4568 = CARTESIAN_POINT('',(7.,-7.105427357601E-15,47.300000180681));
#4569 = PCURVE('',#666,#4570);
#4570 = DEFINITIONAL_REPRESENTATION('',(#4571),#4644);
#4571 = B_SPLINE_CURVE_WITH_KNOTS('',8,(#4572,#4573,#4574,#4575,#4576,
    #4577,#4578,#4579,#4580,#4581,#4582,#4583,#4584,#4585,#4586,#4587,
    #4588,#4589,#4590,#4591,#4592,#4593,#4594,#4595,#4596,#4597,#4598,
    #4599,#4600,#4601,#4602,#4603,#4604,#4605,#4606,#4607,#4608,#4609,
    #4610,#4611,#4612,#4613,#4614,#4615,#4616,#4617,#4618,#4619,#4620,
    #4621,#4622,#4623,#4624,#4625,#4626,#4627,#4628,#4629,#4630,#4631,
    #4632,#4633,#4634,#4635,#4636,#4637,#4638,#4639,#4640,#4641,#4642,
    #4643),.UNSPECIFIED.,.F.,.F.,(9,7,7,7,7,7,7,7,7,7,9),(0.,
    0.118380935683,0.247583617853,0.325243237337,0.429947864096,
    0.525803639947,0.641938083074,0.72608510848,0.857919544045,
    0.91871390407,1.),.UNSPECIFIED.);
#4572 = CARTESIAN_POINT('',(1.57151284273,59.587068464934));
#4573 = CARTESIAN_POINT('',(1.57151233374,59.697274652825));
#4574 = CARTESIAN_POINT('',(1.571512337812,59.807527976065));
#4575 = CARTESIAN_POINT('',(1.571513044525,59.917752838822));
#4576 = CARTESIAN_POINT('',(1.57151438595,60.027958890572));
#4577 = CARTESIAN_POINT('',(1.571515807789,60.13816924948));
#4578 = CARTESIAN_POINT('',(1.571516671569,60.248404923992));
#4579 = CARTESIAN_POINT('',(1.571516863514,60.358667902083));
#4580 = CARTESIAN_POINT('',(1.571516213476,60.58914007266));
#4581 = CARTESIAN_POINT('',(1.571515271825,60.70950810186));
#4582 = CARTESIAN_POINT('',(1.571513980417,60.829830641532));
#4583 = CARTESIAN_POINT('',(1.571512887189,60.950116734017));
#4584 = CARTESIAN_POINT('',(1.571513142941,61.070399132598));
#4585 = CARTESIAN_POINT('',(1.571514183533,61.190712617486));
#4586 = CARTESIAN_POINT('',(1.571514802455,61.31107394199));
#4587 = CARTESIAN_POINT('',(1.571515020268,61.503656638061));
#4588 = CARTESIAN_POINT('',(1.571514669983,61.575959131848));
#4589 = CARTESIAN_POINT('',(1.571515338903,61.648258004844));
#4590 = CARTESIAN_POINT('',(1.571513784537,61.72055345301));
#4591 = CARTESIAN_POINT('',(1.571513366424,61.792849645011));
#4592 = CARTESIAN_POINT('',(1.571515886865,61.865150678716));
#4593 = CARTESIAN_POINT('',(1.571515381322,61.937455714031));
#4594 = CARTESIAN_POINT('',(1.571515103992,62.107227803928));
#4595 = CARTESIAN_POINT('',(1.571515009124,62.204718803133));
#4596 = CARTESIAN_POINT('',(1.571515550039,62.302192847049));
#4597 = CARTESIAN_POINT('',(1.571515401976,62.399655902069));
#4598 = CARTESIAN_POINT('',(1.571514605425,62.497122897228));
#4599 = CARTESIAN_POINT('',(1.571513956224,62.594607310326));
#4600 = CARTESIAN_POINT('',(1.571513554321,62.692109074566));
#4601 = CARTESIAN_POINT('',(1.571513529083,62.878812279863));
#4602 = CARTESIAN_POINT('',(1.57151382526,62.968061823065));
#4603 = CARTESIAN_POINT('',(1.57151451231,63.057303652931));
#4604 = CARTESIAN_POINT('',(1.571515413434,63.146537421195));
#4605 = CARTESIAN_POINT('',(1.571516250984,63.235773809737));
#4606 = CARTESIAN_POINT('',(1.571516775969,63.325021656361));
#4607 = CARTESIAN_POINT('',(1.571516868489,63.414275213178));
#4608 = CARTESIAN_POINT('',(1.571516294836,63.611604042677));
#4609 = CARTESIAN_POINT('',(1.571515454636,63.719766939906));
#4610 = CARTESIAN_POINT('',(1.571514186294,63.827907995124));
#4611 = CARTESIAN_POINT('',(1.57151286826,63.936028330299));
#4612 = CARTESIAN_POINT('',(1.571512123517,64.044147176491));
#4613 = CARTESIAN_POINT('',(1.571512164731,64.152284837273));
#4614 = CARTESIAN_POINT('',(1.571512789553,64.260447951474));
#4615 = CARTESIAN_POINT('',(1.571514314011,64.446896031128));
#4616 = CARTESIAN_POINT('',(1.571515088934,64.525241551173));
#4617 = CARTESIAN_POINT('',(1.571515882627,64.603583845092));
#4618 = CARTESIAN_POINT('',(1.571516520704,64.681921334987));
#4619 = CARTESIAN_POINT('',(1.571516866538,64.760258396446));
#4620 = CARTESIAN_POINT('',(1.571516873747,64.838598913039));
#4621 = CARTESIAN_POINT('',(1.571516594663,64.916939587793));
#4622 = CARTESIAN_POINT('',(1.571515439984,65.117973521382));
#4623 = CARTESIAN_POINT('',(1.57151430724,65.240779662145));
#4624 = CARTESIAN_POINT('',(1.571513218083,65.363535226098));
#4625 = CARTESIAN_POINT('',(1.571512746292,65.486254656548));
#4626 = CARTESIAN_POINT('',(1.571513897788,65.608973864387));
#4627 = CARTESIAN_POINT('',(1.571514926413,65.731729213523));
#4628 = CARTESIAN_POINT('',(1.571515106747,65.854535837018));
#4629 = CARTESIAN_POINT('',(1.571514881049,66.03383661462));
#4630 = CARTESIAN_POINT('',(1.571514801751,66.090436002069));
#4631 = CARTESIAN_POINT('',(1.571514478601,66.147037231022));
#4632 = CARTESIAN_POINT('',(1.571514380992,66.203636182009));
#4633 = CARTESIAN_POINT('',(1.571514670767,66.260232255552));
#4634 = CARTESIAN_POINT('',(1.571514941039,66.31682672114));
#4635 = CARTESIAN_POINT('',(1.57151470655,66.373421333392));
#4636 = CARTESIAN_POINT('',(1.571514564021,66.505689667497));
#4637 = CARTESIAN_POINT('',(1.571514637787,66.581376719388));
#4638 = CARTESIAN_POINT('',(1.571514982086,66.65706106399));
#4639 = CARTESIAN_POINT('',(1.571515241125,66.732738911917));
#4640 = CARTESIAN_POINT('',(1.571515153732,66.808413845006));
#4641 = CARTESIAN_POINT('',(1.571514782494,66.884091165511));
#4642 = CARTESIAN_POINT('',(1.571514406418,66.959772740964));
#4643 = CARTESIAN_POINT('',(1.571514077096,67.035452344715));
#4644 = ( GEOMETRIC_REPRESENTATION_CONTEXT(2) 
PARAMETRIC_REPRESENTATION_CONTEXT() REPRESENTATION_CONTEXT('2D SPACE',''
  ) );
#4645 = PCURVE('',#4073,#4646);
#4646 = DEFINITIONAL_REPRESENTATION('',(#4647),#4720);
#4647 = B_SPLINE_CURVE_WITH_KNOTS('',8,(#4648,#4649,#4650,#4651,#4652,
    #4653,#4654,#4655,#4656,#4657,#4658,#4659,#4660,#4661,#4662,#4663,
    #4664,#4665,#4666,#4667,#4668,#4669,#4670,#4671,#4672,#4673,#4674,
    #4675,#4676,#4677,#4678,#4679,#4680,#4681,#4682,#4683,#4684,#4685,
    #4686,#4687,#4688,#4689,#4690,#4691,#4692,#4693,#4694,#4695,#4696,
    #4697,#4698,#4699,#4700,#4701,#4702,#4703,#4704,#4705,#4706,#4707,
    #4708,#4709,#4710,#4711,#4712,#4713,#4714,#4715,#4716,#4717,#4718,
    #4719),.UNSPECIFIED.,.F.,.F.,(9,7,7,7,7,7,7,7,7,7,9),(0.,
    0.118380935683,0.247583617853,0.325243237337,0.429947864096,
    0.525803639947,0.641938083074,0.72608510848,0.857919544045,
    0.91871390407,1.),.UNSPECIFIED.);
#4648 = CARTESIAN_POINT('',(0.,-34.30000000705));
#4649 = CARTESIAN_POINT('',(-9.296594022473E-02,-34.35918395592));
#4650 = CARTESIAN_POINT('',(-0.185971664444,-34.41839321785));
#4651 = CARTESIAN_POINT('',(-0.278953375944,-34.47758719567));
#4652 = CARTESIAN_POINT('',(-0.371919169325,-34.53677107143));
#4653 = CARTESIAN_POINT('',(-0.464888510503,-34.59595726026));
#4654 = CARTESIAN_POINT('',(-0.557879192039,-34.6551570443));
#4655 = CARTESIAN_POINT('',(-0.65089296344,-34.71437149117));
#4656 = CARTESIAN_POINT('',(-0.845310933557,-34.83814179319));
#4657 = CARTESIAN_POINT('',(-0.946849136406,-34.9027829483));
#4658 = CARTESIAN_POINT('',(-1.048349094404,-34.9673996742));
#4659 = CARTESIAN_POINT('',(-1.149818389461,-35.03199682689));
#4660 = CARTESIAN_POINT('',(-1.251284490662,-35.09659199586));
#4661 = CARTESIAN_POINT('',(-1.352776359123,-35.16120385908));
#4662 = CARTESIAN_POINT('',(-1.454308347507,-35.22584141357));
#4663 = CARTESIAN_POINT('',(-1.616763521226,-35.32926395867));
#4664 = CARTESIAN_POINT('',(-1.67775515632,-35.36809251428));
#4665 = CARTESIAN_POINT('',(-1.738743538467,-35.40691912543));
#4666 = CARTESIAN_POINT('',(-1.799729600125,-35.44574389734));
#4667 = CARTESIAN_POINT('',(-1.860716601418,-35.4845690687));
#4668 = CARTESIAN_POINT('',(-1.921707314424,-35.52339684021));
#4669 = CARTESIAN_POINT('',(-1.982701122118,-35.5622267607));
#4670 = CARTESIAN_POINT('',(-2.125915235574,-35.65339934257));
#4671 = CARTESIAN_POINT('',(-2.208155492245,-35.70575486291));
#4672 = CARTESIAN_POINT('',(-2.290380881359,-35.75810127777));
#4673 = CARTESIAN_POINT('',(-2.372596719671,-35.81044179126));
#4674 = CARTESIAN_POINT('',(-2.45481592348,-35.86278442073));
#4675 = CARTESIAN_POINT('',(-2.537049982689,-35.91513640414));
#4676 = CARTESIAN_POINT('',(-2.619298839624,-35.96749770563));
#4677 = CARTESIAN_POINT('',(-2.776794930065,-36.06776279207));
#4678 = CARTESIAN_POINT('',(-2.852082722088,-36.1156924093));
#4679 = CARTESIAN_POINT('',(-2.927364066928,-36.16361788424));
#4680 = CARTESIAN_POINT('',(-3.002638598569,-36.21153902986));
#4681 = CARTESIAN_POINT('',(-3.077915275354,-36.25946158265));
#4682 = CARTESIAN_POINT('',(-3.153201543351,-36.30739028876));
#4683 = CARTESIAN_POINT('',(-3.228492579899,-36.35532206141));
#4684 = CARTESIAN_POINT('',(-3.39495190483,-36.46129341909));
#4685 = CARTESIAN_POINT('',(-3.486194098421,-36.51938006107));
#4686 = CARTESIAN_POINT('',(-3.577417871448,-36.57745497324));
#4687 = CARTESIAN_POINT('',(-3.668624225382,-36.63551875814));
#4688 = CARTESIAN_POINT('',(-3.759829390038,-36.69358174341));
#4689 = CARTESIAN_POINT('',(-3.851050428879,-36.75165483268));
#4690 = CARTESIAN_POINT('',(-3.942292907633,-36.80974159117));
#4691 = CARTESIAN_POINT('',(-4.099573680999,-36.90986966768));
#4692 = CARTESIAN_POINT('',(-4.165663074668,-36.95194350529));
#4693 = CARTESIAN_POINT('',(-4.231749725601,-36.99401561037));
#4694 = CARTESIAN_POINT('',(-4.297832312349,-37.03608513555));
#4695 = CARTESIAN_POINT('',(-4.363914545385,-37.07815443064));
#4696 = CARTESIAN_POINT('',(-4.42999972351,-37.12022558125));
#4697 = CARTESIAN_POINT('',(-4.496085081509,-37.16229681679));
#4698 = CARTESIAN_POINT('',(-4.665670139515,-37.27025792383));
#4699 = CARTESIAN_POINT('',(-4.769265124213,-37.33620841622));
#4700 = CARTESIAN_POINT('',(-4.872817535515,-37.40213174738));
#4701 = CARTESIAN_POINT('',(-4.976339446573,-37.46803567378));
#4702 = CARTESIAN_POINT('',(-5.079860909692,-37.53393948066));
#4703 = CARTESIAN_POINT('',(-5.183412316823,-37.59986269645));
#4704 = CARTESIAN_POINT('',(-5.287007019146,-37.66581344808));
#4705 = CARTESIAN_POINT('',(-5.438258370754,-37.76210321417));
#4706 = CARTESIAN_POINT('',(-5.486003506038,-37.79249874202));
#4707 = CARTESIAN_POINT('',(-5.53375036141,-37.82289525881));
#4708 = CARTESIAN_POINT('',(-5.581495434878,-37.85329055226));
#4709 = CARTESIAN_POINT('',(-5.629238080322,-37.88368430044));
#4710 = CARTESIAN_POINT('',(-5.676979218795,-37.9140771851));
#4711 = CARTESIAN_POINT('',(-5.724720332741,-37.94447014853));
#4712 = CARTESIAN_POINT('',(-5.83629751574,-38.01550211572));
#4713 = CARTESIAN_POINT('',(-5.90014465345,-38.05614827811));
#4714 = CARTESIAN_POINT('',(-5.963989257323,-38.0967929866));
#4715 = CARTESIAN_POINT('',(-6.027828155067,-38.13743420619));
#4716 = CARTESIAN_POINT('',(-6.091664498506,-38.17807386043));
#4717 = CARTESIAN_POINT('',(-6.155502867394,-38.21871479678));
#4718 = CARTESIAN_POINT('',(-6.219344879529,-38.25935801816));
#4719 = CARTESIAN_POINT('',(-6.28318530718,-38.30000018068));
#4720 = ( GEOMETRIC_REPRESENTATION_CONTEXT(2) 
PARAMETRIC_REPRESENTATION_CONTEXT() REPRESENTATION_CONTEXT('2D SPACE',''
  ) );
#4721 = ORIENTED_EDGE('',*,*,#4722,.F.);
#4722 = EDGE_CURVE('',#4723,#4493,#4725,.T.);
#4723 = VERTEX_POINT('',#4724);
#4724 = CARTESIAN_POINT('',(7.,0.,39.29999975609));
#4725 = SURFACE_CURVE('',#4726,(#4799,#4875),.PCURVE_S1.);
#4726 = B_SPLINE_CURVE_WITH_KNOTS('',8,(#4727,#4728,#4729,#4730,#4731,
    #4732,#4733,#4734,#4735,#4736,#4737,#4738,#4739,#4740,#4741,#4742,
    #4743,#4744,#4745,#4746,#4747,#4748,#4749,#4750,#4751,#4752,#4753,
    #4754,#4755,#4756,#4757,#4758,#4759,#4760,#4761,#4762,#4763,#4764,
    #4765,#4766,#4767,#4768,#4769,#4770,#4771,#4772,#4773,#4774,#4775,
    #4776,#4777,#4778,#4779,#4780,#4781,#4782,#4783,#4784,#4785,#4786,
    #4787,#4788,#4789,#4790,#4791,#4792,#4793,#4794,#4795,#4796,#4797,
    #4798),.UNSPECIFIED.,.F.,.F.,(9,7,7,7,7,7,7,7,7,7,9),(0.,
    0.111086514088,0.177471106183,0.242793526579,0.337925246952,
    0.433009727497,0.543587381208,0.673958461842,0.767791238882,
    0.859540981255,1.),.UNSPECIFIED.);
#4727 = CARTESIAN_POINT('',(7.,-5.329070518201E-15,39.29999975609));
#4728 = CARTESIAN_POINT('',(7.,0.610585803729,39.355529838423));
#4729 = CARTESIAN_POINT('',(6.939131545764,1.221406121811,
    39.411081327836));
#4730 = CARTESIAN_POINT('',(6.817317354691,1.825040182871,
    39.466623146001));
#4731 = CARTESIAN_POINT('',(6.635641214172,2.414404457344,
    39.522157007094));
#4732 = CARTESIAN_POINT('',(6.396093552474,2.98272706312,39.577692132724
    ));
#4733 = CARTESIAN_POINT('',(6.101492407341,3.523530948864,
    39.633237249912));
#4734 = CARTESIAN_POINT('',(5.755562780146,4.030675290939,
    39.688792621089));
#4735 = CARTESIAN_POINT('',(5.128658389931,4.778076314274,
    39.777510563834));
#4736 = CARTESIAN_POINT('',(4.877490302054,5.043690929329,
    39.810696834523));
#4737 = CARTESIAN_POINT('',(4.610643824077,5.294171090666,
    39.843883502213));
#4738 = CARTESIAN_POINT('',(4.329187856154,5.528438884957,
    39.877070393699));
#4739 = CARTESIAN_POINT('',(4.034269474321,5.745515779888,
    39.910257327515));
#4740 = CARTESIAN_POINT('',(3.7271139305,5.944522624159,39.943444113933)
  );
#4741 = CARTESIAN_POINT('',(3.409024652498,6.124679647484,
    39.976630554965));
#4742 = CARTESIAN_POINT('',(2.758984188,6.443363200592,40.042471350411)
  );
#4743 = CARTESIAN_POINT('',(2.427307047006,6.582525449548,
    40.075126419996));
#4744 = CARTESIAN_POINT('',(2.087664252063,6.702151187496,
    40.107781879929));
#4745 = CARTESIAN_POINT('',(1.741399625507,6.801712782447,
    40.140437781029));
#4746 = CARTESIAN_POINT('',(1.389888380973,6.880796990392,
    40.173093998122));
#4747 = CARTESIAN_POINT('',(1.03453712339,6.939104955303,40.205750230038
    ));
#4748 = CARTESIAN_POINT('',(0.676783848982,6.976452209127,
    40.238405999611));
#4749 = CARTESIAN_POINT('',(-0.20427104973,7.016531005682,
    40.318616965911));
#4750 = CARTESIAN_POINT('',(-0.72876652554,6.995701175558,
    40.366181925194));
#4751 = CARTESIAN_POINT('',(-1.250798709938,6.930043724652,
    40.413742903462));
#4752 = CARTESIAN_POINT('',(-1.76590780285,6.819923156206,
    40.461299667921));
#4753 = CARTESIAN_POINT('',(-2.269743873476,6.666208445836,
    40.508857711913));
#4754 = CARTESIAN_POINT('',(-2.758068120036,6.47024368978,
    40.556421652963));
#4755 = CARTESIAN_POINT('',(-3.226775492159,6.233884889029,
    40.603988698005));
#4756 = CARTESIAN_POINT('',(-4.116880803682,5.685457050691,
    40.699072039818));
#4757 = CARTESIAN_POINT('',(-4.538560376489,5.373266478236,
    40.746615530068));
#4758 = CARTESIAN_POINT('',(-4.933020317081,5.025418547531,
    40.794156977113));
#4759 = CARTESIAN_POINT('',(-5.296763914679,4.644732504033,
    40.841694178171));
#4760 = CARTESIAN_POINT('',(-5.626682826337,4.234380805698,
    40.889231697695));
#4761 = CARTESIAN_POINT('',(-5.920037275748,3.797857255401,
    40.93677420192));
#4762 = CARTESIAN_POINT('',(-6.17448844948,3.338991903196,
    40.984319827381));
#4763 = CARTESIAN_POINT('',(-6.63669737915,2.307314003983,
    41.087132543562));
#4764 = CARTESIAN_POINT('',(-6.830279615981,1.727696358287,
    41.142437127052));
#4765 = CARTESIAN_POINT('',(-6.965834724777,1.129841563522,
    41.197732751977));
#4766 = CARTESIAN_POINT('',(-7.041471036558,0.520587101753,
    41.253019200542));
#4767 = CARTESIAN_POINT('',(-7.056249357009,-9.315569931882E-02,
    41.308304766764));
#4768 = CARTESIAN_POINT('',(-7.010093103501,-0.704422330155,
    41.363598428788));
#4769 = CARTESIAN_POINT('',(-6.903864720014,-1.306199324523,
    41.418902112443));
#4770 = CARTESIAN_POINT('',(-6.545961441806,-2.581475501209,
    41.539363783413));
#4771 = CARTESIAN_POINT('',(-6.271431347662,-3.249332940067,
    41.604589344395));
#4772 = CARTESIAN_POINT('',(-5.919133807773,-3.883167473515,
    41.669788347343));
#4773 = CARTESIAN_POINT('',(-5.494259690765,-4.472584596378,
    41.734968484016));
#4774 = CARTESIAN_POINT('',(-5.003301615224,-5.00820185259,
    41.80014851503));
#4775 = CARTESIAN_POINT('',(-4.454130693368,-5.481761240396,
    41.865347361111));
#4776 = CARTESIAN_POINT('',(-3.855870026631,-5.88607699464,
    41.930572496027));
#4777 = CARTESIAN_POINT('',(-2.761456385726,-6.452939828142,
    42.042663853367));
#4778 = CARTESIAN_POINT('',(-2.283346163371,-6.651659551118,
    42.089585779519));
#4779 = CARTESIAN_POINT('',(-1.789073519988,-6.809792808925,
    42.136504187269));
#4780 = CARTESIAN_POINT('',(-1.282683367391,-6.925852725653,
    42.183417557367));
#4781 = CARTESIAN_POINT('',(-0.768318435084,-6.998838161246,
    42.230330618133));
#4782 = CARTESIAN_POINT('',(-0.250203021918,-7.028202898706,
    42.277248445603));
#4783 = CARTESIAN_POINT('',(0.267361196969,-7.013886744436,
    42.32417037738));
#4784 = CARTESIAN_POINT('',(1.281233408675,-6.900206322672,
    42.416955652802));
#4785 = CARTESIAN_POINT('',(1.77790111097,-6.802721326133,
    42.462832075088));
#4786 = CARTESIAN_POINT('',(2.265934536874,-6.664394755577,
    42.508705518601));
#4787 = CARTESIAN_POINT('',(2.741441701359,-6.486149460759,
    42.554576773511));
#4788 = CARTESIAN_POINT('',(3.200674198685,-6.269325773148,
    42.600450327279));
#4789 = CARTESIAN_POINT('',(3.64003064414,-6.015666021592,
    42.646329263607));
#4790 = CARTESIAN_POINT('',(4.056083871145,-5.727347728219,
    42.692209641657));
#4791 = CARTESIAN_POINT('',(5.04198812609,-4.916747708193,
    42.808288315113));
#4792 = CARTESIAN_POINT('',(5.577132972752,-4.350773168265,
    42.878571860503));
#4793 = CARTESIAN_POINT('',(6.038872050782,-3.718733280461,
    42.948816956292));
#4794 = CARTESIAN_POINT('',(6.418121125909,-3.032006825707,
    43.019036673531));
#4795 = CARTESIAN_POINT('',(6.707714532811,-2.302929704441,
    43.089256223099));
#4796 = CARTESIAN_POINT('',(6.902680352469,-1.544872592026,
    43.159500635382));
#4797 = CARTESIAN_POINT('',(7.,-0.772062740658,43.229784242848));
#4798 = CARTESIAN_POINT('',(7.,-8.881784197001E-16,43.300000007053));
#4799 = PCURVE('',#666,#4800);
#4800 = DEFINITIONAL_REPRESENTATION('',(#4801),#4874);
#4801 = B_SPLINE_CURVE_WITH_KNOTS('',8,(#4802,#4803,#4804,#4805,#4806,
    #4807,#4808,#4809,#4810,#4811,#4812,#4813,#4814,#4815,#4816,#4817,
    #4818,#4819,#4820,#4821,#4822,#4823,#4824,#4825,#4826,#4827,#4828,
    #4829,#4830,#4831,#4832,#4833,#4834,#4835,#4836,#4837,#4838,#4839,
    #4840,#4841,#4842,#4843,#4844,#4845,#4846,#4847,#4848,#4849,#4850,
    #4851,#4852,#4853,#4854,#4855,#4856,#4857,#4858,#4859,#4860,#4861,
    #4862,#4863,#4864,#4865,#4866,#4867,#4868,#4869,#4870,#4871,#4872,
    #4873),.UNSPECIFIED.,.F.,.F.,(9,7,7,7,7,7,7,7,7,7,9),(0.,
    0.111086514088,0.177471106183,0.242793526579,0.337925246952,
    0.433009727497,0.543587381208,0.673958461842,0.767791238882,
    0.859540981255,1.),.UNSPECIFIED.);
#4802 = CARTESIAN_POINT('',(1.571513710907,52.138684441138));
#4803 = CARTESIAN_POINT('',(1.571513584242,52.242086779174));
#4804 = CARTESIAN_POINT('',(1.571513897818,52.345528979244));
#4805 = CARTESIAN_POINT('',(1.571514538634,52.448953170519));
#4806 = CARTESIAN_POINT('',(1.571515468708,52.552362544968));
#4807 = CARTESIAN_POINT('',(1.571515550372,52.655774274107));
#4808 = CARTESIAN_POINT('',(1.571514504319,52.75920460848));
#4809 = CARTESIAN_POINT('',(1.571514022269,52.862654036768));
#4810 = CARTESIAN_POINT('',(1.571514076273,53.027855353243));
#4811 = CARTESIAN_POINT('',(1.571514278613,53.089651371469));
#4812 = CARTESIAN_POINT('',(1.571514552876,53.151448128947));
#4813 = CARTESIAN_POINT('',(1.571514817295,53.213245303156));
#4814 = CARTESIAN_POINT('',(1.571515018555,53.275042556187));
#4815 = CARTESIAN_POINT('',(1.571515131786,53.336839534751));
#4816 = CARTESIAN_POINT('',(1.57151516057,53.39863587017));
#4817 = CARTESIAN_POINT('',(1.571515113682,53.521237744709));
#4818 = CARTESIAN_POINT('',(1.571514950167,53.582044615543));
#4819 = CARTESIAN_POINT('',(1.571514683684,53.642852213241));
#4820 = CARTESIAN_POINT('',(1.5715143577,53.703660632435));
#4821 = CARTESIAN_POINT('',(1.571514021854,53.764469640039));
#4822 = CARTESIAN_POINT('',(1.57151373196,53.825278675244));
#4823 = CARTESIAN_POINT('',(1.571513550005,53.886086849523));
#4824 = CARTESIAN_POINT('',(1.571513535624,54.035447360132));
#4825 = CARTESIAN_POINT('',(1.57151383333,54.124017875277));
#4826 = CARTESIAN_POINT('',(1.571514515006,54.21258097739));
#4827 = CARTESIAN_POINT('',(1.571515406792,54.301136232988));
#4828 = CARTESIAN_POINT('',(1.571516237199,54.389693871203));
#4829 = CARTESIAN_POINT('',(1.571516762656,54.478262490306));
#4830 = CARTESIAN_POINT('',(1.571516864619,54.566836889337));
#4831 = CARTESIAN_POINT('',(1.571516372028,54.743891189249));
#4832 = CARTESIAN_POINT('',(1.571515775965,54.832421726995));
#4833 = CARTESIAN_POINT('',(1.571514860523,54.920948460097));
#4834 = CARTESIAN_POINT('',(1.571513841877,55.009467286769));
#4835 = CARTESIAN_POINT('',(1.571512982414,55.097986706459));
#4836 = CARTESIAN_POINT('',(1.57151248584,55.186515408139));
#4837 = CARTESIAN_POINT('',(1.571512426877,55.275049921854));
#4838 = CARTESIAN_POINT('',(1.571513051308,55.466497058));
#4839 = CARTESIAN_POINT('',(1.571513862103,55.569479495564));
#4840 = CARTESIAN_POINT('',(1.571515039212,55.672445251417));
#4841 = CARTESIAN_POINT('',(1.571516238123,55.775393920019));
#4842 = CARTESIAN_POINT('',(1.571516985163,55.878340945617));
#4843 = CARTESIAN_POINT('',(1.571517037931,55.981303046364));
#4844 = CARTESIAN_POINT('',(1.571516590967,56.084283808348));
#4845 = CARTESIAN_POINT('',(1.571515124643,56.308594990655));
#4846 = CARTESIAN_POINT('',(1.57151401268,56.430051239621));
#4847 = CARTESIAN_POINT('',(1.571513087877,56.551458034995));
#4848 = CARTESIAN_POINT('',(1.571512877007,56.672829699542));
#4849 = CARTESIAN_POINT('',(1.571514181183,56.794201167342));
#4850 = CARTESIAN_POINT('',(1.571515077712,56.915607670606));
#4851 = CARTESIAN_POINT('',(1.571515121466,57.0370631262));
#4852 = CARTESIAN_POINT('',(1.571514777641,57.245787981909));
#4853 = CARTESIAN_POINT('',(1.571514281423,57.333161107706));
#4854 = CARTESIAN_POINT('',(1.57151473539,57.420527681901));
#4855 = CARTESIAN_POINT('',(1.571515071873,57.507884875505));
#4856 = CARTESIAN_POINT('',(1.571514672041,57.595241493103));
#4857 = CARTESIAN_POINT('',(1.57151426272,57.682606986763));
#4858 = CARTESIAN_POINT('',(1.571514891005,57.769980123034));
#4859 = CARTESIAN_POINT('',(1.571515060455,57.942755202968));
#4860 = CARTESIAN_POINT('',(1.571514973536,58.028181500314));
#4861 = CARTESIAN_POINT('',(1.571514520526,58.113602250899));
#4862 = CARTESIAN_POINT('',(1.571513917893,58.199018926097));
#4863 = CARTESIAN_POINT('',(1.571513471877,58.284439881988));
#4864 = CARTESIAN_POINT('',(1.571513377776,58.369870860723));
#4865 = CARTESIAN_POINT('',(1.571513640644,58.455304524081));
#4866 = CARTESIAN_POINT('',(1.571514847173,58.671454144734));
#4867 = CARTESIAN_POINT('',(1.571516089398,58.802328845679));
#4868 = CARTESIAN_POINT('',(1.571517422096,58.933131949779));
#4869 = CARTESIAN_POINT('',(1.571517792268,59.063887796609));
#4870 = CARTESIAN_POINT('',(1.571516489839,59.194643331158));
#4871 = CARTESIAN_POINT('',(1.571514775014,59.325445162513));
#4872 = CARTESIAN_POINT('',(1.571513446595,59.456319979052));
#4873 = CARTESIAN_POINT('',(1.57151284273,59.587068464934));
#4874 = ( GEOMETRIC_REPRESENTATION_CONTEXT(2) 
PARAMETRIC_REPRESENTATION_CONTEXT() REPRESENTATION_CONTEXT('2D SPACE',''
  ) );
#4875 = PCURVE('',#3929,#4876);
#4876 = DEFINITIONAL_REPRESENTATION('',(#4877),#4950);
#4877 = B_SPLINE_CURVE_WITH_KNOTS('',8,(#4878,#4879,#4880,#4881,#4882,
    #4883,#4884,#4885,#4886,#4887,#4888,#4889,#4890,#4891,#4892,#4893,
    #4894,#4895,#4896,#4897,#4898,#4899,#4900,#4901,#4902,#4903,#4904,
    #4905,#4906,#4907,#4908,#4909,#4910,#4911,#4912,#4913,#4914,#4915,
    #4916,#4917,#4918,#4919,#4920,#4921,#4922,#4923,#4924,#4925,#4926,
    #4927,#4928,#4929,#4930,#4931,#4932,#4933,#4934,#4935,#4936,#4937,
    #4938,#4939,#4940,#4941,#4942,#4943,#4944,#4945,#4946,#4947,#4948,
    #4949),.UNSPECIFIED.,.F.,.F.,(9,7,7,7,7,7,7,7,7,7,9),(0.,
    0.111086514088,0.177471106183,0.242793526579,0.337925246952,
    0.433009727497,0.543587381208,0.673958461842,0.767791238882,
    0.859540981255,1.),.UNSPECIFIED.);
#4878 = CARTESIAN_POINT('',(0.,-30.29999975609));
#4879 = CARTESIAN_POINT('',(-8.722654338987E-02,-30.35552983842));
#4880 = CARTESIAN_POINT('',(-0.174486605631,-30.41108132783));
#4881 = CARTESIAN_POINT('',(-0.261731292381,-30.466623146));
#4882 = CARTESIAN_POINT('',(-0.348963258205,-30.52215700709));
#4883 = CARTESIAN_POINT('',(-0.436197074183,-30.57769213272));
#4884 = CARTESIAN_POINT('',(-0.523446839708,-30.63323724991));
#4885 = CARTESIAN_POINT('',(-0.610713408795,-30.68879262108));
#4886 = CARTESIAN_POINT('',(-0.750071807717,-30.77751056383));
#4887 = CARTESIAN_POINT('',(-0.802200823942,-30.81069683452));
#4888 = CARTESIAN_POINT('',(-0.854330443452,-30.84388350221));
#4889 = CARTESIAN_POINT('',(-0.906460420146,-30.87707039369));
#4890 = CARTESIAN_POINT('',(-0.958590468287,-30.91025732751));
#4891 = CARTESIAN_POINT('',(-1.0107202625,-30.94344411393));
#4892 = CARTESIAN_POINT('',(-1.06284943777,-30.97663055496));
#4893 = CARTESIAN_POINT('',(-1.166271676379,-31.04247135041));
#4894 = CARTESIAN_POINT('',(-1.21756595001,-31.07512641999));
#4895 = CARTESIAN_POINT('',(-1.268860818851,-31.10778187992));
#4896 = CARTESIAN_POINT('',(-1.32015640169,-31.14043778102));
#4897 = CARTESIAN_POINT('',(-1.371452527599,-31.17309399812));
#4898 = CARTESIAN_POINT('',(-1.422748735925,-31.20575023003));
#4899 = CARTESIAN_POINT('',(-1.474044276295,-31.23840599961));
#4900 = CARTESIAN_POINT('',(-1.600039420717,-31.31861696591));
#4901 = CARTESIAN_POINT('',(-1.674754409585,-31.36618192519));
#4902 = CARTESIAN_POINT('',(-1.749463202455,-31.41374290346));
#4903 = CARTESIAN_POINT('',(-1.824165363449,-31.46129966792));
#4904 = CARTESIAN_POINT('',(-1.89886947054,-31.50885771191));
#4905 = CARTESIAN_POINT('',(-1.973582767773,-31.55642165296));
#4906 = CARTESIAN_POINT('',(-2.048300892745,-31.603988698));
#4907 = CARTESIAN_POINT('',(-2.197657373544,-31.69907203981));
#4908 = CARTESIAN_POINT('',(-2.272338445252,-31.74661553006));
#4909 = CARTESIAN_POINT('',(-2.347016305104,-31.79415697711));
#4910 = CARTESIAN_POINT('',(-2.421687521668,-31.84169417817));
#4911 = CARTESIAN_POINT('',(-2.496359276406,-31.88923169769));
#4912 = CARTESIAN_POINT('',(-2.571038887617,-31.93677420192));
#4913 = CARTESIAN_POINT('',(-2.645723403374,-31.98431982738));
#4914 = CARTESIAN_POINT('',(-2.807221263497,-32.08713254356));
#4915 = CARTESIAN_POINT('',(-2.894093496538,-32.14243712705));
#4916 = CARTESIAN_POINT('',(-2.980951620788,-32.19773275197));
#4917 = CARTESIAN_POINT('',(-3.067795275523,-32.25301920054));
#4918 = CARTESIAN_POINT('',(-3.154637528154,-32.30830476676));
#4919 = CARTESIAN_POINT('',(-3.241492549042,-32.36359842878));
#4920 = CARTESIAN_POINT('',(-3.328363401319,-32.41890211244));
#4921 = CARTESIAN_POINT('',(-3.517584365089,-32.53936378341));
#4922 = CARTESIAN_POINT('',(-3.62004064867,-32.60458934439));
#4923 = CARTESIAN_POINT('',(-3.722455280852,-32.66978834734));
#4924 = CARTESIAN_POINT('',(-3.824840218017,-32.73496848401));
#4925 = CARTESIAN_POINT('',(-3.927224685665,-32.80014851503));
#4926 = CARTESIAN_POINT('',(-4.029638199212,-32.86534736111));
#4927 = CARTESIAN_POINT('',(-4.132093136696,-32.93057249602));
#4928 = CARTESIAN_POINT('',(-4.308165633906,-33.04266385336));
#4929 = CARTESIAN_POINT('',(-4.381870736429,-33.08958577951));
#4930 = CARTESIAN_POINT('',(-4.455570170457,-33.13650418726));
#4931 = CARTESIAN_POINT('',(-4.529261673774,-33.18341755736));
#4932 = CARTESIAN_POINT('',(-4.602952827278,-33.23033061813));
#4933 = CARTESIAN_POINT('',(-4.676651509447,-33.2772484456));
#4934 = CARTESIAN_POINT('',(-4.75035641164,-33.32417037738));
#4935 = CARTESIAN_POINT('',(-4.896102913678,-33.4169556528));
#4936 = CARTESIAN_POINT('',(-4.96816514289,-33.46283207508));
#4937 = CARTESIAN_POINT('',(-5.040222653385,-33.5087055186));
#4938 = CARTESIAN_POINT('',(-5.112276816828,-33.55457677351));
#4939 = CARTESIAN_POINT('',(-5.184334746814,-33.60045032727));
#4940 = CARTESIAN_POINT('',(-5.256401263482,-33.6463292636));
#4941 = CARTESIAN_POINT('',(-5.328470100924,-33.69220964165));
#4942 = CARTESIAN_POINT('',(-5.510806389944,-33.80828831511));
#4943 = CARTESIAN_POINT('',(-5.621207777269,-33.8785718605));
#4944 = CARTESIAN_POINT('',(-5.731548657936,-33.94881695629));
#4945 = CARTESIAN_POINT('',(-5.841849413463,-34.01903667353));
#4946 = CARTESIAN_POINT('',(-5.952149843627,-34.08925622309));
#4947 = CARTESIAN_POINT('',(-6.062489416523,-34.15950063538));
#4948 = CARTESIAN_POINT('',(-6.172890629943,-34.22978424284));
#4949 = CARTESIAN_POINT('',(-6.28318530718,-34.30000000705));
#4950 = ( GEOMETRIC_REPRESENTATION_CONTEXT(2) 
PARAMETRIC_REPRESENTATION_CONTEXT() REPRESENTATION_CONTEXT('2D SPACE',''
  ) );
#4951 = ORIENTED_EDGE('',*,*,#4952,.F.);
#4952 = EDGE_CURVE('',#4953,#4723,#4955,.T.);
#4953 = VERTEX_POINT('',#4954);
#4954 = CARTESIAN_POINT('',(7.,0.,35.299999781189));
#4955 = SURFACE_CURVE('',#4956,(#5015,#5077),.PCURVE_S1.);
#4956 = B_SPLINE_CURVE_WITH_KNOTS('',8,(#4957,#4958,#4959,#4960,#4961,
    #4962,#4963,#4964,#4965,#4966,#4967,#4968,#4969,#4970,#4971,#4972,
    #4973,#4974,#4975,#4976,#4977,#4978,#4979,#4980,#4981,#4982,#4983,
    #4984,#4985,#4986,#4987,#4988,#4989,#4990,#4991,#4992,#4993,#4994,
    #4995,#4996,#4997,#4998,#4999,#5000,#5001,#5002,#5003,#5004,#5005,
    #5006,#5007,#5008,#5009,#5010,#5011,#5012,#5013,#5014),
  .UNSPECIFIED.,.F.,.F.,(9,7,7,7,7,7,7,7,9),(0.,9.327296385905E-02,
    0.231785583906,0.347599407505,0.487226768694,0.595983336273,
    0.689158780745,0.847807514831,1.),.UNSPECIFIED.);
#4957 = CARTESIAN_POINT('',(7.,-3.552713678801E-15,35.299999781189));
#4958 = CARTESIAN_POINT('',(7.,0.512562143245,35.346615249223));
#4959 = CARTESIAN_POINT('',(6.957106453129,1.025309876266,
    35.393247446223));
#4960 = CARTESIAN_POINT('',(6.871267743605,1.533834657843,
    35.439877061247));
#4961 = CARTESIAN_POINT('',(6.74301699087,2.033903533869,35.486499623495
    ));
#4962 = CARTESIAN_POINT('',(6.573362527387,2.521442261715,
    35.533118728944));
#4963 = CARTESIAN_POINT('',(6.363738230926,2.992532477744,
    35.579739820497));
#4964 = CARTESIAN_POINT('',(6.116013711335,3.443422907993,
    35.626364521657));
#4965 = CARTESIAN_POINT('',(5.411635158466,4.504855606625,
    35.742218845721));
#4966 = CARTESIAN_POINT('',(4.911496357477,5.087403267112,
    35.811513543886));
#4967 = CARTESIAN_POINT('',(4.340090326774,5.605701705446,
    35.880771971183));
#4968 = CARTESIAN_POINT('',(3.707324815484,6.04994854223,35.950006682546
    ));
#4969 = CARTESIAN_POINT('',(3.024218173926,6.412051515881,
    36.019241716566));
#4970 = CARTESIAN_POINT('',(2.302983029035,6.685863984216,
    36.088500960064));
#4971 = CARTESIAN_POINT('',(1.55685444218,6.867001622964,36.157796851686
    ));
#4972 = CARTESIAN_POINT('',(0.168269806535,7.026864255661,36.284916747)
  );
#4973 = CARTESIAN_POINT('',(-0.471891583296,7.033982078196,
    36.342828631176));
#4974 = CARTESIAN_POINT('',(-1.111518073973,6.97435764988,36.40072744857
    ));
#4975 = CARTESIAN_POINT('',(-1.742513274008,6.848375765707,
    36.458616975548));
#4976 = CARTESIAN_POINT('',(-2.357008567327,6.657460311507,
    36.516508271055));
#4977 = CARTESIAN_POINT('',(-2.947395680536,6.404106259901,
    36.574411714614));
#4978 = CARTESIAN_POINT('',(-3.506341742595,6.091854571558,
    36.632328247428));
#4979 = CARTESIAN_POINT('',(-4.654640042541,5.284238987072,
    36.760003457197));
#4980 = CARTESIAN_POINT('',(-5.227604140908,4.763727772367,
    36.829858552264));
#4981 = CARTESIAN_POINT('',(-5.733232870158,4.172649796983,
    36.899675351188));
#4982 = CARTESIAN_POINT('',(-6.16178935417,3.521450802216,
    36.969467547331));
#4983 = CARTESIAN_POINT('',(-6.505321101272,2.821660683727,
    37.039259815163));
#4984 = CARTESIAN_POINT('',(-6.757928664503,2.085982618861,
    37.109077242811));
#4985 = CARTESIAN_POINT('',(-6.91555756437,1.32811895735,37.178931901869
    ));
#4986 = CARTESIAN_POINT('',(-7.025395844611,-3.251025189003E-02,
    37.303077917514));
#4987 = CARTESIAN_POINT('',(-7.015369472344,-0.633179488278,
    37.357455471762));
#4988 = CARTESIAN_POINT('',(-6.946594426193,-1.231822273033,
    37.411823245056));
#4989 = CARTESIAN_POINT('',(-6.819529221194,-1.821739154546,
    37.466183312227));
#4990 = CARTESIAN_POINT('',(-6.635485192754,-2.396441767534,
    37.520543702347));
#4991 = CARTESIAN_POINT('',(-6.396557097678,-2.949642450481,
    37.574912296061));
#4992 = CARTESIAN_POINT('',(-6.105700063267,-3.475289350754,
    37.629290342455));
#4993 = CARTESIAN_POINT('',(-5.476701725782,-4.389524733218,
    37.730214387101));
#4994 = CARTESIAN_POINT('',(-5.151089853545,-4.787272208149,
    37.776800757932));
#4995 = CARTESIAN_POINT('',(-4.792548003829,-5.157262115199,
    37.823385183133));
#4996 = CARTESIAN_POINT('',(-4.403907913119,-5.496313844606,
    37.869962841618));
#4997 = CARTESIAN_POINT('',(-3.988301558591,-5.801648122875,
    37.916537149693));
#4998 = CARTESIAN_POINT('',(-3.549120891875,-6.070855501881,
    37.963113498738));
#4999 = CARTESIAN_POINT('',(-3.090019244098,-6.30191005472,
    38.009693628143));
#5000 = CARTESIAN_POINT('',(-1.80606707999,-6.818983568825,
    38.135576753035));
#5001 = CARTESIAN_POINT('',(-0.949518383392,-7.030093167006,
    38.215008356873));
#5002 = CARTESIAN_POINT('',(-6.627026242265E-02,-7.117382646204,
    38.294363768265));
#5003 = CARTESIAN_POINT('',(0.822847043916,-7.078030471393,
    38.373678704011));
#5004 = CARTESIAN_POINT('',(1.697283944191,-6.912365570861,
    38.452993726695));
#5005 = CARTESIAN_POINT('',(2.536960962732,-6.624774390117,
    38.532349953804));
#5006 = CARTESIAN_POINT('',(3.322232921118,-6.2227923583,38.611781639234
    ));
#5007 = CARTESIAN_POINT('',(4.718368177607,-5.238010110663,
    38.767162801517));
#5008 = CARTESIAN_POINT('',(5.33700278476,-4.661841764145,
    38.843341565187));
#5009 = CARTESIAN_POINT('',(5.874047981806,-4.002768390729,
    38.919460053292));
#5010 = CARTESIAN_POINT('',(6.317234324715,-3.274696121001,
    38.995543658418));
#5011 = CARTESIAN_POINT('',(6.656737106231,-2.492877882882,
    39.071627070808));
#5012 = CARTESIAN_POINT('',(6.885756262463,-1.674133244861,
    39.147745108136));
#5013 = CARTESIAN_POINT('',(7.,-0.836504070945,39.223923405071));
#5014 = CARTESIAN_POINT('',(7.,-5.329070518201E-15,39.29999975609));
#5015 = PCURVE('',#666,#5016);
#5016 = DEFINITIONAL_REPRESENTATION('',(#5017),#5076);
#5017 = B_SPLINE_CURVE_WITH_KNOTS('',8,(#5018,#5019,#5020,#5021,#5022,
    #5023,#5024,#5025,#5026,#5027,#5028,#5029,#5030,#5031,#5032,#5033,
    #5034,#5035,#5036,#5037,#5038,#5039,#5040,#5041,#5042,#5043,#5044,
    #5045,#5046,#5047,#5048,#5049,#5050,#5051,#5052,#5053,#5054,#5055,
    #5056,#5057,#5058,#5059,#5060,#5061,#5062,#5063,#5064,#5065,#5066,
    #5067,#5068,#5069,#5070,#5071,#5072,#5073,#5074,#5075),
  .UNSPECIFIED.,.F.,.F.,(9,7,7,7,7,7,7,7,9),(0.,9.327296385905E-02,
    0.231785583906,0.347599407505,0.487226768694,0.595983336273,
    0.689158780745,0.847807514831,1.),.UNSPECIFIED.);
#5018 = CARTESIAN_POINT('',(1.571515033396,44.6903009314));
#5019 = CARTESIAN_POINT('',(1.571514826395,44.777103402795));
#5020 = CARTESIAN_POINT('',(1.571514398707,44.863937025129));
#5021 = CARTESIAN_POINT('',(1.57151378519,44.950765839578));
#5022 = CARTESIAN_POINT('',(1.571513302631,45.037581521081));
#5023 = CARTESIAN_POINT('',(1.57151320928,45.124390765691));
#5024 = CARTESIAN_POINT('',(1.571513542167,45.211203708618));
#5025 = CARTESIAN_POINT('',(1.571514132227,45.298023372977));
#5026 = CARTESIAN_POINT('',(1.571515784758,45.513755233554));
#5027 = CARTESIAN_POINT('',(1.571516935056,45.642788606146));
#5028 = CARTESIAN_POINT('',(1.571517650306,45.771754438914));
#5029 = CARTESIAN_POINT('',(1.571517073568,45.900676110321));
#5030 = CARTESIAN_POINT('',(1.571515282224,46.029598382533));
#5031 = CARTESIAN_POINT('',(1.571513639966,46.158565735148));
#5032 = CARTESIAN_POINT('',(1.571512718924,46.287601330075));
#5033 = CARTESIAN_POINT('',(1.571512492548,46.524310764565));
#5034 = CARTESIAN_POINT('',(1.571512945843,46.632148246018));
#5035 = CARTESIAN_POINT('',(1.57151398829,46.739961395866));
#5036 = CARTESIAN_POINT('',(1.5715153839,46.84775724607));
#5037 = CARTESIAN_POINT('',(1.571516535825,46.955556389461));
#5038 = CARTESIAN_POINT('',(1.57151699895,47.063378153679));
#5039 = CARTESIAN_POINT('',(1.571516831188,47.171224291342));
#5040 = CARTESIAN_POINT('',(1.571515632124,47.408967774592));
#5041 = CARTESIAN_POINT('',(1.571514420508,47.539044659946));
#5042 = CARTESIAN_POINT('',(1.571513179106,47.669050234217));
#5043 = CARTESIAN_POINT('',(1.571512537207,47.799009995762));
#5044 = CARTESIAN_POINT('',(1.571514022527,47.928969890762));
#5045 = CARTESIAN_POINT('',(1.57151510759,48.058976635784));
#5046 = CARTESIAN_POINT('',(1.571515135885,48.189052709251));
#5047 = CARTESIAN_POINT('',(1.57151474009,48.420224494633));
#5048 = CARTESIAN_POINT('',(1.571513825416,48.521480714859));
#5049 = CARTESIAN_POINT('',(1.571515800233,48.622718722011));
#5050 = CARTESIAN_POINT('',(1.571514803304,48.723942379622));
#5051 = CARTESIAN_POINT('',(1.571513547788,48.825166638593));
#5052 = CARTESIAN_POINT('',(1.571515331645,48.926406173446));
#5053 = CARTESIAN_POINT('',(1.571515131479,49.027663310095));
#5054 = CARTESIAN_POINT('',(1.571514737773,49.215593558743));
#5055 = CARTESIAN_POINT('',(1.571514334365,49.302341848357));
#5056 = CARTESIAN_POINT('',(1.571513758686,49.389086515022));
#5057 = CARTESIAN_POINT('',(1.571513334432,49.475818581414));
#5058 = CARTESIAN_POINT('',(1.571513311157,49.562544409019));
#5059 = CARTESIAN_POINT('',(1.571513704232,49.649274037104));
#5060 = CARTESIAN_POINT('',(1.571514323118,49.736010704582));
#5061 = CARTESIAN_POINT('',(1.571516119994,49.970417153953));
#5062 = CARTESIAN_POINT('',(1.571517374008,50.118326416929));
#5063 = CARTESIAN_POINT('',(1.571517873973,50.266093802284));
#5064 = CARTESIAN_POINT('',(1.571516211881,50.413785818037));
#5065 = CARTESIAN_POINT('',(1.571513463217,50.561477995735));
#5066 = CARTESIAN_POINT('',(1.571512130888,50.70924690003));
#5067 = CARTESIAN_POINT('',(1.571512165333,50.85715631493));
#5068 = CARTESIAN_POINT('',(1.571513849794,51.146490938456));
#5069 = CARTESIAN_POINT('',(1.571515432524,51.28834310112));
#5070 = CARTESIAN_POINT('',(1.571517221009,51.430083024906));
#5071 = CARTESIAN_POINT('',(1.571518127255,51.571757993276));
#5072 = CARTESIAN_POINT('',(1.571516647373,51.713432602673));
#5073 = CARTESIAN_POINT('',(1.571514852053,51.855171687081));
#5074 = CARTESIAN_POINT('',(1.571513884439,51.997022980645));
#5075 = CARTESIAN_POINT('',(1.571513710907,52.138684441138));
#5076 = ( GEOMETRIC_REPRESENTATION_CONTEXT(2) 
PARAMETRIC_REPRESENTATION_CONTEXT() REPRESENTATION_CONTEXT('2D SPACE',''
  ) );
#5077 = PCURVE('',#3708,#5078);
#5078 = DEFINITIONAL_REPRESENTATION('',(#5079),#5138);
#5079 = B_SPLINE_CURVE_WITH_KNOTS('',8,(#5080,#5081,#5082,#5083,#5084,
    #5085,#5086,#5087,#5088,#5089,#5090,#5091,#5092,#5093,#5094,#5095,
    #5096,#5097,#5098,#5099,#5100,#5101,#5102,#5103,#5104,#5105,#5106,
    #5107,#5108,#5109,#5110,#5111,#5112,#5113,#5114,#5115,#5116,#5117,
    #5118,#5119,#5120,#5121,#5122,#5123,#5124,#5125,#5126,#5127,#5128,
    #5129,#5130,#5131,#5132,#5133,#5134,#5135,#5136,#5137),
  .UNSPECIFIED.,.F.,.F.,(9,7,7,7,7,7,7,7,9),(0.,9.327296385905E-02,
    0.231785583906,0.347599407505,0.487226768694,0.595983336273,
    0.689158780745,0.847807514831,1.),.UNSPECIFIED.);
#5080 = CARTESIAN_POINT('',(0.,-26.29999978118));
#5081 = CARTESIAN_POINT('',(-7.322316332065E-02,-26.34661524922));
#5082 = CARTESIAN_POINT('',(-0.146472543359,-26.39324744622));
#5083 = CARTESIAN_POINT('',(-0.219717939633,-26.43987706124));
#5084 = CARTESIAN_POINT('',(-0.292952401272,-26.48649962349));
#5085 = CARTESIAN_POINT('',(-0.366181576136,-26.53311872894));
#5086 = CARTESIAN_POINT('',(-0.439413955536,-26.57973982049));
#5087 = CARTESIAN_POINT('',(-0.512652014556,-26.62636452165));
#5088 = CARTESIAN_POINT('',(-0.694635895848,-26.74221884572));
#5089 = CARTESIAN_POINT('',(-0.803483913954,-26.81151354388));
#5090 = CARTESIAN_POINT('',(-0.912274801519,-26.88077197118));
#5091 = CARTESIAN_POINT('',(-1.021028248538,-26.95000668254));
#5092 = CARTESIAN_POINT('',(-1.129782243884,-27.01924171656));
#5093 = CARTESIAN_POINT('',(-1.238574371447,-27.08850096006));
#5094 = CARTESIAN_POINT('',(-1.347424120826,-27.15779685168));
#5095 = CARTESIAN_POINT('',(-1.547103626876,-27.284916747));
#5096 = CARTESIAN_POINT('',(-1.638071424231,-27.34282863117));
#5097 = CARTESIAN_POINT('',(-1.729018669893,-27.40072744857));
#5098 = CARTESIAN_POINT('',(-1.819951262965,-27.45861697554));
#5099 = CARTESIAN_POINT('',(-1.910886573984,-27.51650827105));
#5100 = CARTESIAN_POINT('',(-2.001840992152,-27.57441171461));
#5101 = CARTESIAN_POINT('',(-2.092816050888,-27.63232824742));
#5102 = CARTESIAN_POINT('',(-2.293367938314,-27.76000345719));
#5103 = CARTESIAN_POINT('',(-2.403096256844,-27.82985855226));
#5104 = CARTESIAN_POINT('',(-2.512764537542,-27.89967535118));
#5105 = CARTESIAN_POINT('',(-2.622394173224,-27.96946754733));
#5106 = CARTESIAN_POINT('',(-2.732023629381,-28.03925981516));
#5107 = CARTESIAN_POINT('',(-2.84169191603,-28.10907724281));
#5108 = CARTESIAN_POINT('',(-2.951418840256,-28.17893190186));
#5109 = CARTESIAN_POINT('',(-3.146426757042,-28.30307791751));
#5110 = CARTESIAN_POINT('',(-3.231843170629,-28.35745547176));
#5111 = CARTESIAN_POINT('',(-3.317244281839,-28.41182324505));
#5112 = CARTESIAN_POINT('',(-3.402632833188,-28.46618331222));
#5113 = CARTESIAN_POINT('',(-3.488022254062,-28.52054370234));
#5114 = CARTESIAN_POINT('',(-3.573424976136,-28.57491229606));
#5115 = CARTESIAN_POINT('',(-3.658841288146,-28.62929034245));
#5116 = CARTESIAN_POINT('',(-3.817371864809,-28.7302143871));
#5117 = CARTESIAN_POINT('',(-3.890549272285,-28.77680075793));
#5118 = CARTESIAN_POINT('',(-3.96372371067,-28.82338518313));
#5119 = CARTESIAN_POINT('',(-4.036887667297,-28.86996284161));
#5120 = CARTESIAN_POINT('',(-4.110046497584,-28.91653714969));
#5121 = CARTESIAN_POINT('',(-4.183208607773,-28.96311349873));
#5122 = CARTESIAN_POINT('',(-4.256376656769,-29.00969362814));
#5123 = CARTESIAN_POINT('',(-4.454113762116,-29.13557675303));
#5124 = CARTESIAN_POINT('',(-4.578884787407,-29.21500835687));
#5125 = CARTESIAN_POINT('',(-4.703535897426,-29.29436376826));
#5126 = CARTESIAN_POINT('',(-4.82812319475,-29.37367870401));
#5127 = CARTESIAN_POINT('',(-4.952710873112,-29.45299372669));
#5128 = CARTESIAN_POINT('',(-5.077363403521,-29.5323499538));
#5129 = CARTESIAN_POINT('',(-5.20213445848,-29.61178163923));
#5130 = CARTESIAN_POINT('',(-5.446206617836,-29.76716280151));
#5131 = CARTESIAN_POINT('',(-5.565867888332,-29.84334156518));
#5132 = CARTESIAN_POINT('',(-5.685434391279,-29.91946005329));
#5133 = CARTESIAN_POINT('',(-5.804946009115,-29.99554365841));
#5134 = CARTESIAN_POINT('',(-5.924457530198,-30.0716270708));
#5135 = CARTESIAN_POINT('',(-6.044023807878,-30.14774510813));
#5136 = CARTESIAN_POINT('',(-6.163684725616,-30.22392340507));
#5137 = CARTESIAN_POINT('',(-6.28318530718,-30.29999975609));
#5138 = ( GEOMETRIC_REPRESENTATION_CONTEXT(2) 
PARAMETRIC_REPRESENTATION_CONTEXT() REPRESENTATION_CONTEXT('2D SPACE',''
  ) );
#5139 = ORIENTED_EDGE('',*,*,#5140,.F.);
#5140 = EDGE_CURVE('',#5141,#4953,#5143,.T.);
#5141 = VERTEX_POINT('',#5142);
#5142 = CARTESIAN_POINT('',(7.,0.,31.299999981348));
#5143 = SURFACE_CURVE('',#5144,(#5217,#5293),.PCURVE_S1.);
#5144 = B_SPLINE_CURVE_WITH_KNOTS('',8,(#5145,#5146,#5147,#5148,#5149,
    #5150,#5151,#5152,#5153,#5154,#5155,#5156,#5157,#5158,#5159,#5160,
    #5161,#5162,#5163,#5164,#5165,#5166,#5167,#5168,#5169,#5170,#5171,
    #5172,#5173,#5174,#5175,#5176,#5177,#5178,#5179,#5180,#5181,#5182,
    #5183,#5184,#5185,#5186,#5187,#5188,#5189,#5190,#5191,#5192,#5193,
    #5194,#5195,#5196,#5197,#5198,#5199,#5200,#5201,#5202,#5203,#5204,
    #5205,#5206,#5207,#5208,#5209,#5210,#5211,#5212,#5213,#5214,#5215,
    #5216),.UNSPECIFIED.,.F.,.F.,(9,7,7,7,7,7,7,7,7,7,9),(0.,
    0.124156898139,0.255664182467,0.344402788915,0.466765789571,
    0.553188925217,0.669963139319,0.783067448577,0.881957765342,
    0.930296091094,1.),.UNSPECIFIED.);
#5145 = CARTESIAN_POINT('',(7.,-3.552713678801E-15,31.299999981348));
#5146 = CARTESIAN_POINT('',(7.,0.6823842914,31.362059920843));
#5147 = CARTESIAN_POINT('',(6.923975717212,1.365183373595,
    31.424157519257));
#5148 = CARTESIAN_POINT('',(6.771766102212,2.037879474712,
    31.486235234845));
#5149 = CARTESIAN_POINT('',(6.545143736748,2.690606145177,
    31.548297690322));
#5150 = CARTESIAN_POINT('',(6.247171733476,3.313999934813,
    31.610360036731));
#5151 = CARTESIAN_POINT('',(5.882261161321,3.899250782192,
    31.672437237417));
#5152 = CARTESIAN_POINT('',(5.456085892031,4.438107413115,
    31.734534686902));
#5153 = CARTESIAN_POINT('',(4.467785738721,5.437033294575,31.86233175179
    ));
#5154 = CARTESIAN_POINT('',(3.898415330622,5.891247568569,
    31.928116172184));
#5155 = CARTESIAN_POINT('',(3.276726812062,6.276751111181,
    31.993873235867));
#5156 = CARTESIAN_POINT('',(2.612562393029,6.586819837173,
    32.059611102201));
#5157 = CARTESIAN_POINT('',(1.916428579807,6.816293751366,
    32.125349069023));
#5158 = CARTESIAN_POINT('',(1.199513443008,6.961725555263,
    32.191106489043));
#5159 = CARTESIAN_POINT('',(0.473596966196,7.021263211498,
    32.256891348948));
#5160 = CARTESIAN_POINT('',(-0.736160141904,6.978248093944,
    32.366983350076));
#5161 = CARTESIAN_POINT('',(-1.222264046772,6.922101712891,
    32.411345959556));
#5162 = CARTESIAN_POINT('',(-1.703325404894,6.827256122877,
    32.455703955788));
#5163 = CARTESIAN_POINT('',(-2.175752890666,6.694273503128,
    32.500056535653));
#5164 = CARTESIAN_POINT('',(-2.636077305074,6.52409226946,
    32.544407908973));
#5165 = CARTESIAN_POINT('',(-3.080950843216,6.317998964713,
    32.588762906273));
#5166 = CARTESIAN_POINT('',(-3.507159047222,6.077641901238,
    32.633122765435));
#5167 = CARTESIAN_POINT('',(-4.469397828673,5.429255884916,
    32.738647468885));
#5168 = CARTESIAN_POINT('',(-4.98618881149,4.991973940874,
    32.799846838853));
#5169 = CARTESIAN_POINT('',(-5.453613201117,4.498733762506,
    32.861028132364));
#5170 = CARTESIAN_POINT('',(-5.86477291885,3.9561903495,32.922195808239)
  );
#5171 = CARTESIAN_POINT('',(-6.213837699126,3.371756425619,
    32.983363616227));
#5172 = CARTESIAN_POINT('',(-6.496114870139,2.753613953062,
    33.044545626275));
#5173 = CARTESIAN_POINT('',(-6.708014075571,2.110657217222,
    33.105746106933));
#5174 = CARTESIAN_POINT('',(-6.94617466676,0.988076616608,
    33.210112180044));
#5175 = CARTESIAN_POINT('',(-7.00874166603,0.515657497128,
    33.253321955514));
#5176 = CARTESIAN_POINT('',(-7.034551050833,3.885691747699E-02,
    33.296531231326));
#5177 = CARTESIAN_POINT('',(-7.023280409326,-0.438971418934,
    33.339738450312));
#5178 = CARTESIAN_POINT('',(-6.974966586011,-0.914491225945,
    33.382946314704));
#5179 = CARTESIAN_POINT('',(-6.889984700073,-1.384389238815,
    33.426157667525));
#5180 = CARTESIAN_POINT('',(-6.769066982987,-1.845381612639,
    33.469371320179));
#5181 = CARTESIAN_POINT('',(-6.40297340896,-2.900689276049,
    33.570958093922));
#5182 = CARTESIAN_POINT('',(-6.128908688757,-3.485443480631,
    33.629370668718));
#5183 = CARTESIAN_POINT('',(-5.793902414616,-4.040202753204,
    33.68777078306));
#5184 = CARTESIAN_POINT('',(-5.401945219644,-4.557627811866,
    33.746159650051));
#5185 = CARTESIAN_POINT('',(-4.957887497621,-5.031089562274,
    33.804548138302));
#5186 = CARTESIAN_POINT('',(-4.467448159622,-5.454700653442,
    33.86294751995));
#5187 = CARTESIAN_POINT('',(-3.93716513552,-5.823304978761,
    33.921361329678));
#5188 = CARTESIAN_POINT('',(-2.829928174362,-6.432585654209,
    34.036298729379));
#5189 = CARTESIAN_POINT('',(-2.2544866172,-6.677180458968,
    34.092873606585));
#5190 = CARTESIAN_POINT('',(-1.655236297177,-6.862723868512,
    34.14943639383));
#5191 = CARTESIAN_POINT('',(-1.039302889249,-6.986638488948,
    34.205988673954));
#5192 = CARTESIAN_POINT('',(-0.413973945889,-7.047367617757,
    34.262540624381));
#5193 = CARTESIAN_POINT('',(0.213327263317,-7.044282704893,
    34.319102560986));
#5194 = CARTESIAN_POINT('',(0.835039958064,-6.977776567148,
    34.375676578644));
#5195 = CARTESIAN_POINT('',(1.975481196173,-6.737436790799,
    34.481672750442));
#5196 = CARTESIAN_POINT('',(2.497603811165,-6.578084772871,
    34.531125113024));
#5197 = CARTESIAN_POINT('',(3.004797929507,-6.37253508063,
    34.580570820905));
#5198 = CARTESIAN_POINT('',(3.49232840176,-6.12247195209,34.630010018885
    ));
#5199 = CARTESIAN_POINT('',(3.955739833509,-5.830109766717,
    34.679449982738));
#5200 = CARTESIAN_POINT('',(4.390850186185,-5.498153395493,
    34.728897552075));
#5201 = CARTESIAN_POINT('',(4.793786194471,-5.129831291291,
    34.778351401179));
#5202 = CARTESIAN_POINT('',(5.340587074145,-4.533072634316,
    34.851962131759));
#5203 = CARTESIAN_POINT('',(5.511612800592,-4.329354806605,
    34.876130116102));
#5204 = CARTESIAN_POINT('',(5.673750689848,-4.118271449103,
    34.900298919994));
#5205 = CARTESIAN_POINT('',(5.826634467411,-3.900270388638,
    34.924469116185));
#5206 = CARTESIAN_POINT('',(5.969921322491,-3.67582508776,
    34.948640799094));
#5207 = CARTESIAN_POINT('',(6.103294556465,-3.445436066327,
    34.972813352914));
#5208 = CARTESIAN_POINT('',(6.226466231318,-3.209632323102,
    34.996985219723));
#5209 = CARTESIAN_POINT('',(6.501712910903,-2.621941448569,
    35.056004590985));
#5210 = CARTESIAN_POINT('',(6.642558582202,-2.264689201883,
    35.090860945677));
#5211 = CARTESIAN_POINT('',(6.760943101379,-1.898838695195,
    35.125717935418));
#5212 = CARTESIAN_POINT('',(6.85626063786,-1.526053387801,
    35.160574657665));
#5213 = CARTESIAN_POINT('',(6.928056641926,-1.148031456637,
    35.195431749671));
#5214 = CARTESIAN_POINT('',(6.976022290798,-0.766502549832,
    35.23028955242));
#5215 = CARTESIAN_POINT('',(7.,-0.383227357529,35.265146792396));
#5216 = CARTESIAN_POINT('',(7.,-3.552713678801E-15,35.299999781189));
#5217 = PCURVE('',#666,#5218);
#5218 = DEFINITIONAL_REPRESENTATION('',(#5219),#5292);
#5219 = B_SPLINE_CURVE_WITH_KNOTS('',8,(#5220,#5221,#5222,#5223,#5224,
    #5225,#5226,#5227,#5228,#5229,#5230,#5231,#5232,#5233,#5234,#5235,
    #5236,#5237,#5238,#5239,#5240,#5241,#5242,#5243,#5244,#5245,#5246,
    #5247,#5248,#5249,#5250,#5251,#5252,#5253,#5254,#5255,#5256,#5257,
    #5258,#5259,#5260,#5261,#5262,#5263,#5264,#5265,#5266,#5267,#5268,
    #5269,#5270,#5271,#5272,#5273,#5274,#5275,#5276,#5277,#5278,#5279,
    #5280,#5281,#5282,#5283,#5284,#5285,#5286,#5287,#5288,#5289,#5290,
    #5291),.UNSPECIFIED.,.F.,.F.,(9,7,7,7,7,7,7,7,7,7,9),(0.,
    0.124156898139,0.255664182467,0.344402788915,0.466765789571,
    0.553188925217,0.669963139319,0.783067448577,0.881957765342,
    0.930296091094,1.),.UNSPECIFIED.);
#5220 = CARTESIAN_POINT('',(1.571514692928,37.241917747639));
#5221 = CARTESIAN_POINT('',(1.571513615879,37.357479305853));
#5222 = CARTESIAN_POINT('',(1.571512523292,37.473110988587));
#5223 = CARTESIAN_POINT('',(1.571511863388,37.588705647597));
#5224 = CARTESIAN_POINT('',(1.571512104923,37.704271890809));
#5225 = CARTESIAN_POINT('',(1.571513298071,37.819837930911));
#5226 = CARTESIAN_POINT('',(1.571514711645,37.935431631119));
#5227 = CARTESIAN_POINT('',(1.571515803874,38.051063036532));
#5228 = CARTESIAN_POINT('',(1.571516948899,38.289033425706));
#5229 = CARTESIAN_POINT('',(1.571516935357,38.411530324491));
#5230 = CARTESIAN_POINT('',(1.571516082378,38.533976282449));
#5231 = CARTESIAN_POINT('',(1.571514507314,38.656386493099));
#5232 = CARTESIAN_POINT('',(1.571513256501,38.778796890895));
#5233 = CARTESIAN_POINT('',(1.571513239216,38.901243512387));
#5234 = CARTESIAN_POINT('',(1.571513768463,39.023741229582));
#5235 = CARTESIAN_POINT('',(1.571514675404,39.228743092306));
#5236 = CARTESIAN_POINT('',(1.571515006911,39.31135052505));
#5237 = CARTESIAN_POINT('',(1.571515302193,39.393949367482));
#5238 = CARTESIAN_POINT('',(1.571515126616,39.476538124121));
#5239 = CARTESIAN_POINT('',(1.571514562296,39.559124634057));
#5240 = CARTESIAN_POINT('',(1.571514291113,39.64171789219));
#5241 = CARTESIAN_POINT('',(1.571514811655,39.724320203578));
#5242 = CARTESIAN_POINT('',(1.5715147604,39.920817320074));
#5243 = CARTESIAN_POINT('',(1.571513857355,40.034776415307));
#5244 = CARTESIAN_POINT('',(1.571515715937,40.148701850444));
#5245 = CARTESIAN_POINT('',(1.571515610984,40.262601928244));
#5246 = CARTESIAN_POINT('',(1.571514749453,40.376502252034));
#5247 = CARTESIAN_POINT('',(1.571513856138,40.490429021441));
#5248 = CARTESIAN_POINT('',(1.571513493356,40.604390184886));
#5249 = CARTESIAN_POINT('',(1.57151375373,40.798729820589));
#5250 = CARTESIAN_POINT('',(1.57151411698,40.879190565859));
#5251 = CARTESIAN_POINT('',(1.571514754084,40.95965038072));
#5252 = CARTESIAN_POINT('',(1.57151552492,41.040106365573));
#5253 = CARTESIAN_POINT('',(1.571516231317,41.120563552238));
#5254 = CARTESIAN_POINT('',(1.571516698003,41.201027234692));
#5255 = CARTESIAN_POINT('',(1.571516834081,41.281495199654));
#5256 = CARTESIAN_POINT('',(1.57151646006,41.470659513427));
#5257 = CARTESIAN_POINT('',(1.571515699994,41.579429328825));
#5258 = CARTESIAN_POINT('',(1.571514450595,41.68817594166));
#5259 = CARTESIAN_POINT('',(1.571513064253,41.796901610859));
#5260 = CARTESIAN_POINT('',(1.571512196504,41.905626574815));
#5261 = CARTESIAN_POINT('',(1.571512121944,42.014371823305));
#5262 = CARTESIAN_POINT('',(1.57151266942,42.123143938264));
#5263 = CARTESIAN_POINT('',(1.571514345924,42.337168397748));
#5264 = CARTESIAN_POINT('',(1.571515453991,42.442516244019));
#5265 = CARTESIAN_POINT('',(1.57151657039,42.54784157763));
#5266 = CARTESIAN_POINT('',(1.571517225967,42.653147345975));
#5267 = CARTESIAN_POINT('',(1.571517118496,42.758452500387));
#5268 = CARTESIAN_POINT('',(1.571516368567,42.863776250012));
#5269 = CARTESIAN_POINT('',(1.571515467982,42.969122495722));
#5270 = CARTESIAN_POINT('',(1.571514063268,43.16649753149));
#5271 = CARTESIAN_POINT('',(1.571513524297,43.258582572564));
#5272 = CARTESIAN_POINT('',(1.571513318063,43.350655221944));
#5273 = CARTESIAN_POINT('',(1.571513608937,43.442715749264));
#5274 = CARTESIAN_POINT('',(1.571514265336,43.53477770271));
#5275 = CARTESIAN_POINT('',(1.571514878951,43.626853818299));
#5276 = CARTESIAN_POINT('',(1.571515047121,43.718941627417));
#5277 = CARTESIAN_POINT('',(1.571514855367,43.856011866226));
#5278 = CARTESIAN_POINT('',(1.571514725586,43.901014970519));
#5279 = CARTESIAN_POINT('',(1.57151451947,43.946019600891));
#5280 = CARTESIAN_POINT('',(1.571514284227,43.991026823857));
#5281 = CARTESIAN_POINT('',(1.571514090508,44.036036815235));
#5282 = CARTESIAN_POINT('',(1.571513999139,44.081048428334));
#5283 = CARTESIAN_POINT('',(1.571514027838,44.12605876215));
#5284 = CARTESIAN_POINT('',(1.571514247875,44.235958490755));
#5285 = CARTESIAN_POINT('',(1.571514731436,44.300864365537));
#5286 = CARTESIAN_POINT('',(1.571514826838,44.365771422839));
#5287 = CARTESIAN_POINT('',(1.571514826546,44.430677982043));
#5288 = CARTESIAN_POINT('',(1.571515017139,44.495585229775));
#5289 = CARTESIAN_POINT('',(1.571515259329,44.560493800978));
#5290 = CARTESIAN_POINT('',(1.571515188165,44.625401324243));
#5291 = CARTESIAN_POINT('',(1.571515033396,44.6903009314));
#5292 = ( GEOMETRIC_REPRESENTATION_CONTEXT(2) 
PARAMETRIC_REPRESENTATION_CONTEXT() REPRESENTATION_CONTEXT('2D SPACE',''
  ) );
#5293 = PCURVE('',#3480,#5294);
#5294 = DEFINITIONAL_REPRESENTATION('',(#5295),#5368);
#5295 = B_SPLINE_CURVE_WITH_KNOTS('',8,(#5296,#5297,#5298,#5299,#5300,
    #5301,#5302,#5303,#5304,#5305,#5306,#5307,#5308,#5309,#5310,#5311,
    #5312,#5313,#5314,#5315,#5316,#5317,#5318,#5319,#5320,#5321,#5322,
    #5323,#5324,#5325,#5326,#5327,#5328,#5329,#5330,#5331,#5332,#5333,
    #5334,#5335,#5336,#5337,#5338,#5339,#5340,#5341,#5342,#5343,#5344,
    #5345,#5346,#5347,#5348,#5349,#5350,#5351,#5352,#5353,#5354,#5355,
    #5356,#5357,#5358,#5359,#5360,#5361,#5362,#5363,#5364,#5365,#5366,
    #5367),.UNSPECIFIED.,.F.,.F.,(9,7,7,7,7,7,7,7,7,7,9),(0.,
    0.124156898139,0.255664182467,0.344402788915,0.466765789571,
    0.553188925217,0.669963139319,0.783067448577,0.881957765342,
    0.930296091094,1.),.UNSPECIFIED.);
#5296 = CARTESIAN_POINT('',(0.,-22.29999998134));
#5297 = CARTESIAN_POINT('',(-9.748347019995E-02,-22.36205992084));
#5298 = CARTESIAN_POINT('',(-0.195026129429,-22.42415751925));
#5299 = CARTESIAN_POINT('',(-0.292537611178,-22.48623523484));
#5300 = CARTESIAN_POINT('',(-0.390025158291,-22.54829769032));
#5301 = CARTESIAN_POINT('',(-0.487512476207,-22.61036003673));
#5302 = CARTESIAN_POINT('',(-0.585023042729,-22.67243723741));
#5303 = CARTESIAN_POINT('',(-0.682565389284,-22.7345346869));
#5304 = CARTESIAN_POINT('',(-0.883308402464,-22.86233175179));
#5305 = CARTESIAN_POINT('',(-0.986642283406,-22.92811617218));
#5306 = CARTESIAN_POINT('',(-1.089933292841,-22.99387323586));
#5307 = CARTESIAN_POINT('',(-1.193194301247,-23.0596111022));
#5308 = CARTESIAN_POINT('',(-1.296455641813,-23.12534906902));
#5309 = CARTESIAN_POINT('',(-1.399747368878,-23.19110648904));
#5310 = CARTESIAN_POINT('',(-1.503081888754,-23.25689134894));
#5311 = CARTESIAN_POINT('',(-1.676013546893,-23.36698335007));
#5312 = CARTESIAN_POINT('',(-1.745697931345,-23.41134595955));
#5313 = CARTESIAN_POINT('',(-1.815374971148,-23.45570395578));
#5314 = CARTESIAN_POINT('',(-1.88504357948,-23.50005653565));
#5315 = CARTESIAN_POINT('',(-1.954710563197,-23.54440790897));
#5316 = CARTESIAN_POINT('',(-2.024383564697,-23.58876290627));
#5317 = CARTESIAN_POINT('',(-2.094064322328,-23.63312276543));
#5318 = CARTESIAN_POINT('',(-2.259822192131,-23.73864746888));
#5319 = CARTESIAN_POINT('',(-2.355954957102,-23.79984683885));
#5320 = CARTESIAN_POINT('',(-2.452058267027,-23.86102813236));
#5321 = CARTESIAN_POINT('',(-2.548139583467,-23.92219580823));
#5322 = CARTESIAN_POINT('',(-2.644221236541,-23.98336361622));
#5323 = CARTESIAN_POINT('',(-2.74032543784,-24.04454562627));
#5324 = CARTESIAN_POINT('',(-2.836458887035,-24.10574610693));
#5325 = CARTESIAN_POINT('',(-3.000396883781,-24.21011218004));
#5326 = CARTESIAN_POINT('',(-3.068270769183,-24.25332195551));
#5327 = CARTESIAN_POINT('',(-3.136143901371,-24.29653123132));
#5328 = CARTESIAN_POINT('',(-3.204013785424,-24.33973845031));
#5329 = CARTESIAN_POINT('',(-3.271884632101,-24.3829463147));
#5330 = CARTESIAN_POINT('',(-3.339760900758,-24.42615766752));
#5331 = CARTESIAN_POINT('',(-3.407640740319,-24.46937132017));
#5332 = CARTESIAN_POINT('',(-3.567212793611,-24.57095809392));
#5333 = CARTESIAN_POINT('',(-3.65896696044,-24.62937066871));
#5334 = CARTESIAN_POINT('',(-3.750701550782,-24.68777078306));
#5335 = CARTESIAN_POINT('',(-3.842418531035,-24.74615965005));
#5336 = CARTESIAN_POINT('',(-3.934134990246,-24.8045481383));
#5337 = CARTESIAN_POINT('',(-4.025868570617,-24.86294751995));
#5338 = CARTESIAN_POINT('',(-4.117624785764,-24.92136132967));
#5339 = CARTESIAN_POINT('',(-4.298167992737,-25.03629872937));
#5340 = CARTESIAN_POINT('',(-4.387035548361,-25.09287360658));
#5341 = CARTESIAN_POINT('',(-4.475884073541,-25.14943639383));
#5342 = CARTESIAN_POINT('',(-4.564716070806,-25.20598867395));
#5343 = CARTESIAN_POINT('',(-4.653547605288,-25.26254062438));
#5344 = CARTESIAN_POINT('',(-4.74239494557,-25.31910256098));
#5345 = CARTESIAN_POINT('',(-4.831261356936,-25.37567657864));
#5346 = CARTESIAN_POINT('',(-4.997760080696,-25.48167275044));
#5347 = CARTESIAN_POINT('',(-5.075439834818,-25.53112511302));
#5348 = CARTESIAN_POINT('',(-5.15310912086,-25.5805708209));
#5349 = CARTESIAN_POINT('',(-5.230768061646,-25.63001001888));
#5350 = CARTESIAN_POINT('',(-5.308428017426,-25.67944998273));
#5351 = CARTESIAN_POINT('',(-5.386099758118,-25.72889755207));
#5352 = CARTESIAN_POINT('',(-5.463781326152,-25.77835140117));
#5353 = CARTESIAN_POINT('',(-5.579408462353,-25.85196213175));
#5354 = CARTESIAN_POINT('',(-5.61737136728,-25.8761301161));
#5355 = CARTESIAN_POINT('',(-5.655335605283,-25.90029891999));
#5356 = CARTESIAN_POINT('',(-5.69330209409,-25.92446911618));
#5357 = CARTESIAN_POINT('',(-5.731270992029,-25.94864079909));
#5358 = CARTESIAN_POINT('',(-5.769241321495,-25.97281335291));
#5359 = CARTESIAN_POINT('',(-5.807210592412,-25.99698521972));
#5360 = CARTESIAN_POINT('',(-5.899918307194,-26.05600459098));
#5361 = CARTESIAN_POINT('',(-5.954670376237,-26.09086094567));
#5362 = CARTESIAN_POINT('',(-6.009423997618,-26.12571793541));
#5363 = CARTESIAN_POINT('',(-6.064177266257,-26.16057465766));
#5364 = CARTESIAN_POINT('',(-6.118930710738,-26.19543174967));
#5365 = CARTESIAN_POINT('',(-6.17368498409,-26.23028955242));
#5366 = CARTESIAN_POINT('',(-6.228438541818,-26.26514679239));
#5367 = CARTESIAN_POINT('',(-6.28318530718,-26.29999978118));
#5368 = ( GEOMETRIC_REPRESENTATION_CONTEXT(2) 
PARAMETRIC_REPRESENTATION_CONTEXT() REPRESENTATION_CONTEXT('2D SPACE',''
  ) );
#5369 = ORIENTED_EDGE('',*,*,#5370,.F.);
#5370 = EDGE_CURVE('',#5371,#5141,#5373,.T.);
#5371 = VERTEX_POINT('',#5372);
#5372 = CARTESIAN_POINT('',(7.,0.,27.299999982572));
#5373 = SURFACE_CURVE('',#5374,(#5447,#5523),.PCURVE_S1.);
#5374 = B_SPLINE_CURVE_WITH_KNOTS('',8,(#5375,#5376,#5377,#5378,#5379,
    #5380,#5381,#5382,#5383,#5384,#5385,#5386,#5387,#5388,#5389,#5390,
    #5391,#5392,#5393,#5394,#5395,#5396,#5397,#5398,#5399,#5400,#5401,
    #5402,#5403,#5404,#5405,#5406,#5407,#5408,#5409,#5410,#5411,#5412,
    #5413,#5414,#5415,#5416,#5417,#5418,#5419,#5420,#5421,#5422,#5423,
    #5424,#5425,#5426,#5427,#5428,#5429,#5430,#5431,#5432,#5433,#5434,
    #5435,#5436,#5437,#5438,#5439,#5440,#5441,#5442,#5443,#5444,#5445,
    #5446),.UNSPECIFIED.,.F.,.F.,(9,7,7,7,7,7,7,7,7,7,9),(0.,
    0.12127560424,0.21546190981,0.375855688461,0.466011827027,
    0.557130082864,0.688237632536,0.746181196413,0.805951797796,
    0.880240898033,1.),.UNSPECIFIED.);
#5375 = CARTESIAN_POINT('',(7.,-3.552713678801E-15,27.299999982572));
#5376 = CARTESIAN_POINT('',(7.,0.666607891308,27.360624979376));
#5377 = CARTESIAN_POINT('',(6.9274503878,1.333556583627,27.421280912771)
  );
#5378 = CARTESIAN_POINT('',(6.782221856565,1.991093675041,
    27.481918955302));
#5379 = CARTESIAN_POINT('',(6.565914676872,2.630029929708,
    27.542543730739));
#5380 = CARTESIAN_POINT('',(6.281316169296,3.241619114653,
    27.603169372447));
#5381 = CARTESIAN_POINT('',(5.932444687939,3.81760500778,27.663809434947
    ));
#5382 = CARTESIAN_POINT('',(5.524482568132,4.350225012275,27.72446793582
    ));
#5383 = CARTESIAN_POINT('',(4.706883283253,5.207040495869,
    27.832176148517));
#5384 = CARTESIAN_POINT('',(4.317780931134,5.551420380118,
    27.879264445816));
#5385 = CARTESIAN_POINT('',(3.900034951492,5.8624084121,27.926347155343)
  );
#5386 = CARTESIAN_POINT('',(3.457014303893,6.137270401002,
    27.973424710119));
#5387 = CARTESIAN_POINT('',(2.992339386803,6.373698363408,
    28.020502279139));
#5388 = CARTESIAN_POINT('',(2.509861144202,6.569788511007,
    28.067585546506));
#5389 = CARTESIAN_POINT('',(2.013670251634,6.724072258201,
    28.114675405753));
#5390 = CARTESIAN_POINT('',(0.647213430206,7.025550709657,
    28.241937813196));
#5391 = CARTESIAN_POINT('',(-0.242400379128,7.091874382424,
    28.32224389396));
#5392 = CARTESIAN_POINT('',(-1.137846772181,7.028821732747,
    28.402473358804));
#5393 = CARTESIAN_POINT('',(-2.017374780631,6.837100968142,
    28.482659633382));
#5394 = CARTESIAN_POINT('',(-2.860111636743,6.520644725156,
    28.56284840481));
#5395 = CARTESIAN_POINT('',(-3.646415947385,6.087498048324,
    28.643080733954));
#5396 = CARTESIAN_POINT('',(-4.357620061091,5.548726377507,
    28.723400556493));
#5397 = CARTESIAN_POINT('',(-5.325915780781,4.569483694144,
    28.848645525125));
#5398 = CARTESIAN_POINT('',(-5.645891575296,4.188870819553,
    28.893720301771));
#5399 = CARTESIAN_POINT('',(-5.934656356828,3.782770547483,
    28.938792168474));
#5400 = CARTESIAN_POINT('',(-6.189872974912,3.35419473576,
    28.983860399679));
#5401 = CARTESIAN_POINT('',(-6.409567838436,2.906365313133,
    29.028928976537));
#5402 = CARTESIAN_POINT('',(-6.592114443216,2.442697095042,
    29.074001578771));
#5403 = CARTESIAN_POINT('',(-6.736261731671,1.96680359729,
    29.119076544851));
#5404 = CARTESIAN_POINT('',(-6.947272782701,0.993080041821,
    29.209687977962));
#5405 = CARTESIAN_POINT('',(-7.013343807455,0.494846495072,
    29.25524474142));
#5406 = CARTESIAN_POINT('',(-7.038529737838,-8.216719895212E-03,
    29.300799091623));
#5407 = CARTESIAN_POINT('',(-7.022467308118,-0.512176346519,
    29.346349163174));
#5408 = CARTESIAN_POINT('',(-6.96523616364,-1.013128214283,
    29.391898820819));
#5409 = CARTESIAN_POINT('',(-6.867327836567,-1.507204078637,
    29.437452344665));
#5410 = CARTESIAN_POINT('',(-6.7296681416,-1.990581030957,29.48300920429
    ));
#5411 = CARTESIAN_POINT('',(-6.300487193366,-3.134198689295,
    29.59409915616));
#5412 = CARTESIAN_POINT('',(-5.967703518532,-3.779628067132,
    29.659689361761));
#5413 = CARTESIAN_POINT('',(-5.559518306363,-4.384011188379,
    29.725252907946));
#5414 = CARTESIAN_POINT('',(-5.082109811902,-4.937266313343,
    29.790797102483));
#5415 = CARTESIAN_POINT('',(-4.542888142026,-5.430462885734,
    29.856340981366));
#5416 = CARTESIAN_POINT('',(-3.950568001259,-5.855942481186,
    29.921903814237));
#5417 = CARTESIAN_POINT('',(-3.315035077202,-6.207246570773,
    29.987493893842));
#5418 = CARTESIAN_POINT('',(-2.353076527288,-6.600339056716,
    30.082002751758));
#5419 = CARTESIAN_POINT('',(-2.051997231546,-6.705484741639,
    30.110966674933));
#5420 = CARTESIAN_POINT('',(-1.745589960426,-6.794916129144,
    30.13993049227));
#5421 = CARTESIAN_POINT('',(-1.434796623669,-6.868324529595,
    30.168895669636));
#5422 = CARTESIAN_POINT('',(-1.12058695059,-6.925470951741,
    30.197862503985));
#5423 = CARTESIAN_POINT('',(-0.803958490077,-6.966186102716,
    30.226830123359));
#5424 = CARTESIAN_POINT('',(-0.485936610592,-6.990370388037,
    30.255796486884));
#5425 = CARTESIAN_POINT('',(0.160825990309,-7.005857814998,
    30.314633489769));
#5426 = CARTESIAN_POINT('',(0.48968211305,-6.996107873409,
    30.344510916702));
#5427 = CARTESIAN_POINT('',(0.817865777179,-6.968715969468,
    30.374389776893));
#5428 = CARTESIAN_POINT('',(1.144264241464,-6.923736925243,
    30.404269338012));
#5429 = CARTESIAN_POINT('',(1.467780114312,-6.86130850224,30.43414902409
    ));
#5430 = CARTESIAN_POINT('',(1.787331353769,-6.781651401405,
    30.464028415514));
#5431 = CARTESIAN_POINT('',(2.101851267522,-6.685069263124,
    30.493907249026));
#5432 = CARTESIAN_POINT('',(2.7936462993,-6.431350662629,30.560921103473
    ));
#5433 = CARTESIAN_POINT('',(3.1676846686,-6.265176177736,30.598061996184
    ));
#5434 = CARTESIAN_POINT('',(3.53036281894,-6.07415963235,30.635203516289
    ));
#5435 = CARTESIAN_POINT('',(3.879755383544,-5.859223388781,
    30.672344828279));
#5436 = CARTESIAN_POINT('',(4.214042301082,-5.621455980676,
    30.709486994827));
#5437 = CARTESIAN_POINT('',(4.531507127236,-5.362104380995,
    30.746631041918));
#5438 = CARTESIAN_POINT('',(4.830543787458,-5.082580309133,
    30.78377593499));
#5439 = CARTESIAN_POINT('',(5.559645138841,-4.303923455333,
    30.880789538153));
#5440 = CARTESIAN_POINT('',(5.958206993963,-3.774744214479,
    30.94069455463));
#5441 = CARTESIAN_POINT('',(6.29883068214,-3.203720202664,
    31.000583188484));
#5442 = CARTESIAN_POINT('',(6.576568415629,-2.598361082778,
    31.060459053347));
#5443 = CARTESIAN_POINT('',(6.787590176338,-1.966645813013,
    31.120334766736));
#5444 = CARTESIAN_POINT('',(6.929240246161,-1.317015744785,
    31.180223029835));
#5445 = CARTESIAN_POINT('',(7.,-0.658333630673,31.240127346818));
#5446 = CARTESIAN_POINT('',(7.,-3.552713678801E-15,31.299999981348));
#5447 = PCURVE('',#666,#5448);
#5448 = DEFINITIONAL_REPRESENTATION('',(#5449),#5522);
#5449 = B_SPLINE_CURVE_WITH_KNOTS('',8,(#5450,#5451,#5452,#5453,#5454,
    #5455,#5456,#5457,#5458,#5459,#5460,#5461,#5462,#5463,#5464,#5465,
    #5466,#5467,#5468,#5469,#5470,#5471,#5472,#5473,#5474,#5475,#5476,
    #5477,#5478,#5479,#5480,#5481,#5482,#5483,#5484,#5485,#5486,#5487,
    #5488,#5489,#5490,#5491,#5492,#5493,#5494,#5495,#5496,#5497,#5498,
    #5499,#5500,#5501,#5502,#5503,#5504,#5505,#5506,#5507,#5508,#5509,
    #5510,#5511,#5512,#5513,#5514,#5515,#5516,#5517,#5518,#5519,#5520,
    #5521),.UNSPECIFIED.,.F.,.F.,(9,7,7,7,7,7,7,7,7,7,9),(0.,
    0.12127560424,0.21546190981,0.375855688461,0.466011827027,
    0.557130082864,0.688237632536,0.746181196413,0.805951797796,
    0.880240898033,1.),.UNSPECIFIED.);
#5450 = CARTESIAN_POINT('',(1.571514894781,29.793534193445));
#5451 = CARTESIAN_POINT('',(1.57151406617,29.906423750771));
#5452 = CARTESIAN_POINT('',(1.57151334349,30.019370914997));
#5453 = CARTESIAN_POINT('',(1.571513155938,30.132284764725));
#5454 = CARTESIAN_POINT('',(1.571513710484,30.245173909833));
#5455 = CARTESIAN_POINT('',(1.571515013815,30.358064668039));
#5456 = CARTESIAN_POINT('',(1.571515302756,30.470982279135));
#5457 = CARTESIAN_POINT('',(1.57151501269,30.58393422425));
#5458 = CARTESIAN_POINT('',(1.571514596762,30.784497244338));
#5459 = CARTESIAN_POINT('',(1.571514133336,30.872180169165));
#5460 = CARTESIAN_POINT('',(1.571515709343,30.959852689023));
#5461 = CARTESIAN_POINT('',(1.571514702837,31.047515610241));
#5462 = CARTESIAN_POINT('',(1.571513654341,31.135178557983));
#5463 = CARTESIAN_POINT('',(1.571515250323,31.222852116593));
#5464 = CARTESIAN_POINT('',(1.571515070236,31.310537949916));
#5465 = CARTESIAN_POINT('',(1.571514833516,31.547512755654));
#5466 = CARTESIAN_POINT('',(1.5715140129,31.697050378515));
#5467 = CARTESIAN_POINT('',(1.571512287557,31.846445335196));
#5468 = CARTESIAN_POINT('',(1.571512701534,31.995759867455));
#5469 = CARTESIAN_POINT('',(1.571515514043,32.145079049053));
#5470 = CARTESIAN_POINT('',(1.571516945064,32.294479339358));
#5471 = CARTESIAN_POINT('',(1.571517142897,32.444042550719));
#5472 = CARTESIAN_POINT('',(1.571515997765,32.677260691937));
#5473 = CARTESIAN_POINT('',(1.571515301435,32.761194248229));
#5474 = CARTESIAN_POINT('',(1.571514391263,32.84512238593));
#5475 = CARTESIAN_POINT('',(1.57151347131,32.929043753989));
#5476 = CARTESIAN_POINT('',(1.571512759131,33.012965765689));
#5477 = CARTESIAN_POINT('',(1.571512403228,33.096895273025));
#5478 = CARTESIAN_POINT('',(1.57151243807,33.180829182063));
#5479 = CARTESIAN_POINT('',(1.571513118922,33.349556359163));
#5480 = CARTESIAN_POINT('',(1.571513770635,33.434387421117));
#5481 = CARTESIAN_POINT('',(1.571514669078,33.519213989358));
#5482 = CARTESIAN_POINT('',(1.571515609335,33.604032590343));
#5483 = CARTESIAN_POINT('',(1.571516364417,33.688850420599));
#5484 = CARTESIAN_POINT('',(1.571516772678,33.77367545009));
#5485 = CARTESIAN_POINT('',(1.571516792569,33.858506691119));
#5486 = CARTESIAN_POINT('',(1.57151613931,34.065366833815));
#5487 = CARTESIAN_POINT('',(1.571515146561,34.187502086028));
#5488 = CARTESIAN_POINT('',(1.57151383709,34.309587695849));
#5489 = CARTESIAN_POINT('',(1.57151278576,34.43163727107));
#5490 = CARTESIAN_POINT('',(1.571513222922,34.553686258485));
#5491 = CARTESIAN_POINT('',(1.57151436199,34.675770540051));
#5492 = CARTESIAN_POINT('',(1.571514934642,34.797905557651));
#5493 = CARTESIAN_POINT('',(1.571514954285,34.973890113463));
#5494 = CARTESIAN_POINT('',(1.571514792881,35.027823715739));
#5495 = CARTESIAN_POINT('',(1.571514555703,35.081757120936));
#5496 = CARTESIAN_POINT('',(1.5715143163,35.135693058637));
#5497 = CARTESIAN_POINT('',(1.571514130119,35.1896320818));
#5498 = CARTESIAN_POINT('',(1.571514034504,35.243572566753));
#5499 = CARTESIAN_POINT('',(1.571514048698,35.297510713197));
#5500 = CARTESIAN_POINT('',(1.57151430293,35.407070854398));
#5501 = CARTESIAN_POINT('',(1.571514512959,35.462705488267));
#5502 = CARTESIAN_POINT('',(1.57151474364,35.518342790999));
#5503 = CARTESIAN_POINT('',(1.571514949276,35.573981398928));
#5504 = CARTESIAN_POINT('',(1.571515098755,35.629620239542));
#5505 = CARTESIAN_POINT('',(1.571515175559,35.685258531481));
#5506 = CARTESIAN_POINT('',(1.571515177756,35.740895784536));
#5507 = CARTESIAN_POINT('',(1.571515043739,35.865682007415));
#5508 = CARTESIAN_POINT('',(1.571514824083,35.93484191105));
#5509 = CARTESIAN_POINT('',(1.571514437359,36.004002982952));
#5510 = CARTESIAN_POINT('',(1.57151398955,36.073163667326));
#5511 = CARTESIAN_POINT('',(1.571513619326,36.14232594297));
#5512 = CARTESIAN_POINT('',(1.571513432755,36.211491720363));
#5513 = CARTESIAN_POINT('',(1.57151346772,36.280659073053));
#5514 = CARTESIAN_POINT('',(1.571514043169,36.461307704692));
#5515 = CARTESIAN_POINT('',(1.571514885031,36.57285658961));
#5516 = CARTESIAN_POINT('',(1.571516093632,36.684374968511));
#5517 = CARTESIAN_POINT('',(1.571517164098,36.79586957034));
#5518 = CARTESIAN_POINT('',(1.571517364515,36.907363890102));
#5519 = CARTESIAN_POINT('',(1.571516757725,37.018881578618));
#5520 = CARTESIAN_POINT('',(1.571515732016,37.130429161011));
#5521 = CARTESIAN_POINT('',(1.571514692928,37.241917747639));
#5522 = ( GEOMETRIC_REPRESENTATION_CONTEXT(2) 
PARAMETRIC_REPRESENTATION_CONTEXT() REPRESENTATION_CONTEXT('2D SPACE',''
  ) );
#5523 = PCURVE('',#3266,#5524);
#5524 = DEFINITIONAL_REPRESENTATION('',(#5525),#5598);
#5525 = B_SPLINE_CURVE_WITH_KNOTS('',8,(#5526,#5527,#5528,#5529,#5530,
    #5531,#5532,#5533,#5534,#5535,#5536,#5537,#5538,#5539,#5540,#5541,
    #5542,#5543,#5544,#5545,#5546,#5547,#5548,#5549,#5550,#5551,#5552,
    #5553,#5554,#5555,#5556,#5557,#5558,#5559,#5560,#5561,#5562,#5563,
    #5564,#5565,#5566,#5567,#5568,#5569,#5570,#5571,#5572,#5573,#5574,
    #5575,#5576,#5577,#5578,#5579,#5580,#5581,#5582,#5583,#5584,#5585,
    #5586,#5587,#5588,#5589,#5590,#5591,#5592,#5593,#5594,#5595,#5596,
    #5597),.UNSPECIFIED.,.F.,.F.,(9,7,7,7,7,7,7,7,7,7,9),(0.,
    0.12127560424,0.21546190981,0.375855688461,0.466011827027,
    0.557130082864,0.688237632536,0.746181196413,0.805951797796,
    0.880240898033,1.),.UNSPECIFIED.);
#5526 = CARTESIAN_POINT('',(0.,-18.29999998257));
#5527 = CARTESIAN_POINT('',(-9.522969875823E-02,-18.36062497937));
#5528 = CARTESIAN_POINT('',(-0.190508027161,-18.42128091277));
#5529 = CARTESIAN_POINT('',(-0.285758206087,-18.4819189553));
#5530 = CARTESIAN_POINT('',(-0.380987365324,-18.54254373074));
#5531 = CARTESIAN_POINT('',(-0.476217543747,-18.60316937244));
#5532 = CARTESIAN_POINT('',(-0.571470107831,-18.66380943494));
#5533 = CARTESIAN_POINT('',(-0.666751989953,-18.72446793582));
#5534 = CARTESIAN_POINT('',(-0.835939807552,-18.83217614851));
#5535 = CARTESIAN_POINT('',(-0.909906618067,-18.87926444581));
#5536 = CARTESIAN_POINT('',(-0.983863603856,-18.92634715534));
#5537 = CARTESIAN_POINT('',(-1.057812997041,-18.97342471011));
#5538 = CARTESIAN_POINT('',(-1.131762972412,-19.02050227913));
#5539 = CARTESIAN_POINT('',(-1.205721459515,-19.0675855465));
#5540 = CARTESIAN_POINT('',(-1.279689757553,-19.11467540575));
#5541 = CARTESIAN_POINT('',(-1.479592463557,-19.24193781319));
#5542 = CARTESIAN_POINT('',(-1.605736331472,-19.32224389396));
#5543 = CARTESIAN_POINT('',(-1.731760223339,-19.4024733588));
#5544 = CARTESIAN_POINT('',(-1.857717225424,-19.48265963338));
#5545 = CARTESIAN_POINT('',(-1.983677814885,-19.56284840481));
#5546 = CARTESIAN_POINT('',(-2.10970659093,-19.64308073395));
#5547 = CARTESIAN_POINT('',(-2.235872622635,-19.72340055649));
#5548 = CARTESIAN_POINT('',(-2.432606817793,-19.84864552512));
#5549 = CARTESIAN_POINT('',(-2.503410046814,-19.89372030177));
#5550 = CARTESIAN_POINT('',(-2.574208713156,-19.93879216847));
#5551 = CARTESIAN_POINT('',(-2.645001696718,-19.98386039967));
#5552 = CARTESIAN_POINT('',(-2.715795255462,-20.02892897653));
#5553 = CARTESIAN_POINT('',(-2.786595156562,-20.07400157877));
#5554 = CARTESIAN_POINT('',(-2.8573987686,-20.11907654485));
#5555 = CARTESIAN_POINT('',(-2.999730891419,-20.20968797796));
#5556 = CARTESIAN_POINT('',(-3.071291283333,-20.25524474142));
#5557 = CARTESIAN_POINT('',(-3.142847858315,-20.30079909162));
#5558 = CARTESIAN_POINT('',(-3.214397680959,-20.34634916317));
#5559 = CARTESIAN_POINT('',(-3.285946834566,-20.39189882081));
#5560 = CARTESIAN_POINT('',(-3.357502070855,-20.43745234466));
#5561 = CARTESIAN_POINT('',(-3.429062587505,-20.48300920429));
#5562 = CARTESIAN_POINT('',(-3.603562317626,-20.59409915616));
#5563 = CARTESIAN_POINT('',(-3.706591296747,-20.65968936176));
#5564 = CARTESIAN_POINT('',(-3.809578530321,-20.72525290794));
#5565 = CARTESIAN_POINT('',(-3.912535442269,-20.79079710248));
#5566 = CARTESIAN_POINT('',(-4.015491755769,-20.85634098136));
#5567 = CARTESIAN_POINT('',(-4.118477339876,-20.92190381423));
#5568 = CARTESIAN_POINT('',(-4.221505512711,-20.98749389384));
#5569 = CARTESIAN_POINT('',(-4.369959171683,-21.08200275175));
#5570 = CARTESIAN_POINT('',(-4.41545543985,-21.11096667493));
#5571 = CARTESIAN_POINT('',(-4.46095161958,-21.13993049227));
#5572 = CARTESIAN_POINT('',(-4.506450051953,-21.16889566963));
#5573 = CARTESIAN_POINT('',(-4.551951202321,-21.19786250398));
#5574 = CARTESIAN_POINT('',(-4.597453660304,-21.22683012335));
#5575 = CARTESIAN_POINT('',(-4.642954139792,-21.25579648688));
#5576 = CARTESIAN_POINT('',(-4.73537528349,-21.31463348976));
#5577 = CARTESIAN_POINT('',(-4.782306791183,-21.3445109167));
#5578 = CARTESIAN_POINT('',(-4.829240561738,-21.37438977689));
#5579 = CARTESIAN_POINT('',(-4.876175409368,-21.40426933801));
#5580 = CARTESIAN_POINT('',(-4.923110402789,-21.43414902409));
#5581 = CARTESIAN_POINT('',(-4.970044865215,-21.46402841551));
#5582 = CARTESIAN_POINT('',(-5.016978374366,-21.49390724902));
#5583 = CARTESIAN_POINT('',(-5.12224320019,-21.56092110347));
#5584 = CARTESIAN_POINT('',(-5.180583748263,-21.59806199618));
#5585 = CARTESIAN_POINT('',(-5.238925275669,-21.63520351628));
#5586 = CARTESIAN_POINT('',(-5.297266529805,-21.67234482827));
#5587 = CARTESIAN_POINT('',(-5.355609211933,-21.70948699482));
#5588 = CARTESIAN_POINT('',(-5.413954931002,-21.74663104191));
#5589 = CARTESIAN_POINT('',(-5.472302035827,-21.78377593499));
#5590 = CARTESIAN_POINT('',(-5.624690856227,-21.88078953815));
#5591 = CARTESIAN_POINT('',(-5.718789658174,-21.94069455463));
#5592 = CARTESIAN_POINT('',(-5.812862721209,-22.00058318848));
#5593 = CARTESIAN_POINT('',(-5.90691558997,-22.06045905334));
#5594 = CARTESIAN_POINT('',(-6.000968083247,-22.12033476673));
#5595 = CARTESIAN_POINT('',(-6.095040249689,-22.18022302983));
#5596 = CARTESIAN_POINT('',(-6.189137645655,-22.24012734681));
#5597 = CARTESIAN_POINT('',(-6.28318530718,-22.29999998134));
#5598 = ( GEOMETRIC_REPRESENTATION_CONTEXT(2) 
PARAMETRIC_REPRESENTATION_CONTEXT() REPRESENTATION_CONTEXT('2D SPACE',''
  ) );
#5599 = ORIENTED_EDGE('',*,*,#5600,.F.);
#5600 = EDGE_CURVE('',#5601,#5371,#5603,.T.);
#5601 = VERTEX_POINT('',#5602);
#5602 = CARTESIAN_POINT('',(7.,0.,23.299999635061));
#5603 = SURFACE_CURVE('',#5604,(#5677,#5753),.PCURVE_S1.);
#5604 = B_SPLINE_CURVE_WITH_KNOTS('',8,(#5605,#5606,#5607,#5608,#5609,
    #5610,#5611,#5612,#5613,#5614,#5615,#5616,#5617,#5618,#5619,#5620,
    #5621,#5622,#5623,#5624,#5625,#5626,#5627,#5628,#5629,#5630,#5631,
    #5632,#5633,#5634,#5635,#5636,#5637,#5638,#5639,#5640,#5641,#5642,
    #5643,#5644,#5645,#5646,#5647,#5648,#5649,#5650,#5651,#5652,#5653,
    #5654,#5655,#5656,#5657,#5658,#5659,#5660,#5661,#5662,#5663,#5664,
    #5665,#5666,#5667,#5668,#5669,#5670,#5671,#5672,#5673,#5674,#5675,
    #5676),.UNSPECIFIED.,.F.,.F.,(9,7,7,7,7,7,7,7,7,7,9),(0.,
    8.672176407337E-02,0.183191740518,0.28478296345,0.412343870521,
    0.518863269952,0.623389340017,0.770881009906,0.824367593253,
    0.918629963612,1.),.UNSPECIFIED.);
#5605 = CARTESIAN_POINT('',(7.,2.6645352591E-15,23.299999635061));
#5606 = CARTESIAN_POINT('',(7.,0.476699679403,23.343353338613));
#5607 = CARTESIAN_POINT('',(6.962899032379,0.953478523721,
    23.386714247476));
#5608 = CARTESIAN_POINT('',(6.888676431677,1.426858156902,
    23.430072909689));
#5609 = CARTESIAN_POINT('',(6.77772283697,1.893462702848,23.473428156954
    ));
#5610 = CARTESIAN_POINT('',(6.630778954322,2.350010496627,
    23.516783174612));
#5611 = CARTESIAN_POINT('',(6.448912821261,2.793315053567,23.56014148157
    ));
#5612 = CARTESIAN_POINT('',(6.233535573273,3.220295296218,23.60350282016
    ));
#5613 = CARTESIAN_POINT('',(5.711602120258,4.081523458743,
    23.695088664399));
#5614 = CARTESIAN_POINT('',(5.397425014539,4.511346477986,
    23.743327892956));
#5615 = CARTESIAN_POINT('',(5.046386925242,4.913342699596,
    23.791562868312));
#5616 = CARTESIAN_POINT('',(4.661403384337,5.283862038028,
    23.839793066311));
#5617 = CARTESIAN_POINT('',(4.245766256403,5.619651460309,
    23.888024267341));
#5618 = CARTESIAN_POINT('',(3.803114506182,5.917838263537,
    23.936261594142));
#5619 = CARTESIAN_POINT('',(3.337452402979,6.175970889103,
    23.984502532039));
#5620 = CARTESIAN_POINT('',(2.343271495226,6.619738097719,
    24.083517551536));
#5621 = CARTESIAN_POINT('',(1.812406556699,6.800940075282,
    24.134321933228));
#5622 = CARTESIAN_POINT('',(1.265764518543,6.933365885569,
    24.185120968335));
#5623 = CARTESIAN_POINT('',(0.708612110013,7.015484287481,
    24.235914410281));
#5624 = CARTESIAN_POINT('',(0.146292228268,7.046440062354,
    24.286707792187));
#5625 = CARTESIAN_POINT('',(-0.415788419234,7.026002965968,
    24.337506618889));
#5626 = CARTESIAN_POINT('',(-0.972161155319,6.954620167226,
    24.388310498798));
#5627 = CARTESIAN_POINT('',(-2.201815199668,6.681590876154,
    24.502865746952));
#5628 = CARTESIAN_POINT('',(-2.869411447807,6.451135672979,
    24.566680247909));
#5629 = CARTESIAN_POINT('',(-3.508851677392,6.144503224992,
    24.630472064704));
#5630 = CARTESIAN_POINT('',(-4.110111759819,5.765964314529,
    24.694246142548));
#5631 = CARTESIAN_POINT('',(-4.664041336767,5.321050774841,
    24.758019099749));
#5632 = CARTESIAN_POINT('',(-5.162442832784,4.816615164527,
    24.821807943895));
#5633 = CARTESIAN_POINT('',(-5.598035149974,4.260715932528,
    24.885620287991));
#5634 = CARTESIAN_POINT('',(-6.271410449154,3.164217734342,
    25.002645011555));
#5635 = CARTESIAN_POINT('',(-6.53021165537,2.63582676723,25.055911567957
    ));
#5636 = CARTESIAN_POINT('',(-6.737949643298,2.083525881472,
    25.109168660019));
#5637 = CARTESIAN_POINT('',(-6.892139952358,1.513102211043,
    25.162418701197));
#5638 = CARTESIAN_POINT('',(-6.99108181148,0.930535258701,
    25.215670019235));
#5639 = CARTESIAN_POINT('',(-7.03380167003,0.34197471525,25.268930199592
    ));
#5640 = CARTESIAN_POINT('',(-7.020126379107,-0.246254635762,
    25.322199135418));
#5641 = CARTESIAN_POINT('',(-6.882966347407,-1.398170092751,
    25.427701008267));
#5642 = CARTESIAN_POINT('',(-6.761500584731,-1.962456654425,
    25.47996678928));
#5643 = CARTESIAN_POINT('',(-6.587180387351,-2.514413730327,
    25.532221682829));
#5644 = CARTESIAN_POINT('',(-6.361548523032,-3.048298464207,
    25.584475090645));
#5645 = CARTESIAN_POINT('',(-6.086804612015,-3.558664766524,
    25.636723498877));
#5646 = CARTESIAN_POINT('',(-5.765813459996,-4.040367163309,
    25.688983533439));
#5647 = CARTESIAN_POINT('',(-5.402097401021,-4.488585767599,
    25.741250368057));
#5648 = CARTESIAN_POINT('',(-4.432688577831,-5.477996020769,
    25.867225680002));
#5649 = CARTESIAN_POINT('',(-3.78802203311,-5.982654955236,
    25.941041237829));
#5650 = CARTESIAN_POINT('',(-3.078377517436,-6.399677957426,
    26.01480740299));
#5651 = CARTESIAN_POINT('',(-2.317949958747,-6.719913047428,
    26.088541996965));
#5652 = CARTESIAN_POINT('',(-1.521807021171,-6.936593749991,
    26.162276521762));
#5653 = CARTESIAN_POINT('',(-0.705983890904,-7.04577197284,
    26.236041497286));
#5654 = CARTESIAN_POINT('',(0.112742695148,-7.045888312496,
    26.309858619558));
#5655 = CARTESIAN_POINT('',(1.207942599025,-6.90125417711,
    26.410327170898));
#5656 = CARTESIAN_POINT('',(1.497564651962,-6.848771878677,
    26.437065244422));
#5657 = CARTESIAN_POINT('',(1.784563281023,-6.782401219583,
    26.463804039704));
#5658 = CARTESIAN_POINT('',(2.068167815678,-6.702295831705,
    26.490544084262));
#5659 = CARTESIAN_POINT('',(2.347615678684,-6.608659891106,
    26.517285705588));
#5660 = CARTESIAN_POINT('',(2.622153169254,-6.501749640918,
    26.544028675002));
#5661 = CARTESIAN_POINT('',(2.891036879699,-6.381877242796,
    26.570771758721));
#5662 = CARTESIAN_POINT('',(3.616152045988,-6.015974853455,
    26.644638295881));
#5663 = CARTESIAN_POINT('',(4.059111193041,-5.743348225833,
    26.691773615421));
#5664 = CARTESIAN_POINT('',(4.478396733968,-5.433531912714,
    26.738904686865));
#5665 = CARTESIAN_POINT('',(4.870392108136,-5.088967799283,
    26.786030477836));
#5666 = CARTESIAN_POINT('',(5.231821010322,-4.712467315881,
    26.833156170363));
#5667 = CARTESIAN_POINT('',(5.559732287496,-4.307180460599,
    26.880286994939));
#5668 = CARTESIAN_POINT('',(5.851529369065,-3.87661134581,
    26.927422099775));
#5669 = CARTESIAN_POINT('',(6.323885677369,-3.034560138527,
    27.015229304246));
#5670 = CARTESIAN_POINT('',(6.514260395322,-2.628415313376,
    27.055914532104));
#5671 = CARTESIAN_POINT('',(6.674757239231,-2.208737771941,
    27.096597130584));
#5672 = CARTESIAN_POINT('',(6.804276986837,-1.778105884999,
    27.137276479842));
#5673 = CARTESIAN_POINT('',(6.901992223771,-1.33917010176,
    27.177955191895));
#5674 = CARTESIAN_POINT('',(6.967333248888,-0.894644905643,
    27.218636102911));
#5675 = CARTESIAN_POINT('',(7.,-0.44730703946,27.259319414293));
#5676 = CARTESIAN_POINT('',(7.,-3.552713678801E-15,27.299999982572));
#5677 = PCURVE('',#666,#5678);
#5678 = DEFINITIONAL_REPRESENTATION('',(#5679),#5752);
#5679 = B_SPLINE_CURVE_WITH_KNOTS('',8,(#5680,#5681,#5682,#5683,#5684,
    #5685,#5686,#5687,#5688,#5689,#5690,#5691,#5692,#5693,#5694,#5695,
    #5696,#5697,#5698,#5699,#5700,#5701,#5702,#5703,#5704,#5705,#5706,
    #5707,#5708,#5709,#5710,#5711,#5712,#5713,#5714,#5715,#5716,#5717,
    #5718,#5719,#5720,#5721,#5722,#5723,#5724,#5725,#5726,#5727,#5728,
    #5729,#5730,#5731,#5732,#5733,#5734,#5735,#5736,#5737,#5738,#5739,
    #5740,#5741,#5742,#5743,#5744,#5745,#5746,#5747,#5748,#5749,#5750,
    #5751),.UNSPECIFIED.,.F.,.F.,(9,7,7,7,7,7,7,7,7,7,9),(0.,
    8.672176407337E-02,0.183191740518,0.28478296345,0.412343870521,
    0.518863269952,0.623389340017,0.770881009906,0.824367593253,
    0.918629963612,1.),.UNSPECIFIED.);
#5680 = CARTESIAN_POINT('',(1.571514750521,22.345149989871));
#5681 = CARTESIAN_POINT('',(1.571514903117,22.425878743034));
#5682 = CARTESIAN_POINT('',(1.571515147165,22.506620913176));
#5683 = CARTESIAN_POINT('',(1.571515173792,22.587358899841));
#5684 = CARTESIAN_POINT('',(1.571514873219,22.668090527544));
#5685 = CARTESIAN_POINT('',(1.571514350092,22.748821727699));
#5686 = CARTESIAN_POINT('',(1.571513852743,22.829559052845));
#5687 = CARTESIAN_POINT('',(1.571513616375,22.910302023181));
#5688 = CARTESIAN_POINT('',(1.571513624389,23.080843647239));
#5689 = CARTESIAN_POINT('',(1.571513935055,23.17066971643));
#5690 = CARTESIAN_POINT('',(1.57151463746,23.260487865749));
#5691 = CARTESIAN_POINT('',(1.571515542273,23.350297119174));
#5692 = CARTESIAN_POINT('',(1.571516361091,23.440108240343));
#5693 = CARTESIAN_POINT('',(1.571516844656,23.529930768285));
#5694 = CARTESIAN_POINT('',(1.571516883744,23.61976002043));
#5695 = CARTESIAN_POINT('',(1.571516245209,23.804135481192));
#5696 = CARTESIAN_POINT('',(1.571515522934,23.898738111488));
#5697 = CARTESIAN_POINT('',(1.571514480713,23.993330785928));
#5698 = CARTESIAN_POINT('',(1.571513374506,24.087913045373));
#5699 = CARTESIAN_POINT('',(1.571512558932,24.182495193023));
#5700 = CARTESIAN_POINT('',(1.57151226663,24.277087479397));
#5701 = CARTESIAN_POINT('',(1.571512464741,24.371689175326));
#5702 = CARTESIAN_POINT('',(1.571513680479,24.585002031985));
#5703 = CARTESIAN_POINT('',(1.571514895395,24.703830751879));
#5704 = CARTESIAN_POINT('',(1.571516337301,24.822617231689));
#5705 = CARTESIAN_POINT('',(1.571517398292,24.941370679896));
#5706 = CARTESIAN_POINT('',(1.57151730067,25.060122041328));
#5707 = CARTESIAN_POINT('',(1.571516359928,25.178902985778));
#5708 = CARTESIAN_POINT('',(1.571515286569,25.297727689394));
#5709 = CARTESIAN_POINT('',(1.57151383994,25.515638946068));
#5710 = CARTESIAN_POINT('',(1.571513388407,25.614826381773));
#5711 = CARTESIAN_POINT('',(1.571513343285,25.71399619397));
#5712 = CARTESIAN_POINT('',(1.571513946858,25.813152876739));
#5713 = CARTESIAN_POINT('',(1.571514797004,25.912311937146));
#5714 = CARTESIAN_POINT('',(1.57151523571,26.011487500047));
#5715 = CARTESIAN_POINT('',(1.571515045308,26.110679366464));
#5716 = CARTESIAN_POINT('',(1.571514330646,26.307133970191));
#5717 = CARTESIAN_POINT('',(1.571514141033,26.404457866157));
#5718 = CARTESIAN_POINT('',(1.571511912894,26.501761488617));
#5719 = CARTESIAN_POINT('',(1.571517383577,26.59906234452));
#5720 = CARTESIAN_POINT('',(1.571513245077,26.696353890682));
#5721 = CARTESIAN_POINT('',(1.571515482856,26.793667086214));
#5722 = CARTESIAN_POINT('',(1.571515261301,26.890992944093));
#5723 = CARTESIAN_POINT('',(1.571514776764,27.125571054595));
#5724 = CARTESIAN_POINT('',(1.571513932069,27.263022701376));
#5725 = CARTESIAN_POINT('',(1.571512569416,27.400382374281));
#5726 = CARTESIAN_POINT('',(1.57151261446,27.53768325862));
#5727 = CARTESIAN_POINT('',(1.571514640864,27.674984014101));
#5728 = CARTESIAN_POINT('',(1.571516198908,27.812341471805));
#5729 = CARTESIAN_POINT('',(1.57151688669,27.949796031735));
#5730 = CARTESIAN_POINT('',(1.571516617239,28.13687810817));
#5731 = CARTESIAN_POINT('',(1.571516430586,28.186666964961));
#5732 = CARTESIAN_POINT('',(1.571516131921,28.236457165735));
#5733 = CARTESIAN_POINT('',(1.571515738634,28.28624969278));
#5734 = CARTESIAN_POINT('',(1.571515280123,28.336045155918));
#5735 = CARTESIAN_POINT('',(1.57151479358,28.385843129326));
#5736 = CARTESIAN_POINT('',(1.571514317994,28.435641315583));
#5737 = CARTESIAN_POINT('',(1.571513125777,28.573187890774));
#5738 = CARTESIAN_POINT('',(1.571512500829,28.660958375525));
#5739 = CARTESIAN_POINT('',(1.571512198355,28.748720949913));
#5740 = CARTESIAN_POINT('',(1.571512353045,28.836473691551));
#5741 = CARTESIAN_POINT('',(1.571512950657,28.924226249872));
#5742 = CARTESIAN_POINT('',(1.571513818813,29.011988364564));
#5743 = CARTESIAN_POINT('',(1.571514705417,29.09975844951));
#5744 = CARTESIAN_POINT('',(1.571516082854,29.263263883994));
#5745 = CARTESIAN_POINT('',(1.571516609815,29.339023679538));
#5746 = CARTESIAN_POINT('',(1.571516912814,29.414778578928));
#5747 = CARTESIAN_POINT('',(1.571516906725,29.490527427953));
#5748 = CARTESIAN_POINT('',(1.571516590334,29.566275090441));
#5749 = CARTESIAN_POINT('',(1.571516055732,29.642026847606));
#5750 = CARTESIAN_POINT('',(1.571515450796,29.717783074485));
#5751 = CARTESIAN_POINT('',(1.571514894781,29.793534193445));
#5752 = ( GEOMETRIC_REPRESENTATION_CONTEXT(2) 
PARAMETRIC_REPRESENTATION_CONTEXT() REPRESENTATION_CONTEXT('2D SPACE',''
  ) );
#5753 = PCURVE('',#3038,#5754);
#5754 = DEFINITIONAL_REPRESENTATION('',(#5755),#5828);
#5755 = B_SPLINE_CURVE_WITH_KNOTS('',8,(#5756,#5757,#5758,#5759,#5760,
    #5761,#5762,#5763,#5764,#5765,#5766,#5767,#5768,#5769,#5770,#5771,
    #5772,#5773,#5774,#5775,#5776,#5777,#5778,#5779,#5780,#5781,#5782,
    #5783,#5784,#5785,#5786,#5787,#5788,#5789,#5790,#5791,#5792,#5793,
    #5794,#5795,#5796,#5797,#5798,#5799,#5800,#5801,#5802,#5803,#5804,
    #5805,#5806,#5807,#5808,#5809,#5810,#5811,#5812,#5813,#5814,#5815,
    #5816,#5817,#5818,#5819,#5820,#5821,#5822,#5823,#5824,#5825,#5826,
    #5827),.UNSPECIFIED.,.F.,.F.,(9,7,7,7,7,7,7,7,7,7,9),(0.,
    8.672176407337E-02,0.183191740518,0.28478296345,0.412343870521,
    0.518863269952,0.623389340017,0.770881009906,0.824367593253,
    0.918629963612,1.),.UNSPECIFIED.);
#5756 = CARTESIAN_POINT('',(0.,-14.29999963506));
#5757 = CARTESIAN_POINT('',(-6.809995420048E-02,-14.34335333861));
#5758 = CARTESIAN_POINT('',(-0.136211045678,-14.38671424747));
#5759 = CARTESIAN_POINT('',(-0.204318403184,-14.43007290968));
#5760 = CARTESIAN_POINT('',(-0.272420330881,-14.47342815695));
#5761 = CARTESIAN_POINT('',(-0.340521968658,-14.51678317461));
#5762 = CARTESIAN_POINT('',(-0.408628896441,-14.56014148157));
#5763 = CARTESIAN_POINT('',(-0.476740682486,-14.60350282016));
#5764 = CARTESIAN_POINT('',(-0.620603462721,-14.69508866439));
#5765 = CARTESIAN_POINT('',(-0.69637759945,-14.74332789295));
#5766 = CARTESIAN_POINT('',(-0.772145110659,-14.79156286831));
#5767 = CARTESIAN_POINT('',(-0.84790509911,-14.83979306631));
#5768 = CARTESIAN_POINT('',(-0.923666593022,-14.88802426734));
#5769 = CARTESIAN_POINT('',(-0.999437633013,-14.93626159414));
#5770 = CARTESIAN_POINT('',(-1.075214298493,-14.98450253203));
#5771 = CARTESIAN_POINT('',(-1.230746630769,-15.08351755153));
#5772 = CARTESIAN_POINT('',(-1.310549891113,-15.13432193322));
#5773 = CARTESIAN_POINT('',(-1.390344755623,-15.18512096833));
#5774 = CARTESIAN_POINT('',(-1.470130874367,-15.23591441028));
#5775 = CARTESIAN_POINT('',(-1.549916943904,-15.28670779218));
#5776 = CARTESIAN_POINT('',(-1.629711586736,-15.33750661888));
#5777 = CARTESIAN_POINT('',(-1.709514157632,-15.38831049879));
#5778 = CARTESIAN_POINT('',(-1.889457122665,-15.50286574695));
#5779 = CARTESIAN_POINT('',(-1.989696672339,-15.5666802479));
#5780 = CARTESIAN_POINT('',(-2.089900529251,-15.6304720647));
#5781 = CARTESIAN_POINT('',(-2.1900764658,-15.69424614254));
#5782 = CARTESIAN_POINT('',(-2.290250688292,-15.75801909975));
#5783 = CARTESIAN_POINT('',(-2.390450046345,-15.82180794389));
#5784 = CARTESIAN_POINT('',(-2.490686436031,-15.88562028799));
#5785 = CARTESIAN_POINT('',(-2.674508809931,-16.00264501155));
#5786 = CARTESIAN_POINT('',(-2.758179893876,-16.05591156795));
#5787 = CARTESIAN_POINT('',(-2.841836045585,-16.10916866001));
#5788 = CARTESIAN_POINT('',(-2.925480975969,-16.16241870119));
#5789 = CARTESIAN_POINT('',(-3.009127660979,-16.21567001923));
#5790 = CARTESIAN_POINT('',(-3.092788088345,-16.26893019959));
#5791 = CARTESIAN_POINT('',(-3.176462404132,-16.32219913541));
#5792 = CARTESIAN_POINT('',(-3.3421842078,-16.42770100826));
#5793 = CARTESIAN_POINT('',(-3.424282766491,-16.47996678928));
#5794 = CARTESIAN_POINT('',(-3.506367773902,-16.53222168282));
#5795 = CARTESIAN_POINT('',(-3.588442390671,-16.58447509064));
#5796 = CARTESIAN_POINT('',(-3.670518777123,-16.63672349887));
#5797 = CARTESIAN_POINT('',(-3.752607097798,-16.68898353343));
#5798 = CARTESIAN_POINT('',(-3.834707751212,-16.74125036805));
#5799 = CARTESIAN_POINT('',(-4.032588673742,-16.86722568));
#5800 = CARTESIAN_POINT('',(-4.148537334039,-16.94104123782));
#5801 = CARTESIAN_POINT('',(-4.264408701587,-17.01480740299));
#5802 = CARTESIAN_POINT('',(-4.380231182054,-17.08854199696));
#5803 = CARTESIAN_POINT('',(-4.496053476886,-17.16227652176));
#5804 = CARTESIAN_POINT('',(-4.611923427582,-17.23604149728));
#5805 = CARTESIAN_POINT('',(-4.727875121138,-17.30985861955));
#5806 = CARTESIAN_POINT('',(-4.885690685317,-17.41032717089));
#5807 = CARTESIAN_POINT('',(-4.927690724686,-17.43706524442));
#5808 = CARTESIAN_POINT('',(-4.969691891299,-17.4638040397));
#5809 = CARTESIAN_POINT('',(-5.011695018647,-17.49054408426));
#5810 = CARTESIAN_POINT('',(-5.053700625616,-17.51728570558));
#5811 = CARTESIAN_POINT('',(-5.095708356185,-17.544028675));
#5812 = CARTESIAN_POINT('',(-5.137716273855,-17.57077175872));
#5813 = CARTESIAN_POINT('',(-5.25374552447,-17.64463829588));
#5814 = CARTESIAN_POINT('',(-5.327785511717,-17.69177361542));
#5815 = CARTESIAN_POINT('',(-5.401818851471,-17.73890468686));
#5816 = CARTESIAN_POINT('',(-5.475843901887,-17.78603047783));
#5817 = CARTESIAN_POINT('',(-5.549868779178,-17.83315617036));
#5818 = CARTESIAN_POINT('',(-5.623901685492,-17.88028699493));
#5819 = CARTESIAN_POINT('',(-5.697941285826,-17.92742209977));
#5820 = CARTESIAN_POINT('',(-5.835868412228,-18.01522930424));
#5821 = CARTESIAN_POINT('',(-5.899776562186,-18.0559145321));
#5822 = CARTESIAN_POINT('',(-5.963680585394,-18.09659713058));
#5823 = CARTESIAN_POINT('',(-6.027579528814,-18.13727647984));
#5824 = CARTESIAN_POINT('',(-6.091477513666,-18.17795519189));
#5825 = CARTESIAN_POINT('',(-6.155379002078,-18.21863610291));
#5826 = CARTESIAN_POINT('',(-6.219284301542,-18.25931941429));
#5827 = CARTESIAN_POINT('',(-6.28318530718,-18.29999998257));
#5828 = ( GEOMETRIC_REPRESENTATION_CONTEXT(2) 
PARAMETRIC_REPRESENTATION_CONTEXT() REPRESENTATION_CONTEXT('2D SPACE',''
  ) );
#5829 = ORIENTED_EDGE('',*,*,#5830,.F.);
#5830 = EDGE_CURVE('',#5831,#5601,#5833,.T.);
#5831 = VERTEX_POINT('',#5832);
#5832 = CARTESIAN_POINT('',(7.,0.,19.299999891554));
#5833 = SURFACE_CURVE('',#5834,(#5907,#5983),.PCURVE_S1.);
#5834 = B_SPLINE_CURVE_WITH_KNOTS('',8,(#5835,#5836,#5837,#5838,#5839,
    #5840,#5841,#5842,#5843,#5844,#5845,#5846,#5847,#5848,#5849,#5850,
    #5851,#5852,#5853,#5854,#5855,#5856,#5857,#5858,#5859,#5860,#5861,
    #5862,#5863,#5864,#5865,#5866,#5867,#5868,#5869,#5870,#5871,#5872,
    #5873,#5874,#5875,#5876,#5877,#5878,#5879,#5880,#5881,#5882,#5883,
    #5884,#5885,#5886,#5887,#5888,#5889,#5890,#5891,#5892,#5893,#5894,
    #5895,#5896,#5897,#5898,#5899,#5900,#5901,#5902,#5903,#5904,#5905,
    #5906),.UNSPECIFIED.,.F.,.F.,(9,7,7,7,7,7,7,7,7,7,9),(0.,
    0.104359115531,0.224496585172,0.345675014674,0.405072093934,
    0.493423707338,0.589945846982,0.680873782295,0.774843017165,
    0.872235200702,1.),.UNSPECIFIED.);
#5835 = CARTESIAN_POINT('',(7.,8.881784197001E-16,19.299999891554));
#5836 = CARTESIAN_POINT('',(7.,0.573675675803,19.352173253812));
#5837 = CARTESIAN_POINT('',(6.946268204076,1.147567330574,
    19.404366279652));
#5838 = CARTESIAN_POINT('',(6.838737310321,1.715518349133,
    19.456552961639));
#5839 = CARTESIAN_POINT('',(6.678246445747,2.271632025541,
    19.508732677291));
#5840 = CARTESIAN_POINT('',(6.466356152693,2.810252225965,
    19.560911593422));
#5841 = CARTESIAN_POINT('',(6.205283636947,3.325953136631,
    19.613096335961));
#5842 = CARTESIAN_POINT('',(5.897951848529,3.813565139133,
    19.665287664757));
#5843 = CARTESIAN_POINT('',(5.145451928547,4.79170977521,19.777524492399
    ));
#5844 = CARTESIAN_POINT('',(4.686096962854,5.272022520259,
    19.837620014816));
#5845 = CARTESIAN_POINT('',(4.175772548856,5.701580888823,19.89769841732
    ));
#5846 = CARTESIAN_POINT('',(3.621162767868,6.074232285487,
    19.957762948985));
#5847 = CARTESIAN_POINT('',(3.029596619185,6.384871058382,
    20.017826542048));
#5848 = CARTESIAN_POINT('',(2.409050082138,6.629489831827,
    20.077902600295));
#5849 = CARTESIAN_POINT('',(1.768097015078,6.805145792234,
    20.137995780367));
#5850 = CARTESIAN_POINT('',(0.458472816277,7.016663768501,20.2586436635)
  );
#5851 = CARTESIAN_POINT('',(-0.211045545387,7.051407133928,
    20.319258144279));
#5852 = CARTESIAN_POINT('',(-0.882860695285,7.013002536115,
    20.379854522205));
#5853 = CARTESIAN_POINT('',(-1.547669682596,6.901564018439,
    20.440437798279));
#5854 = CARTESIAN_POINT('',(-2.196412662262,6.718442708171,
    20.501022050766));
#5855 = CARTESIAN_POINT('',(-2.82031317385,6.466279327836,20.56162062325
    ));
#5856 = CARTESIAN_POINT('',(-3.410890113185,6.148947091728,
    20.622236685624));
#5857 = CARTESIAN_POINT('',(-4.229400709662,5.587376641922,
    20.712512199899));
#5858 = CARTESIAN_POINT('',(-4.488763707142,5.388322658601,
    20.742203860457));
#5859 = CARTESIAN_POINT('',(-4.737364743477,5.175551044817,
    20.771892836477));
#5860 = CARTESIAN_POINT('',(-4.974370925333,4.949738235478,
    20.801580158453));
#5861 = CARTESIAN_POINT('',(-5.199003252539,4.711614792835,
    20.831267337625));
#5862 = CARTESIAN_POINT('',(-5.410535588701,4.461963577696,
    20.860955937705));
#5863 = CARTESIAN_POINT('',(-5.608296374476,4.201620587544,
    20.89064709971));
#5864 = CARTESIAN_POINT('',(-6.064441177583,3.529649062288,
    20.96450995528));
#5865 = CARTESIAN_POINT('',(-6.305368733844,3.106159676405,
    21.008682354884));
#5866 = CARTESIAN_POINT('',(-6.512398704896,2.664023327063,
    21.052851002245));
#5867 = CARTESIAN_POINT('',(-6.683886378481,2.206411188424,
    21.097016410489));
#5868 = CARTESIAN_POINT('',(-6.818544098214,1.736627841355,
    21.141182849293));
#5869 = CARTESIAN_POINT('',(-6.915427754121,1.258099796659,
    21.185354083506));
#5870 = CARTESIAN_POINT('',(-6.973965042957,0.774377285851,
    21.229528823467));
#5871 = CARTESIAN_POINT('',(-7.015941092138,-0.240951260752,
    21.321947405078));
#5872 = CARTESIAN_POINT('',(-6.991942913267,-0.773058468723,
    21.370208497972));
#5873 = CARTESIAN_POINT('',(-6.921802113417,-1.302369491252,
    21.4184653122));
#5874 = CARTESIAN_POINT('',(-6.805929408278,-1.824224206119,
    21.466717300809));
#5875 = CARTESIAN_POINT('',(-6.645269665144,-2.334085651332,
    21.514970256127));
#5876 = CARTESIAN_POINT('',(-6.441268030839,-2.827542222521,
    21.563229330122));
#5877 = CARTESIAN_POINT('',(-6.195907599961,-3.300331598453,
    21.611492042372));
#5878 = CARTESIAN_POINT('',(-5.644194799739,-4.170472950948,
    21.705194092735));
#5879 = CARTESIAN_POINT('',(-5.342066241154,-4.57082246847,
    21.750657578857));
#5880 = CARTESIAN_POINT('',(-5.007563039141,-4.946015519006,
    21.796119106294));
#5881 = CARTESIAN_POINT('',(-4.643169275924,-5.29301507019,
    21.841576971425));
#5882 = CARTESIAN_POINT('',(-4.25166393115,-5.60910977823,
    21.887034898683));
#5883 = CARTESIAN_POINT('',(-3.836096756866,-5.891898108913,
    21.932496663316));
#5884 = CARTESIAN_POINT('',(-3.399799120768,-6.139313286916,
    21.977960832934));
#5885 = CARTESIAN_POINT('',(-2.477896507574,-6.567101374988,
    22.070390765765));
#5886 = CARTESIAN_POINT('',(-1.990896276751,-6.7450636674,
    22.117379016175));
#5887 = CARTESIAN_POINT('',(-1.489456354815,-6.881661802269,
    22.164365468666));
#5888 = CARTESIAN_POINT('',(-0.977706841442,-6.975573781717,
    22.211347962367));
#5889 = CARTESIAN_POINT('',(-0.459855587338,-7.025973119826,
    22.258330755931));
#5890 = CARTESIAN_POINT('',(5.982686238681E-02,-7.032496662324,
    22.305318247492));
#5891 = CARTESIAN_POINT('',(0.577012262373,-6.995276864519,
    22.352308744578));
#5892 = CARTESIAN_POINT('',(1.616195163296,-6.831877407163,
    22.447979112813));
#5893 = CARTESIAN_POINT('',(2.137979715861,-6.702459847799,
    22.496685113132));
#5894 = CARTESIAN_POINT('',(2.647738472545,-6.527509831499,
    22.545388856609));
#5895 = CARTESIAN_POINT('',(3.140832974606,-6.308389906104,
    22.594087500682));
#5896 = CARTESIAN_POINT('',(3.612871721164,-6.046986670506,
    22.642785784153));
#5897 = CARTESIAN_POINT('',(4.059705044011,-5.74566812198,
    22.691488734662));
#5898 = CARTESIAN_POINT('',(4.477454224513,-5.407312865504,
    22.74019408808));
#5899 = CARTESIAN_POINT('',(5.367798762389,-4.547528668967,
    22.852759263103));
#5900 = CARTESIAN_POINT('',(5.817409784688,-4.001393133711,
    22.916676204976));
#5901 = CARTESIAN_POINT('',(6.203010325187,-3.404857943568,
    22.980569022975));
#5902 = CARTESIAN_POINT('',(6.51826045141,-2.766830788432,
    23.044447187759));
#5903 = CARTESIAN_POINT('',(6.758221836875,-2.096851313113,
    23.108318981428));
#5904 = CARTESIAN_POINT('',(6.919470139612,-1.405100981973,
    23.172212872738));
#5905 = CARTESIAN_POINT('',(7.,-0.702313525865,23.236127361349));
#5906 = CARTESIAN_POINT('',(7.,2.6645352591E-15,23.299999635061));
#5907 = PCURVE('',#666,#5908);
#5908 = DEFINITIONAL_REPRESENTATION('',(#5909),#5982);
#5909 = B_SPLINE_CURVE_WITH_KNOTS('',8,(#5910,#5911,#5912,#5913,#5914,
    #5915,#5916,#5917,#5918,#5919,#5920,#5921,#5922,#5923,#5924,#5925,
    #5926,#5927,#5928,#5929,#5930,#5931,#5932,#5933,#5934,#5935,#5936,
    #5937,#5938,#5939,#5940,#5941,#5942,#5943,#5944,#5945,#5946,#5947,
    #5948,#5949,#5950,#5951,#5952,#5953,#5954,#5955,#5956,#5957,#5958,
    #5959,#5960,#5961,#5962,#5963,#5964,#5965,#5966,#5967,#5968,#5969,
    #5970,#5971,#5972,#5973,#5974,#5975,#5976,#5977,#5978,#5979,#5980,
    #5981),.UNSPECIFIED.,.F.,.F.,(9,7,7,7,7,7,7,7,7,7,9),(0.,
    0.104359115531,0.224496585172,0.345675014674,0.405072093934,
    0.493423707338,0.589945846982,0.680873782295,0.774843017165,
    0.872235200702,1.),.UNSPECIFIED.);
#5910 = CARTESIAN_POINT('',(1.571516441743,14.896766911014));
#5911 = CARTESIAN_POINT('',(1.571515988,14.993918714395));
#5912 = CARTESIAN_POINT('',(1.571515143746,15.091107133249));
#5913 = CARTESIAN_POINT('',(1.571514026169,15.188283739243));
#5914 = CARTESIAN_POINT('',(1.571512947727,15.285447373258));
#5915 = CARTESIAN_POINT('',(1.571512280845,15.382609518493));
#5916 = CARTESIAN_POINT('',(1.5715122168,15.479782513048));
#5917 = CARTESIAN_POINT('',(1.571512641149,15.576967771843));
#5918 = CARTESIAN_POINT('',(1.571514161866,15.785963507199));
#5919 = CARTESIAN_POINT('',(1.571515350111,15.897867132444));
#5920 = CARTESIAN_POINT('',(1.571516585295,16.009738878772));
#5921 = CARTESIAN_POINT('',(1.571517354625,16.121584796282));
#5922 = CARTESIAN_POINT('',(1.571517144534,16.233428966002));
#5923 = CARTESIAN_POINT('',(1.571516256602,16.345296347093));
#5924 = CARTESIAN_POINT('',(1.571515262116,16.457195610668));
#5925 = CARTESIAN_POINT('',(1.571513760941,16.681853537882));
#5926 = CARTESIAN_POINT('',(1.57151325489,16.794723513364));
#5927 = CARTESIAN_POINT('',(1.571513390536,16.9075597796));
#5928 = CARTESIAN_POINT('',(1.571514224323,17.020371648912));
#5929 = CARTESIAN_POINT('',(1.571515531037,17.133185336424));
#5930 = CARTESIAN_POINT('',(1.571515349859,17.24602568913));
#5931 = CARTESIAN_POINT('',(1.571514667933,17.358898609692));
#5932 = CARTESIAN_POINT('',(1.571514069362,17.527000273711));
#5933 = CARTESIAN_POINT('',(1.571513914097,17.582288992777));
#5934 = CARTESIAN_POINT('',(1.571513958009,17.637572712978));
#5935 = CARTESIAN_POINT('',(1.571514233744,17.69285335319));
#5936 = CARTESIAN_POINT('',(1.571514599803,17.748133727484));
#5937 = CARTESIAN_POINT('',(1.57151482522,17.803416747646));
#5938 = CARTESIAN_POINT('',(1.571514808153,17.858704538358));
#5939 = CARTESIAN_POINT('',(1.571515107205,17.996244258072));
#5940 = CARTESIAN_POINT('',(1.571515293645,18.078497501789));
#5941 = CARTESIAN_POINT('',(1.571515260141,18.160743758466));
#5942 = CARTESIAN_POINT('',(1.571514904612,18.2429839836));
#5943 = CARTESIAN_POINT('',(1.571514327278,18.325226127732));
#5944 = CARTESIAN_POINT('',(1.57151378711,18.407477201378));
#5945 = CARTESIAN_POINT('',(1.571513537927,18.489734803064));
#5946 = CARTESIAN_POINT('',(1.571513550877,18.66182706396));
#5947 = CARTESIAN_POINT('',(1.571513874357,18.751693846642));
#5948 = CARTESIAN_POINT('',(1.57151459124,18.841552662035));
#5949 = CARTESIAN_POINT('',(1.571515508143,18.931402491666));
#5950 = CARTESIAN_POINT('',(1.571516336171,19.021254121403));
#5951 = CARTESIAN_POINT('',(1.571516827622,19.111117144706));
#5952 = CARTESIAN_POINT('',(1.571516874838,19.200986942784));
#5953 = CARTESIAN_POINT('',(1.571516285198,19.375469145565));
#5954 = CARTESIAN_POINT('',(1.571515685435,19.460126516176));
#5955 = CARTESIAN_POINT('',(1.571514813085,19.544780239526));
#5956 = CARTESIAN_POINT('',(1.571513857407,19.629427143316));
#5957 = CARTESIAN_POINT('',(1.57151304387,19.714074162796));
#5958 = CARTESIAN_POINT('',(1.571512549584,19.798728327834));
#5959 = CARTESIAN_POINT('',(1.571512446045,19.883386971183));
#5960 = CARTESIAN_POINT('',(1.571512899833,20.055500369135));
#5961 = CARTESIAN_POINT('',(1.571513478681,20.142996997058));
#5962 = CARTESIAN_POINT('',(1.571514367644,20.230490277084));
#5963 = CARTESIAN_POINT('',(1.571515360402,20.317976185463));
#5964 = CARTESIAN_POINT('',(1.571516207033,20.405462652223));
#5965 = CARTESIAN_POINT('',(1.571516711728,20.492957867101));
#5966 = CARTESIAN_POINT('',(1.571516803627,20.580458678554));
#5967 = CARTESIAN_POINT('',(1.571516349796,20.758606077952));
#5968 = CARTESIAN_POINT('',(1.571515785818,20.849301320919));
#5969 = CARTESIAN_POINT('',(1.571514932553,20.939992361431));
#5970 = CARTESIAN_POINT('',(1.57151408628,21.030673906365));
#5971 = CARTESIAN_POINT('',(1.57151354041,21.121354779825));
#5972 = CARTESIAN_POINT('',(1.571513430378,21.212044343757));
#5973 = CARTESIAN_POINT('',(1.57151367887,21.302738382135));
#5974 = CARTESIAN_POINT('',(1.571514516882,21.512345531802));
#5975 = CARTESIAN_POINT('',(1.571514545018,21.631365006508));
#5976 = CARTESIAN_POINT('',(1.571518126045,21.750339560246));
#5977 = CARTESIAN_POINT('',(1.571510873546,21.869286828298));
#5978 = CARTESIAN_POINT('',(1.571516412331,21.988222232717));
#5979 = CARTESIAN_POINT('',(1.571514612165,22.107198785067));
#5980 = CARTESIAN_POINT('',(1.571514525703,22.226213691564));
#5981 = CARTESIAN_POINT('',(1.571514750521,22.345149989871));
#5982 = ( GEOMETRIC_REPRESENTATION_CONTEXT(2) 
PARAMETRIC_REPRESENTATION_CONTEXT() REPRESENTATION_CONTEXT('2D SPACE',''
  ) );
#5983 = PCURVE('',#2796,#5984);
#5984 = DEFINITIONAL_REPRESENTATION('',(#5985),#6058);
#5985 = B_SPLINE_CURVE_WITH_KNOTS('',8,(#5986,#5987,#5988,#5989,#5990,
    #5991,#5992,#5993,#5994,#5995,#5996,#5997,#5998,#5999,#6000,#6001,
    #6002,#6003,#6004,#6005,#6006,#6007,#6008,#6009,#6010,#6011,#6012,
    #6013,#6014,#6015,#6016,#6017,#6018,#6019,#6020,#6021,#6022,#6023,
    #6024,#6025,#6026,#6027,#6028,#6029,#6030,#6031,#6032,#6033,#6034,
    #6035,#6036,#6037,#6038,#6039,#6040,#6041,#6042,#6043,#6044,#6045,
    #6046,#6047,#6048,#6049,#6050,#6051,#6052,#6053,#6054,#6055,#6056,
    #6057),.UNSPECIFIED.,.F.,.F.,(9,7,7,7,7,7,7,7,7,7,9),(0.,
    0.104359115531,0.224496585172,0.345675014674,0.405072093934,
    0.493423707338,0.589945846982,0.680873782295,0.774843017165,
    0.872235200702,1.),.UNSPECIFIED.);
#5986 = CARTESIAN_POINT('',(0.,-10.29999989155));
#5987 = CARTESIAN_POINT('',(-8.195366797182E-02,-10.35217325381));
#5988 = CARTESIAN_POINT('',(-0.163938203896,-10.40436627965));
#5989 = CARTESIAN_POINT('',(-0.245912786949,-10.45655296163));
#5990 = CARTESIAN_POINT('',(-0.327876475559,-10.50873267729));
#5991 = CARTESIAN_POINT('',(-0.409838952251,-10.56091159342));
#5992 = CARTESIAN_POINT('',(-0.491810591191,-10.61309633596));
#5993 = CARTESIAN_POINT('',(-0.573792555312,-10.66528766475));
#5994 = CARTESIAN_POINT('',(-0.750093727282,-10.77752449239));
#5995 = CARTESIAN_POINT('',(-0.844491502553,-10.83762001481));
#5996 = CARTESIAN_POINT('',(-0.938862336457,-10.89769841732));
#5997 = CARTESIAN_POINT('',(-1.033211351808,-10.95776294898));
#5998 = CARTESIAN_POINT('',(-1.127558952448,-11.01782654204));
#5999 = CARTESIAN_POINT('',(-1.221926285312,-11.07790260029));
#6000 = CARTESIAN_POINT('',(-1.31632061323,-11.13799578036));
#6001 = CARTESIAN_POINT('',(-1.505834244012,-11.2586436635));
#6002 = CARTESIAN_POINT('',(-1.601047446046,-11.31925814427));
#6003 = CARTESIAN_POINT('',(-1.696232120786,-11.3798545222));
#6004 = CARTESIAN_POINT('',(-1.791395988322,-11.44043779827));
#6005 = CARTESIAN_POINT('',(-1.886561025196,-11.50102205076));
#6006 = CARTESIAN_POINT('',(-1.981748377958,-11.56162062325));
#6007 = CARTESIAN_POINT('',(-2.076963728171,-11.62223668562));
#6008 = CARTESIAN_POINT('',(-2.218768492392,-11.71251219989));
#6009 = CARTESIAN_POINT('',(-2.265408373312,-11.74220386045));
#6010 = CARTESIAN_POINT('',(-2.312043855428,-11.77189283647));
#6011 = CARTESIAN_POINT('',(-2.358676589464,-11.80158015845));
#6012 = CARTESIAN_POINT('',(-2.405309129884,-11.83126733762));
#6013 = CARTESIAN_POINT('',(-2.451944055501,-11.8609559377));
#6014 = CARTESIAN_POINT('',(-2.498583100117,-11.89064709971));
#6015 = CARTESIAN_POINT('',(-2.614606832046,-11.96450995528));
#6016 = CARTESIAN_POINT('',(-2.683992627935,-12.00868235488));
#6017 = CARTESIAN_POINT('',(-2.753372306152,-12.05285100224));
#6018 = CARTESIAN_POINT('',(-2.822746819769,-12.09701641048));
#6019 = CARTESIAN_POINT('',(-2.892123023139,-12.14118284929));
#6020 = CARTESIAN_POINT('',(-2.961506887324,-12.1853540835));
#6021 = CARTESIAN_POINT('',(-3.03089635746,-12.22952882346));
#6022 = CARTESIAN_POINT('',(-3.176067196035,-12.32194740507));
#6023 = CARTESIAN_POINT('',(-3.25187567533,-12.37020849797));
#6024 = CARTESIAN_POINT('',(-3.327677489236,-12.4184653122));
#6025 = CARTESIAN_POINT('',(-3.403471705384,-12.4667173008));
#6026 = CARTESIAN_POINT('',(-3.47926737105,-12.51497025612));
#6027 = CARTESIAN_POINT('',(-3.555072572476,-12.56322933012));
#6028 = CARTESIAN_POINT('',(-3.630883442217,-12.61149204237));
#6029 = CARTESIAN_POINT('',(-3.778070189295,-12.70519409273));
#6030 = CARTESIAN_POINT('',(-3.849484001509,-12.75065757885));
#6031 = CARTESIAN_POINT('',(-3.920894737086,-12.79611910629));
#6032 = CARTESIAN_POINT('',(-3.992299743769,-12.84157697142));
#6033 = CARTESIAN_POINT('',(-4.06370488142,-12.88703489868));
#6034 = CARTESIAN_POINT('',(-4.135116070951,-12.93249666331));
#6035 = CARTESIAN_POINT('',(-4.206531041897,-12.97796083293));
#6036 = CARTESIAN_POINT('',(-4.35171966492,-13.07039076576));
#6037 = CARTESIAN_POINT('',(-4.425528639073,-13.11737901617));
#6038 = CARTESIAN_POINT('',(-4.499334764614,-13.16436546866));
#6039 = CARTESIAN_POINT('',(-4.573134637313,-13.21134796236));
#6040 = CARTESIAN_POINT('',(-4.646934956353,-13.25833075593));
#6041 = CARTESIAN_POINT('',(-4.720742659522,-13.30531824749));
#6042 = CARTESIAN_POINT('',(-4.794555122384,-13.35230874457));
#6043 = CARTESIAN_POINT('',(-4.944833808004,-13.44797911281));
#6044 = CARTESIAN_POINT('',(-5.02134107776,-13.49668511313));
#6045 = CARTESIAN_POINT('',(-5.097844869714,-13.5453888566));
#6046 = CARTESIAN_POINT('',(-5.174340709392,-13.59408750068));
#6047 = CARTESIAN_POINT('',(-5.250835988474,-13.64278578415));
#6048 = CARTESIAN_POINT('',(-5.327338523236,-13.69148873466));
#6049 = CARTESIAN_POINT('',(-5.403844691857,-13.74019408808));
#6050 = CARTESIAN_POINT('',(-5.580661342007,-13.8527592631));
#6051 = CARTESIAN_POINT('',(-5.681061276221,-13.91667620497));
#6052 = CARTESIAN_POINT('',(-5.781424512103,-13.98056902297));
#6053 = CARTESIAN_POINT('',(-5.881760361872,-14.04444718776));
#6054 = CARTESIAN_POINT('',(-5.982095719722,-14.10831898142));
#6055 = CARTESIAN_POINT('',(-6.082456683211,-14.17221287273));
#6056 = CARTESIAN_POINT('',(-6.182854803485,-14.23612736134));
#6057 = CARTESIAN_POINT('',(-6.28318530718,-14.29999963506));
#6058 = ( GEOMETRIC_REPRESENTATION_CONTEXT(2) 
PARAMETRIC_REPRESENTATION_CONTEXT() REPRESENTATION_CONTEXT('2D SPACE',''
  ) );
#6059 = ORIENTED_EDGE('',*,*,#6060,.F.);
#6060 = EDGE_CURVE('',#1830,#5831,#6061,.T.);
#6061 = SURFACE_CURVE('',#6062,(#6135,#6211),.PCURVE_S1.);
#6062 = B_SPLINE_CURVE_WITH_KNOTS('',8,(#6063,#6064,#6065,#6066,#6067,
    #6068,#6069,#6070,#6071,#6072,#6073,#6074,#6075,#6076,#6077,#6078,
    #6079,#6080,#6081,#6082,#6083,#6084,#6085,#6086,#6087,#6088,#6089,
    #6090,#6091,#6092,#6093,#6094,#6095,#6096,#6097,#6098,#6099,#6100,
    #6101,#6102,#6103,#6104,#6105,#6106,#6107,#6108,#6109,#6110,#6111,
    #6112,#6113,#6114,#6115,#6116,#6117,#6118,#6119,#6120,#6121,#6122,
    #6123,#6124,#6125,#6126,#6127,#6128,#6129,#6130,#6131,#6132,#6133,
    #6134),.UNSPECIFIED.,.F.,.F.,(9,7,7,7,7,7,7,7,7,7,9),(0.,
    0.116646856029,0.180410037648,0.244789170524,0.402713900987,
    0.494469649759,0.593867915852,0.677070033002,0.766842686183,
    0.85867550262,1.),.UNSPECIFIED.);
#6063 = CARTESIAN_POINT('',(7.,0.,15.3000001413));
#6064 = CARTESIAN_POINT('',(7.,0.64103341867,15.358299331865));
#6065 = CARTESIAN_POINT('',(6.932910358067,1.282436580818,15.41663207088
    ));
#6066 = CARTESIAN_POINT('',(6.798596001734,1.915494094395,
    15.474950929512));
#6067 = CARTESIAN_POINT('',(6.598426521387,2.531988451092,15.53325641236
    ));
#6068 = CARTESIAN_POINT('',(6.334809571732,3.124104212777,
    15.591559474231));
#6069 = CARTESIAN_POINT('',(6.0112024632,3.68445003764,15.649872424739)
  );
#6070 = CARTESIAN_POINT('',(5.632055697791,4.206063127293,
    15.708200596577));
#6071 = CARTESIAN_POINT('',(4.968758876538,4.943101383444,
    15.798378886302));
#6072 = CARTESIAN_POINT('',(4.719426152296,5.190179746699,
    15.830249622905));
#6073 = CARTESIAN_POINT('',(4.45609456547,5.422841306196,15.862120077451
    ));
#6074 = CARTESIAN_POINT('',(4.179733529165,5.640168664008,
    15.893990938727));
#6075 = CARTESIAN_POINT('',(3.891380172752,5.8413272388,15.925862459151)
  );
#6076 = CARTESIAN_POINT('',(3.59213934187,6.025565265827,15.957734454772
    ));
#6077 = CARTESIAN_POINT('',(3.283183598422,6.192213796934,15.98960630527
    ));
#6078 = CARTESIAN_POINT('',(2.645256470655,6.490593849918,
    16.053655472572));
#6079 = CARTESIAN_POINT('',(2.316063333097,6.622000607073,
    16.085836508903));
#6080 = CARTESIAN_POINT('',(1.979454304165,6.734308555588,
    16.118018894781));
#6081 = CARTESIAN_POINT('',(1.636733660378,6.827029911664,
    16.150201717278));
#6082 = CARTESIAN_POINT('',(1.289229458516,6.89978752414,16.182384318709
    ));
#6083 = CARTESIAN_POINT('',(0.93829353562,6.952314874493,16.214566296631
    ));
#6084 = CARTESIAN_POINT('',(0.58530150899,6.984456076834,16.246747503841
    ));
#6085 = CARTESIAN_POINT('',(-0.635862493306,7.024890514246,
    16.357868282516));
#6086 = CARTESIAN_POINT('',(-1.508755520606,6.93071986045,16.43692732269
    ));
#6087 = CARTESIAN_POINT('',(-2.364619365833,6.712269284848,
    16.515916032669));
#6088 = CARTESIAN_POINT('',(-3.18315181707,6.373887828991,16.59486422389
    ));
#6089 = CARTESIAN_POINT('',(-3.945405031333,5.922813608686,
    16.673813201632));
#6090 = CARTESIAN_POINT('',(-4.634237623631,5.369855334288,
    16.752802454296));
#6091 = CARTESIAN_POINT('',(-5.233964034594,4.728536453525,
    16.831868884265));
#6092 = CARTESIAN_POINT('',(-6.021629397325,3.604763291692,
    16.956676223471));
#6093 = CARTESIAN_POINT('',(-6.277157124117,3.167850396226,
    17.002553038725));
#6094 = CARTESIAN_POINT('',(-6.496346548154,2.710375428284,
    17.048427703724));
#6095 = CARTESIAN_POINT('',(-6.677301558298,2.235897361334,
    17.094298405075));
#6096 = CARTESIAN_POINT('',(-6.818555862785,1.748126181965,
    17.140169043241));
#6097 = CARTESIAN_POINT('',(-6.919047603871,1.250905291067,
    17.186043658947));
#6098 = CARTESIAN_POINT('',(-6.978147430104,0.748211855899,
    17.231920940552));
#6099 = CARTESIAN_POINT('',(-7.014797944328,-0.3018438444,
    17.327477109727));
#6100 = CARTESIAN_POINT('',(-6.985156576034,-0.849742080868,
    17.37718145628));
#6101 = CARTESIAN_POINT('',(-6.90657829524,-1.394224485432,
    17.42688236216));
#6102 = CARTESIAN_POINT('',(-6.779567791252,-1.930180976566,
    17.476577254219));
#6103 = CARTESIAN_POINT('',(-6.605234505538,-2.452662896516,
    17.526272069576));
#6104 = CARTESIAN_POINT('',(-6.385242690661,-2.956883338065,
    17.575972964617));
#6105 = CARTESIAN_POINT('',(-6.121849091378,-3.438241403664,
    17.625678139462));
#6106 = CARTESIAN_POINT('',(-5.563712570078,-4.272502718994,
    17.716964563041));
#6107 = CARTESIAN_POINT('',(-5.28098193408,-4.633689999498,
    17.758564151891));
#6108 = CARTESIAN_POINT('',(-4.971520662556,-4.973390368583,
    17.800162213472));
#6109 = CARTESIAN_POINT('',(-4.637253333317,-5.289313244798,
    17.841758444054));
#6110 = CARTESIAN_POINT('',(-4.280314116265,-5.579388649723,
    17.883355350711));
#6111 = CARTESIAN_POINT('',(-3.903036428425,-5.841761494904,
    17.924954862407));
#6112 = CARTESIAN_POINT('',(-3.507962907061,-6.074810841078,
    17.966554768598));
#6113 = CARTESIAN_POINT('',(-2.655403588432,-6.495559784342,
    18.05301961396));
#6114 = CARTESIAN_POINT('',(-2.19520876243,-6.678345007711,
    18.097907492416));
#6115 = CARTESIAN_POINT('',(-1.720776919195,-6.823785518908,
    18.142793720503));
#6116 = CARTESIAN_POINT('',(-1.235686973582,-6.930619685243,
    18.187675135224));
#6117 = CARTESIAN_POINT('',(-0.743584846995,-6.998007023531,
    18.232554790355));
#6118 = CARTESIAN_POINT('',(-0.248168465942,-7.025494738798,
    18.277436877399));
#6119 = CARTESIAN_POINT('',(0.246816028876,-7.013032300402,
    18.32232208795));
#6120 = CARTESIAN_POINT('',(1.239579777373,-6.907842520009,
    18.413114713931));
#6121 = CARTESIAN_POINT('',(1.737305805106,-6.813264653884,
    18.459035016494));
#6122 = CARTESIAN_POINT('',(2.226640516097,-6.677707813088,
    18.504953147373));
#6123 = CARTESIAN_POINT('',(2.703657216373,-6.50207817893,
    18.550868814546));
#6124 = CARTESIAN_POINT('',(3.164585744448,-6.287703667233,
    18.596786595165));
#6125 = CARTESIAN_POINT('',(3.605812180255,-6.036310322106,
    18.642710084765));
#6126 = CARTESIAN_POINT('',(4.023899466602,-5.750052194387,
    18.68863621226));
#6127 = CARTESIAN_POINT('',(5.018474129935,-4.941510153192,
    18.805207506897));
#6128 = CARTESIAN_POINT('',(5.559735953963,-4.374485351177,
    18.875933216669));
#6129 = CARTESIAN_POINT('',(6.026936865892,-3.740240539117,
    18.946615934269));
#6130 = CARTESIAN_POINT('',(6.410822458884,-3.050308084336,
    19.017273646301));
#6131 = CARTESIAN_POINT('',(6.704037715439,-2.317206864124,
    19.087933300564));
#6132 = CARTESIAN_POINT('',(6.901470875774,-1.55454148407,
    19.158621111551));
#6133 = CARTESIAN_POINT('',(7.,-0.776845959132,19.229349056327));
#6134 = CARTESIAN_POINT('',(7.,8.881784197001E-16,19.299999891554));
#6135 = PCURVE('',#666,#6136);
#6136 = DEFINITIONAL_REPRESENTATION('',(#6137),#6210);
#6137 = B_SPLINE_CURVE_WITH_KNOTS('',8,(#6138,#6139,#6140,#6141,#6142,
    #6143,#6144,#6145,#6146,#6147,#6148,#6149,#6150,#6151,#6152,#6153,
    #6154,#6155,#6156,#6157,#6158,#6159,#6160,#6161,#6162,#6163,#6164,
    #6165,#6166,#6167,#6168,#6169,#6170,#6171,#6172,#6173,#6174,#6175,
    #6176,#6177,#6178,#6179,#6180,#6181,#6182,#6183,#6184,#6185,#6186,
    #6187,#6188,#6189,#6190,#6191,#6192,#6193,#6194,#6195,#6196,#6197,
    #6198,#6199,#6200,#6201,#6202,#6203,#6204,#6205,#6206,#6207,#6208,
    #6209),.UNSPECIFIED.,.F.,.F.,(9,7,7,7,7,7,7,7,7,7,9),(0.,
    0.116646856029,0.180410037648,0.244789170524,0.402713900987,
    0.494469649759,0.593867915852,0.677070033002,0.766842686183,
    0.85867550262,1.),.UNSPECIFIED.);
#6138 = CARTESIAN_POINT('',(1.571516371489,7.448383819591));
#6139 = CARTESIAN_POINT('',(1.571515884187,7.55694250268));
#6140 = CARTESIAN_POINT('',(1.571514976697,7.665563656197));
#6141 = CARTESIAN_POINT('',(1.571513902048,7.774158963111));
#6142 = CARTESIAN_POINT('',(1.571513106833,7.882729363048));
#6143 = CARTESIAN_POINT('',(1.571513238676,7.991295254874));
#6144 = CARTESIAN_POINT('',(1.571514002746,8.099879560296));
#6145 = CARTESIAN_POINT('',(1.571514623135,8.208492209297));
#6146 = CARTESIAN_POINT('',(1.57151499927,8.37641283188));
#6147 = CARTESIAN_POINT('',(1.571514966172,8.435759199492));
#6148 = CARTESIAN_POINT('',(1.571514805643,8.495105041887));
#6149 = CARTESIAN_POINT('',(1.571514565953,8.554451641651));
#6150 = CARTESIAN_POINT('',(1.571514305033,8.613799468813));
#6151 = CARTESIAN_POINT('',(1.57151409048,8.673148180836));
#6152 = CARTESIAN_POINT('',(1.571513999552,8.732496622628));
#6153 = CARTESIAN_POINT('',(1.571514239944,8.851762313763));
#6154 = CARTESIAN_POINT('',(1.571514455517,8.911686489223));
#6155 = CARTESIAN_POINT('',(1.571514701268,8.971613177668));
#6156 = CARTESIAN_POINT('',(1.571514926652,9.031540679141));
#6157 = CARTESIAN_POINT('',(1.571515095207,9.091467768967));
#6158 = CARTESIAN_POINT('',(1.571515184551,9.151393697758));
#6159 = CARTESIAN_POINT('',(1.571515186382,9.211318191411));
#6160 = CARTESIAN_POINT('',(1.571514910473,9.418235736576));
#6161 = CARTESIAN_POINT('',(1.571514066485,9.565451250279));
#6162 = CARTESIAN_POINT('',(1.571512366579,9.712535802423));
#6163 = CARTESIAN_POINT('',(1.571512408212,9.85954490476));
#6164 = CARTESIAN_POINT('',(1.571515025028,10.006555471629));
#6165 = CARTESIAN_POINT('',(1.571516607231,10.153641034327));
#6166 = CARTESIAN_POINT('',(1.571517072477,10.300870308538));
#6167 = CARTESIAN_POINT('',(1.571516269227,10.533273541803));
#6168 = CARTESIAN_POINT('',(1.571515655719,10.618700570891));
#6169 = CARTESIAN_POINT('',(1.571514767315,10.704123595998));
#6170 = CARTESIAN_POINT('',(1.571513801598,10.789539240416));
#6171 = CARTESIAN_POINT('',(1.57151299108,10.87495476718));
#6172 = CARTESIAN_POINT('',(1.571512514551,10.960377700504));
#6173 = CARTESIAN_POINT('',(1.571512438983,11.045805597986));
#6174 = CARTESIAN_POINT('',(1.571512966106,11.223740347783));
#6175 = CARTESIAN_POINT('',(1.5715136236,11.316294607168));
#6176 = CARTESIAN_POINT('',(1.571514617129,11.408842459689));
#6177 = CARTESIAN_POINT('',(1.571515678259,11.501379113903));
#6178 = CARTESIAN_POINT('',(1.571516504319,11.593915625294));
#6179 = CARTESIAN_POINT('',(1.57151689025,11.68646345764));
#6180 = CARTESIAN_POINT('',(1.571516805458,11.779019259385));
#6181 = CARTESIAN_POINT('',(1.571516089441,11.949003333461));
#6182 = CARTESIAN_POINT('',(1.57151554862,12.026465756846));
#6183 = CARTESIAN_POINT('',(1.571514860684,12.103925336309));
#6184 = CARTESIAN_POINT('',(1.571514195861,12.181381506279));
#6185 = CARTESIAN_POINT('',(1.57151372105,12.258838935167));
#6186 = CARTESIAN_POINT('',(1.571513529844,12.336301214886));
#6187 = CARTESIAN_POINT('',(1.57151360868,12.413764229192));
#6188 = CARTESIAN_POINT('',(1.571514087767,12.574770062293));
#6189 = CARTESIAN_POINT('',(1.571514488173,12.658355596235));
#6190 = CARTESIAN_POINT('',(1.571515032308,12.741938057034));
#6191 = CARTESIAN_POINT('',(1.571515302497,12.825511554884));
#6192 = CARTESIAN_POINT('',(1.5715151135,12.909081776209));
#6193 = CARTESIAN_POINT('',(1.571514716711,12.992656525989));
#6194 = CARTESIAN_POINT('',(1.571514566468,13.076237092039));
#6195 = CARTESIAN_POINT('',(1.571514732388,13.24530166764));
#6196 = CARTESIAN_POINT('',(1.571514954592,13.330809674269));
#6197 = CARTESIAN_POINT('',(1.57151452559,13.416313637015));
#6198 = CARTESIAN_POINT('',(1.571514371248,13.501813012104));
#6199 = CARTESIAN_POINT('',(1.571514922885,13.587316322632));
#6200 = CARTESIAN_POINT('',(1.571515454399,13.67283026383));
#6201 = CARTESIAN_POINT('',(1.571514966464,13.758349117043));
#6202 = CARTESIAN_POINT('',(1.571514081178,13.975416045576));
#6203 = CARTESIAN_POINT('',(1.571513273692,14.107114098998));
#6204 = CARTESIAN_POINT('',(1.571512744573,14.238732096881));
#6205 = CARTESIAN_POINT('',(1.571513903584,14.370303531974));
#6206 = CARTESIAN_POINT('',(1.571515849925,14.501878583705));
#6207 = CARTESIAN_POINT('',(1.571516948921,14.633506065968));
#6208 = CARTESIAN_POINT('',(1.571517056181,14.765208281179));
#6209 = CARTESIAN_POINT('',(1.571516441743,14.896766911014));
#6210 = ( GEOMETRIC_REPRESENTATION_CONTEXT(2) 
PARAMETRIC_REPRESENTATION_CONTEXT() REPRESENTATION_CONTEXT('2D SPACE',''
  ) );
#6211 = PCURVE('',#2582,#6212);
#6212 = DEFINITIONAL_REPRESENTATION('',(#6213),#6286);
#6213 = B_SPLINE_CURVE_WITH_KNOTS('',8,(#6214,#6215,#6216,#6217,#6218,
    #6219,#6220,#6221,#6222,#6223,#6224,#6225,#6226,#6227,#6228,#6229,
    #6230,#6231,#6232,#6233,#6234,#6235,#6236,#6237,#6238,#6239,#6240,
    #6241,#6242,#6243,#6244,#6245,#6246,#6247,#6248,#6249,#6250,#6251,
    #6252,#6253,#6254,#6255,#6256,#6257,#6258,#6259,#6260,#6261,#6262,
    #6263,#6264,#6265,#6266,#6267,#6268,#6269,#6270,#6271,#6272,#6273,
    #6274,#6275,#6276,#6277,#6278,#6279,#6280,#6281,#6282,#6283,#6284,
    #6285),.UNSPECIFIED.,.F.,.F.,(9,7,7,7,7,7,7,7,7,7,9),(0.,
    0.116646856029,0.180410037648,0.244789170524,0.402713900987,
    0.494469649759,0.593867915852,0.677070033002,0.766842686183,
    0.85867550262,1.),.UNSPECIFIED.);
#6214 = CARTESIAN_POINT('',(0.,-6.3000001413));
#6215 = CARTESIAN_POINT('',(-9.157620266721E-02,-6.358299331865));
#6216 = CARTESIAN_POINT('',(-0.18320518663,-6.41663207088));
#6217 = CARTESIAN_POINT('',(-0.274812459999,-6.474950929509));
#6218 = CARTESIAN_POINT('',(-0.366398765823,-6.533256412363));
#6219 = CARTESIAN_POINT('',(-0.457981183404,-6.591559474228));
#6220 = CARTESIAN_POINT('',(-0.54957882808,-6.649872424739));
#6221 = CARTESIAN_POINT('',(-0.641200169308,-6.708200596577));
#6222 = CARTESIAN_POINT('',(-0.782851369561,-6.798378886302));
#6223 = CARTESIAN_POINT('',(-0.832913584034,-6.830249622905));
#6224 = CARTESIAN_POINT('',(-0.882975417844,-6.862120077451));
#6225 = CARTESIAN_POINT('',(-0.933038009215,-6.893990938727));
#6226 = CARTESIAN_POINT('',(-0.983101769206,-6.925862459151));
#6227 = CARTESIAN_POINT('',(-1.03316638171,-6.957734454772));
#6228 = CARTESIAN_POINT('',(-1.083230803458,-6.98960630527));
#6229 = CARTESIAN_POINT('',(-1.183839327091,-7.053655472572));
#6230 = CARTESIAN_POINT('',(-1.234389335845,-7.085836508903));
#6231 = CARTESIAN_POINT('',(-1.284941452996,-7.118018894781));
#6232 = CARTESIAN_POINT('',(-1.335494236549,-7.150201717278));
#6233 = CARTESIAN_POINT('',(-1.386046639788,-7.182384318709));
#6234 = CARTESIAN_POINT('',(-1.436598011275,-7.214566296631));
#6235 = CARTESIAN_POINT('',(-1.487148094856,-7.246747503841));
#6236 = CARTESIAN_POINT('',(-1.661695700446,-7.357868282516));
#6237 = CARTESIAN_POINT('',(-1.785880710688,-7.436927322689));
#6238 = CARTESIAN_POINT('',(-1.90995554109,-7.515916032671));
#6239 = CARTESIAN_POINT('',(-2.033967678223,-7.594864223887));
#6240 = CARTESIAN_POINT('',(-2.157980835232,-7.673813201634));
#6241 = CARTESIAN_POINT('',(-2.282057035273,-7.752802454295));
#6242 = CARTESIAN_POINT('',(-2.406254278205,-7.831868884265));
#6243 = CARTESIAN_POINT('',(-2.602301067857,-7.956676223471));
#6244 = CARTESIAN_POINT('',(-2.674364135092,-8.002553038725));
#6245 = CARTESIAN_POINT('',(-2.746423825443,-8.048427703724));
#6246 = CARTESIAN_POINT('',(-2.818477314663,-8.094298405075));
#6247 = CARTESIAN_POINT('',(-2.890530738829,-8.140169043241));
#6248 = CARTESIAN_POINT('',(-2.962590434907,-8.186043658947));
#6249 = CARTESIAN_POINT('',(-3.034654321078,-8.231920940552));
#6250 = CARTESIAN_POINT('',(-3.184753623849,-8.327477109727));
#6251 = CARTESIAN_POINT('',(-3.262829029642,-8.37718145628));
#6252 = CARTESIAN_POINT('',(-3.340899001172,-8.42688236216));
#6253 = CARTESIAN_POINT('',(-3.418959487134,-8.476577254219));
#6254 = CARTESIAN_POINT('',(-3.497019829383,-8.526272069576));
#6255 = CARTESIAN_POINT('',(-3.575089737017,-8.575972964617));
#6256 = CARTESIAN_POINT('',(-3.653166423113,-8.625678139462));
#6257 = CARTESIAN_POINT('',(-3.796558871514,-8.716964563041));
#6258 = CARTESIAN_POINT('',(-3.861903425418,-8.758564151891));
#6259 = CARTESIAN_POINT('',(-3.927245625099,-8.800162213472));
#6260 = CARTESIAN_POINT('',(-3.992584982744,-8.841758444054));
#6261 = CARTESIAN_POINT('',(-4.057925404674,-8.883355350711));
#6262 = CARTESIAN_POINT('',(-4.123269874813,-8.924954862407));
#6263 = CARTESIAN_POINT('',(-4.188614880391,-8.966554768598));
#6264 = CARTESIAN_POINT('',(-4.324433416669,-9.05301961396));
#6265 = CARTESIAN_POINT('',(-4.394942962772,-9.097907492416));
#6266 = CARTESIAN_POINT('',(-4.465449822423,-9.142793720503));
#6267 = CARTESIAN_POINT('',(-4.535949042375,-9.187675135224));
#6268 = CARTESIAN_POINT('',(-4.606445544879,-9.232554790355));
#6269 = CARTESIAN_POINT('',(-4.676946111609,-9.277436877399));
#6270 = CARTESIAN_POINT('',(-4.747451918509,-9.32232208795));
#6271 = CARTESIAN_POINT('',(-4.8900691993,-9.413114713931));
#6272 = CARTESIAN_POINT('',(-4.962200491969,-9.459035016494));
#6273 = CARTESIAN_POINT('',(-5.034328993559,-9.504953147373));
#6274 = CARTESIAN_POINT('',(-5.106453676561,-9.550868814546));
#6275 = CARTESIAN_POINT('',(-5.178581160233,-9.596786595165));
#6276 = CARTESIAN_POINT('',(-5.250717209091,-9.642710084765));
#6277 = CARTESIAN_POINT('',(-5.322857561641,-9.68863621226));
#6278 = CARTESIAN_POINT('',(-5.505966706818,-9.805207506897));
#6279 = CARTESIAN_POINT('',(-5.617062116624,-9.87593321667));
#6280 = CARTESIAN_POINT('',(-5.7280903898,-9.946615934267));
#6281 = CARTESIAN_POINT('',(-5.839079737161,-10.0172736463));
#6282 = CARTESIAN_POINT('',(-5.950071925529,-10.08793330056));
#6283 = CARTESIAN_POINT('',(-6.061108160176,-10.15862111155));
#6284 = CARTESIAN_POINT('',(-6.172207313018,-10.22934905632));
#6285 = CARTESIAN_POINT('',(-6.28318530718,-10.29999989155));
#6286 = ( GEOMETRIC_REPRESENTATION_CONTEXT(2) 
PARAMETRIC_REPRESENTATION_CONTEXT() REPRESENTATION_CONTEXT('2D SPACE',''
  ) );
#6287 = ADVANCED_FACE('',(#6288),#488,.T.);
#6288 = FACE_BOUND('',#6289,.F.);
#6289 = EDGE_LOOP('',(#6290,#6291,#6292,#6293));
#6290 = ORIENTED_EDGE('',*,*,#1773,.F.);
#6291 = ORIENTED_EDGE('',*,*,#471,.F.);
#6292 = ORIENTED_EDGE('',*,*,#2045,.T.);
#6293 = ORIENTED_EDGE('',*,*,#6294,.F.);
#6294 = EDGE_CURVE('',#1774,#2046,#6295,.T.);
#6295 = SURFACE_CURVE('',#6296,(#6300,#6307),.PCURVE_S1.);
#6296 = LINE('',#6297,#6298);
#6297 = CARTESIAN_POINT('',(7.,0.,9.));
#6298 = VECTOR('',#6299,1.);
#6299 = DIRECTION('',(0.,0.,1.));
#6300 = PCURVE('',#488,#6301);
#6301 = DEFINITIONAL_REPRESENTATION('',(#6302),#6306);
#6302 = LINE('',#6303,#6304);
#6303 = CARTESIAN_POINT('',(-6.28318530718,0.));
#6304 = VECTOR('',#6305,1.);
#6305 = DIRECTION('',(-0.,-1.));
#6306 = ( GEOMETRIC_REPRESENTATION_CONTEXT(2) 
PARAMETRIC_REPRESENTATION_CONTEXT() REPRESENTATION_CONTEXT('2D SPACE',''
  ) );
#6307 = PCURVE('',#1969,#6308);
#6308 = DEFINITIONAL_REPRESENTATION('',(#6309),#6313);
#6309 = LINE('',#6310,#6311);
#6310 = CARTESIAN_POINT('',(-0.,0.));
#6311 = VECTOR('',#6312,1.);
#6312 = DIRECTION('',(-0.,-1.));
#6313 = ( GEOMETRIC_REPRESENTATION_CONTEXT(2) 
PARAMETRIC_REPRESENTATION_CONTEXT() REPRESENTATION_CONTEXT('2D SPACE',''
  ) );
#6314 = ADVANCED_FACE('',(#6315),#1969,.T.);
#6315 = FACE_BOUND('',#6316,.F.);
#6316 = EDGE_LOOP('',(#6317,#6318,#6319,#6320));
#6317 = ORIENTED_EDGE('',*,*,#1829,.F.);
#6318 = ORIENTED_EDGE('',*,*,#6294,.T.);
#6319 = ORIENTED_EDGE('',*,*,#2233,.T.);
#6320 = ORIENTED_EDGE('',*,*,#6321,.F.);
#6321 = EDGE_CURVE('',#1830,#2234,#6322,.T.);
#6322 = SURFACE_CURVE('',#6323,(#6327,#6334),.PCURVE_S1.);
#6323 = LINE('',#6324,#6325);
#6324 = CARTESIAN_POINT('',(7.,0.,9.));
#6325 = VECTOR('',#6326,1.);
#6326 = DIRECTION('',(0.,0.,1.));
#6327 = PCURVE('',#1969,#6328);
#6328 = DEFINITIONAL_REPRESENTATION('',(#6329),#6333);
#6329 = LINE('',#6330,#6331);
#6330 = CARTESIAN_POINT('',(-6.28318530718,0.));
#6331 = VECTOR('',#6332,1.);
#6332 = DIRECTION('',(-0.,-1.));
#6333 = ( GEOMETRIC_REPRESENTATION_CONTEXT(2) 
PARAMETRIC_REPRESENTATION_CONTEXT() REPRESENTATION_CONTEXT('2D SPACE',''
  ) );
#6334 = PCURVE('',#2582,#6335);
#6335 = DEFINITIONAL_REPRESENTATION('',(#6336),#6340);
#6336 = LINE('',#6337,#6338);
#6337 = CARTESIAN_POINT('',(-0.,0.));
#6338 = VECTOR('',#6339,1.);
#6339 = DIRECTION('',(-0.,-1.));
#6340 = ( GEOMETRIC_REPRESENTATION_CONTEXT(2) 
PARAMETRIC_REPRESENTATION_CONTEXT() REPRESENTATION_CONTEXT('2D SPACE',''
  ) );
#6341 = ADVANCED_FACE('',(#6342),#2582,.T.);
#6342 = FACE_BOUND('',#6343,.F.);
#6343 = EDGE_LOOP('',(#6344,#6345,#6346,#6347));
#6344 = ORIENTED_EDGE('',*,*,#6060,.F.);
#6345 = ORIENTED_EDGE('',*,*,#6321,.T.);
#6346 = ORIENTED_EDGE('',*,*,#2442,.T.);
#6347 = ORIENTED_EDGE('',*,*,#6348,.F.);
#6348 = EDGE_CURVE('',#5831,#2443,#6349,.T.);
#6349 = SURFACE_CURVE('',#6350,(#6354,#6361),.PCURVE_S1.);
#6350 = LINE('',#6351,#6352);
#6351 = CARTESIAN_POINT('',(7.,0.,9.));
#6352 = VECTOR('',#6353,1.);
#6353 = DIRECTION('',(0.,0.,1.));
#6354 = PCURVE('',#2582,#6355);
#6355 = DEFINITIONAL_REPRESENTATION('',(#6356),#6360);
#6356 = LINE('',#6357,#6358);
#6357 = CARTESIAN_POINT('',(-6.28318530718,0.));
#6358 = VECTOR('',#6359,1.);
#6359 = DIRECTION('',(-0.,-1.));
#6360 = ( GEOMETRIC_REPRESENTATION_CONTEXT(2) 
PARAMETRIC_REPRESENTATION_CONTEXT() REPRESENTATION_CONTEXT('2D SPACE',''
  ) );
#6361 = PCURVE('',#2796,#6362);
#6362 = DEFINITIONAL_REPRESENTATION('',(#6363),#6367);
#6363 = LINE('',#6364,#6365);
#6364 = CARTESIAN_POINT('',(-0.,0.));
#6365 = VECTOR('',#6366,1.);
#6366 = DIRECTION('',(-0.,-1.));
#6367 = ( GEOMETRIC_REPRESENTATION_CONTEXT(2) 
PARAMETRIC_REPRESENTATION_CONTEXT() REPRESENTATION_CONTEXT('2D SPACE',''
  ) );
#6368 = ADVANCED_FACE('',(#6369),#2796,.T.);
#6369 = FACE_BOUND('',#6370,.F.);
#6370 = EDGE_LOOP('',(#6371,#6372,#6373,#6374));
#6371 = ORIENTED_EDGE('',*,*,#5830,.F.);
#6372 = ORIENTED_EDGE('',*,*,#6348,.T.);
#6373 = ORIENTED_EDGE('',*,*,#2656,.T.);
#6374 = ORIENTED_EDGE('',*,*,#6375,.F.);
#6375 = EDGE_CURVE('',#5601,#2657,#6376,.T.);
#6376 = SURFACE_CURVE('',#6377,(#6381,#6388),.PCURVE_S1.);
#6377 = LINE('',#6378,#6379);
#6378 = CARTESIAN_POINT('',(7.,0.,9.));
#6379 = VECTOR('',#6380,1.);
#6380 = DIRECTION('',(0.,0.,1.));
#6381 = PCURVE('',#2796,#6382);
#6382 = DEFINITIONAL_REPRESENTATION('',(#6383),#6387);
#6383 = LINE('',#6384,#6385);
#6384 = CARTESIAN_POINT('',(-6.28318530718,0.));
#6385 = VECTOR('',#6386,1.);
#6386 = DIRECTION('',(-0.,-1.));
#6387 = ( GEOMETRIC_REPRESENTATION_CONTEXT(2) 
PARAMETRIC_REPRESENTATION_CONTEXT() REPRESENTATION_CONTEXT('2D SPACE',''
  ) );
#6388 = PCURVE('',#3038,#6389);
#6389 = DEFINITIONAL_REPRESENTATION('',(#6390),#6394);
#6390 = LINE('',#6391,#6392);
#6391 = CARTESIAN_POINT('',(-0.,0.));
#6392 = VECTOR('',#6393,1.);
#6393 = DIRECTION('',(-0.,-1.));
#6394 = ( GEOMETRIC_REPRESENTATION_CONTEXT(2) 
PARAMETRIC_REPRESENTATION_CONTEXT() REPRESENTATION_CONTEXT('2D SPACE',''
  ) );
#6395 = ADVANCED_FACE('',(#6396),#3038,.T.);
#6396 = FACE_BOUND('',#6397,.F.);
#6397 = EDGE_LOOP('',(#6398,#6399,#6400,#6401));
#6398 = ORIENTED_EDGE('',*,*,#5600,.F.);
#6399 = ORIENTED_EDGE('',*,*,#6375,.T.);
#6400 = ORIENTED_EDGE('',*,*,#2870,.T.);
#6401 = ORIENTED_EDGE('',*,*,#6402,.F.);
#6402 = EDGE_CURVE('',#5371,#2871,#6403,.T.);
#6403 = SURFACE_CURVE('',#6404,(#6408,#6415),.PCURVE_S1.);
#6404 = LINE('',#6405,#6406);
#6405 = CARTESIAN_POINT('',(7.,0.,9.));
#6406 = VECTOR('',#6407,1.);
#6407 = DIRECTION('',(0.,0.,1.));
#6408 = PCURVE('',#3038,#6409);
#6409 = DEFINITIONAL_REPRESENTATION('',(#6410),#6414);
#6410 = LINE('',#6411,#6412);
#6411 = CARTESIAN_POINT('',(-6.28318530718,0.));
#6412 = VECTOR('',#6413,1.);
#6413 = DIRECTION('',(-0.,-1.));
#6414 = ( GEOMETRIC_REPRESENTATION_CONTEXT(2) 
PARAMETRIC_REPRESENTATION_CONTEXT() REPRESENTATION_CONTEXT('2D SPACE',''
  ) );
#6415 = PCURVE('',#3266,#6416);
#6416 = DEFINITIONAL_REPRESENTATION('',(#6417),#6421);
#6417 = LINE('',#6418,#6419);
#6418 = CARTESIAN_POINT('',(-0.,0.));
#6419 = VECTOR('',#6420,1.);
#6420 = DIRECTION('',(-0.,-1.));
#6421 = ( GEOMETRIC_REPRESENTATION_CONTEXT(2) 
PARAMETRIC_REPRESENTATION_CONTEXT() REPRESENTATION_CONTEXT('2D SPACE',''
  ) );
#6422 = ADVANCED_FACE('',(#6423),#3266,.T.);
#6423 = FACE_BOUND('',#6424,.F.);
#6424 = EDGE_LOOP('',(#6425,#6426,#6427,#6428));
#6425 = ORIENTED_EDGE('',*,*,#5370,.F.);
#6426 = ORIENTED_EDGE('',*,*,#6402,.T.);
#6427 = ORIENTED_EDGE('',*,*,#3126,.T.);
#6428 = ORIENTED_EDGE('',*,*,#6429,.F.);
#6429 = EDGE_CURVE('',#5141,#3127,#6430,.T.);
#6430 = SURFACE_CURVE('',#6431,(#6435,#6442),.PCURVE_S1.);
#6431 = LINE('',#6432,#6433);
#6432 = CARTESIAN_POINT('',(7.,0.,9.));
#6433 = VECTOR('',#6434,1.);
#6434 = DIRECTION('',(0.,0.,1.));
#6435 = PCURVE('',#3266,#6436);
#6436 = DEFINITIONAL_REPRESENTATION('',(#6437),#6441);
#6437 = LINE('',#6438,#6439);
#6438 = CARTESIAN_POINT('',(-6.28318530718,0.));
#6439 = VECTOR('',#6440,1.);
#6440 = DIRECTION('',(-0.,-1.));
#6441 = ( GEOMETRIC_REPRESENTATION_CONTEXT(2) 
PARAMETRIC_REPRESENTATION_CONTEXT() REPRESENTATION_CONTEXT('2D SPACE',''
  ) );
#6442 = PCURVE('',#3480,#6443);
#6443 = DEFINITIONAL_REPRESENTATION('',(#6444),#6448);
#6444 = LINE('',#6445,#6446);
#6445 = CARTESIAN_POINT('',(-0.,0.));
#6446 = VECTOR('',#6447,1.);
#6447 = DIRECTION('',(-0.,-1.));
#6448 = ( GEOMETRIC_REPRESENTATION_CONTEXT(2) 
PARAMETRIC_REPRESENTATION_CONTEXT() REPRESENTATION_CONTEXT('2D SPACE',''
  ) );
#6449 = ADVANCED_FACE('',(#6450),#3480,.T.);
#6450 = FACE_BOUND('',#6451,.F.);
#6451 = EDGE_LOOP('',(#6452,#6453,#6454,#6455));
#6452 = ORIENTED_EDGE('',*,*,#5140,.F.);
#6453 = ORIENTED_EDGE('',*,*,#6429,.T.);
#6454 = ORIENTED_EDGE('',*,*,#3340,.T.);
#6455 = ORIENTED_EDGE('',*,*,#6456,.F.);
#6456 = EDGE_CURVE('',#4953,#3341,#6457,.T.);
#6457 = SURFACE_CURVE('',#6458,(#6462,#6469),.PCURVE_S1.);
#6458 = LINE('',#6459,#6460);
#6459 = CARTESIAN_POINT('',(7.,0.,9.));
#6460 = VECTOR('',#6461,1.);
#6461 = DIRECTION('',(0.,0.,1.));
#6462 = PCURVE('',#3480,#6463);
#6463 = DEFINITIONAL_REPRESENTATION('',(#6464),#6468);
#6464 = LINE('',#6465,#6466);
#6465 = CARTESIAN_POINT('',(-6.28318530718,0.));
#6466 = VECTOR('',#6467,1.);
#6467 = DIRECTION('',(-0.,-1.));
#6468 = ( GEOMETRIC_REPRESENTATION_CONTEXT(2) 
PARAMETRIC_REPRESENTATION_CONTEXT() REPRESENTATION_CONTEXT('2D SPACE',''
  ) );
#6469 = PCURVE('',#3708,#6470);
#6470 = DEFINITIONAL_REPRESENTATION('',(#6471),#6475);
#6471 = LINE('',#6472,#6473);
#6472 = CARTESIAN_POINT('',(-0.,0.));
#6473 = VECTOR('',#6474,1.);
#6474 = DIRECTION('',(-0.,-1.));
#6475 = ( GEOMETRIC_REPRESENTATION_CONTEXT(2) 
PARAMETRIC_REPRESENTATION_CONTEXT() REPRESENTATION_CONTEXT('2D SPACE',''
  ) );
#6476 = ADVANCED_FACE('',(#6477),#3708,.T.);
#6477 = FACE_BOUND('',#6478,.F.);
#6478 = EDGE_LOOP('',(#6479,#6480,#6481,#6482));
#6479 = ORIENTED_EDGE('',*,*,#4952,.F.);
#6480 = ORIENTED_EDGE('',*,*,#6456,.T.);
#6481 = ORIENTED_EDGE('',*,*,#3554,.T.);
#6482 = ORIENTED_EDGE('',*,*,#6483,.F.);
#6483 = EDGE_CURVE('',#4723,#3555,#6484,.T.);
#6484 = SURFACE_CURVE('',#6485,(#6489,#6496),.PCURVE_S1.);
#6485 = LINE('',#6486,#6487);
#6486 = CARTESIAN_POINT('',(7.,0.,9.));
#6487 = VECTOR('',#6488,1.);
#6488 = DIRECTION('',(0.,0.,1.));
#6489 = PCURVE('',#3708,#6490);
#6490 = DEFINITIONAL_REPRESENTATION('',(#6491),#6495);
#6491 = LINE('',#6492,#6493);
#6492 = CARTESIAN_POINT('',(-6.28318530718,0.));
#6493 = VECTOR('',#6494,1.);
#6494 = DIRECTION('',(-0.,-1.));
#6495 = ( GEOMETRIC_REPRESENTATION_CONTEXT(2) 
PARAMETRIC_REPRESENTATION_CONTEXT() REPRESENTATION_CONTEXT('2D SPACE',''
  ) );
#6496 = PCURVE('',#3929,#6497);
#6497 = DEFINITIONAL_REPRESENTATION('',(#6498),#6502);
#6498 = LINE('',#6499,#6500);
#6499 = CARTESIAN_POINT('',(-0.,0.));
#6500 = VECTOR('',#6501,1.);
#6501 = DIRECTION('',(-0.,-1.));
#6502 = ( GEOMETRIC_REPRESENTATION_CONTEXT(2) 
PARAMETRIC_REPRESENTATION_CONTEXT() REPRESENTATION_CONTEXT('2D SPACE',''
  ) );
#6503 = ADVANCED_FACE('',(#6504),#3929,.T.);
#6504 = FACE_BOUND('',#6505,.F.);
#6505 = EDGE_LOOP('',(#6506,#6507,#6508,#6509));
#6506 = ORIENTED_EDGE('',*,*,#4722,.F.);
#6507 = ORIENTED_EDGE('',*,*,#6483,.T.);
#6508 = ORIENTED_EDGE('',*,*,#3789,.T.);
#6509 = ORIENTED_EDGE('',*,*,#6510,.F.);
#6510 = EDGE_CURVE('',#4493,#3790,#6511,.T.);
#6511 = SURFACE_CURVE('',#6512,(#6516,#6523),.PCURVE_S1.);
#6512 = LINE('',#6513,#6514);
#6513 = CARTESIAN_POINT('',(7.,0.,9.));
#6514 = VECTOR('',#6515,1.);
#6515 = DIRECTION('',(0.,0.,1.));
#6516 = PCURVE('',#3929,#6517);
#6517 = DEFINITIONAL_REPRESENTATION('',(#6518),#6522);
#6518 = LINE('',#6519,#6520);
#6519 = CARTESIAN_POINT('',(-6.28318530718,0.));
#6520 = VECTOR('',#6521,1.);
#6521 = DIRECTION('',(-0.,-1.));
#6522 = ( GEOMETRIC_REPRESENTATION_CONTEXT(2) 
PARAMETRIC_REPRESENTATION_CONTEXT() REPRESENTATION_CONTEXT('2D SPACE',''
  ) );
#6523 = PCURVE('',#4073,#6524);
#6524 = DEFINITIONAL_REPRESENTATION('',(#6525),#6529);
#6525 = LINE('',#6526,#6527);
#6526 = CARTESIAN_POINT('',(-0.,0.));
#6527 = VECTOR('',#6528,1.);
#6528 = DIRECTION('',(-0.,-1.));
#6529 = ( GEOMETRIC_REPRESENTATION_CONTEXT(2) 
PARAMETRIC_REPRESENTATION_CONTEXT() REPRESENTATION_CONTEXT('2D SPACE',''
  ) );
#6530 = ADVANCED_FACE('',(#6531),#4073,.T.);
#6531 = FACE_BOUND('',#6532,.F.);
#6532 = EDGE_LOOP('',(#6533,#6534,#6535,#6536,#6557,#6581));
#6533 = ORIENTED_EDGE('',*,*,#4492,.F.);
#6534 = ORIENTED_EDGE('',*,*,#6510,.T.);
#6535 = ORIENTED_EDGE('',*,*,#4003,.T.);
#6536 = ORIENTED_EDGE('',*,*,#6537,.F.);
#6537 = EDGE_CURVE('',#6538,#4004,#6540,.T.);
#6538 = VERTEX_POINT('',#6539);
#6539 = CARTESIAN_POINT('',(-7.,-9.721422060221E-13,49.));
#6540 = SURFACE_CURVE('',#6541,(#6545,#6551),.PCURVE_S1.);
#6541 = LINE('',#6542,#6543);
#6542 = CARTESIAN_POINT('',(-7.,3.617151940539E-11,9.));
#6543 = VECTOR('',#6544,1.);
#6544 = DIRECTION('',(-0.,-0.,-1.));
#6545 = PCURVE('',#4073,#6546);
#6546 = DEFINITIONAL_REPRESENTATION('',(#6547),#6550);
#6547 = B_SPLINE_CURVE_WITH_KNOTS('',1,(#6548,#6549),.UNSPECIFIED.,.F.,
  .F.,(2,2),(-40.0000006,-36.03582618621),.PIECEWISE_BEZIER_KNOTS.);
#6548 = CARTESIAN_POINT('',(-3.141592653585,-40.0000006));
#6549 = CARTESIAN_POINT('',(-3.141592653585,-36.03582618621));
#6550 = ( GEOMETRIC_REPRESENTATION_CONTEXT(2) 
PARAMETRIC_REPRESENTATION_CONTEXT() REPRESENTATION_CONTEXT('2D SPACE',''
  ) );
#6551 = PCURVE('',#4132,#6552);
#6552 = DEFINITIONAL_REPRESENTATION('',(#6553),#6556);
#6553 = B_SPLINE_CURVE_WITH_KNOTS('',1,(#6554,#6555),.UNSPECIFIED.,.F.,
  .F.,(2,2),(-40.0000006,-36.03582618621),.PIECEWISE_BEZIER_KNOTS.);
#6554 = CARTESIAN_POINT('',(2.059502048857E-04,-1.000000600226));
#6555 = CARTESIAN_POINT('',(2.059502048857E-04,2.964173813562));
#6556 = ( GEOMETRIC_REPRESENTATION_CONTEXT(2) 
PARAMETRIC_REPRESENTATION_CONTEXT() REPRESENTATION_CONTEXT('2D SPACE',''
  ) );
#6557 = ORIENTED_EDGE('',*,*,#6558,.T.);
#6558 = EDGE_CURVE('',#6538,#6559,#6561,.T.);
#6559 = VERTEX_POINT('',#6560);
#6560 = CARTESIAN_POINT('',(7.,0.,49.));
#6561 = SURFACE_CURVE('',#6562,(#6567,#6574),.PCURVE_S1.);
#6562 = CIRCLE('',#6563,7.);
#6563 = AXIS2_PLACEMENT_3D('',#6564,#6565,#6566);
#6564 = CARTESIAN_POINT('',(0.,0.,49.));
#6565 = DIRECTION('',(0.,0.,1.));
#6566 = DIRECTION('',(1.,0.,0.));
#6567 = PCURVE('',#4073,#6568);
#6568 = DEFINITIONAL_REPRESENTATION('',(#6569),#6573);
#6569 = LINE('',#6570,#6571);
#6570 = CARTESIAN_POINT('',(-0.,-40.));
#6571 = VECTOR('',#6572,1.);
#6572 = DIRECTION('',(-1.,0.));
#6573 = ( GEOMETRIC_REPRESENTATION_CONTEXT(2) 
PARAMETRIC_REPRESENTATION_CONTEXT() REPRESENTATION_CONTEXT('2D SPACE',''
  ) );
#6574 = PCURVE('',#4288,#6575);
#6575 = DEFINITIONAL_REPRESENTATION('',(#6576),#6580);
#6576 = CIRCLE('',#6577,7.);
#6577 = AXIS2_PLACEMENT_2D('',#6578,#6579);
#6578 = CARTESIAN_POINT('',(1.953485903628E-16,-4.9564344165E-16));
#6579 = DIRECTION('',(1.,0.));
#6580 = ( GEOMETRIC_REPRESENTATION_CONTEXT(2) 
PARAMETRIC_REPRESENTATION_CONTEXT() REPRESENTATION_CONTEXT('2D SPACE',''
  ) );
#6581 = ORIENTED_EDGE('',*,*,#6582,.F.);
#6582 = EDGE_CURVE('',#4363,#6559,#6583,.T.);
#6583 = SURFACE_CURVE('',#6584,(#6588,#6595),.PCURVE_S1.);
#6584 = LINE('',#6585,#6586);
#6585 = CARTESIAN_POINT('',(7.,0.,9.));
#6586 = VECTOR('',#6587,1.);
#6587 = DIRECTION('',(0.,0.,1.));
#6588 = PCURVE('',#4073,#6589);
#6589 = DEFINITIONAL_REPRESENTATION('',(#6590),#6594);
#6590 = LINE('',#6591,#6592);
#6591 = CARTESIAN_POINT('',(-6.28318530718,0.));
#6592 = VECTOR('',#6593,1.);
#6593 = DIRECTION('',(-0.,-1.));
#6594 = ( GEOMETRIC_REPRESENTATION_CONTEXT(2) 
PARAMETRIC_REPRESENTATION_CONTEXT() REPRESENTATION_CONTEXT('2D SPACE',''
  ) );
#6595 = PCURVE('',#4446,#6596);
#6596 = DEFINITIONAL_REPRESENTATION('',(#6597),#6601);
#6597 = LINE('',#6598,#6599);
#6598 = CARTESIAN_POINT('',(-0.,0.));
#6599 = VECTOR('',#6600,1.);
#6600 = DIRECTION('',(-0.,-1.));
#6601 = ( GEOMETRIC_REPRESENTATION_CONTEXT(2) 
PARAMETRIC_REPRESENTATION_CONTEXT() REPRESENTATION_CONTEXT('2D SPACE',''
  ) );
#6602 = ADVANCED_FACE('',(#6603),#4446,.T.);
#6603 = FACE_BOUND('',#6604,.F.);
#6604 = EDGE_LOOP('',(#6605,#6606,#6607));
#6605 = ORIENTED_EDGE('',*,*,#4362,.F.);
#6606 = ORIENTED_EDGE('',*,*,#6582,.T.);
#6607 = ORIENTED_EDGE('',*,*,#6608,.T.);
#6608 = EDGE_CURVE('',#6559,#4149,#6609,.T.);
#6609 = SURFACE_CURVE('',#6610,(#6615,#6622),.PCURVE_S1.);
#6610 = CIRCLE('',#6611,7.);
#6611 = AXIS2_PLACEMENT_3D('',#6612,#6613,#6614);
#6612 = CARTESIAN_POINT('',(0.,0.,49.));
#6613 = DIRECTION('',(0.,0.,1.));
#6614 = DIRECTION('',(1.,0.,0.));
#6615 = PCURVE('',#4446,#6616);
#6616 = DEFINITIONAL_REPRESENTATION('',(#6617),#6621);
#6617 = LINE('',#6618,#6619);
#6618 = CARTESIAN_POINT('',(-0.,-40.));
#6619 = VECTOR('',#6620,1.);
#6620 = DIRECTION('',(-1.,0.));
#6621 = ( GEOMETRIC_REPRESENTATION_CONTEXT(2) 
PARAMETRIC_REPRESENTATION_CONTEXT() REPRESENTATION_CONTEXT('2D SPACE',''
  ) );
#6622 = PCURVE('',#4288,#6623);
#6623 = DEFINITIONAL_REPRESENTATION('',(#6624),#6628);
#6624 = CIRCLE('',#6625,7.);
#6625 = AXIS2_PLACEMENT_2D('',#6626,#6627);
#6626 = CARTESIAN_POINT('',(1.953485903628E-16,-4.9564344165E-16));
#6627 = DIRECTION('',(1.,0.));
#6628 = ( GEOMETRIC_REPRESENTATION_CONTEXT(2) 
PARAMETRIC_REPRESENTATION_CONTEXT() REPRESENTATION_CONTEXT('2D SPACE',''
  ) );
#6629 = ADVANCED_FACE('',(#6630),#4288,.T.);
#6630 = FACE_BOUND('',#6631,.T.);
#6631 = EDGE_LOOP('',(#6632,#6633,#6634,#6635));
#6632 = ORIENTED_EDGE('',*,*,#6558,.T.);
#6633 = ORIENTED_EDGE('',*,*,#6608,.T.);
#6634 = ORIENTED_EDGE('',*,*,#4148,.F.);
#6635 = ORIENTED_EDGE('',*,*,#6636,.T.);
#6636 = EDGE_CURVE('',#4113,#6538,#6637,.T.);
#6637 = SURFACE_CURVE('',#6638,(#6642,#6648),.PCURVE_S1.);
#6638 = LINE('',#6639,#6640);
#6639 = CARTESIAN_POINT('',(-3.500102975102,3.492160971978E-07,49.));
#6640 = VECTOR('',#6641,1.);
#6641 = DIRECTION('',(-1.,-9.977924127274E-08,0.));
#6642 = PCURVE('',#4288,#6643);
#6643 = DEFINITIONAL_REPRESENTATION('',(#6644),#6647);
#6644 = B_SPLINE_CURVE_WITH_KNOTS('',1,(#6645,#6646),.UNSPECIFIED.,.F.,
  .F.,(2,2),(-7.395497241175E-02,3.499897024898),
  .PIECEWISE_BEZIER_KNOTS.);
#6645 = CARTESIAN_POINT('',(-3.426148002691,3.565952677377E-07));
#6646 = CARTESIAN_POINT('',(-7.,-9.729748746031E-13));
#6647 = ( GEOMETRIC_REPRESENTATION_CONTEXT(2) 
PARAMETRIC_REPRESENTATION_CONTEXT() REPRESENTATION_CONTEXT('2D SPACE',''
  ) );
#6648 = PCURVE('',#4132,#6649);
#6649 = DEFINITIONAL_REPRESENTATION('',(#6650),#6653);
#6650 = B_SPLINE_CURVE_WITH_KNOTS('',1,(#6651,#6652),.UNSPECIFIED.,.F.,
  .F.,(2,2),(-7.395497241175E-02,3.499897024898),
  .PIECEWISE_BEZIER_KNOTS.);
#6651 = CARTESIAN_POINT('',(3.574057947514,-1.000000000226));
#6652 = CARTESIAN_POINT('',(2.059502048857E-04,-1.000000000226));
#6653 = ( GEOMETRIC_REPRESENTATION_CONTEXT(2) 
PARAMETRIC_REPRESENTATION_CONTEXT() REPRESENTATION_CONTEXT('2D SPACE',''
  ) );
#6654 = ADVANCED_FACE('',(#6655),#4132,.T.);
#6655 = FACE_BOUND('',#6656,.T.);
#6656 = EDGE_LOOP('',(#6657,#6658,#6659));
#6657 = ORIENTED_EDGE('',*,*,#6636,.F.);
#6658 = ORIENTED_EDGE('',*,*,#4112,.T.);
#6659 = ORIENTED_EDGE('',*,*,#6537,.F.);
#6660 = ( GEOMETRIC_REPRESENTATION_CONTEXT(3) 
GLOBAL_UNCERTAINTY_ASSIGNED_CONTEXT((#6664)) 
GLOBAL_UNIT_ASSIGNED_CONTEXT((#6661,#6662,#6663)) REPRESENTATION_CONTEXT
('Context #1','3D Context with UNIT and UNCERTAINTY') );
#6661 = ( LENGTH_UNIT() NAMED_UNIT(*) SI_UNIT(.MILLI.,.METRE.) );
#6662 = ( NAMED_UNIT(*) PLANE_ANGLE_UNIT() SI_UNIT($,.RADIAN.) );
#6663 = ( NAMED_UNIT(*) SI_UNIT($,.STERADIAN.) SOLID_ANGLE_UNIT() );
#6664 = UNCERTAINTY_MEASURE_WITH_UNIT(LENGTH_MEASURE(2.E-06),#6661,
  'distance_accuracy_value','confusion accuracy');
#6665 = PRODUCT_RELATED_PRODUCT_CATEGORY('part',$,(#7));
ENDSEC;
END-ISO-10303-21;
