ISO-10303-21;
HEADER;
FILE_DESCRIPTION(('Open CASCADE Model'),'2;1');
FILE_NAME('Open CASCADE Shape Model','2026-05-26T15:57:29',('Author'),(
    'Open CASCADE'),'Open CASCADE STEP processor 7.8','Open CASCADE 7.8'
  ,'Unknown');
FILE_SCHEMA(('AUTOMOTIVE_DESIGN { 1 0 10303 214 1 1 1 1 }'));
ENDSEC;
DATA;
#1 = APPLICATION_PROTOCOL_DEFINITION('international standard',
  'automotive_design',2000,#2);
#2 = APPLICATION_CONTEXT(
  'core data for automotive mechanical design processes');
#3 = SHAPE_DEFINITION_REPRESENTATION(#4,#10);
#4 = PRODUCT_DEFINITION_SHAPE('','',#5);
#5 = PRODUCT_DEFINITION('design','',#6,#9);
#6 = PRODUCT_DEFINITION_FORMATION('','',#7);
#7 = PRODUCT('Open CASCADE STEP translator 7.8 2',
  'Open CASCADE STEP translator 7.8 2','',(#8));
#8 = PRODUCT_CONTEXT('',#2,'mechanical');
#9 = PRODUCT_DEFINITION_CONTEXT('part definition',#2,'design');
#10 = ADVANCED_BREP_SHAPE_REPRESENTATION('',(#11,#15),#8128);
#11 = AXIS2_PLACEMENT_3D('',#12,#13,#14);
#12 = CARTESIAN_POINT('',(0.,0.,0.));
#13 = DIRECTION('',(0.,0.,1.));
#14 = DIRECTION('',(1.,0.,-0.));
#15 = MANIFOLD_SOLID_BREP('',#16);
#16 = CLOSED_SHELL('',(#17,#2128,#2163,#2193,#2337,#2651,#2697,#2841,
    #3042,#3088,#3232,#3433,#3479,#3623,#3824,#3870,#4014,#4215,#4261,
    #4405,#4606,#4652,#4726,#4805,#4930,#4957,#5165,#5219,#5399,#5490,
    #5698,#5724,#5810,#6018,#6044,#6130,#6338,#6364,#6450,#6658,#6684,
    #6770,#6978,#7004,#7090,#7116,#7197,#7251,#7275,#7298,#7352,#7376,
    #7399,#7447,#7473,#7522,#7546,#7552,#7600,#7649,#7673,#7679,#7727,
    #7776,#7800,#7806,#7854,#7903,#7927,#7933,#7981,#8030,#8054,#8060,
    #8086,#8092,#8098,#8104,#8110,#8116,#8122));
#17 = ADVANCED_FACE('',(#18,#105,#394,#683,#972,#1261,#1550,#1839),#32,
  .T.);
#18 = FACE_BOUND('',#19,.T.);
#19 = EDGE_LOOP('',(#20,#50,#77,#78));
#20 = ORIENTED_EDGE('',*,*,#21,.T.);
#21 = EDGE_CURVE('',#22,#24,#26,.T.);
#22 = VERTEX_POINT('',#23);
#23 = CARTESIAN_POINT('',(11.,-2.694222958124E-15,0.));
#24 = VERTEX_POINT('',#25);
#25 = CARTESIAN_POINT('',(11.,-2.694222958124E-15,28.));
#26 = SEAM_CURVE('',#27,(#31,#43),.PCURVE_S1.);
#27 = LINE('',#28,#29);
#28 = CARTESIAN_POINT('',(11.,-2.694222958124E-15,0.));
#29 = VECTOR('',#30,1.);
#30 = DIRECTION('',(0.,0.,1.));
#31 = PCURVE('',#32,#37);
#32 = CYLINDRICAL_SURFACE('',#33,11.);
#33 = AXIS2_PLACEMENT_3D('',#34,#35,#36);
#34 = CARTESIAN_POINT('',(0.,0.,0.));
#35 = DIRECTION('',(0.,0.,1.));
#36 = DIRECTION('',(1.,0.,0.));
#37 = DEFINITIONAL_REPRESENTATION('',(#38),#42);
#38 = LINE('',#39,#40);
#39 = CARTESIAN_POINT('',(6.28318530718,-0.));
#40 = VECTOR('',#41,1.);
#41 = DIRECTION('',(0.,1.));
#42 = ( GEOMETRIC_REPRESENTATION_CONTEXT(2) 
PARAMETRIC_REPRESENTATION_CONTEXT() REPRESENTATION_CONTEXT('2D SPACE',''
  ) );
#43 = PCURVE('',#32,#44);
#44 = DEFINITIONAL_REPRESENTATION('',(#45),#49);
#45 = LINE('',#46,#47);
#46 = CARTESIAN_POINT('',(0.,-0.));
#47 = VECTOR('',#48,1.);
#48 = DIRECTION('',(0.,1.));
#49 = ( GEOMETRIC_REPRESENTATION_CONTEXT(2) 
PARAMETRIC_REPRESENTATION_CONTEXT() REPRESENTATION_CONTEXT('2D SPACE',''
  ) );
#50 = ORIENTED_EDGE('',*,*,#51,.F.);
#51 = EDGE_CURVE('',#24,#24,#52,.T.);
#52 = SURFACE_CURVE('',#53,(#58,#65),.PCURVE_S1.);
#53 = CIRCLE('',#54,11.);
#54 = AXIS2_PLACEMENT_3D('',#55,#56,#57);
#55 = CARTESIAN_POINT('',(0.,0.,28.));
#56 = DIRECTION('',(0.,0.,1.));
#57 = DIRECTION('',(1.,0.,0.));
#58 = PCURVE('',#32,#59);
#59 = DEFINITIONAL_REPRESENTATION('',(#60),#64);
#60 = LINE('',#61,#62);
#61 = CARTESIAN_POINT('',(0.,28.));
#62 = VECTOR('',#63,1.);
#63 = DIRECTION('',(1.,0.));
#64 = ( GEOMETRIC_REPRESENTATION_CONTEXT(2) 
PARAMETRIC_REPRESENTATION_CONTEXT() REPRESENTATION_CONTEXT('2D SPACE',''
  ) );
#65 = PCURVE('',#66,#71);
#66 = PLANE('',#67);
#67 = AXIS2_PLACEMENT_3D('',#68,#69,#70);
#68 = CARTESIAN_POINT('',(0.,0.,28.));
#69 = DIRECTION('',(0.,0.,1.));
#70 = DIRECTION('',(1.,0.,0.));
#71 = DEFINITIONAL_REPRESENTATION('',(#72),#76);
#72 = CIRCLE('',#73,11.);
#73 = AXIS2_PLACEMENT_2D('',#74,#75);
#74 = CARTESIAN_POINT('',(0.,0.));
#75 = DIRECTION('',(1.,0.));
#76 = ( GEOMETRIC_REPRESENTATION_CONTEXT(2) 
PARAMETRIC_REPRESENTATION_CONTEXT() REPRESENTATION_CONTEXT('2D SPACE',''
  ) );
#77 = ORIENTED_EDGE('',*,*,#21,.F.);
#78 = ORIENTED_EDGE('',*,*,#79,.T.);
#79 = EDGE_CURVE('',#22,#22,#80,.T.);
#80 = SURFACE_CURVE('',#81,(#86,#93),.PCURVE_S1.);
#81 = CIRCLE('',#82,11.);
#82 = AXIS2_PLACEMENT_3D('',#83,#84,#85);
#83 = CARTESIAN_POINT('',(0.,0.,0.));
#84 = DIRECTION('',(0.,0.,1.));
#85 = DIRECTION('',(1.,0.,0.));
#86 = PCURVE('',#32,#87);
#87 = DEFINITIONAL_REPRESENTATION('',(#88),#92);
#88 = LINE('',#89,#90);
#89 = CARTESIAN_POINT('',(0.,0.));
#90 = VECTOR('',#91,1.);
#91 = DIRECTION('',(1.,0.));
#92 = ( GEOMETRIC_REPRESENTATION_CONTEXT(2) 
PARAMETRIC_REPRESENTATION_CONTEXT() REPRESENTATION_CONTEXT('2D SPACE',''
  ) );
#93 = PCURVE('',#94,#99);
#94 = PLANE('',#95);
#95 = AXIS2_PLACEMENT_3D('',#96,#97,#98);
#96 = CARTESIAN_POINT('',(0.,0.,0.));
#97 = DIRECTION('',(0.,0.,1.));
#98 = DIRECTION('',(1.,0.,0.));
#99 = DEFINITIONAL_REPRESENTATION('',(#100),#104);
#100 = CIRCLE('',#101,11.);
#101 = AXIS2_PLACEMENT_2D('',#102,#103);
#102 = CARTESIAN_POINT('',(0.,0.));
#103 = DIRECTION('',(1.,0.));
#104 = ( GEOMETRIC_REPRESENTATION_CONTEXT(2) 
PARAMETRIC_REPRESENTATION_CONTEXT() REPRESENTATION_CONTEXT('2D SPACE',''
  ) );
#105 = FACE_BOUND('',#106,.T.);
#106 = EDGE_LOOP('',(#107,#166,#367));
#107 = ORIENTED_EDGE('',*,*,#108,.F.);
#108 = EDGE_CURVE('',#109,#111,#113,.T.);
#109 = VERTEX_POINT('',#110);
#110 = CARTESIAN_POINT('',(8.097914315283,7.444715155218,20.371453988102
    ));
#111 = VERTEX_POINT('',#112);
#112 = CARTESIAN_POINT('',(8.199277400341,7.332929163183,26.));
#113 = SURFACE_CURVE('',#114,(#125,#139),.PCURVE_S1.);
#114 = B_SPLINE_CURVE_WITH_KNOTS('',5,(#115,#116,#117,#118,#119,#120,
    #121,#122,#123,#124),.UNSPECIFIED.,.F.,.F.,(6,4,6),(0.,0.49872285209
    ,1.),.UNSPECIFIED.);
#115 = CARTESIAN_POINT('',(8.097914315283,7.444715155218,20.371453988102
    ));
#116 = CARTESIAN_POINT('',(8.116917359549,7.424044784225,20.932430486879
    ));
#117 = CARTESIAN_POINT('',(8.133574892922,7.405793361486,21.49357530278)
  );
#118 = CARTESIAN_POINT('',(8.147975060163,7.389928429643,22.054855974554
    ));
#119 = CARTESIAN_POINT('',(8.160179263279,7.376428651444,22.616243762765
    ));
#120 = CARTESIAN_POINT('',(8.180329407328,7.35407630907,23.742057446979)
  );
#121 = CARTESIAN_POINT('',(8.188253382647,7.345247780345,24.306483985718
    ));
#122 = CARTESIAN_POINT('',(8.194041411049,7.338782763547,24.870966129572
    ));
#123 = CARTESIAN_POINT('',(8.197715224082,7.334675902611,25.435479179831
    ));
#124 = CARTESIAN_POINT('',(8.199277400341,7.332929163183,26.));
#125 = PCURVE('',#32,#126);
#126 = DEFINITIONAL_REPRESENTATION('',(#127),#138);
#127 = B_SPLINE_CURVE_WITH_KNOTS('',5,(#128,#129,#130,#131,#132,#133,
    #134,#135,#136,#137),.UNSPECIFIED.,.F.,.F.,(6,4,6),(0.,0.49872285209
    ,1.),.UNSPECIFIED.);
#128 = CARTESIAN_POINT('',(0.74339658277,20.371453988102));
#129 = CARTESIAN_POINT('',(0.740844027854,20.932430486879));
#130 = CARTESIAN_POINT('',(0.738597671934,21.49357530278));
#131 = CARTESIAN_POINT('',(0.736649885867,22.054855974554));
#132 = CARTESIAN_POINT('',(0.734995475602,22.616243762765));
#133 = CARTESIAN_POINT('',(0.732259647332,23.742057446979));
#134 = CARTESIAN_POINT('',(0.731181188533,24.306483985718));
#135 = CARTESIAN_POINT('',(0.730392333009,24.870966129572));
#136 = CARTESIAN_POINT('',(0.72989139753,25.435479179831));
#137 = CARTESIAN_POINT('',(0.729678361754,26.));
#138 = ( GEOMETRIC_REPRESENTATION_CONTEXT(2) 
PARAMETRIC_REPRESENTATION_CONTEXT() REPRESENTATION_CONTEXT('2D SPACE',''
  ) );
#139 = PCURVE('',#140,#153);
#140 = B_SPLINE_SURFACE_WITH_KNOTS('',1,5,(
    (#141,#142,#143,#144,#145,#146)
    ,(#147,#148,#149,#150,#151,#152
    )),.UNSPECIFIED.,.F.,.F.,.F.,(2,2),(6,6),(0.,3.5),(0.,26.),
  .PIECEWISE_BEZIER_KNOTS.);
#141 = CARTESIAN_POINT('',(16.75,10.,0.));
#142 = CARTESIAN_POINT('',(15.283923428325,10.256563400043,5.2));
#143 = CARTESIAN_POINT('',(13.770819162425,10.24450266251,10.4));
#144 = CARTESIAN_POINT('',(12.276387741657,9.952017715008,15.6));
#145 = CARTESIAN_POINT('',(10.870379022431,9.392759758127,20.8));
#146 = CARTESIAN_POINT('',(9.609197380997,8.602426815902,26.));
#147 = CARTESIAN_POINT('',(13.25,10.,0.));
#148 = CARTESIAN_POINT('',(11.783923428325,9.743436599957,5.2));
#149 = CARTESIAN_POINT('',(10.364838708257,9.218242789879,10.4));
#150 = CARTESIAN_POINT('',(9.05854910061,8.435631662405,15.6));
#151 = CARTESIAN_POINT('',(7.92602328638,7.432130162169,20.8));
#152 = CARTESIAN_POINT('',(7.008190491826,6.260469693646,26.));
#153 = DEFINITIONAL_REPRESENTATION('',(#154),#165);
#154 = B_SPLINE_CURVE_WITH_KNOTS('',5,(#155,#156,#157,#158,#159,#160,
    #161,#162,#163,#164),.UNSPECIFIED.,.F.,.F.,(6,4,6),(0.,0.49872285209
    ,1.),.UNSPECIFIED.);
#155 = CARTESIAN_POINT('',(3.5,20.371453988102));
#156 = CARTESIAN_POINT('',(3.337115552712,20.932430486879));
#157 = CARTESIAN_POINT('',(3.175385816211,21.49357530278));
#158 = CARTESIAN_POINT('',(3.014592019495,22.054855974554));
#159 = CARTESIAN_POINT('',(2.854536683729,22.616243762765));
#160 = CARTESIAN_POINT('',(2.534717136275,23.742057446979));
#161 = CARTESIAN_POINT('',(2.374958412734,24.306483985718));
#162 = CARTESIAN_POINT('',(2.215573112997,24.870966129572));
#163 = CARTESIAN_POINT('',(2.056386357847,25.435479179831));
#164 = CARTESIAN_POINT('',(1.897234472097,26.));
#165 = ( GEOMETRIC_REPRESENTATION_CONTEXT(2) 
PARAMETRIC_REPRESENTATION_CONTEXT() REPRESENTATION_CONTEXT('2D SPACE',''
  ) );
#166 = ORIENTED_EDGE('',*,*,#167,.F.);
#167 = EDGE_CURVE('',#168,#109,#170,.T.);
#168 = VERTEX_POINT('',#169);
#169 = CARTESIAN_POINT('',(10.809410001076,2.03878773506,26.));
#170 = SURFACE_CURVE('',#171,(#230,#292),.PCURVE_S1.);
#171 = B_SPLINE_CURVE_WITH_KNOTS('',8,(#172,#173,#174,#175,#176,#177,
    #178,#179,#180,#181,#182,#183,#184,#185,#186,#187,#188,#189,#190,
    #191,#192,#193,#194,#195,#196,#197,#198,#199,#200,#201,#202,#203,
    #204,#205,#206,#207,#208,#209,#210,#211,#212,#213,#214,#215,#216,
    #217,#218,#219,#220,#221,#222,#223,#224,#225,#226,#227,#228,#229),
  .UNSPECIFIED.,.F.,.F.,(9,7,7,7,7,7,7,7,9),(0.,0.356968876052,
    0.563069773417,0.666843209816,0.701346354694,0.759859904312,
    0.800466175239,0.859495039483,1.),.UNSPECIFIED.);
#172 = CARTESIAN_POINT('',(10.809410001076,2.03878773506,26.));
#173 = CARTESIAN_POINT('',(10.791441788738,2.134053059064,
    25.586183325616));
#174 = CARTESIAN_POINT('',(10.771562195483,2.234182931552,
    25.173203048638));
#175 = CARTESIAN_POINT('',(10.749453166628,2.339895263919,
    24.761047896116));
#176 = CARTESIAN_POINT('',(10.724699434815,2.452076541377,
    24.349867625894));
#177 = CARTESIAN_POINT('',(10.696787823851,2.571789770631,
    23.939971457375));
#178 = CARTESIAN_POINT('',(10.664958820662,2.700515537456,
    23.531883414226));
#179 = CARTESIAN_POINT('',(10.62822763253,2.840133426137,23.126334039669
    ));
#180 = CARTESIAN_POINT('',(10.559560280421,3.082890512504,
    22.492491582327));
#181 = CARTESIAN_POINT('',(10.532187728555,3.176404215849,
    22.261996418742));
#182 = CARTESIAN_POINT('',(10.502198975794,3.275287314097,
    22.033021500363));
#183 = CARTESIAN_POINT('',(10.469119740829,3.380368270139,
    21.805855339497));
#184 = CARTESIAN_POINT('',(10.432374748311,3.4925973327,21.581063345736)
  );
#185 = CARTESIAN_POINT('',(10.391160501542,3.613217025666,
    21.359566451682));
#186 = CARTESIAN_POINT('',(10.34445457323,3.743746051511,21.142628803416
    ));
#187 = CARTESIAN_POINT('',(10.263231919806,3.958787260572,
    20.826240421656));
#188 = CARTESIAN_POINT('',(10.234206921196,4.033890064998,
    20.722052625172));
#189 = CARTESIAN_POINT('',(10.203122218676,4.11242338006,20.619840096183
    ));
#190 = CARTESIAN_POINT('',(10.169718046806,4.194725861593,
    20.519965093109));
#191 = CARTESIAN_POINT('',(10.133704256244,4.281134491439,20.42294709156
    ));
#192 = CARTESIAN_POINT('',(10.094755464934,4.371981791508,
    20.329462380171));
#193 = CARTESIAN_POINT('',(10.052507239264,4.467587988184,
    20.240340147489));
#194 = CARTESIAN_POINT('',(9.991274296407,4.601716146219,20.128697747711
    ));
#195 = CARTESIAN_POINT('',(9.975589653599,4.63573403666,20.101437802472)
  );
#196 = CARTESIAN_POINT('',(9.959486764437,4.670307973075,20.074813745321
    ));
#197 = CARTESIAN_POINT('',(9.942953619496,4.705441523559,20.048867205266
    ));
#198 = CARTESIAN_POINT('',(9.925979195069,4.741135142774,20.02364225124)
  );
#199 = CARTESIAN_POINT('',(9.908553835979,4.777385665093,19.99918472415)
  );
#200 = CARTESIAN_POINT('',(9.890669638402,4.814185797743,19.975541568921
    ));
#201 = CARTESIAN_POINT('',(9.841203270547,4.914844455259,19.914125406655
    ));
#202 = CARTESIAN_POINT('',(9.808739146812,4.979732795878,19.877956117034
    ));
#203 = CARTESIAN_POINT('',(9.774912500496,5.04610470873,19.844502132038)
  );
#204 = CARTESIAN_POINT('',(9.739723035934,5.113845893418,19.814002477265
    ));
#205 = CARTESIAN_POINT('',(9.703191096914,5.182806969171,19.786672775394
    ));
#206 = CARTESIAN_POINT('',(9.665364038006,5.252798704326,19.762691500272
    ));
#207 = CARTESIAN_POINT('',(9.626323993083,5.323587182347,19.742185079253
    ));
#208 = CARTESIAN_POINT('',(9.558350398702,5.444369700924,19.71343303697)
  );
#209 = CARTESIAN_POINT('',(9.529974022031,5.494108884965,19.703353111396
    ));
#210 = CARTESIAN_POINT('',(9.501107225019,5.544016087226,19.694991995516
    ));
#211 = CARTESIAN_POINT('',(9.471790745849,5.594004822265,19.68835109161)
  );
#212 = CARTESIAN_POINT('',(9.442066505223,5.64399265891,19.683415472265)
  );
#213 = CARTESIAN_POINT('',(9.411977364724,5.69390139069,19.680156076861)
  );
#214 = CARTESIAN_POINT('',(9.381566885171,5.743657206256,19.678531908044
    ));
#215 = CARTESIAN_POINT('',(9.306268586392,5.865197356448,19.678434546093
    ));
#216 = CARTESIAN_POINT('',(9.261070239082,5.936737246367,19.681725267698
    ));
#217 = CARTESIAN_POINT('',(9.215405455603,6.007619652033,19.688208623191
    ));
#218 = CARTESIAN_POINT('',(9.169382045278,6.077696270394,19.697691481701
    ));
#219 = CARTESIAN_POINT('',(9.123093404903,6.146856242927,19.709963911099
    ));
#220 = CARTESIAN_POINT('',(9.07661753292,6.215021973738,19.724814870426)
  );
#221 = CARTESIAN_POINT('',(9.030015867067,6.282145895718,19.742043034986
    ));
#222 = CARTESIAN_POINT('',(8.872211349819,6.505454634133,19.807687036095
    ));
#223 = CARTESIAN_POINT('',(8.760820907871,6.656408606513,19.866246541341
    ));
#224 = CARTESIAN_POINT('',(8.649447153442,6.801268720948,19.934692469184
    ));
#225 = CARTESIAN_POINT('',(8.538336796715,6.940257402518,20.011095492562
    ));
#226 = CARTESIAN_POINT('',(8.427651809543,7.073671985327,20.093939313647
    ));
#227 = CARTESIAN_POINT('',(8.317439192625,7.20189646017,20.18208005873)
  );
#228 = CARTESIAN_POINT('',(8.207609014875,7.325395844859,20.274733737022
    ));
#229 = CARTESIAN_POINT('',(8.097914315283,7.444715155218,20.371453988102
    ));
#230 = PCURVE('',#32,#231);
#231 = DEFINITIONAL_REPRESENTATION('',(#232),#291);
#232 = B_SPLINE_CURVE_WITH_KNOTS('',8,(#233,#234,#235,#236,#237,#238,
    #239,#240,#241,#242,#243,#244,#245,#246,#247,#248,#249,#250,#251,
    #252,#253,#254,#255,#256,#257,#258,#259,#260,#261,#262,#263,#264,
    #265,#266,#267,#268,#269,#270,#271,#272,#273,#274,#275,#276,#277,
    #278,#279,#280,#281,#282,#283,#284,#285,#286,#287,#288,#289,#290),
  .UNSPECIFIED.,.F.,.F.,(9,7,7,7,7,7,7,7,9),(0.,0.356968876052,
    0.563069773417,0.666843209816,0.701346354694,0.759859904312,
    0.800466175239,0.859495039483,1.),.UNSPECIFIED.);
#233 = CARTESIAN_POINT('',(0.186422261657,26.));
#234 = CARTESIAN_POINT('',(0.195235446095,25.586183325616));
#235 = CARTESIAN_POINT('',(0.204515408862,25.173203048638));
#236 = CARTESIAN_POINT('',(0.214332662001,24.761047896116));
#237 = CARTESIAN_POINT('',(0.224774991204,24.349867625894));
#238 = CARTESIAN_POINT('',(0.235948048845,23.939971457375));
#239 = CARTESIAN_POINT('',(0.248000815043,23.531883414226));
#240 = CARTESIAN_POINT('',(0.261123025495,23.126334039669));
#241 = CARTESIAN_POINT('',(0.284057752894,22.492491582327));
#242 = CARTESIAN_POINT('',(0.292915344603,22.261996418742));
#243 = CARTESIAN_POINT('',(0.302308256935,22.033021500363));
#244 = CARTESIAN_POINT('',(0.312322074846,21.805855339497));
#245 = CARTESIAN_POINT('',(0.323056016542,21.581063345736));
#246 = CARTESIAN_POINT('',(0.334642073235,21.359566451682));
#247 = CARTESIAN_POINT('',(0.347243194349,21.142628803416));
#248 = CARTESIAN_POINT('',(0.36814039275,20.826240421656));
#249 = CARTESIAN_POINT('',(0.375459847647,20.722052625172));
#250 = CARTESIAN_POINT('',(0.383137730055,20.619840096183));
#251 = CARTESIAN_POINT('',(0.391211917622,20.519965093109));
#252 = CARTESIAN_POINT('',(0.399721408535,20.42294709156));
#253 = CARTESIAN_POINT('',(0.408706394968,20.329462380171));
#254 = CARTESIAN_POINT('',(0.418207957276,20.240340147489));
#255 = CARTESIAN_POINT('',(0.431611989008,20.128697747711));
#256 = CARTESIAN_POINT('',(0.435017387214,20.101437802472));
#257 = CARTESIAN_POINT('',(0.438484617135,20.074813745321));
#258 = CARTESIAN_POINT('',(0.442014493105,20.048867205266));
#259 = CARTESIAN_POINT('',(0.445607544551,20.02364225124));
#260 = CARTESIAN_POINT('',(0.449263960356,19.99918472415));
#261 = CARTESIAN_POINT('',(0.452983533217,19.975541568921));
#262 = CARTESIAN_POINT('',(0.463179581261,19.914125406655));
#263 = CARTESIAN_POINT('',(0.469775440182,19.877956117034));
#264 = CARTESIAN_POINT('',(0.476547377145,19.844502132038));
#265 = CARTESIAN_POINT('',(0.483486572969,19.814002477265));
#266 = CARTESIAN_POINT('',(0.490580623506,19.786672775394));
#267 = CARTESIAN_POINT('',(0.497812882523,19.762691500272));
#268 = CARTESIAN_POINT('',(0.505161716869,19.742185079253));
#269 = CARTESIAN_POINT('',(0.51776134507,19.71343303697));
#270 = CARTESIAN_POINT('',(0.52296710548,19.703353111396));
#271 = CARTESIAN_POINT('',(0.528208252598,19.694991995516));
#272 = CARTESIAN_POINT('',(0.533476342802,19.68835109161));
#273 = CARTESIAN_POINT('',(0.538763208953,19.683415472265));
#274 = CARTESIAN_POINT('',(0.544060977923,19.680156076861));
#275 = CARTESIAN_POINT('',(0.549362088123,19.678531908044));
#276 = CARTESIAN_POINT('',(0.562359812624,19.678434546093));
#277 = CARTESIAN_POINT('',(0.57005240353,19.681725267698));
#278 = CARTESIAN_POINT('',(0.577717212103,19.688208623191));
#279 = CARTESIAN_POINT('',(0.585338304816,19.697691481701));
#280 = CARTESIAN_POINT('',(0.592903289216,19.709963911099));
#281 = CARTESIAN_POINT('',(0.600403018679,19.724814870426));
#282 = CARTESIAN_POINT('',(0.607831394993,19.742043034986));
#283 = CARTESIAN_POINT('',(0.632689514427,19.807687036095));
#284 = CARTESIAN_POINT('',(0.64974074922,19.866246541341));
#285 = CARTESIAN_POINT('',(0.666346855913,19.934692469184));
#286 = CARTESIAN_POINT('',(0.682517809683,20.011095492562));
#287 = CARTESIAN_POINT('',(0.698272057194,20.093939313647));
#288 = CARTESIAN_POINT('',(0.713639350691,20.18208005873));
#289 = CARTESIAN_POINT('',(0.72866200968,20.274733737022));
#290 = CARTESIAN_POINT('',(0.74339658277,20.371453988102));
#291 = ( GEOMETRIC_REPRESENTATION_CONTEXT(2) 
PARAMETRIC_REPRESENTATION_CONTEXT() REPRESENTATION_CONTEXT('2D SPACE',''
  ) );
#292 = PCURVE('',#293,#306);
#293 = B_SPLINE_SURFACE_WITH_KNOTS('',1,5,(
    (#294,#295,#296,#297,#298,#299)
    ,(#300,#301,#302,#303,#304,#305
    )),.UNSPECIFIED.,.F.,.F.,.F.,(2,2),(6,6),(0.,20.),(0.,26.),
  .PIECEWISE_BEZIER_KNOTS.);
#294 = CARTESIAN_POINT('',(13.25,10.,0.));
#295 = CARTESIAN_POINT('',(11.783923428325,9.743436599957,5.2));
#296 = CARTESIAN_POINT('',(10.364838708257,9.218242789879,10.4));
#297 = CARTESIAN_POINT('',(9.05854910061,8.435631662405,15.6));
#298 = CARTESIAN_POINT('',(7.92602328638,7.432130162169,20.8));
#299 = CARTESIAN_POINT('',(7.008190491826,6.260469693646,26.));
#300 = CARTESIAN_POINT('',(13.25,-10.,0.));
#301 = CARTESIAN_POINT('',(14.716076571675,-10.25656340004,5.2));
#302 = CARTESIAN_POINT('',(16.229180837575,-10.24450266251,10.4));
#303 = CARTESIAN_POINT('',(17.723612258343,-9.952017715008,15.6));
#304 = CARTESIAN_POINT('',(19.129620977569,-9.392759758127,20.8));
#305 = CARTESIAN_POINT('',(20.390802619003,-8.602426815902,26.));
#306 = DEFINITIONAL_REPRESENTATION('',(#307),#366);
#307 = B_SPLINE_CURVE_WITH_KNOTS('',8,(#308,#309,#310,#311,#312,#313,
    #314,#315,#316,#317,#318,#319,#320,#321,#322,#323,#324,#325,#326,
    #327,#328,#329,#330,#331,#332,#333,#334,#335,#336,#337,#338,#339,
    #340,#341,#342,#343,#344,#345,#346,#347,#348,#349,#350,#351,#352,
    #353,#354,#355,#356,#357,#358,#359,#360,#361,#362,#363,#364,#365),
  .UNSPECIFIED.,.F.,.F.,(9,7,7,7,7,7,7,7,9),(0.,0.356968876052,
    0.563069773417,0.666843209816,0.701346354694,0.759859904312,
    0.800466175239,0.859495039483,1.),.UNSPECIFIED.);
#308 = CARTESIAN_POINT('',(5.680833417463,26.));
#309 = CARTESIAN_POINT('',(5.618431752713,25.586183325616));
#310 = CARTESIAN_POINT('',(5.550423002894,25.173203048638));
#311 = CARTESIAN_POINT('',(5.476023082556,24.761047896116));
#312 = CARTESIAN_POINT('',(5.394240238041,24.349867625895));
#313 = CARTESIAN_POINT('',(5.303868616015,23.939971457375));
#314 = CARTESIAN_POINT('',(5.203202985768,23.531883414226));
#315 = CARTESIAN_POINT('',(5.090066517009,23.126334039669));
#316 = CARTESIAN_POINT('',(4.885679870018,22.492491582327));
#317 = CARTESIAN_POINT('',(4.805475671501,22.261996418742));
#318 = CARTESIAN_POINT('',(4.719071867406,22.033021500363));
#319 = CARTESIAN_POINT('',(4.625494491266,21.805855339497));
#320 = CARTESIAN_POINT('',(4.5235970241,21.581063345736));
#321 = CARTESIAN_POINT('',(4.411846204369,21.359566451682));
#322 = CARTESIAN_POINT('',(4.288343204355,21.142628803416));
#323 = CARTESIAN_POINT('',(4.080086200228,20.826240421656));
#324 = CARTESIAN_POINT('',(4.006615513257,20.722052625172));
#325 = CARTESIAN_POINT('',(3.928991828117,20.619840096183));
#326 = CARTESIAN_POINT('',(3.84677229745,20.519965093109));
#327 = CARTESIAN_POINT('',(3.75949199413,20.42294709156));
#328 = CARTESIAN_POINT('',(3.666664356359,20.329462380171));
#329 = CARTESIAN_POINT('',(3.56778655468,20.240340147489));
#330 = CARTESIAN_POINT('',(3.42729360078,20.128697747711));
#331 = CARTESIAN_POINT('',(3.391521586023,20.101437802472));
#332 = CARTESIAN_POINT('',(3.355020088137,20.074813745321));
#333 = CARTESIAN_POINT('',(3.317777861414,20.048867205266));
#334 = CARTESIAN_POINT('',(3.279786728996,20.02364225124));
#335 = CARTESIAN_POINT('',(3.241042248927,19.99918472415));
#336 = CARTESIAN_POINT('',(3.20154438019,19.975541568921));
#337 = CARTESIAN_POINT('',(3.093044954202,19.914125406655));
#338 = CARTESIAN_POINT('',(3.022616720241,19.877956117034));
#339 = CARTESIAN_POINT('',(2.950065293753,19.844502132038));
#340 = CARTESIAN_POINT('',(2.875477368948,19.814002477265));
#341 = CARTESIAN_POINT('',(2.798981636822,19.786672775394));
#342 = CARTESIAN_POINT('',(2.720756755075,19.762691500272));
#343 = CARTESIAN_POINT('',(2.64104013848,19.742185079253));
#344 = CARTESIAN_POINT('',(2.50399413546,19.71343303697));
#345 = CARTESIAN_POINT('',(2.447266842975,19.703353111396));
#346 = CARTESIAN_POINT('',(2.390052667199,19.694991995516));
#347 = CARTESIAN_POINT('',(2.332446871225,19.68835109161));
#348 = CARTESIAN_POINT('',(2.274542619182,19.683415472265));
#349 = CARTESIAN_POINT('',(2.21643058911,19.680156076861));
#350 = CARTESIAN_POINT('',(2.158198585835,19.678531908044));
#351 = CARTESIAN_POINT('',(2.01522846498,19.678434546093));
#352 = CARTESIAN_POINT('',(1.930447516564,19.681725267698));
#353 = CARTESIAN_POINT('',(1.845822209677,19.688208623191));
#354 = CARTESIAN_POINT('',(1.761544521014,19.697691481701));
#355 = CARTESIAN_POINT('',(1.677767511932,19.709963911099));
#356 = CARTESIAN_POINT('',(1.594607674697,19.724814870426));
#357 = CARTESIAN_POINT('',(1.512146615942,19.742043034986));
#358 = CARTESIAN_POINT('',(1.235928961464,19.807687036095));
#359 = CARTESIAN_POINT('',(1.045998760536,19.866246541341));
#360 = CARTESIAN_POINT('',(0.860728176025,19.934692469184));
#361 = CARTESIAN_POINT('',(0.680134032156,20.011095492562));
#362 = CARTESIAN_POINT('',(0.504105477542,20.093939313648));
#363 = CARTESIAN_POINT('',(0.332381137255,20.18208005873));
#364 = CARTESIAN_POINT('',(0.164541896874,20.274733737022));
#365 = CARTESIAN_POINT('',(0.,20.371453988102));
#366 = ( GEOMETRIC_REPRESENTATION_CONTEXT(2) 
PARAMETRIC_REPRESENTATION_CONTEXT() REPRESENTATION_CONTEXT('2D SPACE',''
  ) );
#367 = ORIENTED_EDGE('',*,*,#368,.T.);
#368 = EDGE_CURVE('',#168,#111,#369,.T.);
#369 = SURFACE_CURVE('',#370,(#375,#382),.PCURVE_S1.);
#370 = CIRCLE('',#371,11.);
#371 = AXIS2_PLACEMENT_3D('',#372,#373,#374);
#372 = CARTESIAN_POINT('',(0.,0.,26.));
#373 = DIRECTION('',(0.,0.,1.));
#374 = DIRECTION('',(1.,0.,-0.));
#375 = PCURVE('',#32,#376);
#376 = DEFINITIONAL_REPRESENTATION('',(#377),#381);
#377 = LINE('',#378,#379);
#378 = CARTESIAN_POINT('',(0.,26.));
#379 = VECTOR('',#380,1.);
#380 = DIRECTION('',(1.,0.));
#381 = ( GEOMETRIC_REPRESENTATION_CONTEXT(2) 
PARAMETRIC_REPRESENTATION_CONTEXT() REPRESENTATION_CONTEXT('2D SPACE',''
  ) );
#382 = PCURVE('',#383,#388);
#383 = PLANE('',#384);
#384 = AXIS2_PLACEMENT_3D('',#385,#386,#387);
#385 = CARTESIAN_POINT('',(15.,3.023586109617E-16,26.));
#386 = DIRECTION('',(-3.017349470632E-15,-2.716833666417E-15,1.));
#387 = DIRECTION('',(1.,0.,3.017349470632E-15));
#388 = DEFINITIONAL_REPRESENTATION('',(#389),#393);
#389 = CIRCLE('',#390,11.);
#390 = AXIS2_PLACEMENT_2D('',#391,#392);
#391 = CARTESIAN_POINT('',(-15.,-3.023586109617E-16));
#392 = DIRECTION('',(1.,-8.197636625161E-30));
#393 = ( GEOMETRIC_REPRESENTATION_CONTEXT(2) 
PARAMETRIC_REPRESENTATION_CONTEXT() REPRESENTATION_CONTEXT('2D SPACE',''
  ) );
#394 = FACE_BOUND('',#395,.T.);
#395 = EDGE_LOOP('',(#396,#455,#656));
#396 = ORIENTED_EDGE('',*,*,#397,.F.);
#397 = EDGE_CURVE('',#398,#400,#402,.T.);
#398 = VERTEX_POINT('',#399);
#399 = CARTESIAN_POINT('',(-0.771545694452,10.972908331038,
    20.371453988102));
#400 = VERTEX_POINT('',#401);
#401 = CARTESIAN_POINT('',(-0.620949036761,10.982459756072,26.));
#402 = SURFACE_CURVE('',#403,(#414,#428),.PCURVE_S1.);
#403 = B_SPLINE_CURVE_WITH_KNOTS('',5,(#404,#405,#406,#407,#408,#409,
    #410,#411,#412,#413),.UNSPECIFIED.,.F.,.F.,(6,4,6),(0.,0.49872285209
    ,1.),.UNSPECIFIED.);
#404 = CARTESIAN_POINT('',(-0.771545694452,10.972908331038,
    20.371453988102));
#405 = CARTESIAN_POINT('',(-0.74353674335,10.974877743794,
    20.932430486879));
#406 = CARTESIAN_POINT('',(-0.718881404272,10.976521551857,
    21.49357530278));
#407 = CARTESIAN_POINT('',(-0.697499343669,10.977888432748,
    22.054855974554));
#408 = CARTESIAN_POINT('',(-0.679335595884,10.979013088929,
    22.616243762765));
#409 = CARTESIAN_POINT('',(-0.649296421589,10.980830648404,
    23.742057446979));
#410 = CARTESIAN_POINT('',(-0.637453482086,10.981521364149,
    24.306483985718));
#411 = CARTESIAN_POINT('',(-0.628790151738,10.982015754933,
    24.870966129572));
#412 = CARTESIAN_POINT('',(-0.623288693604,10.982327471712,
    25.435479179831));
#413 = CARTESIAN_POINT('',(-0.620949036761,10.982459756072,26.));
#414 = PCURVE('',#32,#415);
#415 = DEFINITIONAL_REPRESENTATION('',(#416),#427);
#416 = B_SPLINE_CURVE_WITH_KNOTS('',5,(#417,#418,#419,#420,#421,#422,
    #423,#424,#425,#426),.UNSPECIFIED.,.F.,.F.,(6,4,6),(0.,0.49872285209
    ,1.),.UNSPECIFIED.);
#417 = CARTESIAN_POINT('',(1.640994483796,20.371453988102));
#418 = CARTESIAN_POINT('',(1.63844192888,20.932430486879));
#419 = CARTESIAN_POINT('',(1.636195572959,21.49357530278));
#420 = CARTESIAN_POINT('',(1.634247786893,22.054855974554));
#421 = CARTESIAN_POINT('',(1.632593376628,22.616243762765));
#422 = CARTESIAN_POINT('',(1.629857548358,23.742057446979));
#423 = CARTESIAN_POINT('',(1.628779089559,24.306483985718));
#424 = CARTESIAN_POINT('',(1.627990234035,24.870966129572));
#425 = CARTESIAN_POINT('',(1.627489298556,25.435479179831));
#426 = CARTESIAN_POINT('',(1.627276262779,26.));
#427 = ( GEOMETRIC_REPRESENTATION_CONTEXT(2) 
PARAMETRIC_REPRESENTATION_CONTEXT() REPRESENTATION_CONTEXT('2D SPACE',''
  ) );
#428 = PCURVE('',#429,#442);
#429 = B_SPLINE_SURFACE_WITH_KNOTS('',1,5,(
    (#430,#431,#432,#433,#434,#435)
    ,(#436,#437,#438,#439,#440,#441
    )),.UNSPECIFIED.,.F.,.F.,.F.,(2,2),(6,6),(0.,3.5),(0.,26.),
  .PIECEWISE_BEZIER_KNOTS.);
#430 = CARTESIAN_POINT('',(2.625139356453,19.330575349927,0.));
#431 = CARTESIAN_POINT('',(1.510466221867,18.344315193939,5.2));
#432 = CARTESIAN_POINT('',(0.576490607235,17.153802895747,10.4));
#433 = CARTESIAN_POINT('',(-0.126598203086,15.803047980637,15.6));
#434 = CARTESIAN_POINT('',(-0.565984823337,14.355094466598,20.8));
#435 = CARTESIAN_POINT('',(-0.7344115392,12.876298424664,26.));
#436 = CARTESIAN_POINT('',(0.442925049948,16.594165161289,0.));
#437 = CARTESIAN_POINT('',(-0.270569397833,15.287975678387,5.2));
#438 = CARTESIAN_POINT('',(-0.744741193653,13.851037583366,10.4));
#439 = CARTESIAN_POINT('',(-0.947329424306,12.341789186085,15.6));
#440 = CARTESIAN_POINT('',(-0.868878654231,10.830671898265,20.8));
#441 = CARTESIAN_POINT('',(-0.525097000393,9.382562970477,26.));
#442 = DEFINITIONAL_REPRESENTATION('',(#443),#454);
#443 = B_SPLINE_CURVE_WITH_KNOTS('',5,(#444,#445,#446,#447,#448,#449,
    #450,#451,#452,#453),.UNSPECIFIED.,.F.,.F.,(6,4,6),(0.,0.49872285209
    ,1.),.UNSPECIFIED.);
#444 = CARTESIAN_POINT('',(3.5,20.371453988102));
#445 = CARTESIAN_POINT('',(3.337115552712,20.932430486879));
#446 = CARTESIAN_POINT('',(3.175385816211,21.49357530278));
#447 = CARTESIAN_POINT('',(3.014592019495,22.054855974554));
#448 = CARTESIAN_POINT('',(2.854536683729,22.616243762765));
#449 = CARTESIAN_POINT('',(2.534717136275,23.742057446979));
#450 = CARTESIAN_POINT('',(2.374958412734,24.306483985718));
#451 = CARTESIAN_POINT('',(2.215573112997,24.870966129572));
#452 = CARTESIAN_POINT('',(2.056386357847,25.435479179831));
#453 = CARTESIAN_POINT('',(1.897234472097,26.));
#454 = ( GEOMETRIC_REPRESENTATION_CONTEXT(2) 
PARAMETRIC_REPRESENTATION_CONTEXT() REPRESENTATION_CONTEXT('2D SPACE',''
  ) );
#455 = ORIENTED_EDGE('',*,*,#456,.F.);
#456 = EDGE_CURVE('',#457,#398,#459,.T.);
#457 = VERTEX_POINT('',#458);
#458 = CARTESIAN_POINT('',(5.145568462442,9.722300406711,26.));
#459 = SURFACE_CURVE('',#460,(#519,#581),.PCURVE_S1.);
#460 = B_SPLINE_CURVE_WITH_KNOTS('',8,(#461,#462,#463,#464,#465,#466,
    #467,#468,#469,#470,#471,#472,#473,#474,#475,#476,#477,#478,#479,
    #480,#481,#482,#483,#484,#485,#486,#487,#488,#489,#490,#491,#492,
    #493,#494,#495,#496,#497,#498,#499,#500,#501,#502,#503,#504,#505,
    #506,#507,#508,#509,#510,#511,#512,#513,#514,#515,#516,#517,#518),
  .UNSPECIFIED.,.F.,.F.,(9,7,7,7,7,7,7,7,9),(0.,0.356968876048,
    0.563069773414,0.666843209814,0.701346354692,0.759859904311,
    0.800466175237,0.859495039482,1.),.UNSPECIFIED.);
#461 = CARTESIAN_POINT('',(5.145568462442,9.722300406711,26.));
#462 = CARTESIAN_POINT('',(5.059884035796,9.767649250608,25.586183325612
    ));
#463 = CARTESIAN_POINT('',(4.969204625496,9.814536713098,25.173203048658
    ));
#464 = CARTESIAN_POINT('',(4.872770641928,9.863161739461,24.761047896072
    ));
#465 = CARTESIAN_POINT('',(4.769630088156,9.913752375064,24.349867625953
    ));
#466 = CARTESIAN_POINT('',(4.658631911833,9.966570176486,23.939971457328
    ));
#467 = CARTESIAN_POINT('',(4.538144995857,10.021944462581,
    23.531883414248));
#468 = CARTESIAN_POINT('',(4.40608581375,10.080277193063,23.126334039663
    ));
#469 = CARTESIAN_POINT('',(4.173477287278,10.177947463046,
    22.492491582326));
#470 = CARTESIAN_POINT('',(4.083298823022,10.21485158061,22.261996418745
    ));
#471 = CARTESIAN_POINT('',(3.987291222207,10.253058032917,
    22.033021500357));
#472 = CARTESIAN_POINT('',(3.884511056917,10.292712550065,
    21.805855339504));
#473 = CARTESIAN_POINT('',(3.773856714449,10.333957834073,
    21.581063345731));
#474 = CARTESIAN_POINT('',(3.653855778535,10.376940386888,
    21.359566451684));
#475 = CARTESIAN_POINT('',(3.522683406763,10.421807738178,
    21.142628803415));
#476 = CARTESIAN_POINT('',(3.303915923402,10.49238131147,20.826240421656
    ));
#477 = CARTESIAN_POINT('',(3.227101395847,10.516514486428,
    20.722052625172));
#478 = CARTESIAN_POINT('',(3.146320582694,10.541176208422,
    20.619840096183));
#479 = CARTESIAN_POINT('',(3.061146751046,10.566374533113,
    20.519965093109));
#480 = CARTESIAN_POINT('',(2.971135532734,10.59209271735,20.42294709156)
  );
#481 = CARTESIAN_POINT('',(2.875824079266,10.618283691219,
    20.329462380171));
#482 = CARTESIAN_POINT('',(2.774734806934,10.644862186934,
    20.240340147489));
#483 = CARTESIAN_POINT('',(2.631691074888,10.680615883121,
    20.128697747711));
#484 = CARTESIAN_POINT('',(2.595315602337,10.689562943353,
    20.101437802472));
#485 = CARTESIAN_POINT('',(2.558244623202,10.698529694412,20.07481374532
    ));
#486 = CARTESIAN_POINT('',(2.520467860079,10.707508971623,
    20.048867205266));
#487 = CARTESIAN_POINT('',(2.481978084331,10.716492439781,20.02364225124
    ));
#488 = CARTESIAN_POINT('',(2.44277175104,10.72547057643,19.99918472415)
  );
#489 = CARTESIAN_POINT('',(2.402849633972,10.734432655139,
    19.975541568921));
#490 = CARTESIAN_POINT('',(2.29330975065,10.758517937857,19.914125406655
    ));
#491 = CARTESIAN_POINT('',(2.222336953034,10.773593682506,
    19.877956117034));
#492 = CARTESIAN_POINT('',(2.149354733006,10.788529156263,
    19.844502132038));
#493 = CARTESIAN_POINT('',(2.07445226987,10.803252862836,19.814002477265
    ));
#494 = CARTESIAN_POINT('',(1.99775903836,10.817687570252,19.786672775394
    ));
#495 = CARTESIAN_POINT('',(1.91945251084,10.831752317792,19.762691500272
    ));
#496 = CARTESIAN_POINT('',(1.839766780253,10.845365475729,
    19.742185079253));
#497 = CARTESIAN_POINT('',(1.702954361806,10.867528248241,19.71343303697
    ));
#498 = CARTESIAN_POINT('',(1.646374320342,10.876354577603,
    19.703353111396));
#499 = CARTESIAN_POINT('',(1.589357144863,10.884902238551,
    19.694991995516));
#500 = CARTESIAN_POINT('',(1.531995852252,10.893149158685,19.68835109161
    ));
#501 = CARTESIAN_POINT('',(1.474381026924,10.901076717936,
    19.683415472265));
#502 = CARTESIAN_POINT('',(1.416600536921,10.908669665902,
    19.680156076861));
#503 = CARTESIAN_POINT('',(1.358739250005,10.915916039179,
    19.678531908044));
#504 = CARTESIAN_POINT('',(1.216767612815,10.932824502778,
    19.678434546093));
#505 = CARTESIAN_POINT('',(1.132654766015,10.942091403687,
    19.681725267698));
#506 = CARTESIAN_POINT('',(1.04876514291,10.950583695386,19.688208623191
    ));
#507 = CARTESIAN_POINT('',(0.965281909506,10.958293201161,
    19.697691481701));
#508 = CARTESIAN_POINT('',(0.882349970437,10.965223822406,
    19.709963911099));
#509 = CARTESIAN_POINT('',(0.80007862385,10.971388160511,19.724814870426
    ));
#510 = CARTESIAN_POINT('',(0.718543365011,10.976804591827,
    19.742043034986));
#511 = CARTESIAN_POINT('',(0.445564055817,10.992658773235,
    19.807687036095));
#512 = CARTESIAN_POINT('',(0.258092683227,10.999688481203,19.86624654134
    ));
#513 = CARTESIAN_POINT('',(7.539608512543E-02,11.002931777717,
    19.934692469183));
#514 = CARTESIAN_POINT('',(-0.102545816132,11.002720228332,
    20.011095492561));
#515 = CARTESIAN_POINT('',(-0.275864497913,10.999365852524,
    20.093939313647));
#516 = CARTESIAN_POINT('',(-0.444830871854,10.993144811266,
    20.182080058729));
#517 = CARTESIAN_POINT('',(-0.609864574632,10.984276727466,
    20.274733737021));
#518 = CARTESIAN_POINT('',(-0.771545694452,10.972908331038,
    20.371453988102));
#519 = PCURVE('',#32,#520);
#520 = DEFINITIONAL_REPRESENTATION('',(#521),#580);
#521 = B_SPLINE_CURVE_WITH_KNOTS('',8,(#522,#523,#524,#525,#526,#527,
    #528,#529,#530,#531,#532,#533,#534,#535,#536,#537,#538,#539,#540,
    #541,#542,#543,#544,#545,#546,#547,#548,#549,#550,#551,#552,#553,
    #554,#555,#556,#557,#558,#559,#560,#561,#562,#563,#564,#565,#566,
    #567,#568,#569,#570,#571,#572,#573,#574,#575,#576,#577,#578,#579),
  .UNSPECIFIED.,.F.,.F.,(9,7,7,7,7,7,7,7,9),(0.,0.356968876048,
    0.563069773414,0.666843209814,0.701346354692,0.759859904311,
    0.800466175237,0.859495039482,1.),.UNSPECIFIED.);
#522 = CARTESIAN_POINT('',(1.084020162682,26.));
#523 = CARTESIAN_POINT('',(1.09283334712,25.586183325612));
#524 = CARTESIAN_POINT('',(1.102113309887,25.173203048658));
#525 = CARTESIAN_POINT('',(1.111930563028,24.761047896072));
#526 = CARTESIAN_POINT('',(1.122372892228,24.349867625953));
#527 = CARTESIAN_POINT('',(1.133545949871,23.939971457328));
#528 = CARTESIAN_POINT('',(1.145598716068,23.531883414248));
#529 = CARTESIAN_POINT('',(1.158720926521,23.126334039663));
#530 = CARTESIAN_POINT('',(1.18165565392,22.492491582326));
#531 = CARTESIAN_POINT('',(1.190513245629,22.261996418745));
#532 = CARTESIAN_POINT('',(1.19990615796,22.033021500357));
#533 = CARTESIAN_POINT('',(1.209919975871,21.805855339504));
#534 = CARTESIAN_POINT('',(1.220653917568,21.581063345731));
#535 = CARTESIAN_POINT('',(1.232239974261,21.359566451684));
#536 = CARTESIAN_POINT('',(1.244841095375,21.142628803415));
#537 = CARTESIAN_POINT('',(1.265738293776,20.826240421656));
#538 = CARTESIAN_POINT('',(1.273057748673,20.722052625172));
#539 = CARTESIAN_POINT('',(1.280735631081,20.619840096183));
#540 = CARTESIAN_POINT('',(1.288809818648,20.519965093109));
#541 = CARTESIAN_POINT('',(1.29731930956,20.42294709156));
#542 = CARTESIAN_POINT('',(1.306304295994,20.329462380171));
#543 = CARTESIAN_POINT('',(1.315805858302,20.240340147489));
#544 = CARTESIAN_POINT('',(1.329209890034,20.128697747711));
#545 = CARTESIAN_POINT('',(1.33261528824,20.101437802472));
#546 = CARTESIAN_POINT('',(1.336082518161,20.07481374532));
#547 = CARTESIAN_POINT('',(1.33961239413,20.048867205266));
#548 = CARTESIAN_POINT('',(1.343205445577,20.02364225124));
#549 = CARTESIAN_POINT('',(1.346861861382,19.99918472415));
#550 = CARTESIAN_POINT('',(1.350581434243,19.975541568921));
#551 = CARTESIAN_POINT('',(1.360777482287,19.914125406655));
#552 = CARTESIAN_POINT('',(1.367373341207,19.877956117034));
#553 = CARTESIAN_POINT('',(1.374145278171,19.844502132038));
#554 = CARTESIAN_POINT('',(1.381084473995,19.814002477265));
#555 = CARTESIAN_POINT('',(1.388178524532,19.786672775394));
#556 = CARTESIAN_POINT('',(1.395410783548,19.762691500272));
#557 = CARTESIAN_POINT('',(1.402759617894,19.742185079253));
#558 = CARTESIAN_POINT('',(1.415359246095,19.71343303697));
#559 = CARTESIAN_POINT('',(1.420565006506,19.703353111396));
#560 = CARTESIAN_POINT('',(1.425806153623,19.694991995516));
#561 = CARTESIAN_POINT('',(1.431074243828,19.68835109161));
#562 = CARTESIAN_POINT('',(1.436361109979,19.683415472265));
#563 = CARTESIAN_POINT('',(1.441658878948,19.680156076861));
#564 = CARTESIAN_POINT('',(1.446959989148,19.678531908044));
#565 = CARTESIAN_POINT('',(1.45995771365,19.678434546093));
#566 = CARTESIAN_POINT('',(1.467650304555,19.681725267698));
#567 = CARTESIAN_POINT('',(1.475315113128,19.688208623191));
#568 = CARTESIAN_POINT('',(1.482936205842,19.697691481701));
#569 = CARTESIAN_POINT('',(1.490501190241,19.709963911099));
#570 = CARTESIAN_POINT('',(1.498000919704,19.724814870426));
#571 = CARTESIAN_POINT('',(1.505429296019,19.742043034986));
#572 = CARTESIAN_POINT('',(1.530287415453,19.807687036095));
#573 = CARTESIAN_POINT('',(1.547338650246,19.86624654134));
#574 = CARTESIAN_POINT('',(1.563944756939,19.934692469183));
#575 = CARTESIAN_POINT('',(1.580115710709,20.011095492561));
#576 = CARTESIAN_POINT('',(1.59586995822,20.093939313647));
#577 = CARTESIAN_POINT('',(1.611237251717,20.182080058729));
#578 = CARTESIAN_POINT('',(1.626259910705,20.274733737021));
#579 = CARTESIAN_POINT('',(1.640994483796,20.371453988102));
#580 = ( GEOMETRIC_REPRESENTATION_CONTEXT(2) 
PARAMETRIC_REPRESENTATION_CONTEXT() REPRESENTATION_CONTEXT('2D SPACE',''
  ) );
#581 = PCURVE('',#582,#595);
#582 = B_SPLINE_SURFACE_WITH_KNOTS('',1,5,(
    (#583,#584,#585,#586,#587,#588)
    ,(#589,#590,#591,#592,#593,#594
    )),.UNSPECIFIED.,.F.,.F.,.F.,(2,2),(6,6),(0.,20.),(0.,26.),
  .PIECEWISE_BEZIER_KNOTS.);
#583 = CARTESIAN_POINT('',(0.442925049948,16.594165161289,0.));
#584 = CARTESIAN_POINT('',(-0.270569397833,15.287975678387,5.2));
#585 = CARTESIAN_POINT('',(-0.744741193653,13.851037583366,10.4));
#586 = CARTESIAN_POINT('',(-0.947329424306,12.341789186085,15.6));
#587 = CARTESIAN_POINT('',(-0.868878654231,10.830671898265,20.8));
#588 = CARTESIAN_POINT('',(-0.525097000393,9.382562970477,26.));
#589 = CARTESIAN_POINT('',(16.079554699309,4.124369124114,0.));
#590 = CARTESIAN_POINT('',(17.194227833895,5.110629280101,5.2));
#591 = CARTESIAN_POINT('',(18.128203448528,6.301141578293,10.4));
#592 = CARTESIAN_POINT('',(18.831292258848,7.651896493404,15.6));
#593 = CARTESIAN_POINT('',(19.270678879099,9.099850007443,20.8));
#594 = CARTESIAN_POINT('',(19.439105594962,10.578646049377,26.));
#595 = DEFINITIONAL_REPRESENTATION('',(#596),#655);
#596 = B_SPLINE_CURVE_WITH_KNOTS('',8,(#597,#598,#599,#600,#601,#602,
    #603,#604,#605,#606,#607,#608,#609,#610,#611,#612,#613,#614,#615,
    #616,#617,#618,#619,#620,#621,#622,#623,#624,#625,#626,#627,#628,
    #629,#630,#631,#632,#633,#634,#635,#636,#637,#638,#639,#640,#641,
    #642,#643,#644,#645,#646,#647,#648,#649,#650,#651,#652,#653,#654),
  .UNSPECIFIED.,.F.,.F.,(9,7,7,7,7,7,7,7,9),(0.,0.356968876048,
    0.563069773414,0.666843209814,0.701346354692,0.759859904311,
    0.800466175237,0.859495039482,1.),.UNSPECIFIED.);
#597 = CARTESIAN_POINT('',(5.680833417463,26.));
#598 = CARTESIAN_POINT('',(5.618431752712,25.586183325612));
#599 = CARTESIAN_POINT('',(5.550423002896,25.173203048658));
#600 = CARTESIAN_POINT('',(5.476023082552,24.761047896071));
#601 = CARTESIAN_POINT('',(5.394240238049,24.349867625954));
#602 = CARTESIAN_POINT('',(5.303868616008,23.939971457327));
#603 = CARTESIAN_POINT('',(5.203202985773,23.531883414248));
#604 = CARTESIAN_POINT('',(5.090066517007,23.126334039663));
#605 = CARTESIAN_POINT('',(4.885679870018,22.492491582326));
#606 = CARTESIAN_POINT('',(4.805475671502,22.261996418745));
#607 = CARTESIAN_POINT('',(4.719071867404,22.033021500357));
#608 = CARTESIAN_POINT('',(4.625494491269,21.805855339504));
#609 = CARTESIAN_POINT('',(4.523597024097,21.581063345731));
#610 = CARTESIAN_POINT('',(4.41184620437,21.359566451684));
#611 = CARTESIAN_POINT('',(4.288343204354,21.142628803415));
#612 = CARTESIAN_POINT('',(4.080086200228,20.826240421656));
#613 = CARTESIAN_POINT('',(4.006615513257,20.722052625172));
#614 = CARTESIAN_POINT('',(3.928991828117,20.619840096183));
#615 = CARTESIAN_POINT('',(3.84677229745,20.519965093109));
#616 = CARTESIAN_POINT('',(3.75949199413,20.42294709156));
#617 = CARTESIAN_POINT('',(3.666664356359,20.329462380171));
#618 = CARTESIAN_POINT('',(3.56778655468,20.240340147489));
#619 = CARTESIAN_POINT('',(3.42729360078,20.128697747711));
#620 = CARTESIAN_POINT('',(3.391521586023,20.101437802472));
#621 = CARTESIAN_POINT('',(3.355020088137,20.07481374532));
#622 = CARTESIAN_POINT('',(3.317777861414,20.048867205266));
#623 = CARTESIAN_POINT('',(3.279786728996,20.02364225124));
#624 = CARTESIAN_POINT('',(3.241042248927,19.99918472415));
#625 = CARTESIAN_POINT('',(3.20154438019,19.975541568921));
#626 = CARTESIAN_POINT('',(3.093044954202,19.914125406655));
#627 = CARTESIAN_POINT('',(3.022616720241,19.877956117034));
#628 = CARTESIAN_POINT('',(2.950065293753,19.844502132038));
#629 = CARTESIAN_POINT('',(2.875477368948,19.814002477265));
#630 = CARTESIAN_POINT('',(2.798981636822,19.786672775394));
#631 = CARTESIAN_POINT('',(2.720756755075,19.762691500272));
#632 = CARTESIAN_POINT('',(2.64104013848,19.742185079253));
#633 = CARTESIAN_POINT('',(2.50399413546,19.71343303697));
#634 = CARTESIAN_POINT('',(2.447266842975,19.703353111396));
#635 = CARTESIAN_POINT('',(2.390052667199,19.694991995516));
#636 = CARTESIAN_POINT('',(2.332446871225,19.68835109161));
#637 = CARTESIAN_POINT('',(2.274542619182,19.683415472265));
#638 = CARTESIAN_POINT('',(2.21643058911,19.680156076861));
#639 = CARTESIAN_POINT('',(2.158198585835,19.678531908044));
#640 = CARTESIAN_POINT('',(2.01522846498,19.678434546093));
#641 = CARTESIAN_POINT('',(1.930447516565,19.681725267698));
#642 = CARTESIAN_POINT('',(1.845822209678,19.688208623191));
#643 = CARTESIAN_POINT('',(1.761544521015,19.697691481701));
#644 = CARTESIAN_POINT('',(1.677767511934,19.709963911099));
#645 = CARTESIAN_POINT('',(1.594607674699,19.724814870426));
#646 = CARTESIAN_POINT('',(1.512146615944,19.742043034986));
#647 = CARTESIAN_POINT('',(1.235928961466,19.807687036095));
#648 = CARTESIAN_POINT('',(1.045998760538,19.86624654134));
#649 = CARTESIAN_POINT('',(0.860728176026,19.934692469183));
#650 = CARTESIAN_POINT('',(0.680134032158,20.011095492561));
#651 = CARTESIAN_POINT('',(0.504105477543,20.093939313647));
#652 = CARTESIAN_POINT('',(0.332381137256,20.182080058729));
#653 = CARTESIAN_POINT('',(0.164541896874,20.274733737021));
#654 = CARTESIAN_POINT('',(0.,20.371453988102));
#655 = ( GEOMETRIC_REPRESENTATION_CONTEXT(2) 
PARAMETRIC_REPRESENTATION_CONTEXT() REPRESENTATION_CONTEXT('2D SPACE',''
  ) );
#656 = ORIENTED_EDGE('',*,*,#657,.T.);
#657 = EDGE_CURVE('',#457,#400,#658,.T.);
#658 = SURFACE_CURVE('',#659,(#664,#671),.PCURVE_S1.);
#659 = CIRCLE('',#660,11.);
#660 = AXIS2_PLACEMENT_3D('',#661,#662,#663);
#661 = CARTESIAN_POINT('',(0.,0.,26.));
#662 = DIRECTION('',(0.,0.,1.));
#663 = DIRECTION('',(1.,0.,-0.));
#664 = PCURVE('',#32,#665);
#665 = DEFINITIONAL_REPRESENTATION('',(#666),#670);
#666 = LINE('',#667,#668);
#667 = CARTESIAN_POINT('',(0.,26.));
#668 = VECTOR('',#669,1.);
#669 = DIRECTION('',(1.,0.));
#670 = ( GEOMETRIC_REPRESENTATION_CONTEXT(2) 
PARAMETRIC_REPRESENTATION_CONTEXT() REPRESENTATION_CONTEXT('2D SPACE',''
  ) );
#671 = PCURVE('',#672,#677);
#672 = PLANE('',#673);
#673 = AXIS2_PLACEMENT_3D('',#674,#675,#676);
#674 = CARTESIAN_POINT('',(9.352347027881,11.72747223702,26.));
#675 = DIRECTION('',(2.42819469451E-16,-4.052976894106E-15,1.));
#676 = DIRECTION('',(0.623489801859,0.781831482468,3.017349470632E-15));
#677 = DEFINITIONAL_REPRESENTATION('',(#678),#682);
#678 = CIRCLE('',#679,11.);
#679 = AXIS2_PLACEMENT_2D('',#680,#681);
#680 = CARTESIAN_POINT('',(-15.,-1.254777176862E-28));
#681 = DIRECTION('',(0.623489801859,-0.781831482468));
#682 = ( GEOMETRIC_REPRESENTATION_CONTEXT(2) 
PARAMETRIC_REPRESENTATION_CONTEXT() REPRESENTATION_CONTEXT('2D SPACE',''
  ) );
#683 = FACE_BOUND('',#684,.T.);
#684 = EDGE_LOOP('',(#685,#744,#945));
#685 = ORIENTED_EDGE('',*,*,#686,.F.);
#686 = EDGE_CURVE('',#687,#689,#691,.T.);
#687 = VERTEX_POINT('',#688);
#688 = CARTESIAN_POINT('',(-9.0600160596,6.238277727048,20.371453988102)
  );
#689 = VERTEX_POINT('',#690);
#690 = CARTESIAN_POINT('',(-8.97358818413,6.361974151287,26.));
#691 = SURFACE_CURVE('',#692,(#703,#717),.PCURVE_S1.);
#692 = B_SPLINE_CURVE_WITH_KNOTS('',5,(#693,#694,#695,#696,#697,#698,
    #699,#700,#701,#702),.UNSPECIFIED.,.F.,.F.,(6,4,6),(0.,0.49872285209
    ,1.),.UNSPECIFIED.);
#693 = CARTESIAN_POINT('',(-9.0600160596,6.238277727048,20.371453988102)
  );
#694 = CARTESIAN_POINT('',(-9.044092513122,6.261403915579,
    20.932430486879));
#695 = CARTESIAN_POINT('',(-9.03000534154,6.281705133445,21.49357530278)
  );
#696 = CARTESIAN_POINT('',(-9.017742515325,6.29927453788,22.054855974554
    ));
#697 = CARTESIAN_POINT('',(-9.007296895426,6.314176739397,
    22.616243762765));
#698 = CARTESIAN_POINT('',(-8.989988801816,6.338795541366,
    23.742057446979));
#699 = CARTESIAN_POINT('',(-8.983144873127,6.348485378537,
    24.306483985718));
#700 = CARTESIAN_POINT('',(-8.978129905285,6.355566890558,
    24.870966129572));
#701 = CARTESIAN_POINT('',(-8.974943512234,6.36006245596,25.435479179831
    ));
#702 = CARTESIAN_POINT('',(-8.97358818413,6.361974151287,26.));
#703 = PCURVE('',#32,#704);
#704 = DEFINITIONAL_REPRESENTATION('',(#705),#716);
#705 = B_SPLINE_CURVE_WITH_KNOTS('',5,(#706,#707,#708,#709,#710,#711,
    #712,#713,#714,#715),.UNSPECIFIED.,.F.,.F.,(6,4,6),(0.,0.49872285209
    ,1.),.UNSPECIFIED.);
#706 = CARTESIAN_POINT('',(2.538592384821,20.371453988102));
#707 = CARTESIAN_POINT('',(2.536039829906,20.932430486879));
#708 = CARTESIAN_POINT('',(2.533793473985,21.49357530278));
#709 = CARTESIAN_POINT('',(2.531845687918,22.054855974554));
#710 = CARTESIAN_POINT('',(2.530191277653,22.616243762765));
#711 = CARTESIAN_POINT('',(2.527455449384,23.742057446979));
#712 = CARTESIAN_POINT('',(2.526376990584,24.306483985718));
#713 = CARTESIAN_POINT('',(2.52558813506,24.870966129572));
#714 = CARTESIAN_POINT('',(2.525087199582,25.435479179831));
#715 = CARTESIAN_POINT('',(2.524874163805,26.));
#716 = ( GEOMETRIC_REPRESENTATION_CONTEXT(2) 
PARAMETRIC_REPRESENTATION_CONTEXT() REPRESENTATION_CONTEXT('2D SPACE',''
  ) );
#717 = PCURVE('',#718,#731);
#718 = B_SPLINE_SURFACE_WITH_KNOTS('',1,5,(
    (#719,#720,#721,#722,#723,#724)
    ,(#725,#726,#727,#728,#729,#730
    )),.UNSPECIFIED.,.F.,.F.,.F.,(2,2),(6,6),(0.,3.5),(0.,26.),
  .PIECEWISE_BEZIER_KNOTS.);
#719 = CARTESIAN_POINT('',(-13.47650476558,14.104833189482,0.));
#720 = CARTESIAN_POINT('',(-13.40040285755,12.618423490964,5.2));
#721 = CARTESIAN_POINT('',(-13.05194713346,11.145939674676,10.4));
#722 = CARTESIAN_POINT('',(-12.43425311877,9.754060793415,15.6));
#723 = CARTESIAN_POINT('',(-11.57615055314,8.507750251159,20.8));
#724 = CARTESIAN_POINT('',(-10.52499359111,7.454054691033,26.));
#725 = CARTESIAN_POINT('',(-12.69768149673,10.692585496846,0.));
#726 = CARTESIAN_POINT('',(-12.12131794881,9.320357253121,5.2));
#727 = CARTESIAN_POINT('',(-11.29351578679,8.053718566902,10.4));
#728 = CARTESIAN_POINT('',(-10.23984957072,6.954327726024,15.6));
#729 = CARTESIAN_POINT('',(-9.009497246311,6.073496789524,20.8));
#730 = CARTESIAN_POINT('',(-7.662975741289,5.439394961133,26.));
#731 = DEFINITIONAL_REPRESENTATION('',(#732),#743);
#732 = B_SPLINE_CURVE_WITH_KNOTS('',5,(#733,#734,#735,#736,#737,#738,
    #739,#740,#741,#742),.UNSPECIFIED.,.F.,.F.,(6,4,6),(0.,0.49872285209
    ,1.),.UNSPECIFIED.);
#733 = CARTESIAN_POINT('',(3.5,20.371453988102));
#734 = CARTESIAN_POINT('',(3.337115552712,20.932430486879));
#735 = CARTESIAN_POINT('',(3.175385816211,21.49357530278));
#736 = CARTESIAN_POINT('',(3.014592019495,22.054855974554));
#737 = CARTESIAN_POINT('',(2.854536683729,22.616243762765));
#738 = CARTESIAN_POINT('',(2.534717136275,23.742057446979));
#739 = CARTESIAN_POINT('',(2.374958412734,24.306483985718));
#740 = CARTESIAN_POINT('',(2.215573112997,24.870966129572));
#741 = CARTESIAN_POINT('',(2.056386357847,25.435479179831));
#742 = CARTESIAN_POINT('',(1.897234472097,26.));
#743 = ( GEOMETRIC_REPRESENTATION_CONTEXT(2) 
PARAMETRIC_REPRESENTATION_CONTEXT() REPRESENTATION_CONTEXT('2D SPACE',''
  ) );
#744 = ORIENTED_EDGE('',*,*,#745,.F.);
#745 = EDGE_CURVE('',#746,#687,#748,.T.);
#746 = VERTEX_POINT('',#747);
#747 = CARTESIAN_POINT('',(-4.39299107888,10.084722573323,26.));
#748 = SURFACE_CURVE('',#749,(#808,#870),.PCURVE_S1.);
#749 = B_SPLINE_CURVE_WITH_KNOTS('',8,(#750,#751,#752,#753,#754,#755,
    #756,#757,#758,#759,#760,#761,#762,#763,#764,#765,#766,#767,#768,
    #769,#770,#771,#772,#773,#774,#775,#776,#777,#778,#779,#780,#781,
    #782,#783,#784,#785,#786,#787,#788,#789,#790,#791,#792,#793,#794,
    #795,#796,#797,#798,#799,#800,#801,#802,#803,#804,#805,#806,#807),
  .UNSPECIFIED.,.F.,.F.,(9,7,7,7,7,7,7,7,9),(0.,0.356968876049,
    0.563069773414,0.666843209814,0.701346354692,0.759859904311,
    0.800466175238,0.859495039482,1.),.UNSPECIFIED.);
#750 = CARTESIAN_POINT('',(-4.39299107888,10.084722573323,26.));
#751 = CARTESIAN_POINT('',(-4.481869598924,10.04600633271,
    25.586183325615));
#752 = CARTESIAN_POINT('',(-4.575065380796,10.004344169621,
    25.173203048645));
#753 = CARTESIAN_POINT('',(-4.67320756254,9.959266253349,24.761047896099
    ));
#754 = CARTESIAN_POINT('',(-4.777067997622,9.910170466643,
    24.349867625918));
#755 = CARTESIAN_POINT('',(-4.887568848555,9.856319958457,
    23.939971457356));
#756 = CARTESIAN_POINT('',(-5.005984572123,9.796644796976,
    23.531883414235));
#757 = CARTESIAN_POINT('',(-5.133928490553,9.72976663343,23.126334039667
    ));
#758 = CARTESIAN_POINT('',(-5.355319226608,9.608802381622,
    22.492491582326));
#759 = CARTESIAN_POINT('',(-5.440397380362,9.561307360174,
    22.261996418747));
#760 = CARTESIAN_POINT('',(-5.530128147621,9.51006692868,22.033021500353
    ));
#761 = CARTESIAN_POINT('',(-5.625213682436,9.454434346722,
    21.805855339509));
#762 = CARTESIAN_POINT('',(-5.726452398043,9.393637312062,
    21.581063345727));
#763 = CARTESIAN_POINT('',(-5.834876870782,9.326615985778,
    21.359566451686));
#764 = CARTESIAN_POINT('',(-5.951740214643,9.252035631861,
    21.142628803415));
#765 = CARTESIAN_POINT('',(-6.143316150927,9.124998229258,
    20.826240421656));
#766 = CARTESIAN_POINT('',(-6.210077301446,9.079989001778,
    20.722052625172));
#767 = CARTESIAN_POINT('',(-6.2797246253,9.032208351035,20.619840096183)
  );
#768 = CARTESIAN_POINT('',(-6.352530484266,8.981327666438,
    20.519965093109));
#769 = CARTESIAN_POINT('',(-6.428758847045,8.92698908778,20.42294709156)
  );
#770 = CARTESIAN_POINT('',(-6.50866149421,8.868801397927,20.329462380171
    ));
#771 = CARTESIAN_POINT('',(-6.592469529292,8.806338043306,
    20.240340147489));
#772 = CARTESIAN_POINT('',(-6.709609202737,8.716794015173,
    20.128697747711));
#773 = CARTESIAN_POINT('',(-6.739284032275,8.693932926356,
    20.101437802472));
#774 = CARTESIAN_POINT('',(-6.769407897984,8.670540345623,
    20.074813745321));
#775 = CARTESIAN_POINT('',(-6.799981606152,8.646603770677,
    20.048867205266));
#776 = CARTESIAN_POINT('',(-6.831003147035,8.622112353025,20.02364225124
    ));
#777 = CARTESIAN_POINT('',(-6.862467285895,8.597057383987,19.99918472415
    ));
#778 = CARTESIAN_POINT('',(-6.894365154039,8.571432780694,
    19.975541568921));
#779 = CARTESIAN_POINT('',(-6.98149278648,8.500807979477,19.914125406655
    ));
#780 = CARTESIAN_POINT('',(-7.037530293792,8.454718784946,
    19.877956117034));
#781 = CARTESIAN_POINT('',(-7.094710987285,8.406971103241,
    19.844502132038));
#782 = CARTESIAN_POINT('',(-7.152923366521,8.357590080341,
    19.814002477265));
#783 = CARTESIAN_POINT('',(-7.212026322937,8.30662879032,19.786672775394
    ));
#784 = CARTESIAN_POINT('',(-7.271845906685,8.25417550848,19.762691500272
    ));
#785 = CARTESIAN_POINT('',(-7.33217234251,8.200362360748,19.742185079253
    ));
#786 = CARTESIAN_POINT('',(-7.434801043469,8.107216367456,19.71343303697
    ));
#787 = CARTESIAN_POINT('',(-7.47697882448,8.068483436105,19.703353111396
    ));
#788 = CARTESIAN_POINT('',(-7.519211282352,8.029234992705,
    19.694991995516));
#789 = CARTESIAN_POINT('',(-7.561423165111,7.989529998867,19.68835109161
    ));
#790 = CARTESIAN_POINT('',(-7.603543436541,7.949427666916,
    19.683415472265));
#791 = CARTESIAN_POINT('',(-7.645505388569,7.908987186382,
    19.680156076861));
#792 = CARTESIAN_POINT('',(-7.687246753645,7.868267450493,
    19.678531908044));
#793 = CARTESIAN_POINT('',(-7.788984190748,7.767811809539,
    19.678434546093));
#794 = CARTESIAN_POINT('',(-7.848672847808,7.707827556043,
    19.681725267698));
#795 = CARTESIAN_POINT('',(-7.907616713306,7.647534864915,
    19.688208623191));
#796 = CARTESIAN_POINT('',(-7.965695192288,7.587071843009,
    19.697691481701));
#797 = CARTESIAN_POINT('',(-8.022820988429,7.52655421381,19.709963911099
    ));
#798 = CARTESIAN_POINT('',(-8.07893580761,7.466075286887,19.724814870426
    ));
#799 = CARTESIAN_POINT('',(-8.134006946514,7.405705544283,
    19.742043034986));
#800 = CARTESIAN_POINT('',(-8.316602060069,7.202166646717,
    19.807687036095));
#801 = CARTESIAN_POINT('',(-8.43898459602,7.059978576793,19.866246541341
    ));
#802 = CARTESIAN_POINT('',(-8.555429773092,6.919162786958,
    19.934692469184));
#803 = CARTESIAN_POINT('',(-8.66620933788,6.779910307621,20.011095492562
    ));
#804 = CARTESIAN_POINT('',(-8.771649211831,6.642312886598,
    20.093939313647));
#805 = CARTESIAN_POINT('',(-8.872134216931,6.506330900191,20.18208005873
    ));
#806 = CARTESIAN_POINT('',(-8.968097700472,6.37177319588,20.274733737022
    ));
#807 = CARTESIAN_POINT('',(-9.0600160596,6.238277727048,20.371453988102)
  );
#808 = PCURVE('',#32,#809);
#809 = DEFINITIONAL_REPRESENTATION('',(#810),#869);
#810 = B_SPLINE_CURVE_WITH_KNOTS('',8,(#811,#812,#813,#814,#815,#816,
    #817,#818,#819,#820,#821,#822,#823,#824,#825,#826,#827,#828,#829,
    #830,#831,#832,#833,#834,#835,#836,#837,#838,#839,#840,#841,#842,
    #843,#844,#845,#846,#847,#848,#849,#850,#851,#852,#853,#854,#855,
    #856,#857,#858,#859,#860,#861,#862,#863,#864,#865,#866,#867,#868),
  .UNSPECIFIED.,.F.,.F.,(9,7,7,7,7,7,7,7,9),(0.,0.356968876049,
    0.563069773414,0.666843209814,0.701346354692,0.759859904311,
    0.800466175238,0.859495039482,1.),.UNSPECIFIED.);
#811 = CARTESIAN_POINT('',(1.981618063708,26.));
#812 = CARTESIAN_POINT('',(1.990431248146,25.586183325615));
#813 = CARTESIAN_POINT('',(1.999711210913,25.173203048645));
#814 = CARTESIAN_POINT('',(2.009528464053,24.761047896099));
#815 = CARTESIAN_POINT('',(2.019970793254,24.349867625918));
#816 = CARTESIAN_POINT('',(2.031143850896,23.939971457356));
#817 = CARTESIAN_POINT('',(2.043196617094,23.531883414235));
#818 = CARTESIAN_POINT('',(2.056318827546,23.126334039667));
#819 = CARTESIAN_POINT('',(2.079253554946,22.492491582326));
#820 = CARTESIAN_POINT('',(2.088111146655,22.261996418747));
#821 = CARTESIAN_POINT('',(2.097504058986,22.033021500353));
#822 = CARTESIAN_POINT('',(2.107517876897,21.805855339509));
#823 = CARTESIAN_POINT('',(2.118251818594,21.581063345727));
#824 = CARTESIAN_POINT('',(2.129837875286,21.359566451686));
#825 = CARTESIAN_POINT('',(2.142438996401,21.142628803415));
#826 = CARTESIAN_POINT('',(2.163336194802,20.826240421656));
#827 = CARTESIAN_POINT('',(2.170655649699,20.722052625172));
#828 = CARTESIAN_POINT('',(2.178333532107,20.619840096183));
#829 = CARTESIAN_POINT('',(2.186407719673,20.519965093109));
#830 = CARTESIAN_POINT('',(2.194917210586,20.42294709156));
#831 = CARTESIAN_POINT('',(2.20390219702,20.329462380171));
#832 = CARTESIAN_POINT('',(2.213403759327,20.240340147489));
#833 = CARTESIAN_POINT('',(2.22680779106,20.128697747711));
#834 = CARTESIAN_POINT('',(2.230213189265,20.101437802472));
#835 = CARTESIAN_POINT('',(2.233680419186,20.074813745321));
#836 = CARTESIAN_POINT('',(2.237210295156,20.048867205266));
#837 = CARTESIAN_POINT('',(2.240803346602,20.02364225124));
#838 = CARTESIAN_POINT('',(2.244459762408,19.99918472415));
#839 = CARTESIAN_POINT('',(2.248179335268,19.975541568921));
#840 = CARTESIAN_POINT('',(2.258375383312,19.914125406655));
#841 = CARTESIAN_POINT('',(2.264971242233,19.877956117034));
#842 = CARTESIAN_POINT('',(2.271743179196,19.844502132038));
#843 = CARTESIAN_POINT('',(2.278682375021,19.814002477265));
#844 = CARTESIAN_POINT('',(2.285776425558,19.786672775394));
#845 = CARTESIAN_POINT('',(2.293008684574,19.762691500272));
#846 = CARTESIAN_POINT('',(2.30035751892,19.742185079253));
#847 = CARTESIAN_POINT('',(2.312957147121,19.71343303697));
#848 = CARTESIAN_POINT('',(2.318162907532,19.703353111396));
#849 = CARTESIAN_POINT('',(2.323404054649,19.694991995516));
#850 = CARTESIAN_POINT('',(2.328672144853,19.68835109161));
#851 = CARTESIAN_POINT('',(2.333959011005,19.683415472265));
#852 = CARTESIAN_POINT('',(2.339256779974,19.680156076861));
#853 = CARTESIAN_POINT('',(2.344557890174,19.678531908044));
#854 = CARTESIAN_POINT('',(2.357555614675,19.678434546093));
#855 = CARTESIAN_POINT('',(2.365248205581,19.681725267698));
#856 = CARTESIAN_POINT('',(2.372913014154,19.688208623191));
#857 = CARTESIAN_POINT('',(2.380534106868,19.697691481701));
#858 = CARTESIAN_POINT('',(2.388099091267,19.709963911099));
#859 = CARTESIAN_POINT('',(2.39559882073,19.724814870426));
#860 = CARTESIAN_POINT('',(2.403027197045,19.742043034986));
#861 = CARTESIAN_POINT('',(2.427885316478,19.807687036095));
#862 = CARTESIAN_POINT('',(2.444936551272,19.866246541341));
#863 = CARTESIAN_POINT('',(2.461542657964,19.934692469184));
#864 = CARTESIAN_POINT('',(2.477713611734,20.011095492562));
#865 = CARTESIAN_POINT('',(2.493467859246,20.093939313647));
#866 = CARTESIAN_POINT('',(2.508835152743,20.18208005873));
#867 = CARTESIAN_POINT('',(2.523857811731,20.274733737022));
#868 = CARTESIAN_POINT('',(2.538592384821,20.371453988102));
#869 = ( GEOMETRIC_REPRESENTATION_CONTEXT(2) 
PARAMETRIC_REPRESENTATION_CONTEXT() REPRESENTATION_CONTEXT('2D SPACE',''
  ) );
#870 = PCURVE('',#871,#884);
#871 = B_SPLINE_SURFACE_WITH_KNOTS('',1,5,(
    (#872,#873,#874,#875,#876,#877)
    ,(#878,#879,#880,#881,#882,#883
    )),.UNSPECIFIED.,.F.,.F.,.F.,(2,2),(6,6),(0.,20.),(0.,26.),
  .PIECEWISE_BEZIER_KNOTS.);
#872 = CARTESIAN_POINT('',(-12.69768149673,10.692585496846,0.));
#873 = CARTESIAN_POINT('',(-12.12131794881,9.320357253121,5.2));
#874 = CARTESIAN_POINT('',(-11.29351578679,8.053718566902,10.4));
#875 = CARTESIAN_POINT('',(-10.23984957072,6.954327726024,15.6));
#876 = CARTESIAN_POINT('',(-9.009497246311,6.073496789524,20.8));
#877 = CARTESIAN_POINT('',(-7.662975741289,5.439394961133,26.));
#878 = CARTESIAN_POINT('',(6.800876746897,15.143004175972,0.));
#879 = CARTESIAN_POINT('',(6.724774838863,16.629413874491,5.2));
#880 = CARTESIAN_POINT('',(6.376319114779,18.101897690778,10.4));
#881 = CARTESIAN_POINT('',(5.758625100084,19.49377657204,15.6));
#882 = CARTESIAN_POINT('',(4.900522534457,20.740087114296,20.8));
#883 = CARTESIAN_POINT('',(3.849365572425,21.793782674422,26.));
#884 = DEFINITIONAL_REPRESENTATION('',(#885),#944);
#885 = B_SPLINE_CURVE_WITH_KNOTS('',8,(#886,#887,#888,#889,#890,#891,
    #892,#893,#894,#895,#896,#897,#898,#899,#900,#901,#902,#903,#904,
    #905,#906,#907,#908,#909,#910,#911,#912,#913,#914,#915,#916,#917,
    #918,#919,#920,#921,#922,#923,#924,#925,#926,#927,#928,#929,#930,
    #931,#932,#933,#934,#935,#936,#937,#938,#939,#940,#941,#942,#943),
  .UNSPECIFIED.,.F.,.F.,(9,7,7,7,7,7,7,7,9),(0.,0.356968876049,
    0.563069773414,0.666843209814,0.701346354692,0.759859904311,
    0.800466175238,0.859495039482,1.),.UNSPECIFIED.);
#886 = CARTESIAN_POINT('',(5.680833417463,26.));
#887 = CARTESIAN_POINT('',(5.618431752713,25.586183325615));
#888 = CARTESIAN_POINT('',(5.550423002895,25.173203048645));
#889 = CARTESIAN_POINT('',(5.476023082554,24.761047896099));
#890 = CARTESIAN_POINT('',(5.394240238045,24.349867625917));
#891 = CARTESIAN_POINT('',(5.303868616011,23.939971457357));
#892 = CARTESIAN_POINT('',(5.20320298577,23.531883414234));
#893 = CARTESIAN_POINT('',(5.090066517008,23.126334039667));
#894 = CARTESIAN_POINT('',(4.885679870018,22.492491582326));
#895 = CARTESIAN_POINT('',(4.805475671502,22.261996418747));
#896 = CARTESIAN_POINT('',(4.719071867402,22.033021500353));
#897 = CARTESIAN_POINT('',(4.625494491272,21.805855339509));
#898 = CARTESIAN_POINT('',(4.523597024095,21.581063345727));
#899 = CARTESIAN_POINT('',(4.411846204372,21.359566451686));
#900 = CARTESIAN_POINT('',(4.288343204354,21.142628803415));
#901 = CARTESIAN_POINT('',(4.080086200228,20.826240421656));
#902 = CARTESIAN_POINT('',(4.006615513257,20.722052625172));
#903 = CARTESIAN_POINT('',(3.928991828117,20.619840096183));
#904 = CARTESIAN_POINT('',(3.84677229745,20.519965093109));
#905 = CARTESIAN_POINT('',(3.75949199413,20.42294709156));
#906 = CARTESIAN_POINT('',(3.666664356359,20.329462380171));
#907 = CARTESIAN_POINT('',(3.56778655468,20.240340147489));
#908 = CARTESIAN_POINT('',(3.42729360078,20.128697747711));
#909 = CARTESIAN_POINT('',(3.391521586023,20.101437802472));
#910 = CARTESIAN_POINT('',(3.355020088137,20.074813745321));
#911 = CARTESIAN_POINT('',(3.317777861414,20.048867205266));
#912 = CARTESIAN_POINT('',(3.279786728996,20.02364225124));
#913 = CARTESIAN_POINT('',(3.241042248927,19.99918472415));
#914 = CARTESIAN_POINT('',(3.20154438019,19.975541568921));
#915 = CARTESIAN_POINT('',(3.093044954202,19.914125406655));
#916 = CARTESIAN_POINT('',(3.022616720241,19.877956117034));
#917 = CARTESIAN_POINT('',(2.950065293753,19.844502132038));
#918 = CARTESIAN_POINT('',(2.875477368948,19.814002477265));
#919 = CARTESIAN_POINT('',(2.798981636822,19.786672775394));
#920 = CARTESIAN_POINT('',(2.720756755075,19.762691500272));
#921 = CARTESIAN_POINT('',(2.64104013848,19.742185079253));
#922 = CARTESIAN_POINT('',(2.50399413546,19.71343303697));
#923 = CARTESIAN_POINT('',(2.447266842975,19.703353111396));
#924 = CARTESIAN_POINT('',(2.390052667199,19.694991995516));
#925 = CARTESIAN_POINT('',(2.332446871225,19.68835109161));
#926 = CARTESIAN_POINT('',(2.274542619182,19.683415472265));
#927 = CARTESIAN_POINT('',(2.21643058911,19.680156076861));
#928 = CARTESIAN_POINT('',(2.158198585835,19.678531908044));
#929 = CARTESIAN_POINT('',(2.01522846498,19.678434546093));
#930 = CARTESIAN_POINT('',(1.930447516564,19.681725267698));
#931 = CARTESIAN_POINT('',(1.845822209677,19.688208623191));
#932 = CARTESIAN_POINT('',(1.761544521014,19.697691481701));
#933 = CARTESIAN_POINT('',(1.677767511932,19.709963911099));
#934 = CARTESIAN_POINT('',(1.594607674697,19.724814870426));
#935 = CARTESIAN_POINT('',(1.512146615942,19.742043034986));
#936 = CARTESIAN_POINT('',(1.235928961464,19.807687036095));
#937 = CARTESIAN_POINT('',(1.045998760536,19.866246541341));
#938 = CARTESIAN_POINT('',(0.860728176025,19.934692469184));
#939 = CARTESIAN_POINT('',(0.680134032156,20.011095492562));
#940 = CARTESIAN_POINT('',(0.504105477542,20.093939313647));
#941 = CARTESIAN_POINT('',(0.332381137255,20.18208005873));
#942 = CARTESIAN_POINT('',(0.164541896874,20.274733737022));
#943 = CARTESIAN_POINT('',(0.,20.371453988102));
#944 = ( GEOMETRIC_REPRESENTATION_CONTEXT(2) 
PARAMETRIC_REPRESENTATION_CONTEXT() REPRESENTATION_CONTEXT('2D SPACE',''
  ) );
#945 = ORIENTED_EDGE('',*,*,#946,.T.);
#946 = EDGE_CURVE('',#746,#689,#947,.T.);
#947 = SURFACE_CURVE('',#948,(#953,#960),.PCURVE_S1.);
#948 = CIRCLE('',#949,11.);
#949 = AXIS2_PLACEMENT_3D('',#950,#951,#952);
#950 = CARTESIAN_POINT('',(0.,0.,26.));
#951 = DIRECTION('',(0.,0.,1.));
#952 = DIRECTION('',(1.,0.,-0.));
#953 = PCURVE('',#32,#954);
#954 = DEFINITIONAL_REPRESENTATION('',(#955),#959);
#955 = LINE('',#956,#957);
#956 = CARTESIAN_POINT('',(0.,26.));
#957 = VECTOR('',#958,1.);
#958 = DIRECTION('',(1.,0.));
#959 = ( GEOMETRIC_REPRESENTATION_CONTEXT(2) 
PARAMETRIC_REPRESENTATION_CONTEXT() REPRESENTATION_CONTEXT('2D SPACE',''
  ) );
#960 = PCURVE('',#961,#966);
#961 = PLANE('',#962);
#962 = AXIS2_PLACEMENT_3D('',#963,#964,#965);
#963 = CARTESIAN_POINT('',(-3.337814009345,14.623918682727,26.));
#964 = DIRECTION('',(3.320140396423E-15,-2.337145854871E-15,1.));
#965 = DIRECTION('',(-0.222520933956,0.974927912182,3.017349470632E-15)
  );
#966 = DEFINITIONAL_REPRESENTATION('',(#967),#971);
#967 = CIRCLE('',#968,11.);
#968 = AXIS2_PLACEMENT_2D('',#969,#970);
#969 = CARTESIAN_POINT('',(-15.,-8.881784197003E-16));
#970 = DIRECTION('',(-0.222520933956,-0.974927912182));
#971 = ( GEOMETRIC_REPRESENTATION_CONTEXT(2) 
PARAMETRIC_REPRESENTATION_CONTEXT() REPRESENTATION_CONTEXT('2D SPACE',''
  ) );
#972 = FACE_BOUND('',#973,.T.);
#973 = EDGE_LOOP('',(#974,#1033,#1234));
#974 = ORIENTED_EDGE('',*,*,#975,.F.);
#975 = EDGE_CURVE('',#976,#978,#980,.T.);
#976 = VERTEX_POINT('',#977);
#977 = CARTESIAN_POINT('',(-10.52610954122,-3.193903243085,
    20.371453988102));
#978 = VERTEX_POINT('',#979);
#979 = CARTESIAN_POINT('',(-10.568932401,-3.04920775004,26.));
#980 = SURFACE_CURVE('',#981,(#992,#1006),.PCURVE_S1.);
#981 = B_SPLINE_CURVE_WITH_KNOTS('',5,(#982,#983,#984,#985,#986,#987,
    #988,#989,#990,#991),.UNSPECIFIED.,.F.,.F.,(6,4,6),(0.,0.49872285209
    ,1.),.UNSPECIFIED.);
#982 = CARTESIAN_POINT('',(-10.52610954122,-3.193903243085,
    20.371453988102));
#983 = CARTESIAN_POINT('',(-10.53426215464,-3.16703477043,
    20.932430486879));
#984 = CARTESIAN_POINT('',(-10.54135107808,-3.143363373884,
    21.49357530278));
#985 = CARTESIAN_POINT('',(-10.54744164451,-3.122821565795,
    22.054855974554));
#986 = CARTESIAN_POINT('',(-10.55257991734,-3.105363480633,
    22.616243762765));
#987 = CARTESIAN_POINT('',(-10.56103625192,-3.076481896186,
    23.742057446979));
#988 = CARTESIAN_POINT('',(-10.56434495194,-3.065089582615,
    24.306483985718));
#989 = CARTESIAN_POINT('',(-10.56675471967,-3.056753472345,
    24.870966129572));
#990 = CARTESIAN_POINT('',(-10.56828281066,-3.051459310761,
    25.435479179831));
#991 = CARTESIAN_POINT('',(-10.568932401,-3.04920775004,26.));
#992 = PCURVE('',#32,#993);
#993 = DEFINITIONAL_REPRESENTATION('',(#994),#1005);
#994 = B_SPLINE_CURVE_WITH_KNOTS('',5,(#995,#996,#997,#998,#999,#1000,
    #1001,#1002,#1003,#1004),.UNSPECIFIED.,.F.,.F.,(6,4,6),(0.,
    0.49872285209,1.),.UNSPECIFIED.);
#995 = CARTESIAN_POINT('',(3.436190285847,20.371453988102));
#996 = CARTESIAN_POINT('',(3.433637730931,20.932430486879));
#997 = CARTESIAN_POINT('',(3.431391375011,21.49357530278));
#998 = CARTESIAN_POINT('',(3.429443588944,22.054855974554));
#999 = CARTESIAN_POINT('',(3.427789178679,22.616243762765));
#1000 = CARTESIAN_POINT('',(3.425053350409,23.742057446979));
#1001 = CARTESIAN_POINT('',(3.42397489161,24.306483985718));
#1002 = CARTESIAN_POINT('',(3.423186036086,24.870966129572));
#1003 = CARTESIAN_POINT('',(3.422685100607,25.435479179831));
#1004 = CARTESIAN_POINT('',(3.422472064831,26.));
#1005 = ( GEOMETRIC_REPRESENTATION_CONTEXT(2) 
PARAMETRIC_REPRESENTATION_CONTEXT() REPRESENTATION_CONTEXT('2D SPACE',''
  ) );
#1006 = PCURVE('',#1007,#1020);
#1007 = B_SPLINE_SURFACE_WITH_KNOTS('',1,5,(
    (#1008,#1009,#1010,#1011,#1012,#1013)
    ,(#1014,#1015,#1016,#1017,#1018,#1019
    )),.UNSPECIFIED.,.F.,.F.,.F.,(2,2),(6,6),(0.,3.5),(0.,26.),
  .PIECEWISE_BEZIER_KNOTS.);
#1008 = CARTESIAN_POINT('',(-19.43006592854,-1.742136048805,0.));
#1009 = CARTESIAN_POINT('',(-18.22049526683,-2.609398469638,5.2));
#1010 = CARTESIAN_POINT('',(-16.85200247146,-3.255043457161,10.4));
#1011 = CARTESIAN_POINT('',(-15.37866182348,-3.639933117829,15.6));
#1012 = CARTESIAN_POINT('',(-13.86923880599,-3.746103429881,20.8));
#1013 = CARTESIAN_POINT('',(-12.39004079817,-3.581244259951,26.));
#1014 = CARTESIAN_POINT('',(-16.27667489088,-3.260729135717,0.));
#1015 = CARTESIAN_POINT('',(-14.84446685451,-3.665680284386,5.2));
#1016 = CARTESIAN_POINT('',(-13.33804264673,-3.808214796359,10.4));
#1017 = CARTESIAN_POINT('',(-11.82155413551,-3.669884354167,15.6));
#1018 = CARTESIAN_POINT('',(-10.36578065166,-3.257145278485,20.8));
#1019 = CARTESIAN_POINT('',(-9.030477452776,-2.59974839738,26.));
#1020 = DEFINITIONAL_REPRESENTATION('',(#1021),#1032);
#1021 = B_SPLINE_CURVE_WITH_KNOTS('',5,(#1022,#1023,#1024,#1025,#1026,
    #1027,#1028,#1029,#1030,#1031),.UNSPECIFIED.,.F.,.F.,(6,4,6),(0.,
    0.49872285209,1.),.UNSPECIFIED.);
#1022 = CARTESIAN_POINT('',(3.5,20.371453988102));
#1023 = CARTESIAN_POINT('',(3.337115552712,20.932430486879));
#1024 = CARTESIAN_POINT('',(3.175385816211,21.49357530278));
#1025 = CARTESIAN_POINT('',(3.014592019495,22.054855974554));
#1026 = CARTESIAN_POINT('',(2.854536683729,22.616243762765));
#1027 = CARTESIAN_POINT('',(2.534717136275,23.742057446979));
#1028 = CARTESIAN_POINT('',(2.374958412734,24.306483985718));
#1029 = CARTESIAN_POINT('',(2.215573112997,24.870966129572));
#1030 = CARTESIAN_POINT('',(2.056386357847,25.435479179831));
#1031 = CARTESIAN_POINT('',(1.897234472097,26.));
#1032 = ( GEOMETRIC_REPRESENTATION_CONTEXT(2) 
PARAMETRIC_REPRESENTATION_CONTEXT() REPRESENTATION_CONTEXT('2D SPACE',''
  ) );
#1033 = ORIENTED_EDGE('',*,*,#1034,.F.);
#1034 = EDGE_CURVE('',#1035,#976,#1037,.T.);
#1035 = VERTEX_POINT('',#1036);
#1036 = CARTESIAN_POINT('',(-10.62353873711,2.853142951372,26.));
#1037 = SURFACE_CURVE('',#1038,(#1097,#1159),.PCURVE_S1.);
#1038 = B_SPLINE_CURVE_WITH_KNOTS('',8,(#1039,#1040,#1041,#1042,#1043,
    #1044,#1045,#1046,#1047,#1048,#1049,#1050,#1051,#1052,#1053,#1054,
    #1055,#1056,#1057,#1058,#1059,#1060,#1061,#1062,#1063,#1064,#1065,
    #1066,#1067,#1068,#1069,#1070,#1071,#1072,#1073,#1074,#1075,#1076,
    #1077,#1078,#1079,#1080,#1081,#1082,#1083,#1084,#1085,#1086,#1087,
    #1088,#1089,#1090,#1091,#1092,#1093,#1094,#1095,#1096),
  .UNSPECIFIED.,.F.,.F.,(9,7,7,7,7,7,7,7,9),(0.,0.35696887605,
    0.563069773415,0.666843209815,0.701346354693,0.759859904312,
    0.800466175238,0.859495039483,1.),.UNSPECIFIED.);
#1039 = CARTESIAN_POINT('',(-10.62353873711,2.853142951372,26.));
#1040 = CARTESIAN_POINT('',(-10.64868401217,2.759515745098,
    25.586183325616));
#1041 = CARTESIAN_POINT('',(-10.67421784101,2.660676414987,
    25.17320304864));
#1042 = CARTESIAN_POINT('',(-10.70016515636,2.555840146458,
    24.761047896111));
#1043 = CARTESIAN_POINT('',(-10.72653644675,2.444028066201,
    24.349867625903));
#1044 = CARTESIAN_POINT('',(-10.75333057775,2.324059779426,
    23.939971457367));
#1045 = CARTESIAN_POINT('',(-10.78050565381,2.194271784112,
    23.53188341423));
#1046 = CARTESIAN_POINT('',(-10.80798992841,2.052543347756,
    23.126334039667));
#1047 = CARTESIAN_POINT('',(-10.85145113425,1.804033122988,
    22.492491582326));
#1048 = CARTESIAN_POINT('',(-10.86736339245,1.707903682402,
    22.261996418747));
#1049 = CARTESIAN_POINT('',(-10.88324822823,1.605801457131,
    22.033021500353));
#1050 = CARTESIAN_POINT('',(-10.89903778547,1.496774244987,
    21.805855339508));
#1051 = CARTESIAN_POINT('',(-10.91462605646,1.379716298786,
    21.581063345728));
#1052 = CARTESIAN_POINT('',(-10.9298282266,1.253159519082,
    21.359566451685));
#1053 = CARTESIAN_POINT('',(-10.94438206104,1.115291987621,
    21.142628803415));
#1054 = CARTESIAN_POINT('',(-10.96450586279,0.886305364372,
    20.826240421656));
#1055 = CARTESIAN_POINT('',(-10.97094112825,0.806046600767,
    20.722052625172));
#1056 = CARTESIAN_POINT('',(-10.9770091074,0.721803381844,
    20.619840096183));
#1057 = CARTESIAN_POINT('',(-10.98262269691,0.633157881239,
    20.51996509311));
#1058 = CARTESIAN_POINT('',(-10.98766669221,0.539680597721,
    20.42294709156));
#1059 = CARTESIAN_POINT('',(-10.99199221004,0.440930761417,
    20.329462380171));
#1060 = CARTESIAN_POINT('',(-10.99540984809,0.33646173651,
    20.240340147489));
#1061 = CARTESIAN_POINT('',(-10.99843689961,0.189048463607,
    20.128697747711));
#1062 = CARTESIAN_POINT('',(-10.99906533424,0.1515940919,20.101437802472
    ));
#1063 = CARTESIAN_POINT('',(-10.99955820123,0.113457269789,
    20.07481374532));
#1064 = CARTESIAN_POINT('',(-10.9999062286,7.462957183693E-02,
    20.048867205266));
#1065 = CARTESIAN_POINT('',(-11.00009968161,3.510580540151E-02,
    20.02364225124));
#1066 = CARTESIAN_POINT('',(-11.00012848773,-5.115366609577E-03,
    19.99918472415));
#1067 = CARTESIAN_POINT('',(-10.99998236163,-4.603080297767E-02,
    19.975541568921));
#1068 = CARTESIAN_POINT('',(-10.99908885889,-0.15818377233,
    19.914125406655));
#1069 = CARTESIAN_POINT('',(-10.99799368993,-0.230731802511,
    19.877956117034));
#1070 = CARTESIAN_POINT('',(-10.99631462842,-0.305207661479,
    19.844502132038));
#1071 = CARTESIAN_POINT('',(-10.99400181487,-0.381508496419,
    19.814002477265));
#1072 = CARTESIAN_POINT('',(-10.99100876453,-0.45949089307,
    19.786672775394));
#1073 = CARTESIAN_POINT('',(-10.98729603785,-0.538963813214,
    19.762691500272));
#1074 = CARTESIAN_POINT('',(-10.9828361423,-0.619680868783,
    19.742185079253));
#1075 = CARTESIAN_POINT('',(-10.9739996207,-0.757994795099,
    19.71343303697));
#1076 = CARTESIAN_POINT('',(-10.97001441189,-0.815120299848,
    19.703353111396));
#1077 = CARTESIAN_POINT('',(-10.96566024999,-0.872609969193,
    19.694991995516));
#1078 = CARTESIAN_POINT('',(-10.96093631422,-0.930368206808,
    19.68835109161));
#1079 = CARTESIAN_POINT('',(-10.95584460827,-0.988302556065,
    19.683415472265));
#1080 = CARTESIAN_POINT('',(-10.95038981657,-1.046323958421,
    19.680156076861));
#1081 = CARTESIAN_POINT('',(-10.94457916054,-1.10434701182,
    19.678531908044));
#1082 = CARTESIAN_POINT('',(-10.92947203235,-1.246521610767,
    19.678434546093));
#1083 = CARTESIAN_POINT('',(-10.91978972348,-1.330587652331,
    19.681725267698));
#1084 = CARTESIAN_POINT('',(-10.90940189841,-1.41426370012,
    19.688208623191));
#1085 = CARTESIAN_POINT('',(-10.89834134371,-1.49736936099,
    19.697691481701));
#1086 = CARTESIAN_POINT('',(-10.88664410728,-1.579764231513,
    19.709963911099));
#1087 = CARTESIAN_POINT('',(-10.87434679568,-1.661344557946,
    19.724814870426));
#1088 = CARTESIAN_POINT('',(-10.8614841238,-1.742040826971,
    19.742043034986));
#1089 = CARTESIAN_POINT('',(-10.81619719695,-2.011703862206,
    19.807687036096));
#1090 = CARTESIAN_POINT('',(-10.78133435054,-2.196039193261,
    19.866246541341));
#1091 = CARTESIAN_POINT('',(-10.7438425132,-2.374876907579,
    19.934692469185));
#1092 = CARTESIAN_POINT('',(-10.70404046974,-2.548310359695,
    20.011095492562));
#1093 = CARTESIAN_POINT('',(-10.6622031602,-2.716537161428,
    20.093939313648));
#1094 = CARTESIAN_POINT('',(-10.6185395381,-2.879882883691,
    20.18208005873));
#1095 = CARTESIAN_POINT('',(-10.573170342,-3.038805512691,
    20.274733737022));
#1096 = CARTESIAN_POINT('',(-10.52610954122,-3.193903243085,
    20.371453988102));
#1097 = PCURVE('',#32,#1098);
#1098 = DEFINITIONAL_REPRESENTATION('',(#1099),#1158);
#1099 = B_SPLINE_CURVE_WITH_KNOTS('',8,(#1100,#1101,#1102,#1103,#1104,
    #1105,#1106,#1107,#1108,#1109,#1110,#1111,#1112,#1113,#1114,#1115,
    #1116,#1117,#1118,#1119,#1120,#1121,#1122,#1123,#1124,#1125,#1126,
    #1127,#1128,#1129,#1130,#1131,#1132,#1133,#1134,#1135,#1136,#1137,
    #1138,#1139,#1140,#1141,#1142,#1143,#1144,#1145,#1146,#1147,#1148,
    #1149,#1150,#1151,#1152,#1153,#1154,#1155,#1156,#1157),
  .UNSPECIFIED.,.F.,.F.,(9,7,7,7,7,7,7,7,9),(0.,0.35696887605,
    0.563069773415,0.666843209815,0.701346354693,0.759859904312,
    0.800466175238,0.859495039483,1.),.UNSPECIFIED.);
#1100 = CARTESIAN_POINT('',(2.879215964734,26.));
#1101 = CARTESIAN_POINT('',(2.888029149172,25.586183325616));
#1102 = CARTESIAN_POINT('',(2.897309111939,25.17320304864));
#1103 = CARTESIAN_POINT('',(2.907126365079,24.761047896111));
#1104 = CARTESIAN_POINT('',(2.91756869428,24.349867625903));
#1105 = CARTESIAN_POINT('',(2.928741751922,23.939971457367));
#1106 = CARTESIAN_POINT('',(2.94079451812,23.53188341423));
#1107 = CARTESIAN_POINT('',(2.953916728572,23.126334039667));
#1108 = CARTESIAN_POINT('',(2.976851455971,22.492491582326));
#1109 = CARTESIAN_POINT('',(2.98570904768,22.261996418747));
#1110 = CARTESIAN_POINT('',(2.995101960012,22.033021500353));
#1111 = CARTESIAN_POINT('',(3.005115777923,21.805855339508));
#1112 = CARTESIAN_POINT('',(3.015849719619,21.581063345728));
#1113 = CARTESIAN_POINT('',(3.027435776312,21.359566451685));
#1114 = CARTESIAN_POINT('',(3.040036897426,21.142628803415));
#1115 = CARTESIAN_POINT('',(3.060934095827,20.826240421656));
#1116 = CARTESIAN_POINT('',(3.068253550724,20.722052625172));
#1117 = CARTESIAN_POINT('',(3.075931433132,20.619840096183));
#1118 = CARTESIAN_POINT('',(3.084005620699,20.51996509311));
#1119 = CARTESIAN_POINT('',(3.092515111612,20.42294709156));
#1120 = CARTESIAN_POINT('',(3.101500098045,20.329462380171));
#1121 = CARTESIAN_POINT('',(3.111001660353,20.240340147489));
#1122 = CARTESIAN_POINT('',(3.124405692085,20.128697747711));
#1123 = CARTESIAN_POINT('',(3.127811090291,20.101437802472));
#1124 = CARTESIAN_POINT('',(3.131278320212,20.07481374532));
#1125 = CARTESIAN_POINT('',(3.134808196182,20.048867205266));
#1126 = CARTESIAN_POINT('',(3.138401247628,20.02364225124));
#1127 = CARTESIAN_POINT('',(3.142057663433,19.99918472415));
#1128 = CARTESIAN_POINT('',(3.145777236294,19.975541568921));
#1129 = CARTESIAN_POINT('',(3.155973284338,19.914125406655));
#1130 = CARTESIAN_POINT('',(3.162569143259,19.877956117034));
#1131 = CARTESIAN_POINT('',(3.169341080222,19.844502132038));
#1132 = CARTESIAN_POINT('',(3.176280276046,19.814002477265));
#1133 = CARTESIAN_POINT('',(3.183374326583,19.786672775394));
#1134 = CARTESIAN_POINT('',(3.1906065856,19.762691500272));
#1135 = CARTESIAN_POINT('',(3.197955419946,19.742185079253));
#1136 = CARTESIAN_POINT('',(3.210555048147,19.71343303697));
#1137 = CARTESIAN_POINT('',(3.215760808557,19.703353111396));
#1138 = CARTESIAN_POINT('',(3.221001955675,19.694991995516));
#1139 = CARTESIAN_POINT('',(3.226270045879,19.68835109161));
#1140 = CARTESIAN_POINT('',(3.23155691203,19.683415472265));
#1141 = CARTESIAN_POINT('',(3.236854681,19.680156076861));
#1142 = CARTESIAN_POINT('',(3.2421557912,19.678531908044));
#1143 = CARTESIAN_POINT('',(3.255153515701,19.678434546093));
#1144 = CARTESIAN_POINT('',(3.262846106607,19.681725267698));
#1145 = CARTESIAN_POINT('',(3.27051091518,19.688208623191));
#1146 = CARTESIAN_POINT('',(3.278132007893,19.697691481701));
#1147 = CARTESIAN_POINT('',(3.285696992293,19.709963911099));
#1148 = CARTESIAN_POINT('',(3.293196721756,19.724814870426));
#1149 = CARTESIAN_POINT('',(3.30062509807,19.742043034986));
#1150 = CARTESIAN_POINT('',(3.325483217504,19.807687036096));
#1151 = CARTESIAN_POINT('',(3.342534452297,19.866246541341));
#1152 = CARTESIAN_POINT('',(3.35914055899,19.934692469185));
#1153 = CARTESIAN_POINT('',(3.37531151276,20.011095492562));
#1154 = CARTESIAN_POINT('',(3.391065760271,20.093939313648));
#1155 = CARTESIAN_POINT('',(3.406433053768,20.18208005873));
#1156 = CARTESIAN_POINT('',(3.421455712757,20.274733737022));
#1157 = CARTESIAN_POINT('',(3.436190285847,20.371453988102));
#1158 = ( GEOMETRIC_REPRESENTATION_CONTEXT(2) 
PARAMETRIC_REPRESENTATION_CONTEXT() REPRESENTATION_CONTEXT('2D SPACE',''
  ) );
#1159 = PCURVE('',#1160,#1173);
#1160 = B_SPLINE_SURFACE_WITH_KNOTS('',1,5,(
    (#1161,#1162,#1163,#1164,#1165,#1166)
    ,(#1167,#1168,#1169,#1170,#1171,#1172
    )),.UNSPECIFIED.,.F.,.F.,.F.,(2,2),(6,6),(0.,20.),(0.,26.),
  .PIECEWISE_BEZIER_KNOTS.);
#1161 = CARTESIAN_POINT('',(-16.27667489088,-3.260729135717,0.));
#1162 = CARTESIAN_POINT('',(-14.84446685451,-3.665680284386,5.2));
#1163 = CARTESIAN_POINT('',(-13.33804264673,-3.808214796359,10.4));
#1164 = CARTESIAN_POINT('',(-11.82155413551,-3.669884354167,15.6));
#1165 = CARTESIAN_POINT('',(-10.36578065166,-3.257145278485,20.8));
#1166 = CARTESIAN_POINT('',(-9.030477452776,-2.59974839738,26.));
#1167 = CARTESIAN_POINT('',(-7.599000108531,14.758648222332,0.));
#1168 = CARTESIAN_POINT('',(-8.808570770241,15.625910643165,5.2));
#1169 = CARTESIAN_POINT('',(-10.1770635656,16.271555630687,10.4));
#1170 = CARTESIAN_POINT('',(-11.65040421358,16.656445291356,15.6));
#1171 = CARTESIAN_POINT('',(-13.15982723107,16.762615603408,20.8));
#1172 = CARTESIAN_POINT('',(-14.63902523889,16.597756433478,26.));
#1173 = DEFINITIONAL_REPRESENTATION('',(#1174),#1233);
#1174 = B_SPLINE_CURVE_WITH_KNOTS('',8,(#1175,#1176,#1177,#1178,#1179,
    #1180,#1181,#1182,#1183,#1184,#1185,#1186,#1187,#1188,#1189,#1190,
    #1191,#1192,#1193,#1194,#1195,#1196,#1197,#1198,#1199,#1200,#1201,
    #1202,#1203,#1204,#1205,#1206,#1207,#1208,#1209,#1210,#1211,#1212,
    #1213,#1214,#1215,#1216,#1217,#1218,#1219,#1220,#1221,#1222,#1223,
    #1224,#1225,#1226,#1227,#1228,#1229,#1230,#1231,#1232),
  .UNSPECIFIED.,.F.,.F.,(9,7,7,7,7,7,7,7,9),(0.,0.35696887605,
    0.563069773415,0.666843209815,0.701346354693,0.759859904312,
    0.800466175238,0.859495039483,1.),.UNSPECIFIED.);
#1175 = CARTESIAN_POINT('',(5.680833417463,26.));
#1176 = CARTESIAN_POINT('',(5.618431752713,25.586183325616));
#1177 = CARTESIAN_POINT('',(5.550423002894,25.17320304864));
#1178 = CARTESIAN_POINT('',(5.476023082558,24.761047896111));
#1179 = CARTESIAN_POINT('',(5.39424023804,24.349867625903));
#1180 = CARTESIAN_POINT('',(5.303868616015,23.939971457367));
#1181 = CARTESIAN_POINT('',(5.203202985768,23.53188341423));
#1182 = CARTESIAN_POINT('',(5.090066517009,23.126334039667));
#1183 = CARTESIAN_POINT('',(4.885679870018,22.492491582326));
#1184 = CARTESIAN_POINT('',(4.805475671503,22.261996418748));
#1185 = CARTESIAN_POINT('',(4.719071867402,22.033021500352));
#1186 = CARTESIAN_POINT('',(4.625494491272,21.805855339509));
#1187 = CARTESIAN_POINT('',(4.523597024096,21.581063345727));
#1188 = CARTESIAN_POINT('',(4.411846204371,21.359566451685));
#1189 = CARTESIAN_POINT('',(4.288343204354,21.142628803415));
#1190 = CARTESIAN_POINT('',(4.080086200228,20.826240421656));
#1191 = CARTESIAN_POINT('',(4.006615513256,20.722052625172));
#1192 = CARTESIAN_POINT('',(3.928991828117,20.619840096183));
#1193 = CARTESIAN_POINT('',(3.84677229745,20.51996509311));
#1194 = CARTESIAN_POINT('',(3.75949199413,20.42294709156));
#1195 = CARTESIAN_POINT('',(3.666664356358,20.329462380171));
#1196 = CARTESIAN_POINT('',(3.56778655468,20.240340147489));
#1197 = CARTESIAN_POINT('',(3.42729360078,20.128697747711));
#1198 = CARTESIAN_POINT('',(3.391521586023,20.101437802472));
#1199 = CARTESIAN_POINT('',(3.355020088137,20.07481374532));
#1200 = CARTESIAN_POINT('',(3.317777861414,20.048867205266));
#1201 = CARTESIAN_POINT('',(3.279786728996,20.02364225124));
#1202 = CARTESIAN_POINT('',(3.241042248927,19.99918472415));
#1203 = CARTESIAN_POINT('',(3.20154438019,19.975541568921));
#1204 = CARTESIAN_POINT('',(3.093044954202,19.914125406655));
#1205 = CARTESIAN_POINT('',(3.022616720241,19.877956117034));
#1206 = CARTESIAN_POINT('',(2.950065293753,19.844502132038));
#1207 = CARTESIAN_POINT('',(2.875477368948,19.814002477265));
#1208 = CARTESIAN_POINT('',(2.798981636822,19.786672775394));
#1209 = CARTESIAN_POINT('',(2.720756755075,19.762691500272));
#1210 = CARTESIAN_POINT('',(2.64104013848,19.742185079253));
#1211 = CARTESIAN_POINT('',(2.50399413546,19.71343303697));
#1212 = CARTESIAN_POINT('',(2.447266842975,19.703353111396));
#1213 = CARTESIAN_POINT('',(2.390052667199,19.694991995516));
#1214 = CARTESIAN_POINT('',(2.332446871225,19.68835109161));
#1215 = CARTESIAN_POINT('',(2.274542619182,19.683415472265));
#1216 = CARTESIAN_POINT('',(2.21643058911,19.680156076861));
#1217 = CARTESIAN_POINT('',(2.158198585835,19.678531908044));
#1218 = CARTESIAN_POINT('',(2.01522846498,19.678434546093));
#1219 = CARTESIAN_POINT('',(1.930447516563,19.681725267698));
#1220 = CARTESIAN_POINT('',(1.845822209676,19.688208623191));
#1221 = CARTESIAN_POINT('',(1.761544521013,19.697691481701));
#1222 = CARTESIAN_POINT('',(1.677767511931,19.709963911099));
#1223 = CARTESIAN_POINT('',(1.594607674696,19.724814870426));
#1224 = CARTESIAN_POINT('',(1.51214661594,19.742043034986));
#1225 = CARTESIAN_POINT('',(1.235928961462,19.807687036096));
#1226 = CARTESIAN_POINT('',(1.045998760534,19.866246541341));
#1227 = CARTESIAN_POINT('',(0.860728176024,19.934692469184));
#1228 = CARTESIAN_POINT('',(0.680134032156,20.011095492562));
#1229 = CARTESIAN_POINT('',(0.504105477541,20.093939313648));
#1230 = CARTESIAN_POINT('',(0.332381137255,20.18208005873));
#1231 = CARTESIAN_POINT('',(0.164541896874,20.274733737022));
#1232 = CARTESIAN_POINT('',(0.,20.371453988102));
#1233 = ( GEOMETRIC_REPRESENTATION_CONTEXT(2) 
PARAMETRIC_REPRESENTATION_CONTEXT() REPRESENTATION_CONTEXT('2D SPACE',''
  ) );
#1234 = ORIENTED_EDGE('',*,*,#1235,.T.);
#1235 = EDGE_CURVE('',#1035,#978,#1236,.T.);
#1236 = SURFACE_CURVE('',#1237,(#1242,#1249),.PCURVE_S1.);
#1237 = CIRCLE('',#1238,11.);
#1238 = AXIS2_PLACEMENT_3D('',#1239,#1240,#1241);
#1239 = CARTESIAN_POINT('',(0.,0.,26.));
#1240 = DIRECTION('',(0.,0.,1.));
#1241 = DIRECTION('',(1.,0.,-0.));
#1242 = PCURVE('',#32,#1243);
#1243 = DEFINITIONAL_REPRESENTATION('',(#1244),#1248);
#1244 = LINE('',#1245,#1246);
#1245 = CARTESIAN_POINT('',(0.,26.));
#1246 = VECTOR('',#1247,1.);
#1247 = DIRECTION('',(1.,0.));
#1248 = ( GEOMETRIC_REPRESENTATION_CONTEXT(2) 
PARAMETRIC_REPRESENTATION_CONTEXT() REPRESENTATION_CONTEXT('2D SPACE',''
  ) );
#1249 = PCURVE('',#1250,#1255);
#1250 = PLANE('',#1251);
#1251 = AXIS2_PLACEMENT_3D('',#1252,#1253,#1254);
#1252 = CARTESIAN_POINT('',(-13.51453301853,6.508256086763,26.));
#1253 = DIRECTION('',(3.897327886367E-15,1.138603682169E-15,1.));
#1254 = DIRECTION('',(-0.900968867902,0.433883739118,3.017349470632E-15)
  );
#1255 = DEFINITIONAL_REPRESENTATION('',(#1256),#1260);
#1256 = CIRCLE('',#1257,11.);
#1257 = AXIS2_PLACEMENT_2D('',#1258,#1259);
#1258 = CARTESIAN_POINT('',(-15.,-1.254777176862E-28));
#1259 = DIRECTION('',(-0.900968867902,-0.433883739118));
#1260 = ( GEOMETRIC_REPRESENTATION_CONTEXT(2) 
PARAMETRIC_REPRESENTATION_CONTEXT() REPRESENTATION_CONTEXT('2D SPACE',''
  ) );
#1261 = FACE_BOUND('',#1262,.T.);
#1262 = EDGE_LOOP('',(#1263,#1322,#1523));
#1263 = ORIENTED_EDGE('',*,*,#1264,.F.);
#1264 = EDGE_CURVE('',#1265,#1267,#1269,.T.);
#1265 = VERTEX_POINT('',#1266);
#1266 = CARTESIAN_POINT('',(-4.0658278448,-10.22100992742,
    20.371453988102));
#1267 = VERTEX_POINT('',#1268);
#1268 = CARTESIAN_POINT('',(-4.205654952997,-10.16427402308,26.));
#1269 = SURFACE_CURVE('',#1270,(#1281,#1295),.PCURVE_S1.);
#1270 = B_SPLINE_CURVE_WITH_KNOTS('',5,(#1271,#1272,#1273,#1274,#1275,
    #1276,#1277,#1278,#1279,#1280),.UNSPECIFIED.,.F.,.F.,(6,4,6),(0.,
    0.49872285209,1.),.UNSPECIFIED.);
#1271 = CARTESIAN_POINT('',(-4.0658278448,-10.22100992742,
    20.371453988102));
#1272 = CARTESIAN_POINT('',(-4.091917533935,-10.21063167856,
    20.932430486879));
#1273 = CARTESIAN_POINT('',(-4.114844448462,-10.20141514775,
    21.49357530278));
#1274 = CARTESIAN_POINT('',(-4.134702086788,-10.19336933647,
    22.054855974554));
#1275 = CARTESIAN_POINT('',(-4.151555028095,-10.18650166187,
    22.616243762765));
#1276 = CARTESIAN_POINT('',(-4.179407998454,-10.17510571711,
    23.742057446979));
#1277 = CARTESIAN_POINT('',(-4.190377808581,-10.17058957162,
    24.306483985718));
#1278 = CARTESIAN_POINT('',(-4.198397707639,-10.16727612416,
    24.870966129572));
#1279 = CARTESIAN_POINT('',(-4.203489598987,-10.16516997805,
    25.435479179831));
#1280 = CARTESIAN_POINT('',(-4.205654952997,-10.16427402308,26.));
#1281 = PCURVE('',#32,#1282);
#1282 = DEFINITIONAL_REPRESENTATION('',(#1283),#1294);
#1283 = B_SPLINE_CURVE_WITH_KNOTS('',5,(#1284,#1285,#1286,#1287,#1288,
    #1289,#1290,#1291,#1292,#1293),.UNSPECIFIED.,.F.,.F.,(6,4,6),(0.,
    0.49872285209,1.),.UNSPECIFIED.);
#1284 = CARTESIAN_POINT('',(4.333788186873,20.371453988102));
#1285 = CARTESIAN_POINT('',(4.331235631957,20.932430486879));
#1286 = CARTESIAN_POINT('',(4.328989276036,21.49357530278));
#1287 = CARTESIAN_POINT('',(4.32704148997,22.054855974554));
#1288 = CARTESIAN_POINT('',(4.325387079705,22.616243762765));
#1289 = CARTESIAN_POINT('',(4.322651251435,23.742057446979));
#1290 = CARTESIAN_POINT('',(4.321572792636,24.306483985718));
#1291 = CARTESIAN_POINT('',(4.320783937112,24.870966129572));
#1292 = CARTESIAN_POINT('',(4.320283001633,25.435479179831));
#1293 = CARTESIAN_POINT('',(4.320069965856,26.));
#1294 = ( GEOMETRIC_REPRESENTATION_CONTEXT(2) 
PARAMETRIC_REPRESENTATION_CONTEXT() REPRESENTATION_CONTEXT('2D SPACE',''
  ) );
#1295 = PCURVE('',#1296,#1309);
#1296 = B_SPLINE_SURFACE_WITH_KNOTS('',1,5,(
    (#1297,#1298,#1299,#1300,#1301,#1302)
    ,(#1303,#1304,#1305,#1306,#1307,#1308
    )),.UNSPECIFIED.,.F.,.F.,.F.,(2,2),(6,6),(0.,3.5),(0.,26.),
  .PIECEWISE_BEZIER_KNOTS.);
#1297 = CARTESIAN_POINT('',(-10.75239114619,-16.27724130924,0.));
#1298 = CARTESIAN_POINT('',(-9.320183109818,-15.87229016057,5.2));
#1299 = CARTESIAN_POINT('',(-7.962156230249,-15.20491247497,10.4));
#1300 = CARTESIAN_POINT('',(-6.74262450758,-14.29298315024,15.6));
#1301 = CARTESIAN_POINT('',(-5.718507357021,-13.17906482163,20.8));
#1302 = CARTESIAN_POINT('',(-4.925134573439,-11.91979323912,26.));
#1303 = CARTESIAN_POINT('',(-7.599000108531,-14.75864822233,0.));
#1304 = CARTESIAN_POINT('',(-6.389429446822,-13.89138580149,5.2));
#1305 = CARTESIAN_POINT('',(-5.338751347203,-12.80248474453,10.4));
#1306 = CARTESIAN_POINT('',(-4.501387320512,-11.53059866367,15.6));
#1307 = CARTESIAN_POINT('',(-3.916419802928,-10.13509051814,20.8));
#1308 = CARTESIAN_POINT('',(-3.597845454154,-8.681228187463,26.));
#1309 = DEFINITIONAL_REPRESENTATION('',(#1310),#1321);
#1310 = B_SPLINE_CURVE_WITH_KNOTS('',5,(#1311,#1312,#1313,#1314,#1315,
    #1316,#1317,#1318,#1319,#1320),.UNSPECIFIED.,.F.,.F.,(6,4,6),(0.,
    0.49872285209,1.),.UNSPECIFIED.);
#1311 = CARTESIAN_POINT('',(3.5,20.371453988102));
#1312 = CARTESIAN_POINT('',(3.337115552712,20.932430486879));
#1313 = CARTESIAN_POINT('',(3.175385816211,21.49357530278));
#1314 = CARTESIAN_POINT('',(3.014592019495,22.054855974554));
#1315 = CARTESIAN_POINT('',(2.854536683729,22.616243762765));
#1316 = CARTESIAN_POINT('',(2.534717136275,23.742057446979));
#1317 = CARTESIAN_POINT('',(2.374958412734,24.306483985718));
#1318 = CARTESIAN_POINT('',(2.215573112997,24.870966129572));
#1319 = CARTESIAN_POINT('',(2.056386357847,25.435479179831));
#1320 = CARTESIAN_POINT('',(1.897234472097,26.));
#1321 = ( GEOMETRIC_REPRESENTATION_CONTEXT(2) 
PARAMETRIC_REPRESENTATION_CONTEXT() REPRESENTATION_CONTEXT('2D SPACE',''
  ) );
#1322 = ORIENTED_EDGE('',*,*,#1323,.F.);
#1323 = EDGE_CURVE('',#1324,#1265,#1326,.T.);
#1324 = VERTEX_POINT('',#1325);
#1325 = CARTESIAN_POINT('',(-8.854345045608,-6.526911506472,26.));
#1326 = SURFACE_CURVE('',#1327,(#1386,#1448),.PCURVE_S1.);
#1327 = B_SPLINE_CURVE_WITH_KNOTS('',8,(#1328,#1329,#1330,#1331,#1332,
    #1333,#1334,#1335,#1336,#1337,#1338,#1339,#1340,#1341,#1342,#1343,
    #1344,#1345,#1346,#1347,#1348,#1349,#1350,#1351,#1352,#1353,#1354,
    #1355,#1356,#1357,#1358,#1359,#1360,#1361,#1362,#1363,#1364,#1365,
    #1366,#1367,#1368,#1369,#1370,#1371,#1372,#1373,#1374,#1375,#1376,
    #1377,#1378,#1379,#1380,#1381,#1382,#1383,#1384,#1385),
  .UNSPECIFIED.,.F.,.F.,(9,7,7,7,7,7,7,7,9),(0.,0.356968876051,
    0.563069773417,0.666843209816,0.701346354694,0.759859904312,
    0.800466175239,0.859495039483,1.),.UNSPECIFIED.);
#1328 = CARTESIAN_POINT('',(-8.854345045608,-6.526911506472,26.));
#1329 = CARTESIAN_POINT('',(-8.796822170692,-6.604946482436,
    25.586183325616));
#1330 = CARTESIAN_POINT('',(-8.735466552591,-6.68653494804,
    25.173203048642));
#1331 = CARTESIAN_POINT('',(-8.669680143853,-6.772185720351,
    24.761047896104));
#1332 = CARTESIAN_POINT('',(-8.598704170006,-6.862517317179,
    24.349867625914));
#1333 = CARTESIAN_POINT('',(-8.521615053938,-6.958264815692,
    23.939971457357));
#1334 = CARTESIAN_POINT('',(-8.437086095944,-7.060432637176,
    23.531883414235));
#1335 = CARTESIAN_POINT('',(-8.343414507364,-7.170286943033,
    23.126334039666));
#1336 = CARTESIAN_POINT('',(-8.176219008543,-7.359209872824,
    22.492491582327));
#1337 = CARTESIAN_POINT('',(-8.11098311621,-7.431586303108,
    22.261996418742));
#1338 = CARTESIAN_POINT('',(-8.041060415183,-7.50766526401,
    22.033021500363));
#1339 = CARTESIAN_POINT('',(-7.965664136186,-7.587987391863,
    21.805855339497));
#1340 = CARTESIAN_POINT('',(-7.883863676577,-7.673159228553,
    21.581063345737));
#1341 = CARTESIAN_POINT('',(-7.794395999927,-7.76395162528,
    21.359566451681));
#1342 = CARTESIAN_POINT('',(-7.695680990775,-7.861289271108,
    21.142628803416));
#1343 = CARTESIAN_POINT('',(-7.52919902482,-8.01979351722,
    20.826240421656));
#1344 = CARTESIAN_POINT('',(-7.470462519078,-8.074865330975,
    20.722052625172));
#1345 = CARTESIAN_POINT('',(-7.408381841455,-8.13213425598,
    20.619840096183));
#1346 = CARTESIAN_POINT('',(-7.342576014117,-8.1917927026,20.51996509311
    ));
#1347 = CARTESIAN_POINT('',(-7.272637410595,-8.254018389901,
    20.42294709156));
#1348 = CARTESIAN_POINT('',(-7.198128595939,-8.318969731788,
    20.329462380171));
#1349 = CARTESIAN_POINT('',(-7.118582285791,-8.386777120447,
    20.240340147489));
#1350 = CARTESIAN_POINT('',(-7.005217283857,-8.481054436941,
    20.128697747711));
#1351 = CARTESIAN_POINT('',(-6.976326099482,-8.504898185713,
    20.101437802472));
#1352 = CARTESIAN_POINT('',(-6.946816828855,-8.529061444303,
    20.074813745321));
#1353 = CARTESIAN_POINT('',(-6.916677103722,-8.553542216762,
    20.048867205266));
#1354 = CARTESIAN_POINT('',(-6.885896794795,-8.578336129717,
    20.02364225124));
#1355 = CARTESIAN_POINT('',(-6.854468576575,-8.603436141814,
    19.99918472415));
#1356 = CARTESIAN_POINT('',(-6.822388492177,-8.62883225315,
    19.975541568921));
#1357 = CARTESIAN_POINT('',(-6.734146680034,-8.698059917212,
    19.914125406655));
#1358 = CARTESIAN_POINT('',(-6.676743519372,-8.742436636607,
    19.877956117034));
#1359 = CARTESIAN_POINT('',(-6.617469070415,-8.787558832004,
    19.844502132038));
#1360 = CARTESIAN_POINT('',(-6.556372659862,-8.83332339402,
    19.814002477265));
#1361 = CARTESIAN_POINT('',(-6.493537430719,-8.879604562072,
    19.786672775394));
#1362 = CARTESIAN_POINT('',(-6.429088152522,-8.926252390699,
    19.762691500272));
#1363 = CARTESIAN_POINT('',(-6.363200317915,-8.973091764935,
    19.742185079253));
#1364 = CARTESIAN_POINT('',(-6.249552654758,-9.052420416669,
    19.71343303697));
#1365 = CARTESIAN_POINT('',(-6.202405399641,-9.084921824591,
    19.703353111396));
#1366 = CARTESIAN_POINT('',(-6.154743390692,-9.117361826289,
    19.694991995516));
#1367 = CARTESIAN_POINT('',(-6.106640856371,-9.149680176705,
    19.68835109161));
#1368 = CARTESIAN_POINT('',(-6.058171331471,-9.181820796631,
    19.683415472265));
#1369 = CARTESIAN_POINT('',(-6.00940736546,-9.213731821414,
    19.680156076861));
#1370 = CARTESIAN_POINT('',(-5.960420230824,-9.245365649659,
    19.678531908044));
#1371 = CARTESIAN_POINT('',(-5.839844513,-9.322198833758,19.678434546093
    ));
#1372 = CARTESIAN_POINT('',(-5.768082214259,-9.367043219456,
    19.681725267698));
#1373 = CARTESIAN_POINT('',(-5.696184942778,-9.411092853241,
    19.68820862319));
#1374 = CARTESIAN_POINT('',(-5.624314177682,-9.454260895393,
    19.697691481701));
#1375 = CARTESIAN_POINT('',(-5.552602166286,-9.496487989186,
    19.709963911099));
#1376 = CARTESIAN_POINT('',(-5.481152850357,-9.537738065389,
    19.724814870426));
#1377 = CARTESIAN_POINT('',(-5.41004222198,-9.577994924355,
    19.742043034985));
#1378 = CARTESIAN_POINT('',(-5.170975234324,-9.710720331604,
    19.807687036094));
#1379 = CARTESIAN_POINT('',(-5.005119439975,-9.798394659751,
    19.86624654134));
#1380 = CARTESIAN_POINT('',(-4.841922706432,-9.880585852047,
    19.934692469183));
#1381 = CARTESIAN_POINT('',(-4.681510805265,-9.957601350101,
    20.011095492561));
#1382 = CARTESIAN_POINT('',(-4.523900659637,-10.02977931963,
    20.093939313647));
#1383 = CARTESIAN_POINT('',(-4.368968008352,-10.09748611724,
    20.182080058729));
#1384 = CARTESIAN_POINT('',(-4.216430062635,-10.16110168986,
    20.274733737021));
#1385 = CARTESIAN_POINT('',(-4.0658278448,-10.22100992742,
    20.371453988102));
#1386 = PCURVE('',#32,#1387);
#1387 = DEFINITIONAL_REPRESENTATION('',(#1388),#1447);
#1388 = B_SPLINE_CURVE_WITH_KNOTS('',8,(#1389,#1390,#1391,#1392,#1393,
    #1394,#1395,#1396,#1397,#1398,#1399,#1400,#1401,#1402,#1403,#1404,
    #1405,#1406,#1407,#1408,#1409,#1410,#1411,#1412,#1413,#1414,#1415,
    #1416,#1417,#1418,#1419,#1420,#1421,#1422,#1423,#1424,#1425,#1426,
    #1427,#1428,#1429,#1430,#1431,#1432,#1433,#1434,#1435,#1436,#1437,
    #1438,#1439,#1440,#1441,#1442,#1443,#1444,#1445,#1446),
  .UNSPECIFIED.,.F.,.F.,(9,7,7,7,7,7,7,7,9),(0.,0.356968876051,
    0.563069773417,0.666843209816,0.701346354694,0.759859904312,
    0.800466175239,0.859495039483,1.),.UNSPECIFIED.);
#1389 = CARTESIAN_POINT('',(3.776813865759,26.));
#1390 = CARTESIAN_POINT('',(3.785627050197,25.586183325616));
#1391 = CARTESIAN_POINT('',(3.794907012965,25.173203048642));
#1392 = CARTESIAN_POINT('',(3.804724266104,24.761047896104));
#1393 = CARTESIAN_POINT('',(3.815166595306,24.349867625914));
#1394 = CARTESIAN_POINT('',(3.826339652948,23.939971457357));
#1395 = CARTESIAN_POINT('',(3.838392419145,23.531883414235));
#1396 = CARTESIAN_POINT('',(3.851514629598,23.126334039666));
#1397 = CARTESIAN_POINT('',(3.874449356997,22.492491582327));
#1398 = CARTESIAN_POINT('',(3.883306948706,22.261996418742));
#1399 = CARTESIAN_POINT('',(3.892699861037,22.033021500363));
#1400 = CARTESIAN_POINT('',(3.902713678949,21.805855339497));
#1401 = CARTESIAN_POINT('',(3.913447620645,21.581063345737));
#1402 = CARTESIAN_POINT('',(3.925033677338,21.359566451681));
#1403 = CARTESIAN_POINT('',(3.937634798452,21.142628803416));
#1404 = CARTESIAN_POINT('',(3.958531996853,20.826240421656));
#1405 = CARTESIAN_POINT('',(3.96585145175,20.722052625172));
#1406 = CARTESIAN_POINT('',(3.973529334158,20.619840096183));
#1407 = CARTESIAN_POINT('',(3.981603521725,20.51996509311));
#1408 = CARTESIAN_POINT('',(3.990113012637,20.42294709156));
#1409 = CARTESIAN_POINT('',(3.999097999071,20.329462380171));
#1410 = CARTESIAN_POINT('',(4.008599561379,20.240340147489));
#1411 = CARTESIAN_POINT('',(4.022003593111,20.128697747711));
#1412 = CARTESIAN_POINT('',(4.025408991317,20.101437802472));
#1413 = CARTESIAN_POINT('',(4.028876221238,20.074813745321));
#1414 = CARTESIAN_POINT('',(4.032406097207,20.048867205266));
#1415 = CARTESIAN_POINT('',(4.035999148654,20.02364225124));
#1416 = CARTESIAN_POINT('',(4.039655564459,19.99918472415));
#1417 = CARTESIAN_POINT('',(4.04337513732,19.975541568921));
#1418 = CARTESIAN_POINT('',(4.053571185364,19.914125406655));
#1419 = CARTESIAN_POINT('',(4.060167044284,19.877956117034));
#1420 = CARTESIAN_POINT('',(4.066938981248,19.844502132038));
#1421 = CARTESIAN_POINT('',(4.073878177072,19.814002477265));
#1422 = CARTESIAN_POINT('',(4.080972227609,19.786672775394));
#1423 = CARTESIAN_POINT('',(4.088204486625,19.762691500272));
#1424 = CARTESIAN_POINT('',(4.095553320971,19.742185079253));
#1425 = CARTESIAN_POINT('',(4.108152949172,19.71343303697));
#1426 = CARTESIAN_POINT('',(4.113358709583,19.703353111396));
#1427 = CARTESIAN_POINT('',(4.1185998567,19.694991995516));
#1428 = CARTESIAN_POINT('',(4.123867946905,19.68835109161));
#1429 = CARTESIAN_POINT('',(4.129154813056,19.683415472265));
#1430 = CARTESIAN_POINT('',(4.134452582025,19.680156076861));
#1431 = CARTESIAN_POINT('',(4.139753692225,19.678531908044));
#1432 = CARTESIAN_POINT('',(4.152751416727,19.678434546093));
#1433 = CARTESIAN_POINT('',(4.160444007632,19.681725267698));
#1434 = CARTESIAN_POINT('',(4.168108816205,19.68820862319));
#1435 = CARTESIAN_POINT('',(4.175729908919,19.697691481701));
#1436 = CARTESIAN_POINT('',(4.183294893318,19.709963911099));
#1437 = CARTESIAN_POINT('',(4.190794622781,19.724814870426));
#1438 = CARTESIAN_POINT('',(4.198222999096,19.742043034985));
#1439 = CARTESIAN_POINT('',(4.223081118529,19.807687036094));
#1440 = CARTESIAN_POINT('',(4.240132353323,19.86624654134));
#1441 = CARTESIAN_POINT('',(4.256738460015,19.934692469183));
#1442 = CARTESIAN_POINT('',(4.272909413785,20.011095492561));
#1443 = CARTESIAN_POINT('',(4.288663661297,20.093939313647));
#1444 = CARTESIAN_POINT('',(4.304030954794,20.182080058729));
#1445 = CARTESIAN_POINT('',(4.319053613782,20.274733737021));
#1446 = CARTESIAN_POINT('',(4.333788186873,20.371453988102));
#1447 = ( GEOMETRIC_REPRESENTATION_CONTEXT(2) 
PARAMETRIC_REPRESENTATION_CONTEXT() REPRESENTATION_CONTEXT('2D SPACE',''
  ) );
#1448 = PCURVE('',#1449,#1462);
#1449 = B_SPLINE_SURFACE_WITH_KNOTS('',1,5,(
    (#1450,#1451,#1452,#1453,#1454,#1455)
    ,(#1456,#1457,#1458,#1459,#1460,#1461
    )),.UNSPECIFIED.,.F.,.F.,.F.,(2,2),(6,6),(0.,20.),(0.,26.),
  .PIECEWISE_BEZIER_KNOTS.);
#1450 = CARTESIAN_POINT('',(-7.599000108531,-14.75864822233,0.));
#1451 = CARTESIAN_POINT('',(-6.389429446822,-13.89138580149,5.2));
#1452 = CARTESIAN_POINT('',(-5.338751347203,-12.80248474453,10.4));
#1453 = CARTESIAN_POINT('',(-4.501387320512,-11.53059866367,15.6));
#1454 = CARTESIAN_POINT('',(-3.916419802928,-10.13509051814,20.8));
#1455 = CARTESIAN_POINT('',(-3.597845454154,-8.681228187463,26.));
#1456 = CARTESIAN_POINT('',(-16.27667489088,3.260729135717,0.));
#1457 = CARTESIAN_POINT('',(-17.70888292725,2.855777987048,5.2));
#1458 = CARTESIAN_POINT('',(-19.06690980682,2.188400301443,10.4));
#1459 = CARTESIAN_POINT('',(-20.28644152949,1.276470976716,15.6));
#1460 = CARTESIAN_POINT('',(-21.31055868005,0.16255264811,20.8));
#1461 = CARTESIAN_POINT('',(-22.10393146363,-1.096718934405,26.));
#1462 = DEFINITIONAL_REPRESENTATION('',(#1463),#1522);
#1463 = B_SPLINE_CURVE_WITH_KNOTS('',8,(#1464,#1465,#1466,#1467,#1468,
    #1469,#1470,#1471,#1472,#1473,#1474,#1475,#1476,#1477,#1478,#1479,
    #1480,#1481,#1482,#1483,#1484,#1485,#1486,#1487,#1488,#1489,#1490,
    #1491,#1492,#1493,#1494,#1495,#1496,#1497,#1498,#1499,#1500,#1501,
    #1502,#1503,#1504,#1505,#1506,#1507,#1508,#1509,#1510,#1511,#1512,
    #1513,#1514,#1515,#1516,#1517,#1518,#1519,#1520,#1521),
  .UNSPECIFIED.,.F.,.F.,(9,7,7,7,7,7,7,7,9),(0.,0.356968876051,
    0.563069773417,0.666843209816,0.701346354694,0.759859904312,
    0.800466175239,0.859495039483,1.),.UNSPECIFIED.);
#1464 = CARTESIAN_POINT('',(5.680833417463,26.));
#1465 = CARTESIAN_POINT('',(5.618431752713,25.586183325616));
#1466 = CARTESIAN_POINT('',(5.550423002894,25.173203048642));
#1467 = CARTESIAN_POINT('',(5.476023082557,24.761047896105));
#1468 = CARTESIAN_POINT('',(5.394240238041,24.349867625912));
#1469 = CARTESIAN_POINT('',(5.303868616014,23.939971457358));
#1470 = CARTESIAN_POINT('',(5.203202985769,23.531883414235));
#1471 = CARTESIAN_POINT('',(5.090066517008,23.126334039666));
#1472 = CARTESIAN_POINT('',(4.885679870018,22.492491582327));
#1473 = CARTESIAN_POINT('',(4.805475671499,22.261996418742));
#1474 = CARTESIAN_POINT('',(4.719071867411,22.033021500363));
#1475 = CARTESIAN_POINT('',(4.62549449126,21.805855339496));
#1476 = CARTESIAN_POINT('',(4.523597024105,21.581063345737));
#1477 = CARTESIAN_POINT('',(4.411846204368,21.359566451681));
#1478 = CARTESIAN_POINT('',(4.288343204355,21.142628803416));
#1479 = CARTESIAN_POINT('',(4.080086200228,20.826240421656));
#1480 = CARTESIAN_POINT('',(4.006615513257,20.722052625172));
#1481 = CARTESIAN_POINT('',(3.928991828117,20.619840096183));
#1482 = CARTESIAN_POINT('',(3.84677229745,20.51996509311));
#1483 = CARTESIAN_POINT('',(3.75949199413,20.42294709156));
#1484 = CARTESIAN_POINT('',(3.666664356359,20.329462380171));
#1485 = CARTESIAN_POINT('',(3.56778655468,20.240340147489));
#1486 = CARTESIAN_POINT('',(3.42729360078,20.128697747711));
#1487 = CARTESIAN_POINT('',(3.391521586023,20.101437802472));
#1488 = CARTESIAN_POINT('',(3.355020088137,20.074813745321));
#1489 = CARTESIAN_POINT('',(3.317777861414,20.048867205266));
#1490 = CARTESIAN_POINT('',(3.279786728996,20.02364225124));
#1491 = CARTESIAN_POINT('',(3.241042248927,19.99918472415));
#1492 = CARTESIAN_POINT('',(3.20154438019,19.975541568921));
#1493 = CARTESIAN_POINT('',(3.093044954202,19.914125406655));
#1494 = CARTESIAN_POINT('',(3.022616720241,19.877956117034));
#1495 = CARTESIAN_POINT('',(2.950065293753,19.844502132038));
#1496 = CARTESIAN_POINT('',(2.875477368948,19.814002477265));
#1497 = CARTESIAN_POINT('',(2.798981636822,19.786672775394));
#1498 = CARTESIAN_POINT('',(2.720756755075,19.762691500272));
#1499 = CARTESIAN_POINT('',(2.64104013848,19.742185079253));
#1500 = CARTESIAN_POINT('',(2.50399413546,19.71343303697));
#1501 = CARTESIAN_POINT('',(2.447266842975,19.703353111396));
#1502 = CARTESIAN_POINT('',(2.390052667199,19.694991995516));
#1503 = CARTESIAN_POINT('',(2.332446871225,19.68835109161));
#1504 = CARTESIAN_POINT('',(2.274542619182,19.683415472265));
#1505 = CARTESIAN_POINT('',(2.21643058911,19.680156076861));
#1506 = CARTESIAN_POINT('',(2.158198585835,19.678531908044));
#1507 = CARTESIAN_POINT('',(2.015228464981,19.678434546093));
#1508 = CARTESIAN_POINT('',(1.930447516565,19.681725267698));
#1509 = CARTESIAN_POINT('',(1.845822209679,19.68820862319));
#1510 = CARTESIAN_POINT('',(1.761544521016,19.697691481701));
#1511 = CARTESIAN_POINT('',(1.677767511935,19.709963911099));
#1512 = CARTESIAN_POINT('',(1.594607674701,19.724814870426));
#1513 = CARTESIAN_POINT('',(1.512146615946,19.742043034985));
#1514 = CARTESIAN_POINT('',(1.235928961468,19.807687036094));
#1515 = CARTESIAN_POINT('',(1.045998760539,19.86624654134));
#1516 = CARTESIAN_POINT('',(0.860728176028,19.934692469183));
#1517 = CARTESIAN_POINT('',(0.680134032159,20.011095492561));
#1518 = CARTESIAN_POINT('',(0.504105477543,20.093939313647));
#1519 = CARTESIAN_POINT('',(0.332381137256,20.182080058729));
#1520 = CARTESIAN_POINT('',(0.164541896874,20.274733737021));
#1521 = CARTESIAN_POINT('',(0.,20.371453988102));
#1522 = ( GEOMETRIC_REPRESENTATION_CONTEXT(2) 
PARAMETRIC_REPRESENTATION_CONTEXT() REPRESENTATION_CONTEXT('2D SPACE',''
  ) );
#1523 = ORIENTED_EDGE('',*,*,#1524,.T.);
#1524 = EDGE_CURVE('',#1324,#1267,#1525,.T.);
#1525 = SURFACE_CURVE('',#1526,(#1531,#1538),.PCURVE_S1.);
#1526 = CIRCLE('',#1527,11.);
#1527 = AXIS2_PLACEMENT_3D('',#1528,#1529,#1530);
#1528 = CARTESIAN_POINT('',(0.,0.,26.));
#1529 = DIRECTION('',(0.,0.,1.));
#1530 = DIRECTION('',(1.,0.,-0.));
#1531 = PCURVE('',#32,#1532);
#1532 = DEFINITIONAL_REPRESENTATION('',(#1533),#1537);
#1533 = LINE('',#1534,#1535);
#1534 = CARTESIAN_POINT('',(0.,26.));
#1535 = VECTOR('',#1536,1.);
#1536 = DIRECTION('',(1.,0.));
#1537 = ( GEOMETRIC_REPRESENTATION_CONTEXT(2) 
PARAMETRIC_REPRESENTATION_CONTEXT() REPRESENTATION_CONTEXT('2D SPACE',''
  ) );
#1538 = PCURVE('',#1539,#1544);
#1539 = PLANE('',#1540);
#1540 = AXIS2_PLACEMENT_3D('',#1541,#1542,#1543);
#1541 = CARTESIAN_POINT('',(-13.51453301853,-6.508256086763,26.));
#1542 = DIRECTION('',(1.539747986876E-15,3.756961423254E-15,1.));
#1543 = DIRECTION('',(-0.900968867902,-0.433883739118,3.017349470632E-15
    ));
#1544 = DEFINITIONAL_REPRESENTATION('',(#1545),#1549);
#1545 = CIRCLE('',#1546,11.);
#1546 = AXIS2_PLACEMENT_2D('',#1547,#1548);
#1547 = CARTESIAN_POINT('',(-15.,-1.254777176862E-28));
#1548 = DIRECTION('',(-0.900968867902,0.433883739118));
#1549 = ( GEOMETRIC_REPRESENTATION_CONTEXT(2) 
PARAMETRIC_REPRESENTATION_CONTEXT() REPRESENTATION_CONTEXT('2D SPACE',''
  ) );
#1550 = FACE_BOUND('',#1551,.T.);
#1551 = EDGE_LOOP('',(#1552,#1611,#1812));
#1552 = ORIENTED_EDGE('',*,*,#1553,.F.);
#1553 = EDGE_CURVE('',#1554,#1556,#1558,.T.);
#1554 = VERTEX_POINT('',#1555);
#1555 = CARTESIAN_POINT('',(5.456105146531,-9.551487665804,
    20.371453988102));
#1556 = VERTEX_POINT('',#1557);
#1557 = CARTESIAN_POINT('',(5.324566454348,-9.625434643341,26.));
#1558 = SURFACE_CURVE('',#1559,(#1570,#1584),.PCURVE_S1.);
#1559 = B_SPLINE_CURVE_WITH_KNOTS('',5,(#1560,#1561,#1562,#1563,#1564,
    #1565,#1566,#1567,#1568,#1569),.UNSPECIFIED.,.F.,.F.,(6,4,6),(0.,
    0.49872285209,1.),.UNSPECIFIED.);
#1560 = CARTESIAN_POINT('',(5.456105146531,-9.551487665804,
    20.371453988102));
#1561 = CARTESIAN_POINT('',(5.431724449735,-9.565414673817,
    20.932430486879));
#1562 = CARTESIAN_POINT('',(5.410223978387,-9.577593244416,
    21.49357530278));
#1563 = CARTESIAN_POINT('',(5.391552474845,-9.588102089949,
    22.054855974554));
#1564 = CARTESIAN_POINT('',(5.375675473595,-9.59699632496,
    22.616243762765));
#1565 = CARTESIAN_POINT('',(5.349399722238,-9.611667398726,
    23.742057446979));
#1566 = CARTESIAN_POINT('',(5.339029292772,-9.617428170982,
    24.306483985718));
#1567 = CARTESIAN_POINT('',(5.331438409958,-9.621632479852,
    24.870966129572));
#1568 = CARTESIAN_POINT('',(5.326617016292,-9.624300320191,
    25.435479179831));
#1569 = CARTESIAN_POINT('',(5.324566454348,-9.625434643341,26.));
#1570 = PCURVE('',#32,#1571);
#1571 = DEFINITIONAL_REPRESENTATION('',(#1572),#1583);
#1572 = B_SPLINE_CURVE_WITH_KNOTS('',5,(#1573,#1574,#1575,#1576,#1577,
    #1578,#1579,#1580,#1581,#1582),.UNSPECIFIED.,.F.,.F.,(6,4,6),(0.,
    0.49872285209,1.),.UNSPECIFIED.);
#1573 = CARTESIAN_POINT('',(5.231386087898,20.371453988102));
#1574 = CARTESIAN_POINT('',(5.228833532983,20.932430486879));
#1575 = CARTESIAN_POINT('',(5.226587177062,21.49357530278));
#1576 = CARTESIAN_POINT('',(5.224639390995,22.054855974554));
#1577 = CARTESIAN_POINT('',(5.22298498073,22.616243762765));
#1578 = CARTESIAN_POINT('',(5.220249152461,23.742057446979));
#1579 = CARTESIAN_POINT('',(5.219170693661,24.306483985718));
#1580 = CARTESIAN_POINT('',(5.218381838137,24.870966129572));
#1581 = CARTESIAN_POINT('',(5.217880902659,25.435479179831));
#1582 = CARTESIAN_POINT('',(5.217667866882,26.));
#1583 = ( GEOMETRIC_REPRESENTATION_CONTEXT(2) 
PARAMETRIC_REPRESENTATION_CONTEXT() REPRESENTATION_CONTEXT('2D SPACE',''
  ) );
#1584 = PCURVE('',#1585,#1598);
#1585 = B_SPLINE_SURFACE_WITH_KNOTS('',1,5,(
    (#1586,#1587,#1588,#1589,#1590,#1591)
    ,(#1592,#1593,#1594,#1595,#1596,#1597
    )),.UNSPECIFIED.,.F.,.F.,.F.,(2,2),(6,6),(0.,3.5),(0.,26.),
  .PIECEWISE_BEZIER_KNOTS.);
#1586 = CARTESIAN_POINT('',(6.02205347805,-18.5552518686,0.));
#1587 = CARTESIAN_POINT('',(6.598417025977,-17.18302362488,5.2));
#1588 = CARTESIAN_POINT('',(6.923356050736,-15.70517227543,10.4));
#1589 = CARTESIAN_POINT('',(6.970746587006,-14.1831253468,15.6));
#1590 = CARTESIAN_POINT('',(6.738376768085,-12.68792159877,20.8));
#1591 = CARTESIAN_POINT('',(6.248498439534,-11.28249478976,26.));
#1592 = CARTESIAN_POINT('',(6.800876746897,-15.14300417597,0.));
#1593 = CARTESIAN_POINT('',(6.876978654931,-13.65659447745,5.2));
#1594 = CARTESIAN_POINT('',(6.680728607455,-12.15622255698,10.4));
#1595 = CARTESIAN_POINT('',(6.208415958407,-10.70853699808,15.6));
#1596 = CARTESIAN_POINT('',(5.482085037822,-9.381105879465,20.8));
#1597 = CARTESIAN_POINT('',(4.544037554119,-8.225566087604,26.));
#1598 = DEFINITIONAL_REPRESENTATION('',(#1599),#1610);
#1599 = B_SPLINE_CURVE_WITH_KNOTS('',5,(#1600,#1601,#1602,#1603,#1604,
    #1605,#1606,#1607,#1608,#1609),.UNSPECIFIED.,.F.,.F.,(6,4,6),(0.,
    0.49872285209,1.),.UNSPECIFIED.);
#1600 = CARTESIAN_POINT('',(3.5,20.371453988102));
#1601 = CARTESIAN_POINT('',(3.337115552712,20.932430486879));
#1602 = CARTESIAN_POINT('',(3.175385816211,21.49357530278));
#1603 = CARTESIAN_POINT('',(3.014592019495,22.054855974554));
#1604 = CARTESIAN_POINT('',(2.854536683729,22.616243762765));
#1605 = CARTESIAN_POINT('',(2.534717136275,23.742057446979));
#1606 = CARTESIAN_POINT('',(2.374958412734,24.306483985718));
#1607 = CARTESIAN_POINT('',(2.215573112997,24.870966129572));
#1608 = CARTESIAN_POINT('',(2.056386357847,25.435479179831));
#1609 = CARTESIAN_POINT('',(1.897234472097,26.));
#1610 = ( GEOMETRIC_REPRESENTATION_CONTEXT(2) 
PARAMETRIC_REPRESENTATION_CONTEXT() REPRESENTATION_CONTEXT('2D SPACE',''
  ) );
#1611 = ORIENTED_EDGE('',*,*,#1612,.F.);
#1612 = EDGE_CURVE('',#1613,#1554,#1615,.T.);
#1613 = VERTEX_POINT('',#1614);
#1614 = CARTESIAN_POINT('',(-0.417648939033,-10.99206847521,26.));
#1615 = SURFACE_CURVE('',#1616,(#1675,#1737),.PCURVE_S1.);
#1616 = B_SPLINE_CURVE_WITH_KNOTS('',8,(#1617,#1618,#1619,#1620,#1621,
    #1622,#1623,#1624,#1625,#1626,#1627,#1628,#1629,#1630,#1631,#1632,
    #1633,#1634,#1635,#1636,#1637,#1638,#1639,#1640,#1641,#1642,#1643,
    #1644,#1645,#1646,#1647,#1648,#1649,#1650,#1651,#1652,#1653,#1654,
    #1655,#1656,#1657,#1658,#1659,#1660,#1661,#1662,#1663,#1664,#1665,
    #1666,#1667,#1668,#1669,#1670,#1671,#1672,#1673,#1674),
  .UNSPECIFIED.,.F.,.F.,(9,7,7,7,7,7,7,7,9),(0.,0.35696887605,
    0.563069773415,0.666843209815,0.701346354693,0.759859904312,
    0.800466175238,0.859495039483,1.),.UNSPECIFIED.);
#1617 = CARTESIAN_POINT('',(-0.417648939033,-10.99206847521,26.));
#1618 = CARTESIAN_POINT('',(-0.320773812206,-10.99574929234,
    25.586183325615));
#1619 = CARTESIAN_POINT('',(-0.218730779019,-10.99864911473,
    25.173203048646));
#1620 = CARTESIAN_POINT('',(-0.110749153776,-11.00061761232,
    24.761047896097));
#1621 = CARTESIAN_POINT('',(4.127728351712E-03,-11.00144719088,
    24.349867625921));
#1622 = CARTESIAN_POINT('',(0.127050414762,-11.00087408185,
    23.939971457354));
#1623 = CARTESIAN_POINT('',(0.259631377364,-10.99848727609,
    23.531883414236));
#1624 = CARTESIAN_POINT('',(0.403922212371,-10.99374491852,
    23.126334039666));
#1625 = CARTESIAN_POINT('',(0.655872795073,-10.98081773387,
    22.492491582326));
#1626 = CARTESIAN_POINT('',(0.753132880441,-10.97494022564,
    22.261996418746));
#1627 = CARTESIAN_POINT('',(0.856209898242,-10.96770691289,
    22.033021500356));
#1628 = CARTESIAN_POINT('',(0.966017077579,-10.95883975589,
    21.805855339507));
#1629 = CARTESIAN_POINT('',(1.083608853288,-10.94798935287,
    21.581063345728));
#1630 = CARTESIAN_POINT('',(1.210375391397,-10.93464884005,
    21.359566451685));
#1631 = CARTESIAN_POINT('',(1.348024828835,-10.91815936761,
    21.142628803415));
#1632 = CARTESIAN_POINT('',(1.575748246516,-10.88682430637,
    20.826240421656));
#1633 = CARTESIAN_POINT('',(1.655426736633,-10.87523897125,
    20.722052625172));
#1634 = CARTESIAN_POINT('',(1.738908054559,-10.86240893374,
    20.619840096183));
#1635 = CARTESIAN_POINT('',(1.82658016857,-10.84815629926,
    20.519965093109));
#1636 = CARTESIAN_POINT('',(1.918836175972,-10.83227317863,
    20.42294709156));
#1637 = CARTESIAN_POINT('',(2.016072665975,-10.8145163409,
    20.329462380171));
#1638 = CARTESIAN_POINT('',(2.118682930325,-10.79460174663,
    20.240340147489));
#1639 = CARTESIAN_POINT('',(2.263073827036,-10.76475036449,
    20.128697747711));
#1640 = CARTESIAN_POINT('',(2.299728979307,-10.75702866117,
    20.101437802472));
#1641 = CARTESIAN_POINT('',(2.337019304888,-10.74902292968,
    20.07481374532));
#1642 = CARTESIAN_POINT('',(2.374950954763,-10.74072225567,
    20.048867205266));
#1643 = CARTESIAN_POINT('',(2.413526825199,-10.73211599299,
    20.02364225124));
#1644 = CARTESIAN_POINT('',(2.452745978418,-10.72319402411,
    19.99918472415));
#1645 = CARTESIAN_POINT('',(2.492603063258,-10.7139470206,
    19.975541568921));
#1646 = CARTESIAN_POINT('',(2.601745300448,-10.68811953634,
    19.914125406655));
#1647 = CARTESIAN_POINT('',(2.672230702027,-10.67090837013,
    19.877956117034));
#1648 = CARTESIAN_POINT('',(2.744465669381,-10.65269896849,
    19.844502132038));
#1649 = CARTESIAN_POINT('',(2.818338833657,-10.63346560896,
    19.814002477265));
#1650 = CARTESIAN_POINT('',(2.893700032454,-10.61319488491,
    19.786672775394));
#1651 = CARTESIAN_POINT('',(2.970354241155,-10.59189085562,
    19.762691500272));
#1652 = CARTESIAN_POINT('',(3.048055131496,-10.56958154437,
    19.742185079253));
#1653 = CARTESIAN_POINT('',(3.180934927867,-10.53018882876,
    19.71343303697));
#1654 = CARTESIAN_POINT('',(3.235741384557,-10.51359191678,
    19.703353111396));
#1655 = CARTESIAN_POINT('',(3.290820775691,-10.4965542679,
    19.694991995516));
#1656 = CARTESIAN_POINT('',(3.3460797191,-10.47909635408,19.68835109161)
  );
#1657 = CARTESIAN_POINT('',(3.401428522101,-10.46124070232,
    19.683415472265));
#1658 = CARTESIAN_POINT('',(3.45678140142,-10.443011697,19.680156076861)
  );
#1659 = CARTESIAN_POINT('',(3.512056703121,-10.42443538221,
    19.678531908044));
#1660 = CARTESIAN_POINT('',(3.647305035763,-10.37807019672,
    19.678434546093));
#1661 = CARTESIAN_POINT('',(3.727108849737,-10.34992418947,
    19.681725267698));
#1662 = CARTESIAN_POINT('',(3.806375455772,-10.32117713656,
    19.688208623191));
#1663 = CARTESIAN_POINT('',(3.884936279252,-10.29190114379,
    19.697691481701));
#1664 = CARTESIAN_POINT('',(3.962662458369,-10.26216259795,
    19.709963911099));
#1665 = CARTESIAN_POINT('',(4.039460986431,-10.23202027519,
    19.724814870426));
#1666 = CARTESIAN_POINT('',(4.115271817753,-10.20152348821,
    19.742043034986));
#1667 = CARTESIAN_POINT('',(4.368096548429,-10.09736632871,
    19.807687036095));
#1668 = CARTESIAN_POINT('',(4.540052494733,-10.02235909662,
    19.866246541341));
#1669 = CARTESIAN_POINT('',(4.706063655512,-9.946012122706,
    19.934692469184));
#1670 = CARTESIAN_POINT('',(4.866291981002,-9.868615425832,
    20.011095492561));
#1671 = CARTESIAN_POINT('',(5.020991308395,-9.790393079949,
    20.093939313647));
#1672 = CARTESIAN_POINT('',(5.170525542395,-9.711476353339,
    20.18208005873));
#1673 = CARTESIAN_POINT('',(5.315368053395,-9.631881045875,
    20.274733737021));
#1674 = CARTESIAN_POINT('',(5.456105146531,-9.551487665804,
    20.371453988102));
#1675 = PCURVE('',#32,#1676);
#1676 = DEFINITIONAL_REPRESENTATION('',(#1677),#1736);
#1677 = B_SPLINE_CURVE_WITH_KNOTS('',8,(#1678,#1679,#1680,#1681,#1682,
    #1683,#1684,#1685,#1686,#1687,#1688,#1689,#1690,#1691,#1692,#1693,
    #1694,#1695,#1696,#1697,#1698,#1699,#1700,#1701,#1702,#1703,#1704,
    #1705,#1706,#1707,#1708,#1709,#1710,#1711,#1712,#1713,#1714,#1715,
    #1716,#1717,#1718,#1719,#1720,#1721,#1722,#1723,#1724,#1725,#1726,
    #1727,#1728,#1729,#1730,#1731,#1732,#1733,#1734,#1735),
  .UNSPECIFIED.,.F.,.F.,(9,7,7,7,7,7,7,7,9),(0.,0.35696887605,
    0.563069773415,0.666843209815,0.701346354693,0.759859904312,
    0.800466175238,0.859495039483,1.),.UNSPECIFIED.);
#1678 = CARTESIAN_POINT('',(4.674411766785,26.));
#1679 = CARTESIAN_POINT('',(4.683224951223,25.586183325615));
#1680 = CARTESIAN_POINT('',(4.69250491399,25.173203048646));
#1681 = CARTESIAN_POINT('',(4.70232216713,24.761047896097));
#1682 = CARTESIAN_POINT('',(4.712764496331,24.349867625921));
#1683 = CARTESIAN_POINT('',(4.723937553973,23.939971457354));
#1684 = CARTESIAN_POINT('',(4.735990320171,23.531883414236));
#1685 = CARTESIAN_POINT('',(4.749112530623,23.126334039666));
#1686 = CARTESIAN_POINT('',(4.772047258023,22.492491582326));
#1687 = CARTESIAN_POINT('',(4.780904849732,22.261996418746));
#1688 = CARTESIAN_POINT('',(4.790297762063,22.033021500356));
#1689 = CARTESIAN_POINT('',(4.800311579974,21.805855339507));
#1690 = CARTESIAN_POINT('',(4.811045521671,21.581063345728));
#1691 = CARTESIAN_POINT('',(4.822631578364,21.359566451685));
#1692 = CARTESIAN_POINT('',(4.835232699477,21.142628803415));
#1693 = CARTESIAN_POINT('',(4.856129897879,20.826240421656));
#1694 = CARTESIAN_POINT('',(4.863449352776,20.722052625172));
#1695 = CARTESIAN_POINT('',(4.871127235184,20.619840096183));
#1696 = CARTESIAN_POINT('',(4.87920142275,20.519965093109));
#1697 = CARTESIAN_POINT('',(4.887710913663,20.42294709156));
#1698 = CARTESIAN_POINT('',(4.896695900097,20.329462380171));
#1699 = CARTESIAN_POINT('',(4.906197462404,20.240340147489));
#1700 = CARTESIAN_POINT('',(4.919601494137,20.128697747711));
#1701 = CARTESIAN_POINT('',(4.923006892342,20.101437802472));
#1702 = CARTESIAN_POINT('',(4.926474122263,20.07481374532));
#1703 = CARTESIAN_POINT('',(4.930003998233,20.048867205266));
#1704 = CARTESIAN_POINT('',(4.933597049679,20.02364225124));
#1705 = CARTESIAN_POINT('',(4.937253465485,19.99918472415));
#1706 = CARTESIAN_POINT('',(4.940973038345,19.975541568921));
#1707 = CARTESIAN_POINT('',(4.951169086389,19.914125406655));
#1708 = CARTESIAN_POINT('',(4.95776494531,19.877956117034));
#1709 = CARTESIAN_POINT('',(4.964536882273,19.844502132038));
#1710 = CARTESIAN_POINT('',(4.971476078098,19.814002477265));
#1711 = CARTESIAN_POINT('',(4.978570128635,19.786672775394));
#1712 = CARTESIAN_POINT('',(4.985802387651,19.762691500272));
#1713 = CARTESIAN_POINT('',(4.993151221997,19.742185079253));
#1714 = CARTESIAN_POINT('',(5.005750850198,19.71343303697));
#1715 = CARTESIAN_POINT('',(5.010956610608,19.703353111396));
#1716 = CARTESIAN_POINT('',(5.016197757726,19.694991995516));
#1717 = CARTESIAN_POINT('',(5.02146584793,19.68835109161));
#1718 = CARTESIAN_POINT('',(5.026752714082,19.683415472265));
#1719 = CARTESIAN_POINT('',(5.032050483051,19.680156076861));
#1720 = CARTESIAN_POINT('',(5.037351593251,19.678531908044));
#1721 = CARTESIAN_POINT('',(5.050349317752,19.678434546093));
#1722 = CARTESIAN_POINT('',(5.058041908658,19.681725267698));
#1723 = CARTESIAN_POINT('',(5.065706717231,19.688208623191));
#1724 = CARTESIAN_POINT('',(5.073327809945,19.697691481701));
#1725 = CARTESIAN_POINT('',(5.080892794344,19.709963911099));
#1726 = CARTESIAN_POINT('',(5.088392523807,19.724814870426));
#1727 = CARTESIAN_POINT('',(5.095820900121,19.742043034986));
#1728 = CARTESIAN_POINT('',(5.120679019555,19.807687036095));
#1729 = CARTESIAN_POINT('',(5.137730254349,19.866246541341));
#1730 = CARTESIAN_POINT('',(5.154336361041,19.934692469184));
#1731 = CARTESIAN_POINT('',(5.170507314811,20.011095492561));
#1732 = CARTESIAN_POINT('',(5.186261562323,20.093939313647));
#1733 = CARTESIAN_POINT('',(5.20162885582,20.18208005873));
#1734 = CARTESIAN_POINT('',(5.216651514808,20.274733737021));
#1735 = CARTESIAN_POINT('',(5.231386087898,20.371453988102));
#1736 = ( GEOMETRIC_REPRESENTATION_CONTEXT(2) 
PARAMETRIC_REPRESENTATION_CONTEXT() REPRESENTATION_CONTEXT('2D SPACE',''
  ) );
#1737 = PCURVE('',#1738,#1751);
#1738 = B_SPLINE_SURFACE_WITH_KNOTS('',1,5,(
    (#1739,#1740,#1741,#1742,#1743,#1744)
    ,(#1745,#1746,#1747,#1748,#1749,#1750
    )),.UNSPECIFIED.,.F.,.F.,.F.,(2,2),(6,6),(0.,20.),(0.,26.),
  .PIECEWISE_BEZIER_KNOTS.);
#1739 = CARTESIAN_POINT('',(6.800876746897,-15.14300417597,0.));
#1740 = CARTESIAN_POINT('',(6.876978654931,-13.65659447745,5.2));
#1741 = CARTESIAN_POINT('',(6.680728607455,-12.15622255698,10.4));
#1742 = CARTESIAN_POINT('',(6.208415958407,-10.70853699808,15.6));
#1743 = CARTESIAN_POINT('',(5.482085037822,-9.381105879465,20.8));
#1744 = CARTESIAN_POINT('',(4.544037554119,-8.225566087604,26.));
#1745 = CARTESIAN_POINT('',(-12.69768149673,-10.69258549684,0.));
#1746 = CARTESIAN_POINT('',(-13.27404504466,-12.06481374057,5.2));
#1747 = CARTESIAN_POINT('',(-13.59898406942,-13.54266509001,10.4));
#1748 = CARTESIAN_POINT('',(-13.64637460569,-15.06471201865,15.6));
#1749 = CARTESIAN_POINT('',(-13.41400478677,-16.55991576668,20.8));
#1750 = CARTESIAN_POINT('',(-12.92412645822,-17.96534257569,26.));
#1751 = DEFINITIONAL_REPRESENTATION('',(#1752),#1811);
#1752 = B_SPLINE_CURVE_WITH_KNOTS('',8,(#1753,#1754,#1755,#1756,#1757,
    #1758,#1759,#1760,#1761,#1762,#1763,#1764,#1765,#1766,#1767,#1768,
    #1769,#1770,#1771,#1772,#1773,#1774,#1775,#1776,#1777,#1778,#1779,
    #1780,#1781,#1782,#1783,#1784,#1785,#1786,#1787,#1788,#1789,#1790,
    #1791,#1792,#1793,#1794,#1795,#1796,#1797,#1798,#1799,#1800,#1801,
    #1802,#1803,#1804,#1805,#1806,#1807,#1808,#1809,#1810),
  .UNSPECIFIED.,.F.,.F.,(9,7,7,7,7,7,7,7,9),(0.,0.35696887605,
    0.563069773415,0.666843209815,0.701346354693,0.759859904312,
    0.800466175238,0.859495039483,1.),.UNSPECIFIED.);
#1753 = CARTESIAN_POINT('',(5.680833417463,26.));
#1754 = CARTESIAN_POINT('',(5.618431752713,25.586183325615));
#1755 = CARTESIAN_POINT('',(5.550423002896,25.173203048647));
#1756 = CARTESIAN_POINT('',(5.47602308255,24.761047896096));
#1757 = CARTESIAN_POINT('',(5.39424023805,24.349867625922));
#1758 = CARTESIAN_POINT('',(5.303868616008,23.939971457353));
#1759 = CARTESIAN_POINT('',(5.203202985771,23.531883414236));
#1760 = CARTESIAN_POINT('',(5.090066517008,23.126334039666));
#1761 = CARTESIAN_POINT('',(4.885679870018,22.492491582326));
#1762 = CARTESIAN_POINT('',(4.805475671502,22.261996418746));
#1763 = CARTESIAN_POINT('',(4.719071867403,22.033021500356));
#1764 = CARTESIAN_POINT('',(4.625494491271,21.805855339507));
#1765 = CARTESIAN_POINT('',(4.523597024096,21.581063345729));
#1766 = CARTESIAN_POINT('',(4.411846204371,21.359566451685));
#1767 = CARTESIAN_POINT('',(4.288343204354,21.142628803415));
#1768 = CARTESIAN_POINT('',(4.080086200228,20.826240421656));
#1769 = CARTESIAN_POINT('',(4.006615513257,20.722052625172));
#1770 = CARTESIAN_POINT('',(3.928991828117,20.619840096183));
#1771 = CARTESIAN_POINT('',(3.84677229745,20.519965093109));
#1772 = CARTESIAN_POINT('',(3.75949199413,20.42294709156));
#1773 = CARTESIAN_POINT('',(3.666664356359,20.329462380171));
#1774 = CARTESIAN_POINT('',(3.56778655468,20.240340147489));
#1775 = CARTESIAN_POINT('',(3.42729360078,20.128697747711));
#1776 = CARTESIAN_POINT('',(3.391521586023,20.101437802472));
#1777 = CARTESIAN_POINT('',(3.355020088137,20.07481374532));
#1778 = CARTESIAN_POINT('',(3.317777861414,20.048867205266));
#1779 = CARTESIAN_POINT('',(3.279786728996,20.02364225124));
#1780 = CARTESIAN_POINT('',(3.241042248927,19.99918472415));
#1781 = CARTESIAN_POINT('',(3.20154438019,19.975541568921));
#1782 = CARTESIAN_POINT('',(3.093044954202,19.914125406655));
#1783 = CARTESIAN_POINT('',(3.022616720241,19.877956117034));
#1784 = CARTESIAN_POINT('',(2.950065293753,19.844502132038));
#1785 = CARTESIAN_POINT('',(2.875477368948,19.814002477265));
#1786 = CARTESIAN_POINT('',(2.798981636822,19.786672775394));
#1787 = CARTESIAN_POINT('',(2.720756755075,19.762691500272));
#1788 = CARTESIAN_POINT('',(2.64104013848,19.742185079253));
#1789 = CARTESIAN_POINT('',(2.50399413546,19.71343303697));
#1790 = CARTESIAN_POINT('',(2.447266842975,19.703353111396));
#1791 = CARTESIAN_POINT('',(2.390052667199,19.694991995516));
#1792 = CARTESIAN_POINT('',(2.332446871225,19.68835109161));
#1793 = CARTESIAN_POINT('',(2.274542619182,19.683415472265));
#1794 = CARTESIAN_POINT('',(2.21643058911,19.680156076861));
#1795 = CARTESIAN_POINT('',(2.158198585835,19.678531908044));
#1796 = CARTESIAN_POINT('',(2.01522846498,19.678434546093));
#1797 = CARTESIAN_POINT('',(1.930447516564,19.681725267698));
#1798 = CARTESIAN_POINT('',(1.845822209677,19.688208623191));
#1799 = CARTESIAN_POINT('',(1.761544521014,19.697691481701));
#1800 = CARTESIAN_POINT('',(1.677767511933,19.709963911099));
#1801 = CARTESIAN_POINT('',(1.594607674698,19.724814870426));
#1802 = CARTESIAN_POINT('',(1.512146615943,19.742043034986));
#1803 = CARTESIAN_POINT('',(1.235928961465,19.807687036095));
#1804 = CARTESIAN_POINT('',(1.045998760537,19.866246541341));
#1805 = CARTESIAN_POINT('',(0.860728176025,19.934692469184));
#1806 = CARTESIAN_POINT('',(0.680134032157,20.011095492561));
#1807 = CARTESIAN_POINT('',(0.504105477542,20.093939313647));
#1808 = CARTESIAN_POINT('',(0.332381137255,20.18208005873));
#1809 = CARTESIAN_POINT('',(0.164541896874,20.274733737021));
#1810 = CARTESIAN_POINT('',(0.,20.371453988102));
#1811 = ( GEOMETRIC_REPRESENTATION_CONTEXT(2) 
PARAMETRIC_REPRESENTATION_CONTEXT() REPRESENTATION_CONTEXT('2D SPACE',''
  ) );
#1812 = ORIENTED_EDGE('',*,*,#1813,.T.);
#1813 = EDGE_CURVE('',#1613,#1556,#1814,.T.);
#1814 = SURFACE_CURVE('',#1815,(#1820,#1827),.PCURVE_S1.);
#1815 = CIRCLE('',#1816,11.);
#1816 = AXIS2_PLACEMENT_3D('',#1817,#1818,#1819);
#1817 = CARTESIAN_POINT('',(0.,0.,26.));
#1818 = DIRECTION('',(0.,0.,1.));
#1819 = DIRECTION('',(1.,0.,-0.));
#1820 = PCURVE('',#32,#1821);
#1821 = DEFINITIONAL_REPRESENTATION('',(#1822),#1826);
#1822 = LINE('',#1823,#1824);
#1823 = CARTESIAN_POINT('',(0.,26.));
#1824 = VECTOR('',#1825,1.);
#1825 = DIRECTION('',(1.,0.));
#1826 = ( GEOMETRIC_REPRESENTATION_CONTEXT(2) 
PARAMETRIC_REPRESENTATION_CONTEXT() REPRESENTATION_CONTEXT('2D SPACE',''
  ) );
#1827 = PCURVE('',#1828,#1833);
#1828 = PLANE('',#1829);
#1829 = AXIS2_PLACEMENT_3D('',#1830,#1831,#1832);
#1830 = CARTESIAN_POINT('',(-3.337814009345,-14.62391868272,26.));
#1831 = DIRECTION('',(-1.977293551868E-15,3.546250584582E-15,1.));
#1832 = DIRECTION('',(-0.222520933956,-0.974927912182,3.017349470632E-15
    ));
#1833 = DEFINITIONAL_REPRESENTATION('',(#1834),#1838);
#1834 = CIRCLE('',#1835,11.);
#1835 = AXIS2_PLACEMENT_2D('',#1836,#1837);
#1836 = CARTESIAN_POINT('',(-15.,-1.254777176862E-28));
#1837 = DIRECTION('',(-0.222520933956,0.974927912182));
#1838 = ( GEOMETRIC_REPRESENTATION_CONTEXT(2) 
PARAMETRIC_REPRESENTATION_CONTEXT() REPRESENTATION_CONTEXT('2D SPACE',''
  ) );
#1839 = FACE_BOUND('',#1840,.T.);
#1840 = EDGE_LOOP('',(#1841,#1900,#2101));
#1841 = ORIENTED_EDGE('',*,*,#1842,.F.);
#1842 = EDGE_CURVE('',#1843,#1845,#1847,.T.);
#1843 = VERTEX_POINT('',#1844);
#1844 = CARTESIAN_POINT('',(10.869479678261,-1.689500376995,
    20.371453988102));
#1845 = VERTEX_POINT('',#1846);
#1846 = CARTESIAN_POINT('',(10.845280720208,-1.838446654078,26.));
#1847 = SURFACE_CURVE('',#1848,(#1859,#1873),.PCURVE_S1.);
#1848 = B_SPLINE_CURVE_WITH_KNOTS('',5,(#1849,#1850,#1851,#1852,#1853,
    #1854,#1855,#1856,#1857,#1858),.UNSPECIFIED.,.F.,.F.,(6,4,6),(0.,
    0.49872285209,1.),.UNSPECIFIED.);
#1849 = CARTESIAN_POINT('',(10.869479678261,-1.689500376995,
    20.371453988102));
#1850 = CARTESIAN_POINT('',(10.865167135769,-1.71724532078,
    20.932430486879));
#1851 = CARTESIAN_POINT('',(10.861283401054,-1.741648280738,
    21.49357530278));
#1852 = CARTESIAN_POINT('',(10.857858055291,-1.762798408052,
    22.054855974554));
#1853 = CARTESIAN_POINT('',(10.854912699872,-1.780757012301,
    22.616243762765));
#1854 = CARTESIAN_POINT('',(10.850000344217,-1.810447486812,
    23.742057446979));
#1855 = CARTESIAN_POINT('',(10.848038440317,-1.822147197808,
    24.306483985718));
#1856 = CARTESIAN_POINT('',(10.846592663332,-1.830703332676,
    24.870966129572));
#1857 = CARTESIAN_POINT('',(10.845672375118,-1.836136221278,
    25.435479179831));
#1858 = CARTESIAN_POINT('',(10.845280720208,-1.838446654078,26.));
#1859 = PCURVE('',#32,#1860);
#1860 = DEFINITIONAL_REPRESENTATION('',(#1861),#1872);
#1861 = B_SPLINE_CURVE_WITH_KNOTS('',5,(#1862,#1863,#1864,#1865,#1866,
    #1867,#1868,#1869,#1870,#1871),.UNSPECIFIED.,.F.,.F.,(6,4,6),(0.,
    0.49872285209,1.),.UNSPECIFIED.);
#1862 = CARTESIAN_POINT('',(6.128983988924,20.371453988102));
#1863 = CARTESIAN_POINT('',(6.126431434008,20.932430486879));
#1864 = CARTESIAN_POINT('',(6.124185078088,21.49357530278));
#1865 = CARTESIAN_POINT('',(6.122237292021,22.054855974554));
#1866 = CARTESIAN_POINT('',(6.120582881756,22.616243762765));
#1867 = CARTESIAN_POINT('',(6.117847053486,23.742057446979));
#1868 = CARTESIAN_POINT('',(6.116768594687,24.306483985718));
#1869 = CARTESIAN_POINT('',(6.115979739163,24.870966129572));
#1870 = CARTESIAN_POINT('',(6.115478803684,25.435479179831));
#1871 = CARTESIAN_POINT('',(6.115265767908,26.));
#1872 = ( GEOMETRIC_REPRESENTATION_CONTEXT(2) 
PARAMETRIC_REPRESENTATION_CONTEXT() REPRESENTATION_CONTEXT('2D SPACE',''
  ) );
#1873 = PCURVE('',#1874,#1887);
#1874 = B_SPLINE_SURFACE_WITH_KNOTS('',1,5,(
    (#1875,#1876,#1877,#1878,#1879,#1880)
    ,(#1881,#1882,#1883,#1884,#1885,#1886
    )),.UNSPECIFIED.,.F.,.F.,.F.,(2,2),(6,6),(0.,3.5),(0.,26.),
  .PIECEWISE_BEZIER_KNOTS.);
#1875 = CARTESIAN_POINT('',(18.261769005814,-6.860779312752,0.));
#1876 = CARTESIAN_POINT('',(17.548274558033,-5.554589829851,5.2));
#1877 = CARTESIAN_POINT('',(16.595440014791,-4.379117025368,10.4));
#1878 = CARTESIAN_POINT('',(15.43500332426,-3.393084874187,15.6));
#1879 = CARTESIAN_POINT('',(14.121125748987,-2.642514625596,20.8));
#1880 = CARTESIAN_POINT('',(12.716884681399,-2.149247642762,26.));
#1881 = CARTESIAN_POINT('',(16.079554699309,-4.124369124114,0.));
#1882 = CARTESIAN_POINT('',(14.964881564722,-3.138108968127,5.2));
#1883 = CARTESIAN_POINT('',(13.66948365867,-2.356076842271,10.4));
#1884 = CARTESIAN_POINT('',(12.243155392039,-1.822728558593,15.6));
#1885 = CARTESIAN_POINT('',(10.752468030936,-1.562957173868,20.8));
#1886 = CARTESIAN_POINT('',(9.264167602666,-1.575884952809,26.));
#1887 = DEFINITIONAL_REPRESENTATION('',(#1888),#1899);
#1888 = B_SPLINE_CURVE_WITH_KNOTS('',5,(#1889,#1890,#1891,#1892,#1893,
    #1894,#1895,#1896,#1897,#1898),.UNSPECIFIED.,.F.,.F.,(6,4,6),(0.,
    0.49872285209,1.),.UNSPECIFIED.);
#1889 = CARTESIAN_POINT('',(3.5,20.371453988102));
#1890 = CARTESIAN_POINT('',(3.337115552712,20.932430486879));
#1891 = CARTESIAN_POINT('',(3.175385816211,21.49357530278));
#1892 = CARTESIAN_POINT('',(3.014592019495,22.054855974554));
#1893 = CARTESIAN_POINT('',(2.854536683729,22.616243762765));
#1894 = CARTESIAN_POINT('',(2.534717136275,23.742057446979));
#1895 = CARTESIAN_POINT('',(2.374958412734,24.306483985718));
#1896 = CARTESIAN_POINT('',(2.215573112997,24.870966129572));
#1897 = CARTESIAN_POINT('',(2.056386357847,25.435479179831));
#1898 = CARTESIAN_POINT('',(1.897234472097,26.));
#1899 = ( GEOMETRIC_REPRESENTATION_CONTEXT(2) 
PARAMETRIC_REPRESENTATION_CONTEXT() REPRESENTATION_CONTEXT('2D SPACE',''
  ) );
#1900 = ORIENTED_EDGE('',*,*,#1901,.F.);
#1901 = EDGE_CURVE('',#1902,#1843,#1904,.T.);
#1902 = VERTEX_POINT('',#1903);
#1903 = CARTESIAN_POINT('',(8.33354533712,-7.179973684782,26.));
#1904 = SURFACE_CURVE('',#1905,(#1964,#2026),.PCURVE_S1.);
#1905 = B_SPLINE_CURVE_WITH_KNOTS('',8,(#1906,#1907,#1908,#1909,#1910,
    #1911,#1912,#1913,#1914,#1915,#1916,#1917,#1918,#1919,#1920,#1921,
    #1922,#1923,#1924,#1925,#1926,#1927,#1928,#1929,#1930,#1931,#1932,
    #1933,#1934,#1935,#1936,#1937,#1938,#1939,#1940,#1941,#1942,#1943,
    #1944,#1945,#1946,#1947,#1948,#1949,#1950,#1951,#1952,#1953,#1954,
    #1955,#1956,#1957,#1958,#1959,#1960,#1961,#1962,#1963),
  .UNSPECIFIED.,.F.,.F.,(9,7,7,7,7,7,7,7,9),(0.,0.356968876052,
    0.563069773417,0.666843209816,0.701346354694,0.759859904312,
    0.800466175239,0.859495039483,1.),.UNSPECIFIED.);
#1906 = CARTESIAN_POINT('',(8.33354533712,-7.179973684782,26.));
#1907 = CARTESIAN_POINT('',(8.396823769464,-7.106528612704,
    25.586183325615));
#1908 = CARTESIAN_POINT('',(8.462713732449,-7.028556166483,
    25.173203048647));
#1909 = CARTESIAN_POINT('',(8.531578207964,-6.94536007051,
    24.761047896096));
#1910 = CARTESIAN_POINT('',(8.603851363072,-6.856062941225,
    24.349867625923));
#1911 = CARTESIAN_POINT('',(8.680044329791,-6.759600787449,
    23.939971457352));
#1912 = CARTESIAN_POINT('',(8.760841128001,-6.654456667857,
    23.531883414237));
#1913 = CARTESIAN_POINT('',(8.847097267679,-6.538688738833,
    23.126334039666));
#1914 = CARTESIAN_POINT('',(8.994079006633,-6.333645873459,
    22.492491582327));
#1915 = CARTESIAN_POINT('',(9.050124457011,-6.253940310284,
    22.261996418741));
#1916 = CARTESIAN_POINT('',(9.108736694788,-6.168841555924,
    22.033021500365));
#1917 = CARTESIAN_POINT('',(9.170267728776,-6.077462264147,
    21.805855339495));
#1918 = CARTESIAN_POINT('',(9.235101815029,-5.978760196198,
    21.581063345738));
#1919 = CARTESIAN_POINT('',(9.303709425844,-5.871332452078,
    21.359566451681));
#1920 = CARTESIAN_POINT('',(9.376640457636,-5.753432770446,
    21.142628803416));
#1921 = CARTESIAN_POINT('',(9.494124948818,-5.55585434208,
    20.826240421656));
#1922 = CARTESIAN_POINT('',(9.534745895108,-5.486335851737,
    20.722052625172));
#1923 = CARTESIAN_POINT('',(9.576764718231,-5.413068131637,
    20.619840096183));
#1924 = CARTESIAN_POINT('',(9.620284228879,-5.33563694052,20.51996509311
    ));
#1925 = CARTESIAN_POINT('',(9.665386984908,-5.253605325754,
    20.42294709156));
#1926 = CARTESIAN_POINT('',(9.712130090022,-5.166511569384,
    20.329462380171));
#1927 = CARTESIAN_POINT('',(9.76053668665,-5.073871087855,
    20.240340147489));
#1928 = CARTESIAN_POINT('',(9.827224187878,-4.942369706688,
    20.128697747711));
#1929 = CARTESIAN_POINT('',(9.844041230756,-4.908897151379,
    20.101437802472));
#1930 = CARTESIAN_POINT('',(9.861032235545,-4.874750908909,
    20.07481374532));
#1931 = CARTESIAN_POINT('',(9.878192504141,-4.839919365259,
    20.048867205266));
#1932 = CARTESIAN_POINT('',(9.895515518844,-4.804393618273,
    20.02364225124));
#1933 = CARTESIAN_POINT('',(9.912992784762,-4.768168092967,
    19.99918472415));
#1934 = CARTESIAN_POINT('',(9.930613672223,-4.731241156848,
    19.975541568921));
#1935 = CARTESIAN_POINT('',(9.97847000376,-4.629807146705,
    19.914125406655));
#1936 = CARTESIAN_POINT('',(10.008960701226,-4.563968454083,
    19.877956117034));
#1937 = CARTESIAN_POINT('',(10.039761783236,-4.496139506254,
    19.844502132038));
#1938 = CARTESIAN_POINT('',(10.070783701797,-4.42639133719,
    19.814002477265));
#1939 = CARTESIAN_POINT('',(10.101922350465,-4.35483298969,
    19.786672775394));
#1940 = CARTESIAN_POINT('',(10.133059307059,-4.281619471064,
    19.762691500272));
#1941 = CARTESIAN_POINT('',(10.164062897897,-4.20696084073,
    19.742185079253));
#1942 = CARTESIAN_POINT('',(10.216113630561,-4.078510276091,
    19.71343303697));
#1943 = CARTESIAN_POINT('',(10.237308909088,-4.025312857449,
    19.703353111396));
#1944 = CARTESIAN_POINT('',(10.258329777468,-3.971627255098,
    19.694991995516));
#1945 = CARTESIAN_POINT('',(10.279134018501,-3.917539242224,
    19.68835109161));
#1946 = CARTESIAN_POINT('',(10.299683322033,-3.863132988745,
    19.683415472265));
#1947 = CARTESIAN_POINT('',(10.319943267541,-3.808490766134,
    19.680156076861));
#1948 = CARTESIAN_POINT('',(10.339883306715,-3.753692652234,
    19.678531908044));
#1949 = CARTESIAN_POINT('',(10.387959501132,-3.619043027511,
    19.678434546093));
#1950 = CARTESIAN_POINT('',(10.415710930715,-3.539101144838,
    19.681725267698));
#1951 = CARTESIAN_POINT('',(10.442657500214,-3.45920452241,
    19.688208623191));
#1952 = CARTESIAN_POINT('',(10.46875047965,-3.379529914391,
    19.697691481701));
#1953 = CARTESIAN_POINT('',(10.493961428287,-3.300219460494,
    19.709963911099));
#1954 = CARTESIAN_POINT('',(10.518278310446,-3.221382522605,
    19.724814870426));
#1955 = CARTESIAN_POINT('',(10.541702242468,-3.143096792291,
    19.742043034986));
#1956 = CARTESIAN_POINT('',(10.61790253728,-2.880489531564,
    19.807687036095));
#1957 = CARTESIAN_POINT('',(10.666472300711,-2.699282714874,
    19.86624654134));
#1958 = CARTESIAN_POINT('',(10.710288098649,-2.521888403293,
    19.934692469183));
#1959 = CARTESIAN_POINT('',(10.749677651307,-2.348360802843,
    20.011095492561));
#1960 = CARTESIAN_POINT('',(10.784974411647,-2.178641163436,
    20.093939313647));
#1961 = CARTESIAN_POINT('',(10.816507900218,-2.01252681735,
    20.182080058729));
#1962 = CARTESIAN_POINT('',(10.84458561147,-1.84965751977,
    20.274733737021));
#1963 = CARTESIAN_POINT('',(10.869479678261,-1.689500376995,
    20.371453988102));
#1964 = PCURVE('',#32,#1965);
#1965 = DEFINITIONAL_REPRESENTATION('',(#1966),#2025);
#1966 = B_SPLINE_CURVE_WITH_KNOTS('',8,(#1967,#1968,#1969,#1970,#1971,
    #1972,#1973,#1974,#1975,#1976,#1977,#1978,#1979,#1980,#1981,#1982,
    #1983,#1984,#1985,#1986,#1987,#1988,#1989,#1990,#1991,#1992,#1993,
    #1994,#1995,#1996,#1997,#1998,#1999,#2000,#2001,#2002,#2003,#2004,
    #2005,#2006,#2007,#2008,#2009,#2010,#2011,#2012,#2013,#2014,#2015,
    #2016,#2017,#2018,#2019,#2020,#2021,#2022,#2023,#2024),
  .UNSPECIFIED.,.F.,.F.,(9,7,7,7,7,7,7,7,9),(0.,0.356968876052,
    0.563069773417,0.666843209816,0.701346354694,0.759859904312,
    0.800466175239,0.859495039483,1.),.UNSPECIFIED.);
#1967 = CARTESIAN_POINT('',(5.572009667811,26.));
#1968 = CARTESIAN_POINT('',(5.580822852249,25.586183325615));
#1969 = CARTESIAN_POINT('',(5.590102815016,25.173203048647));
#1970 = CARTESIAN_POINT('',(5.599920068156,24.761047896096));
#1971 = CARTESIAN_POINT('',(5.610362397357,24.349867625923));
#1972 = CARTESIAN_POINT('',(5.621535454999,23.939971457352));
#1973 = CARTESIAN_POINT('',(5.633588221197,23.531883414237));
#1974 = CARTESIAN_POINT('',(5.646710431649,23.126334039666));
#1975 = CARTESIAN_POINT('',(5.669645159048,22.492491582327));
#1976 = CARTESIAN_POINT('',(5.678502750757,22.261996418741));
#1977 = CARTESIAN_POINT('',(5.687895663088,22.033021500365));
#1978 = CARTESIAN_POINT('',(5.697909481,21.805855339495));
#1979 = CARTESIAN_POINT('',(5.708643422696,21.581063345738));
#1980 = CARTESIAN_POINT('',(5.720229479389,21.359566451681));
#1981 = CARTESIAN_POINT('',(5.732830600503,21.142628803416));
#1982 = CARTESIAN_POINT('',(5.753727798904,20.826240421656));
#1983 = CARTESIAN_POINT('',(5.761047253801,20.722052625172));
#1984 = CARTESIAN_POINT('',(5.768725136209,20.619840096183));
#1985 = CARTESIAN_POINT('',(5.776799323776,20.51996509311));
#1986 = CARTESIAN_POINT('',(5.785308814689,20.42294709156));
#1987 = CARTESIAN_POINT('',(5.794293801122,20.329462380171));
#1988 = CARTESIAN_POINT('',(5.80379536343,20.240340147489));
#1989 = CARTESIAN_POINT('',(5.817199395162,20.128697747711));
#1990 = CARTESIAN_POINT('',(5.820604793368,20.101437802472));
#1991 = CARTESIAN_POINT('',(5.824072023289,20.07481374532));
#1992 = CARTESIAN_POINT('',(5.827601899259,20.048867205266));
#1993 = CARTESIAN_POINT('',(5.831194950705,20.02364225124));
#1994 = CARTESIAN_POINT('',(5.83485136651,19.99918472415));
#1995 = CARTESIAN_POINT('',(5.838570939371,19.975541568921));
#1996 = CARTESIAN_POINT('',(5.848766987415,19.914125406655));
#1997 = CARTESIAN_POINT('',(5.855362846336,19.877956117034));
#1998 = CARTESIAN_POINT('',(5.862134783299,19.844502132038));
#1999 = CARTESIAN_POINT('',(5.869073979123,19.814002477265));
#2000 = CARTESIAN_POINT('',(5.87616802966,19.786672775394));
#2001 = CARTESIAN_POINT('',(5.883400288676,19.762691500272));
#2002 = CARTESIAN_POINT('',(5.890749123023,19.742185079253));
#2003 = CARTESIAN_POINT('',(5.903348751224,19.71343303697));
#2004 = CARTESIAN_POINT('',(5.908554511634,19.703353111396));
#2005 = CARTESIAN_POINT('',(5.913795658752,19.694991995516));
#2006 = CARTESIAN_POINT('',(5.919063748956,19.68835109161));
#2007 = CARTESIAN_POINT('',(5.924350615107,19.683415472265));
#2008 = CARTESIAN_POINT('',(5.929648384077,19.680156076861));
#2009 = CARTESIAN_POINT('',(5.934949494277,19.678531908044));
#2010 = CARTESIAN_POINT('',(5.947947218778,19.678434546093));
#2011 = CARTESIAN_POINT('',(5.955639809684,19.681725267698));
#2012 = CARTESIAN_POINT('',(5.963304618256,19.688208623191));
#2013 = CARTESIAN_POINT('',(5.97092571097,19.697691481701));
#2014 = CARTESIAN_POINT('',(5.97849069537,19.709963911099));
#2015 = CARTESIAN_POINT('',(5.985990424833,19.724814870426));
#2016 = CARTESIAN_POINT('',(5.993418801147,19.742043034986));
#2017 = CARTESIAN_POINT('',(6.018276920581,19.807687036095));
#2018 = CARTESIAN_POINT('',(6.035328155374,19.86624654134));
#2019 = CARTESIAN_POINT('',(6.051934262067,19.934692469183));
#2020 = CARTESIAN_POINT('',(6.068105215837,20.011095492561));
#2021 = CARTESIAN_POINT('',(6.083859463348,20.093939313647));
#2022 = CARTESIAN_POINT('',(6.099226756845,20.182080058729));
#2023 = CARTESIAN_POINT('',(6.114249415833,20.274733737021));
#2024 = CARTESIAN_POINT('',(6.128983988924,20.371453988102));
#2025 = ( GEOMETRIC_REPRESENTATION_CONTEXT(2) 
PARAMETRIC_REPRESENTATION_CONTEXT() REPRESENTATION_CONTEXT('2D SPACE',''
  ) );
#2026 = PCURVE('',#2027,#2040);
#2027 = B_SPLINE_SURFACE_WITH_KNOTS('',1,5,(
    (#2028,#2029,#2030,#2031,#2032,#2033)
    ,(#2034,#2035,#2036,#2037,#2038,#2039
    )),.UNSPECIFIED.,.F.,.F.,.F.,(2,2),(6,6),(0.,20.),(0.,26.),
  .PIECEWISE_BEZIER_KNOTS.);
#2028 = CARTESIAN_POINT('',(16.079554699309,-4.124369124114,0.));
#2029 = CARTESIAN_POINT('',(14.964881564722,-3.138108968127,5.2));
#2030 = CARTESIAN_POINT('',(13.66948365867,-2.356076842271,10.4));
#2031 = CARTESIAN_POINT('',(12.243155392039,-1.822728558593,15.6));
#2032 = CARTESIAN_POINT('',(10.752468030936,-1.562957173868,20.8));
#2033 = CARTESIAN_POINT('',(9.264167602666,-1.575884952809,26.));
#2034 = CARTESIAN_POINT('',(0.442925049948,-16.59416516128,0.));
#2035 = CARTESIAN_POINT('',(1.156419497729,-17.90035464419,5.2));
#2036 = CARTESIAN_POINT('',(2.109254040971,-19.07582744867,10.4));
#2037 = CARTESIAN_POINT('',(3.269690731502,-20.06185959985,15.6));
#2038 = CARTESIAN_POINT('',(4.583568306775,-20.81242984844,20.8));
#2039 = CARTESIAN_POINT('',(5.987809374363,-21.30569683127,26.));
#2040 = DEFINITIONAL_REPRESENTATION('',(#2041),#2100);
#2041 = B_SPLINE_CURVE_WITH_KNOTS('',8,(#2042,#2043,#2044,#2045,#2046,
    #2047,#2048,#2049,#2050,#2051,#2052,#2053,#2054,#2055,#2056,#2057,
    #2058,#2059,#2060,#2061,#2062,#2063,#2064,#2065,#2066,#2067,#2068,
    #2069,#2070,#2071,#2072,#2073,#2074,#2075,#2076,#2077,#2078,#2079,
    #2080,#2081,#2082,#2083,#2084,#2085,#2086,#2087,#2088,#2089,#2090,
    #2091,#2092,#2093,#2094,#2095,#2096,#2097,#2098,#2099),
  .UNSPECIFIED.,.F.,.F.,(9,7,7,7,7,7,7,7,9),(0.,0.356968876052,
    0.563069773417,0.666843209816,0.701346354694,0.759859904312,
    0.800466175239,0.859495039483,1.),.UNSPECIFIED.);
#2042 = CARTESIAN_POINT('',(5.680833417463,26.));
#2043 = CARTESIAN_POINT('',(5.618431752713,25.586183325615));
#2044 = CARTESIAN_POINT('',(5.550423002896,25.173203048646));
#2045 = CARTESIAN_POINT('',(5.47602308255,24.761047896096));
#2046 = CARTESIAN_POINT('',(5.39424023805,24.349867625922));
#2047 = CARTESIAN_POINT('',(5.303868616008,23.939971457352));
#2048 = CARTESIAN_POINT('',(5.203202985771,23.531883414237));
#2049 = CARTESIAN_POINT('',(5.090066517008,23.126334039666));
#2050 = CARTESIAN_POINT('',(4.885679870018,22.492491582327));
#2051 = CARTESIAN_POINT('',(4.8054756715,22.261996418741));
#2052 = CARTESIAN_POINT('',(4.719071867407,22.033021500365));
#2053 = CARTESIAN_POINT('',(4.625494491266,21.805855339495));
#2054 = CARTESIAN_POINT('',(4.5235970241,21.581063345738));
#2055 = CARTESIAN_POINT('',(4.411846204369,21.359566451681));
#2056 = CARTESIAN_POINT('',(4.288343204355,21.142628803416));
#2057 = CARTESIAN_POINT('',(4.080086200228,20.826240421656));
#2058 = CARTESIAN_POINT('',(4.006615513256,20.722052625172));
#2059 = CARTESIAN_POINT('',(3.928991828118,20.619840096183));
#2060 = CARTESIAN_POINT('',(3.84677229745,20.51996509311));
#2061 = CARTESIAN_POINT('',(3.75949199413,20.42294709156));
#2062 = CARTESIAN_POINT('',(3.666664356358,20.329462380171));
#2063 = CARTESIAN_POINT('',(3.56778655468,20.240340147489));
#2064 = CARTESIAN_POINT('',(3.42729360078,20.128697747711));
#2065 = CARTESIAN_POINT('',(3.391521586023,20.101437802472));
#2066 = CARTESIAN_POINT('',(3.355020088137,20.07481374532));
#2067 = CARTESIAN_POINT('',(3.317777861414,20.048867205266));
#2068 = CARTESIAN_POINT('',(3.279786728996,20.02364225124));
#2069 = CARTESIAN_POINT('',(3.241042248927,19.99918472415));
#2070 = CARTESIAN_POINT('',(3.20154438019,19.975541568921));
#2071 = CARTESIAN_POINT('',(3.093044954202,19.914125406655));
#2072 = CARTESIAN_POINT('',(3.022616720241,19.877956117034));
#2073 = CARTESIAN_POINT('',(2.950065293753,19.844502132038));
#2074 = CARTESIAN_POINT('',(2.875477368948,19.814002477265));
#2075 = CARTESIAN_POINT('',(2.798981636822,19.786672775394));
#2076 = CARTESIAN_POINT('',(2.720756755075,19.762691500272));
#2077 = CARTESIAN_POINT('',(2.64104013848,19.742185079253));
#2078 = CARTESIAN_POINT('',(2.50399413546,19.71343303697));
#2079 = CARTESIAN_POINT('',(2.447266842976,19.703353111396));
#2080 = CARTESIAN_POINT('',(2.390052667199,19.694991995516));
#2081 = CARTESIAN_POINT('',(2.332446871225,19.68835109161));
#2082 = CARTESIAN_POINT('',(2.274542619182,19.683415472265));
#2083 = CARTESIAN_POINT('',(2.21643058911,19.680156076861));
#2084 = CARTESIAN_POINT('',(2.158198585835,19.678531908044));
#2085 = CARTESIAN_POINT('',(2.01522846498,19.678434546093));
#2086 = CARTESIAN_POINT('',(1.930447516564,19.681725267698));
#2087 = CARTESIAN_POINT('',(1.845822209677,19.688208623191));
#2088 = CARTESIAN_POINT('',(1.761544521015,19.697691481701));
#2089 = CARTESIAN_POINT('',(1.677767511933,19.709963911099));
#2090 = CARTESIAN_POINT('',(1.594607674699,19.724814870426));
#2091 = CARTESIAN_POINT('',(1.512146615944,19.742043034986));
#2092 = CARTESIAN_POINT('',(1.235928961465,19.807687036095));
#2093 = CARTESIAN_POINT('',(1.045998760537,19.86624654134));
#2094 = CARTESIAN_POINT('',(0.860728176026,19.934692469183));
#2095 = CARTESIAN_POINT('',(0.680134032157,20.011095492561));
#2096 = CARTESIAN_POINT('',(0.504105477542,20.093939313647));
#2097 = CARTESIAN_POINT('',(0.332381137256,20.182080058729));
#2098 = CARTESIAN_POINT('',(0.164541896874,20.274733737021));
#2099 = CARTESIAN_POINT('',(0.,20.371453988102));
#2100 = ( GEOMETRIC_REPRESENTATION_CONTEXT(2) 
PARAMETRIC_REPRESENTATION_CONTEXT() REPRESENTATION_CONTEXT('2D SPACE',''
  ) );
#2101 = ORIENTED_EDGE('',*,*,#2102,.T.);
#2102 = EDGE_CURVE('',#1902,#1845,#2103,.T.);
#2103 = SURFACE_CURVE('',#2104,(#2109,#2116),.PCURVE_S1.);
#2104 = CIRCLE('',#2105,11.);
#2105 = AXIS2_PLACEMENT_3D('',#2106,#2107,#2108);
#2106 = CARTESIAN_POINT('',(0.,0.,26.));
#2107 = DIRECTION('',(0.,0.,1.));
#2108 = DIRECTION('',(1.,0.,-0.));
#2109 = PCURVE('',#32,#2110);
#2110 = DEFINITIONAL_REPRESENTATION('',(#2111),#2115);
#2111 = LINE('',#2112,#2113);
#2112 = CARTESIAN_POINT('',(0.,26.));
#2113 = VECTOR('',#2114,1.);
#2114 = DIRECTION('',(1.,0.));
#2115 = ( GEOMETRIC_REPRESENTATION_CONTEXT(2) 
PARAMETRIC_REPRESENTATION_CONTEXT() REPRESENTATION_CONTEXT('2D SPACE',''
  ) );
#2116 = PCURVE('',#2117,#2122);
#2117 = PLANE('',#2118);
#2118 = AXIS2_PLACEMENT_3D('',#2119,#2120,#2121);
#2119 = CARTESIAN_POINT('',(9.352347027881,-11.72747223702,26.));
#2120 = DIRECTION('',(-4.005392716617E-15,6.65140725391E-16,1.));
#2121 = DIRECTION('',(0.623489801859,-0.781831482468,3.017349470632E-15)
  );
#2122 = DEFINITIONAL_REPRESENTATION('',(#2123),#2127);
#2123 = CIRCLE('',#2124,11.);
#2124 = AXIS2_PLACEMENT_2D('',#2125,#2126);
#2125 = CARTESIAN_POINT('',(-15.,-1.254777176862E-28));
#2126 = DIRECTION('',(0.623489801859,0.781831482468));
#2127 = ( GEOMETRIC_REPRESENTATION_CONTEXT(2) 
PARAMETRIC_REPRESENTATION_CONTEXT() REPRESENTATION_CONTEXT('2D SPACE',''
  ) );
#2128 = ADVANCED_FACE('',(#2129,#2132),#94,.F.);
#2129 = FACE_BOUND('',#2130,.F.);
#2130 = EDGE_LOOP('',(#2131));
#2131 = ORIENTED_EDGE('',*,*,#79,.T.);
#2132 = FACE_BOUND('',#2133,.F.);
#2133 = EDGE_LOOP('',(#2134));
#2134 = ORIENTED_EDGE('',*,*,#2135,.F.);
#2135 = EDGE_CURVE('',#2136,#2136,#2138,.T.);
#2136 = VERTEX_POINT('',#2137);
#2137 = CARTESIAN_POINT('',(4.,-9.797174393179E-16,0.));
#2138 = SURFACE_CURVE('',#2139,(#2144,#2151),.PCURVE_S1.);
#2139 = CIRCLE('',#2140,4.);
#2140 = AXIS2_PLACEMENT_3D('',#2141,#2142,#2143);
#2141 = CARTESIAN_POINT('',(0.,0.,0.));
#2142 = DIRECTION('',(0.,0.,1.));
#2143 = DIRECTION('',(1.,0.,0.));
#2144 = PCURVE('',#94,#2145);
#2145 = DEFINITIONAL_REPRESENTATION('',(#2146),#2150);
#2146 = CIRCLE('',#2147,4.);
#2147 = AXIS2_PLACEMENT_2D('',#2148,#2149);
#2148 = CARTESIAN_POINT('',(0.,0.));
#2149 = DIRECTION('',(1.,0.));
#2150 = ( GEOMETRIC_REPRESENTATION_CONTEXT(2) 
PARAMETRIC_REPRESENTATION_CONTEXT() REPRESENTATION_CONTEXT('2D SPACE',''
  ) );
#2151 = PCURVE('',#2152,#2157);
#2152 = CYLINDRICAL_SURFACE('',#2153,4.);
#2153 = AXIS2_PLACEMENT_3D('',#2154,#2155,#2156);
#2154 = CARTESIAN_POINT('',(0.,0.,0.));
#2155 = DIRECTION('',(0.,0.,1.));
#2156 = DIRECTION('',(1.,0.,0.));
#2157 = DEFINITIONAL_REPRESENTATION('',(#2158),#2162);
#2158 = LINE('',#2159,#2160);
#2159 = CARTESIAN_POINT('',(0.,0.));
#2160 = VECTOR('',#2161,1.);
#2161 = DIRECTION('',(1.,0.));
#2162 = ( GEOMETRIC_REPRESENTATION_CONTEXT(2) 
PARAMETRIC_REPRESENTATION_CONTEXT() REPRESENTATION_CONTEXT('2D SPACE',''
  ) );
#2163 = ADVANCED_FACE('',(#2164,#2167),#66,.T.);
#2164 = FACE_BOUND('',#2165,.T.);
#2165 = EDGE_LOOP('',(#2166));
#2166 = ORIENTED_EDGE('',*,*,#51,.T.);
#2167 = FACE_BOUND('',#2168,.T.);
#2168 = EDGE_LOOP('',(#2169));
#2169 = ORIENTED_EDGE('',*,*,#2170,.F.);
#2170 = EDGE_CURVE('',#2171,#2171,#2173,.T.);
#2171 = VERTEX_POINT('',#2172);
#2172 = CARTESIAN_POINT('',(4.,-9.797174393179E-16,28.));
#2173 = SURFACE_CURVE('',#2174,(#2179,#2186),.PCURVE_S1.);
#2174 = CIRCLE('',#2175,4.);
#2175 = AXIS2_PLACEMENT_3D('',#2176,#2177,#2178);
#2176 = CARTESIAN_POINT('',(0.,0.,28.));
#2177 = DIRECTION('',(0.,0.,1.));
#2178 = DIRECTION('',(1.,0.,-0.));
#2179 = PCURVE('',#66,#2180);
#2180 = DEFINITIONAL_REPRESENTATION('',(#2181),#2185);
#2181 = CIRCLE('',#2182,4.);
#2182 = AXIS2_PLACEMENT_2D('',#2183,#2184);
#2183 = CARTESIAN_POINT('',(0.,0.));
#2184 = DIRECTION('',(1.,0.));
#2185 = ( GEOMETRIC_REPRESENTATION_CONTEXT(2) 
PARAMETRIC_REPRESENTATION_CONTEXT() REPRESENTATION_CONTEXT('2D SPACE',''
  ) );
#2186 = PCURVE('',#2152,#2187);
#2187 = DEFINITIONAL_REPRESENTATION('',(#2188),#2192);
#2188 = LINE('',#2189,#2190);
#2189 = CARTESIAN_POINT('',(0.,28.));
#2190 = VECTOR('',#2191,1.);
#2191 = DIRECTION('',(1.,0.));
#2192 = ( GEOMETRIC_REPRESENTATION_CONTEXT(2) 
PARAMETRIC_REPRESENTATION_CONTEXT() REPRESENTATION_CONTEXT('2D SPACE',''
  ) );
#2193 = ADVANCED_FACE('',(#2194),#140,.T.);
#2194 = FACE_BOUND('',#2195,.T.);
#2195 = EDGE_LOOP('',(#2196,#2237,#2293,#2317,#2318));
#2196 = ORIENTED_EDGE('',*,*,#2197,.F.);
#2197 = EDGE_CURVE('',#2198,#2200,#2202,.T.);
#2198 = VERTEX_POINT('',#2199);
#2199 = CARTESIAN_POINT('',(11.638633321524,9.579339464142,
    18.114631061595));
#2200 = VERTEX_POINT('',#2201);
#2201 = CARTESIAN_POINT('',(9.609197380997,8.602426815902,26.));
#2202 = SURFACE_CURVE('',#2203,(#2210,#2217),.PCURVE_S1.);
#2203 = B_SPLINE_CURVE_WITH_KNOTS('',5,(#2204,#2205,#2206,#2207,#2208,
    #2209),.UNSPECIFIED.,.F.,.F.,(6,6),(0.,26.),
  .PIECEWISE_BEZIER_KNOTS.);
#2204 = CARTESIAN_POINT('',(16.75,10.,0.));
#2205 = CARTESIAN_POINT('',(15.283923428325,10.256563400043,5.2));
#2206 = CARTESIAN_POINT('',(13.770819162425,10.24450266251,10.4));
#2207 = CARTESIAN_POINT('',(12.276387741657,9.952017715008,15.6));
#2208 = CARTESIAN_POINT('',(10.870379022431,9.392759758127,20.8));
#2209 = CARTESIAN_POINT('',(9.609197380997,8.602426815902,26.));
#2210 = PCURVE('',#140,#2211);
#2211 = DEFINITIONAL_REPRESENTATION('',(#2212),#2216);
#2212 = LINE('',#2213,#2214);
#2213 = CARTESIAN_POINT('',(0.,0.));
#2214 = VECTOR('',#2215,1.);
#2215 = DIRECTION('',(0.,1.));
#2216 = ( GEOMETRIC_REPRESENTATION_CONTEXT(2) 
PARAMETRIC_REPRESENTATION_CONTEXT() REPRESENTATION_CONTEXT('2D SPACE',''
  ) );
#2217 = PCURVE('',#2218,#2231);
#2218 = B_SPLINE_SURFACE_WITH_KNOTS('',1,5,(
    (#2219,#2220,#2221,#2222,#2223,#2224)
    ,(#2225,#2226,#2227,#2228,#2229,#2230
    )),.UNSPECIFIED.,.F.,.F.,.F.,(2,2),(6,6),(0.,20.),(0.,26.),
  .PIECEWISE_BEZIER_KNOTS.);
#2219 = CARTESIAN_POINT('',(16.75,-10.,0.));
#2220 = CARTESIAN_POINT('',(18.216076571675,-9.743436599957,5.2));
#2221 = CARTESIAN_POINT('',(19.635161291744,-9.218242789879,10.4));
#2222 = CARTESIAN_POINT('',(20.94145089939,-8.435631662405,15.6));
#2223 = CARTESIAN_POINT('',(22.07397671362,-7.432130162169,20.8));
#2224 = CARTESIAN_POINT('',(22.991809508174,-6.260469693646,26.));
#2225 = CARTESIAN_POINT('',(16.75,10.,0.));
#2226 = CARTESIAN_POINT('',(15.283923428325,10.256563400043,5.2));
#2227 = CARTESIAN_POINT('',(13.770819162425,10.24450266251,10.4));
#2228 = CARTESIAN_POINT('',(12.276387741657,9.952017715008,15.6));
#2229 = CARTESIAN_POINT('',(10.870379022431,9.392759758127,20.8));
#2230 = CARTESIAN_POINT('',(9.609197380997,8.602426815902,26.));
#2231 = DEFINITIONAL_REPRESENTATION('',(#2232),#2236);
#2232 = LINE('',#2233,#2234);
#2233 = CARTESIAN_POINT('',(20.,0.));
#2234 = VECTOR('',#2235,1.);
#2235 = DIRECTION('',(0.,1.));
#2236 = ( GEOMETRIC_REPRESENTATION_CONTEXT(2) 
PARAMETRIC_REPRESENTATION_CONTEXT() REPRESENTATION_CONTEXT('2D SPACE',''
  ) );
#2237 = ORIENTED_EDGE('',*,*,#2238,.T.);
#2238 = EDGE_CURVE('',#2198,#2239,#2241,.T.);
#2239 = VERTEX_POINT('',#2240);
#2240 = CARTESIAN_POINT('',(10.733846222069,9.212080535023,
    9.237928559272));
#2241 = SURFACE_CURVE('',#2242,(#2257,#2275),.PCURVE_S1.);
#2242 = B_SPLINE_CURVE_WITH_KNOTS('',4,(#2243,#2244,#2245,#2246,#2247,
    #2248,#2249,#2250,#2251,#2252,#2253,#2254,#2255,#2256),
  .UNSPECIFIED.,.F.,.F.,(5,3,3,3,5),(0.,0.27084513157,0.520783233172,
    0.756552212655,1.),.UNSPECIFIED.);
#2243 = CARTESIAN_POINT('',(11.638633321524,9.579339464142,
    18.114631061595));
#2244 = CARTESIAN_POINT('',(11.623711439705,9.53669749608,
    17.508498966687));
#2245 = CARTESIAN_POINT('',(11.599746218515,9.495258109177,
    16.903038044685));
#2246 = CARTESIAN_POINT('',(11.566881957824,9.455888825369,
    16.298359938067));
#2247 = CARTESIAN_POINT('',(11.487138021906,9.385744931132,
    15.137376615108));
#2248 = CARTESIAN_POINT('',(11.441535474231,9.354540531847,
    14.580940355389));
#2249 = CARTESIAN_POINT('',(11.388830166927,9.326439002323,
    14.02533363717));
#2250 = CARTESIAN_POINT('',(11.273234114873,9.279007864536,
    12.947362262348));
#2251 = CARTESIAN_POINT('',(11.211089653265,9.25927073537,
    12.424898681299));
#2252 = CARTESIAN_POINT('',(11.143184588312,9.243316201111,
    11.90329096802));
#2253 = CARTESIAN_POINT('',(10.994140328131,9.219479455294,
    10.844925521822));
#2254 = CARTESIAN_POINT('',(10.912641545769,9.211876660136,
    10.308227649512));
#2255 = CARTESIAN_POINT('',(10.825732098798,9.209269668423,
    9.772547515099));
#2256 = CARTESIAN_POINT('',(10.733846222069,9.212080535023,
    9.237928559272));
#2257 = PCURVE('',#140,#2258);
#2258 = DEFINITIONAL_REPRESENTATION('',(#2259),#2274);
#2259 = B_SPLINE_CURVE_WITH_KNOTS('',4,(#2260,#2261,#2262,#2263,#2264,
    #2265,#2266,#2267,#2268,#2269,#2270,#2271,#2272,#2273),
  .UNSPECIFIED.,.F.,.F.,(5,3,3,3,5),(0.,0.27084513157,0.520783233172,
    0.756552212655,1.),.UNSPECIFIED.);
#2260 = CARTESIAN_POINT('',(0.,18.114631061595));
#2261 = CARTESIAN_POINT('',(0.204752735486,17.508498966687));
#2262 = CARTESIAN_POINT('',(0.415935852126,16.903038044685));
#2263 = CARTESIAN_POINT('',(0.633318695305,16.298359938067));
#2264 = CARTESIAN_POINT('',(1.062742263427,15.137376615108));
#2265 = CARTESIAN_POINT('',(1.273900286832,14.580940355389));
#2266 = CARTESIAN_POINT('',(1.48992696621,14.02533363717));
#2267 = CARTESIAN_POINT('',(1.918790788288,12.947362262348));
#2268 = CARTESIAN_POINT('',(2.131114636992,12.424898681299));
#2269 = CARTESIAN_POINT('',(2.347411331241,11.90329096802));
#2270 = CARTESIAN_POINT('',(2.794758510608,10.844925521822));
#2271 = CARTESIAN_POINT('',(3.026060227666,10.308227649512));
#2272 = CARTESIAN_POINT('',(3.261207818924,9.772547515099));
#2273 = CARTESIAN_POINT('',(3.5,9.237928559272));
#2274 = ( GEOMETRIC_REPRESENTATION_CONTEXT(2) 
PARAMETRIC_REPRESENTATION_CONTEXT() REPRESENTATION_CONTEXT('2D SPACE',''
  ) );
#2275 = PCURVE('',#582,#2276);
#2276 = DEFINITIONAL_REPRESENTATION('',(#2277),#2292);
#2277 = B_SPLINE_CURVE_WITH_KNOTS('',4,(#2278,#2279,#2280,#2281,#2282,
    #2283,#2284,#2285,#2286,#2287,#2288,#2289,#2290,#2291),
  .UNSPECIFIED.,.F.,.F.,(5,3,3,3,5),(0.,0.27084513157,0.520783233172,
    0.756552212655,1.),.UNSPECIFIED.);
#2278 = CARTESIAN_POINT('',(12.603665975573,18.114631061595));
#2279 = CARTESIAN_POINT('',(12.625744752899,17.508498966688));
#2280 = CARTESIAN_POINT('',(12.639685619565,16.903038044684));
#2281 = CARTESIAN_POINT('',(12.645507835396,16.298359938068));
#2282 = CARTESIAN_POINT('',(12.641198572829,15.137376615107));
#2283 = CARTESIAN_POINT('',(12.632263766421,14.580940355389));
#2284 = CARTESIAN_POINT('',(12.616505761391,14.02533363717));
#2285 = CARTESIAN_POINT('',(12.57275404038,12.947362262348));
#2286 = CARTESIAN_POINT('',(12.545504500157,12.424898681299));
#2287 = CARTESIAN_POINT('',(12.512299500545,11.90329096802));
#2288 = CARTESIAN_POINT('',(12.43285142866,10.844925521655));
#2289 = CARTESIAN_POINT('',(12.386218808446,10.308227649964));
#2290 = CARTESIAN_POINT('',(12.333394464683,9.772547514572));
#2291 = CARTESIAN_POINT('',(12.274474834008,9.237928559558));
#2292 = ( GEOMETRIC_REPRESENTATION_CONTEXT(2) 
PARAMETRIC_REPRESENTATION_CONTEXT() REPRESENTATION_CONTEXT('2D SPACE',''
  ) );
#2293 = ORIENTED_EDGE('',*,*,#2294,.T.);
#2294 = EDGE_CURVE('',#2239,#109,#2295,.T.);
#2295 = SURFACE_CURVE('',#2296,(#2303,#2310),.PCURVE_S1.);
#2296 = B_SPLINE_CURVE_WITH_KNOTS('',5,(#2297,#2298,#2299,#2300,#2301,
    #2302),.UNSPECIFIED.,.F.,.F.,(6,6),(0.,26.),
  .PIECEWISE_BEZIER_KNOTS.);
#2297 = CARTESIAN_POINT('',(13.25,10.,0.));
#2298 = CARTESIAN_POINT('',(11.783923428325,9.743436599957,5.2));
#2299 = CARTESIAN_POINT('',(10.364838708257,9.218242789879,10.4));
#2300 = CARTESIAN_POINT('',(9.05854910061,8.435631662405,15.6));
#2301 = CARTESIAN_POINT('',(7.92602328638,7.432130162169,20.8));
#2302 = CARTESIAN_POINT('',(7.008190491826,6.260469693646,26.));
#2303 = PCURVE('',#140,#2304);
#2304 = DEFINITIONAL_REPRESENTATION('',(#2305),#2309);
#2305 = LINE('',#2306,#2307);
#2306 = CARTESIAN_POINT('',(3.5,0.));
#2307 = VECTOR('',#2308,1.);
#2308 = DIRECTION('',(0.,1.));
#2309 = ( GEOMETRIC_REPRESENTATION_CONTEXT(2) 
PARAMETRIC_REPRESENTATION_CONTEXT() REPRESENTATION_CONTEXT('2D SPACE',''
  ) );
#2310 = PCURVE('',#293,#2311);
#2311 = DEFINITIONAL_REPRESENTATION('',(#2312),#2316);
#2312 = LINE('',#2313,#2314);
#2313 = CARTESIAN_POINT('',(0.,0.));
#2314 = VECTOR('',#2315,1.);
#2315 = DIRECTION('',(0.,1.));
#2316 = ( GEOMETRIC_REPRESENTATION_CONTEXT(2) 
PARAMETRIC_REPRESENTATION_CONTEXT() REPRESENTATION_CONTEXT('2D SPACE',''
  ) );
#2317 = ORIENTED_EDGE('',*,*,#108,.T.);
#2318 = ORIENTED_EDGE('',*,*,#2319,.F.);
#2319 = EDGE_CURVE('',#2200,#111,#2320,.T.);
#2320 = SURFACE_CURVE('',#2321,(#2324,#2331),.PCURVE_S1.);
#2321 = B_SPLINE_CURVE_WITH_KNOTS('',1,(#2322,#2323),.UNSPECIFIED.,.F.,
  .F.,(2,2),(0.,3.5),.PIECEWISE_BEZIER_KNOTS.);
#2322 = CARTESIAN_POINT('',(9.609197380997,8.602426815902,26.));
#2323 = CARTESIAN_POINT('',(7.008190491826,6.260469693646,26.));
#2324 = PCURVE('',#140,#2325);
#2325 = DEFINITIONAL_REPRESENTATION('',(#2326),#2330);
#2326 = LINE('',#2327,#2328);
#2327 = CARTESIAN_POINT('',(0.,26.));
#2328 = VECTOR('',#2329,1.);
#2329 = DIRECTION('',(1.,0.));
#2330 = ( GEOMETRIC_REPRESENTATION_CONTEXT(2) 
PARAMETRIC_REPRESENTATION_CONTEXT() REPRESENTATION_CONTEXT('2D SPACE',''
  ) );
#2331 = PCURVE('',#383,#2332);
#2332 = DEFINITIONAL_REPRESENTATION('',(#2333),#2336);
#2333 = B_SPLINE_CURVE_WITH_KNOTS('',1,(#2334,#2335),.UNSPECIFIED.,.F.,
  .F.,(2,2),(0.,3.5),.PIECEWISE_BEZIER_KNOTS.);
#2334 = CARTESIAN_POINT('',(-5.390802619003,8.602426815902));
#2335 = CARTESIAN_POINT('',(-7.991809508174,6.260469693646));
#2336 = ( GEOMETRIC_REPRESENTATION_CONTEXT(2) 
PARAMETRIC_REPRESENTATION_CONTEXT() REPRESENTATION_CONTEXT('2D SPACE',''
  ) );
#2337 = ADVANCED_FACE('',(#2338),#293,.T.);
#2338 = FACE_BOUND('',#2339,.T.);
#2339 = EDGE_LOOP('',(#2340,#2341,#2385,#2411,#2455,#2511,#2592,#2631,
    #2650));
#2340 = ORIENTED_EDGE('',*,*,#2294,.F.);
#2341 = ORIENTED_EDGE('',*,*,#2342,.T.);
#2342 = EDGE_CURVE('',#2239,#2343,#2345,.T.);
#2343 = VERTEX_POINT('',#2344);
#2344 = CARTESIAN_POINT('',(13.25,6.3808636992,0.));
#2345 = SURFACE_CURVE('',#2346,(#2357,#2371),.PCURVE_S1.);
#2346 = B_SPLINE_CURVE_WITH_KNOTS('',5,(#2347,#2348,#2349,#2350,#2351,
    #2352,#2353,#2354,#2355,#2356),.UNSPECIFIED.,.F.,.F.,(6,4,6),(0.,
    0.500684603585,1.),.UNSPECIFIED.);
#2347 = CARTESIAN_POINT('',(10.733846222069,9.212080535023,
    9.237928559272));
#2348 = CARTESIAN_POINT('',(11.059463285929,9.004633353573,
    8.311432387271));
#2349 = CARTESIAN_POINT('',(11.370089470897,8.774962288124,
    7.385467433233));
#2350 = CARTESIAN_POINT('',(11.663794392198,8.524444271661,
    6.459953312041));
#2351 = CARTESIAN_POINT('',(11.938834209914,8.254693167549,
    5.534801421195));
#2352 = CARTESIAN_POINT('',(12.447859788014,7.681111646085,
    3.687574774701));
#2353 = CARTESIAN_POINT('',(12.681955988234,7.377376166816,
    2.765497658073));
#2354 = CARTESIAN_POINT('',(12.894482525221,7.058089075243,
    1.843604481497));
#2355 = CARTESIAN_POINT('',(13.084167164786,6.725219113332,
    0.921802178909));
#2356 = CARTESIAN_POINT('',(13.25,6.3808636992,-8.881784197001E-16));
#2357 = PCURVE('',#293,#2358);
#2358 = DEFINITIONAL_REPRESENTATION('',(#2359),#2370);
#2359 = B_SPLINE_CURVE_WITH_KNOTS('',5,(#2360,#2361,#2362,#2363,#2364,
    #2365,#2366,#2367,#2368,#2369),.UNSPECIFIED.,.F.,.F.,(6,4,6),(0.,
    0.500684603585,1.),.UNSPECIFIED.);
#2360 = CARTESIAN_POINT('',(0.,9.237928559272));
#2361 = CARTESIAN_POINT('',(0.330016456694,8.311432387271));
#2362 = CARTESIAN_POINT('',(0.669091571373,7.385467433233));
#2363 = CARTESIAN_POINT('',(1.016763238934,6.459953312041));
#2364 = CARTESIAN_POINT('',(1.372556135072,5.534801421195));
#2365 = CARTESIAN_POINT('',(2.098412545351,3.687574774701));
#2366 = CARTESIAN_POINT('',(2.468434715701,2.765497658074));
#2367 = CARTESIAN_POINT('',(2.845562643525,1.843604481497));
#2368 = CARTESIAN_POINT('',(3.229299976335,0.921802178909));
#2369 = CARTESIAN_POINT('',(3.6191363008,0.));
#2370 = ( GEOMETRIC_REPRESENTATION_CONTEXT(2) 
PARAMETRIC_REPRESENTATION_CONTEXT() REPRESENTATION_CONTEXT('2D SPACE',''
  ) );
#2371 = PCURVE('',#582,#2372);
#2372 = DEFINITIONAL_REPRESENTATION('',(#2373),#2384);
#2373 = B_SPLINE_CURVE_WITH_KNOTS('',5,(#2374,#2375,#2376,#2377,#2378,
    #2379,#2380,#2381,#2382,#2383),.UNSPECIFIED.,.F.,.F.,(6,4,6),(0.,
    0.500684603585,1.),.UNSPECIFIED.);
#2374 = CARTESIAN_POINT('',(12.274474833977,9.237928559271));
#2375 = CARTESIAN_POINT('',(12.701672229317,8.311432387273));
#2376 = CARTESIAN_POINT('',(13.125965762916,7.385467433231));
#2377 = CARTESIAN_POINT('',(13.546791410222,6.459953312043));
#2378 = CARTESIAN_POINT('',(13.963599213427,5.534801421194));
#2379 = CARTESIAN_POINT('',(14.786973432257,3.687574774864));
#2380 = CARTESIAN_POINT('',(15.193565119658,2.765497657529));
#2381 = CARTESIAN_POINT('',(15.595090297357,1.843604482314));
#2382 = CARTESIAN_POINT('',(15.991027378617,0.921802178256));
#2383 = CARTESIAN_POINT('',(16.380863699085,2.72348021213E-10));
#2384 = ( GEOMETRIC_REPRESENTATION_CONTEXT(2) 
PARAMETRIC_REPRESENTATION_CONTEXT() REPRESENTATION_CONTEXT('2D SPACE',''
  ) );
#2385 = ORIENTED_EDGE('',*,*,#2386,.T.);
#2386 = EDGE_CURVE('',#2343,#2387,#2389,.T.);
#2387 = VERTEX_POINT('',#2388);
#2388 = CARTESIAN_POINT('',(13.25,-6.3808636992,0.));
#2389 = SURFACE_CURVE('',#2390,(#2393,#2400),.PCURVE_S1.);
#2390 = B_SPLINE_CURVE_WITH_KNOTS('',1,(#2391,#2392),.UNSPECIFIED.,.F.,
  .F.,(2,2),(0.,20.),.PIECEWISE_BEZIER_KNOTS.);
#2391 = CARTESIAN_POINT('',(13.25,10.,0.));
#2392 = CARTESIAN_POINT('',(13.25,-10.,0.));
#2393 = PCURVE('',#293,#2394);
#2394 = DEFINITIONAL_REPRESENTATION('',(#2395),#2399);
#2395 = LINE('',#2396,#2397);
#2396 = CARTESIAN_POINT('',(0.,0.));
#2397 = VECTOR('',#2398,1.);
#2398 = DIRECTION('',(1.,0.));
#2399 = ( GEOMETRIC_REPRESENTATION_CONTEXT(2) 
PARAMETRIC_REPRESENTATION_CONTEXT() REPRESENTATION_CONTEXT('2D SPACE',''
  ) );
#2400 = PCURVE('',#2401,#2406);
#2401 = PLANE('',#2402);
#2402 = AXIS2_PLACEMENT_3D('',#2403,#2404,#2405);
#2403 = CARTESIAN_POINT('',(15.,0.,0.));
#2404 = DIRECTION('',(0.,0.,1.));
#2405 = DIRECTION('',(1.,0.,0.));
#2406 = DEFINITIONAL_REPRESENTATION('',(#2407),#2410);
#2407 = B_SPLINE_CURVE_WITH_KNOTS('',1,(#2408,#2409),.UNSPECIFIED.,.F.,
  .F.,(2,2),(0.,20.),.PIECEWISE_BEZIER_KNOTS.);
#2408 = CARTESIAN_POINT('',(-1.75,10.));
#2409 = CARTESIAN_POINT('',(-1.75,-10.));
#2410 = ( GEOMETRIC_REPRESENTATION_CONTEXT(2) 
PARAMETRIC_REPRESENTATION_CONTEXT() REPRESENTATION_CONTEXT('2D SPACE',''
  ) );
#2411 = ORIENTED_EDGE('',*,*,#2412,.T.);
#2412 = EDGE_CURVE('',#2387,#2413,#2415,.T.);
#2413 = VERTEX_POINT('',#2414);
#2414 = CARTESIAN_POINT('',(13.894738235492,-2.648420636896,
    9.237928559272));
#2415 = SURFACE_CURVE('',#2416,(#2427,#2441),.PCURVE_S1.);
#2416 = B_SPLINE_CURVE_WITH_KNOTS('',5,(#2417,#2418,#2419,#2420,#2421,
    #2422,#2423,#2424,#2425,#2426),.UNSPECIFIED.,.F.,.F.,(6,4,6),(0.,
    0.500441956482,1.),.UNSPECIFIED.);
#2417 = CARTESIAN_POINT('',(13.25,-6.3808636992,-8.881784197001E-16));
#2418 = CARTESIAN_POINT('',(13.41620697585,-6.035731340915,
    0.923881957598));
#2419 = CARTESIAN_POINT('',(13.558455160378,-5.679060059774,
    1.847764042373));
#2420 = CARTESIAN_POINT('',(13.675727537349,-5.312961380734,
    2.771737614586));
#2421 = CARTESIAN_POINT('',(13.767273649618,-4.939672826846,
    3.695896377942));
#2422 = CARTESIAN_POINT('',(13.897874306545,-4.183990305151,
    5.543127946303));
#2423 = CARTESIAN_POINT('',(13.937021351704,-3.801613234375,
    6.466200651667));
#2424 = CARTESIAN_POINT('',(13.949612981983,-3.416657140471,
    7.389634354009));
#2425 = CARTESIAN_POINT('',(13.93547654729,-3.031475678194,
    8.313517040121));
#2426 = CARTESIAN_POINT('',(13.894738235492,-2.648420636896,
    9.237928559272));
#2427 = PCURVE('',#293,#2428);
#2428 = DEFINITIONAL_REPRESENTATION('',(#2429),#2440);
#2429 = B_SPLINE_CURVE_WITH_KNOTS('',5,(#2430,#2431,#2432,#2433,#2434,
    #2435,#2436,#2437,#2438,#2439),.UNSPECIFIED.,.F.,.F.,(6,4,6),(0.,
    0.500441956482,1.),.UNSPECIFIED.);
#2430 = CARTESIAN_POINT('',(16.3808636992,0.));
#2431 = CARTESIAN_POINT('',(15.990147825988,0.923881957598));
#2432 = CARTESIAN_POINT('',(15.593303631533,1.847764042372));
#2433 = CARTESIAN_POINT('',(15.190847258107,2.771737614586));
#2434 = CARTESIAN_POINT('',(14.783303853076,3.695896377942));
#2435 = CARTESIAN_POINT('',(13.959847754861,5.543127946303));
#2436 = CARTESIAN_POINT('',(13.543950733381,6.466200651667));
#2437 = CARTESIAN_POINT('',(13.124056392533,7.389634354009));
#2438 = CARTESIAN_POINT('',(12.700711018378,8.313517040121));
#2439 = CARTESIAN_POINT('',(12.274474833976,9.237928559272));
#2440 = ( GEOMETRIC_REPRESENTATION_CONTEXT(2) 
PARAMETRIC_REPRESENTATION_CONTEXT() REPRESENTATION_CONTEXT('2D SPACE',''
  ) );
#2441 = PCURVE('',#2027,#2442);
#2442 = DEFINITIONAL_REPRESENTATION('',(#2443),#2454);
#2443 = B_SPLINE_CURVE_WITH_KNOTS('',5,(#2444,#2445,#2446,#2447,#2448,
    #2449,#2450,#2451,#2452,#2453),.UNSPECIFIED.,.F.,.F.,(6,4,6),(0.,
    0.500441956482,1.),.UNSPECIFIED.);
#2444 = CARTESIAN_POINT('',(3.619136300685,2.728559001836E-10));
#2445 = CARTESIAN_POINT('',(3.228420424212,0.923881956943));
#2446 = CARTESIAN_POINT('',(2.84383108961,1.847764043191));
#2447 = CARTESIAN_POINT('',(2.465882176774,2.77173761404));
#2448 = CARTESIAN_POINT('',(2.095073371902,3.695896378106));
#2449 = CARTESIAN_POINT('',(1.369354189057,5.543127946303));
#2450 = CARTESIAN_POINT('',(1.014416543627,6.466200651668));
#2451 = CARTESIAN_POINT('',(0.667565751367,7.389634354008));
#2452 = CARTESIAN_POINT('',(0.329273906718,8.313517040121));
#2453 = CARTESIAN_POINT('',(-1.757749601453E-15,9.237928559272));
#2454 = ( GEOMETRIC_REPRESENTATION_CONTEXT(2) 
PARAMETRIC_REPRESENTATION_CONTEXT() REPRESENTATION_CONTEXT('2D SPACE',''
  ) );
#2455 = ORIENTED_EDGE('',*,*,#2456,.T.);
#2456 = EDGE_CURVE('',#2413,#2457,#2459,.T.);
#2457 = VERTEX_POINT('',#2458);
#2458 = CARTESIAN_POINT('',(14.745998357858,-3.126829479233,
    18.114631061595));
#2459 = SURFACE_CURVE('',#2460,(#2475,#2493),.PCURVE_S1.);
#2460 = B_SPLINE_CURVE_WITH_KNOTS('',4,(#2461,#2462,#2463,#2464,#2465,
    #2466,#2467,#2468,#2469,#2470,#2471,#2472,#2473,#2474),
  .UNSPECIFIED.,.F.,.F.,(5,3,3,3,5),(0.,0.242806919275,0.478539222829,
    0.729320756855,1.),.UNSPECIFIED.);
#2461 = CARTESIAN_POINT('',(13.894738235492,-2.648420636896,
    9.237928559272));
#2462 = CARTESIAN_POINT('',(13.949685490685,-2.721818727036,
    9.771140148415));
#2463 = CARTESIAN_POINT('',(14.005759883665,-2.787986325959,
    10.305407336967));
#2464 = CARTESIAN_POINT('',(14.06236543896,-2.846847687129,
    10.840687025495));
#2465 = CARTESIAN_POINT('',(14.173772840886,-2.948483272994,
    11.897541122512));
#2466 = CARTESIAN_POINT('',(14.228579836011,-2.991676445154,
    12.419060442951));
#2467 = CARTESIAN_POINT('',(14.282755831033,-3.028009223903,
    12.941435659941));
#2468 = CARTESIAN_POINT('',(14.392114419127,-3.089034385735,
    14.021183326043));
#2469 = CARTESIAN_POINT('',(14.447141331782,-3.112835637192,
    14.578661060118));
#2470 = CARTESIAN_POINT('',(14.500153452137,-3.129097968614,
    15.136974111995));
#2471 = CARTESIAN_POINT('',(14.604838720726,-3.147704318698,
    16.299471006739));
#2472 = CARTESIAN_POINT('',(14.656073185154,-3.148841484486,
    16.90377971583));
#2473 = CARTESIAN_POINT('',(14.70338200117,-3.141740775996,
    17.508870213141));
#2474 = CARTESIAN_POINT('',(14.745998357858,-3.126829479233,
    18.114631061595));
#2475 = PCURVE('',#293,#2476);
#2476 = DEFINITIONAL_REPRESENTATION('',(#2477),#2492);
#2477 = B_SPLINE_CURVE_WITH_KNOTS('',4,(#2478,#2479,#2480,#2481,#2482,
    #2483,#2484,#2485,#2486,#2487,#2488,#2489,#2490,#2491),
  .UNSPECIFIED.,.F.,.F.,(5,3,3,3,5),(0.,0.242806919275,0.478539222829,
    0.729320756855,1.),.UNSPECIFIED.);
#2478 = CARTESIAN_POINT('',(12.274474833976,9.237928559272));
#2479 = CARTESIAN_POINT('',(12.333239360914,9.771140148415));
#2480 = CARTESIAN_POINT('',(12.385940649143,10.305407336967));
#2481 = CARTESIAN_POINT('',(12.43248302387,10.840687025495));
#2482 = CARTESIAN_POINT('',(12.511916128966,11.897541122512));
#2483 = CARTESIAN_POINT('',(12.545165234373,12.419060442951));
#2484 = CARTESIAN_POINT('',(12.572461097819,12.941435659941));
#2485 = CARTESIAN_POINT('',(12.616392438035,14.021183326043));
#2486 = CARTESIAN_POINT('',(12.632236237809,14.578661060118));
#2487 = CARTESIAN_POINT('',(12.641210785111,15.136974111995));
#2488 = CARTESIAN_POINT('',(12.645497128131,16.299471006739));
#2489 = CARTESIAN_POINT('',(12.639668539461,16.90377971583));
#2490 = CARTESIAN_POINT('',(12.62573122996,17.508870213141));
#2491 = CARTESIAN_POINT('',(12.603665975573,18.114631061595));
#2492 = ( GEOMETRIC_REPRESENTATION_CONTEXT(2) 
PARAMETRIC_REPRESENTATION_CONTEXT() REPRESENTATION_CONTEXT('2D SPACE',''
  ) );
#2493 = PCURVE('',#1874,#2494);
#2494 = DEFINITIONAL_REPRESENTATION('',(#2495),#2510);
#2495 = B_SPLINE_CURVE_WITH_KNOTS('',4,(#2496,#2497,#2498,#2499,#2500,
    #2501,#2502,#2503,#2504,#2505,#2506,#2507,#2508,#2509),
  .UNSPECIFIED.,.F.,.F.,(5,3,3,3,5),(0.,0.242806919275,0.478539222829,
    0.729320756855,1.),.UNSPECIFIED.);
#2496 = CARTESIAN_POINT('',(3.5,9.237928559272));
#2497 = CARTESIAN_POINT('',(3.26183643127,9.771140148415));
#2498 = CARTESIAN_POINT('',(3.027298289603,10.305407336967));
#2499 = CARTESIAN_POINT('',(2.796585272248,10.840687025495));
#2500 = CARTESIAN_POINT('',(2.349807808202,11.897541122512));
#2501 = CARTESIAN_POINT('',(2.133512273391,12.419060442951));
#2502 = CARTESIAN_POINT('',(1.921187354466,12.941435659941));
#2503 = CARTESIAN_POINT('',(1.491537419888,14.021183326043));
#2504 = CARTESIAN_POINT('',(1.274758364152,14.578661060118));
#2505 = CARTESIAN_POINT('',(1.062880478492,15.136974111995));
#2506 = CARTESIAN_POINT('',(0.632919271584,16.299471006739));
#2507 = CARTESIAN_POINT('',(0.415677161627,16.90377971583));
#2508 = CARTESIAN_POINT('',(0.204627327682,17.508870213141));
#2509 = CARTESIAN_POINT('',(-3.401232757763E-15,18.114631061595));
#2510 = ( GEOMETRIC_REPRESENTATION_CONTEXT(2) 
PARAMETRIC_REPRESENTATION_CONTEXT() REPRESENTATION_CONTEXT('2D SPACE',''
  ) );
#2511 = ORIENTED_EDGE('',*,*,#2512,.T.);
#2512 = EDGE_CURVE('',#2457,#2513,#2515,.T.);
#2513 = VERTEX_POINT('',#2514);
#2514 = CARTESIAN_POINT('',(13.816806694126,-10.08278664275,
    2.001576291241));
#2515 = SURFACE_CURVE('',#2516,(#2535,#2557),.PCURVE_S1.);
#2516 = B_SPLINE_CURVE_WITH_KNOTS('',5,(#2517,#2518,#2519,#2520,#2521,
    #2522,#2523,#2524,#2525,#2526,#2527,#2528,#2529,#2530,#2531,#2532,
    #2533,#2534),.UNSPECIFIED.,.F.,.F.,(6,4,4,4,6),(0.,0.248202059817,
    0.497585130885,0.748615737693,1.),.UNSPECIFIED.);
#2517 = CARTESIAN_POINT('',(14.745998357858,-3.126829479233,
    18.114631061595));
#2518 = CARTESIAN_POINT('',(14.859665675185,-3.450895590916,
    17.3075861047));
#2519 = CARTESIAN_POINT('',(14.954907983628,-3.783598348744,
    16.501622931776));
#2520 = CARTESIAN_POINT('',(15.03104144947,-4.123524003408,
    15.696705218173));
#2521 = CARTESIAN_POINT('',(15.087546367199,-4.46919269481,
    14.892788659056));
#2522 = CARTESIAN_POINT('',(15.160770739493,-5.170659308604,
    13.283042596235));
#2523 = CARTESIAN_POINT('',(15.177299622439,-5.526497833379,
    12.477221671002));
#2524 = CARTESIAN_POINT('',(15.173301870871,-5.885076459805,
    11.672315203244));
#2525 = CARTESIAN_POINT('',(15.14859296941,-6.244832502872,
    10.868268684288));
#2526 = CARTESIAN_POINT('',(15.057423650834,-6.965956018416,
    9.256476701509));
#2527 = CARTESIAN_POINT('',(14.990688448207,-7.327318661655,
    8.448741390891));
#2528 = CARTESIAN_POINT('',(14.902937707719,-7.686705057429,
    7.64176276261));
#2529 = CARTESIAN_POINT('',(14.794330589694,-8.042530696372,
    6.835478496856));
#2530 = CARTESIAN_POINT('',(14.535873560395,-8.744461158104,
    5.223038454103));
#2531 = CARTESIAN_POINT('',(14.385965676578,-9.09055179231,
    4.416883966115));
#2532 = CARTESIAN_POINT('',(14.215796518024,-9.429967388489,
    3.611299614937));
#2533 = CARTESIAN_POINT('',(14.025860329288,-9.761193987282,
    2.806218924418));
#2534 = CARTESIAN_POINT('',(13.816806694126,-10.08278664275,
    2.001576291241));
#2535 = PCURVE('',#293,#2536);
#2536 = DEFINITIONAL_REPRESENTATION('',(#2537),#2556);
#2537 = B_SPLINE_CURVE_WITH_KNOTS('',5,(#2538,#2539,#2540,#2541,#2542,
    #2543,#2544,#2545,#2546,#2547,#2548,#2549,#2550,#2551,#2552,#2553,
    #2554,#2555),.UNSPECIFIED.,.F.,.F.,(6,4,4,4,6),(0.,0.248202059817,
    0.497585130885,0.748615737693,1.),.UNSPECIFIED.);
#2538 = CARTESIAN_POINT('',(12.603665975573,18.114631061595));
#2539 = CARTESIAN_POINT('',(12.981759192568,17.3075861047));
#2540 = CARTESIAN_POINT('',(13.360012415769,16.501622931777));
#2541 = CARTESIAN_POINT('',(13.738031379808,15.696705218173));
#2542 = CARTESIAN_POINT('',(14.115430843109,14.892788659056));
#2543 = CARTESIAN_POINT('',(14.870027358611,13.283042596235));
#2544 = CARTESIAN_POINT('',(15.247215148138,12.477221671002));
#2545 = CARTESIAN_POINT('',(15.623014331022,11.672315203244));
#2546 = CARTESIAN_POINT('',(15.997052108766,10.868268684288));
#2547 = CARTESIAN_POINT('',(16.743333200391,9.256476701509));
#2548 = CARTESIAN_POINT('',(17.115548567533,8.448741390891));
#2549 = CARTESIAN_POINT('',(17.485238628218,7.641762762611));
#2550 = CARTESIAN_POINT('',(17.852042019334,6.835478496856));
#2551 = CARTESIAN_POINT('',(18.579681573043,5.223038454103));
#2552 = CARTESIAN_POINT('',(18.940508822056,4.416883966115));
#2553 = CARTESIAN_POINT('',(19.297732893013,3.611299614937));
#2554 = CARTESIAN_POINT('',(19.65100906893,2.806218924418));
#2555 = CARTESIAN_POINT('',(20.,2.001576291241));
#2556 = ( GEOMETRIC_REPRESENTATION_CONTEXT(2) 
PARAMETRIC_REPRESENTATION_CONTEXT() REPRESENTATION_CONTEXT('2D SPACE',''
  ) );
#2557 = PCURVE('',#2558,#2571);
#2558 = B_SPLINE_SURFACE_WITH_KNOTS('',1,5,(
    (#2559,#2560,#2561,#2562,#2563,#2564)
    ,(#2565,#2566,#2567,#2568,#2569,#2570
    )),.UNSPECIFIED.,.F.,.F.,.F.,(2,2),(6,6),(0.,20.),(0.,26.),
  .PIECEWISE_BEZIER_KNOTS.);
#2559 = CARTESIAN_POINT('',(2.625139356453,-19.33057534992,0.));
#2560 = CARTESIAN_POINT('',(3.73981249104,-20.31683550591,5.2));
#2561 = CARTESIAN_POINT('',(5.035210397092,-21.09886763177,10.4));
#2562 = CARTESIAN_POINT('',(6.461538663723,-21.63221591544,15.6));
#2563 = CARTESIAN_POINT('',(7.952226024826,-21.89198730017,20.8));
#2564 = CARTESIAN_POINT('',(9.440526453096,-21.87905952123,26.));
#2565 = CARTESIAN_POINT('',(18.261769005814,-6.860779312752,0.));
#2566 = CARTESIAN_POINT('',(17.548274558033,-5.554589829851,5.2));
#2567 = CARTESIAN_POINT('',(16.595440014791,-4.379117025368,10.4));
#2568 = CARTESIAN_POINT('',(15.43500332426,-3.393084874187,15.6));
#2569 = CARTESIAN_POINT('',(14.121125748987,-2.642514625596,20.8));
#2570 = CARTESIAN_POINT('',(12.716884681399,-2.149247642762,26.));
#2571 = DEFINITIONAL_REPRESENTATION('',(#2572),#2591);
#2572 = B_SPLINE_CURVE_WITH_KNOTS('',5,(#2573,#2574,#2575,#2576,#2577,
    #2578,#2579,#2580,#2581,#2582,#2583,#2584,#2585,#2586,#2587,#2588,
    #2589,#2590),.UNSPECIFIED.,.F.,.F.,(6,4,4,4,6),(0.,0.248202059817,
    0.497585130885,0.748615737693,1.),.UNSPECIFIED.);
#2573 = CARTESIAN_POINT('',(20.,18.114631061595));
#2574 = CARTESIAN_POINT('',(19.782591558919,17.3075861047));
#2575 = CARTESIAN_POINT('',(19.556651340684,16.501622931776));
#2576 = CARTESIAN_POINT('',(19.322451067204,15.696705218173));
#2577 = CARTESIAN_POINT('',(19.080272166131,14.892788659056));
#2578 = CARTESIAN_POINT('',(18.579348106078,13.283042596236));
#2579 = CARTESIAN_POINT('',(18.320529440868,12.477221671002));
#2580 = CARTESIAN_POINT('',(18.054242766955,11.672315203245));
#2581 = CARTESIAN_POINT('',(17.780789848077,10.868268684287));
#2582 = CARTESIAN_POINT('',(17.218316982842,9.256476701509));
#2583 = CARTESIAN_POINT('',(16.929205951657,8.448741390891));
#2584 = CARTESIAN_POINT('',(16.633461117336,7.641762762611));
#2585 = CARTESIAN_POINT('',(16.331403227811,6.835478496856));
#2586 = CARTESIAN_POINT('',(15.714880660218,5.22303845431));
#2587 = CARTESIAN_POINT('',(15.400398912905,4.416883965426));
#2588 = CARTESIAN_POINT('',(15.080241791355,3.611299615971));
#2589 = CARTESIAN_POINT('',(14.754742053357,2.806218923591));
#2590 = CARTESIAN_POINT('',(14.4242381937,2.001576291586));
#2591 = ( GEOMETRIC_REPRESENTATION_CONTEXT(2) 
PARAMETRIC_REPRESENTATION_CONTEXT() REPRESENTATION_CONTEXT('2D SPACE',''
  ) );
#2592 = ORIENTED_EDGE('',*,*,#2593,.T.);
#2593 = EDGE_CURVE('',#2513,#2594,#2596,.T.);
#2594 = VERTEX_POINT('',#2595);
#2595 = CARTESIAN_POINT('',(20.390802619003,-8.602426815902,26.));
#2596 = SURFACE_CURVE('',#2597,(#2604,#2611),.PCURVE_S1.);
#2597 = B_SPLINE_CURVE_WITH_KNOTS('',5,(#2598,#2599,#2600,#2601,#2602,
    #2603),.UNSPECIFIED.,.F.,.F.,(6,6),(0.,26.),
  .PIECEWISE_BEZIER_KNOTS.);
#2598 = CARTESIAN_POINT('',(13.25,-10.,0.));
#2599 = CARTESIAN_POINT('',(14.716076571675,-10.25656340004,5.2));
#2600 = CARTESIAN_POINT('',(16.229180837575,-10.24450266251,10.4));
#2601 = CARTESIAN_POINT('',(17.723612258343,-9.952017715008,15.6));
#2602 = CARTESIAN_POINT('',(19.129620977569,-9.392759758127,20.8));
#2603 = CARTESIAN_POINT('',(20.390802619003,-8.602426815902,26.));
#2604 = PCURVE('',#293,#2605);
#2605 = DEFINITIONAL_REPRESENTATION('',(#2606),#2610);
#2606 = LINE('',#2607,#2608);
#2607 = CARTESIAN_POINT('',(20.,0.));
#2608 = VECTOR('',#2609,1.);
#2609 = DIRECTION('',(0.,1.));
#2610 = ( GEOMETRIC_REPRESENTATION_CONTEXT(2) 
PARAMETRIC_REPRESENTATION_CONTEXT() REPRESENTATION_CONTEXT('2D SPACE',''
  ) );
#2611 = PCURVE('',#2612,#2625);
#2612 = B_SPLINE_SURFACE_WITH_KNOTS('',1,5,(
    (#2613,#2614,#2615,#2616,#2617,#2618)
    ,(#2619,#2620,#2621,#2622,#2623,#2624
    )),.UNSPECIFIED.,.F.,.F.,.F.,(2,2),(6,6),(0.,3.5),(0.,26.),
  .PIECEWISE_BEZIER_KNOTS.);
#2613 = CARTESIAN_POINT('',(13.25,-10.,0.));
#2614 = CARTESIAN_POINT('',(14.716076571675,-10.25656340004,5.2));
#2615 = CARTESIAN_POINT('',(16.229180837575,-10.24450266251,10.4));
#2616 = CARTESIAN_POINT('',(17.723612258343,-9.952017715008,15.6));
#2617 = CARTESIAN_POINT('',(19.129620977569,-9.392759758127,20.8));
#2618 = CARTESIAN_POINT('',(20.390802619003,-8.602426815902,26.));
#2619 = CARTESIAN_POINT('',(16.75,-10.,0.));
#2620 = CARTESIAN_POINT('',(18.216076571675,-9.743436599957,5.2));
#2621 = CARTESIAN_POINT('',(19.635161291744,-9.218242789879,10.4));
#2622 = CARTESIAN_POINT('',(20.94145089939,-8.435631662405,15.6));
#2623 = CARTESIAN_POINT('',(22.07397671362,-7.432130162169,20.8));
#2624 = CARTESIAN_POINT('',(22.991809508174,-6.260469693646,26.));
#2625 = DEFINITIONAL_REPRESENTATION('',(#2626),#2630);
#2626 = LINE('',#2627,#2628);
#2627 = CARTESIAN_POINT('',(0.,0.));
#2628 = VECTOR('',#2629,1.);
#2629 = DIRECTION('',(0.,1.));
#2630 = ( GEOMETRIC_REPRESENTATION_CONTEXT(2) 
PARAMETRIC_REPRESENTATION_CONTEXT() REPRESENTATION_CONTEXT('2D SPACE',''
  ) );
#2631 = ORIENTED_EDGE('',*,*,#2632,.F.);
#2632 = EDGE_CURVE('',#168,#2594,#2633,.T.);
#2633 = SURFACE_CURVE('',#2634,(#2637,#2644),.PCURVE_S1.);
#2634 = B_SPLINE_CURVE_WITH_KNOTS('',1,(#2635,#2636),.UNSPECIFIED.,.F.,
  .F.,(2,2),(0.,20.),.PIECEWISE_BEZIER_KNOTS.);
#2635 = CARTESIAN_POINT('',(7.008190491826,6.260469693646,26.));
#2636 = CARTESIAN_POINT('',(20.390802619003,-8.602426815902,26.));
#2637 = PCURVE('',#293,#2638);
#2638 = DEFINITIONAL_REPRESENTATION('',(#2639),#2643);
#2639 = LINE('',#2640,#2641);
#2640 = CARTESIAN_POINT('',(0.,26.));
#2641 = VECTOR('',#2642,1.);
#2642 = DIRECTION('',(1.,0.));
#2643 = ( GEOMETRIC_REPRESENTATION_CONTEXT(2) 
PARAMETRIC_REPRESENTATION_CONTEXT() REPRESENTATION_CONTEXT('2D SPACE',''
  ) );
#2644 = PCURVE('',#383,#2645);
#2645 = DEFINITIONAL_REPRESENTATION('',(#2646),#2649);
#2646 = B_SPLINE_CURVE_WITH_KNOTS('',1,(#2647,#2648),.UNSPECIFIED.,.F.,
  .F.,(2,2),(0.,20.),.PIECEWISE_BEZIER_KNOTS.);
#2647 = CARTESIAN_POINT('',(-7.991809508174,6.260469693646));
#2648 = CARTESIAN_POINT('',(5.390802619003,-8.602426815902));
#2649 = ( GEOMETRIC_REPRESENTATION_CONTEXT(2) 
PARAMETRIC_REPRESENTATION_CONTEXT() REPRESENTATION_CONTEXT('2D SPACE',''
  ) );
#2650 = ORIENTED_EDGE('',*,*,#167,.T.);
#2651 = ADVANCED_FACE('',(#2652),#383,.T.);
#2652 = FACE_BOUND('',#2653,.T.);
#2653 = EDGE_LOOP('',(#2654,#2655,#2676,#2695,#2696));
#2654 = ORIENTED_EDGE('',*,*,#2632,.T.);
#2655 = ORIENTED_EDGE('',*,*,#2656,.T.);
#2656 = EDGE_CURVE('',#2594,#2657,#2659,.T.);
#2657 = VERTEX_POINT('',#2658);
#2658 = CARTESIAN_POINT('',(22.991809508174,-6.260469693646,26.));
#2659 = SURFACE_CURVE('',#2660,(#2663,#2669),.PCURVE_S1.);
#2660 = B_SPLINE_CURVE_WITH_KNOTS('',1,(#2661,#2662),.UNSPECIFIED.,.F.,
  .F.,(2,2),(0.,3.5),.PIECEWISE_BEZIER_KNOTS.);
#2661 = CARTESIAN_POINT('',(20.390802619003,-8.602426815902,26.));
#2662 = CARTESIAN_POINT('',(22.991809508174,-6.260469693646,26.));
#2663 = PCURVE('',#383,#2664);
#2664 = DEFINITIONAL_REPRESENTATION('',(#2665),#2668);
#2665 = B_SPLINE_CURVE_WITH_KNOTS('',1,(#2666,#2667),.UNSPECIFIED.,.F.,
  .F.,(2,2),(0.,3.5),.PIECEWISE_BEZIER_KNOTS.);
#2666 = CARTESIAN_POINT('',(5.390802619003,-8.602426815902));
#2667 = CARTESIAN_POINT('',(7.991809508174,-6.260469693646));
#2668 = ( GEOMETRIC_REPRESENTATION_CONTEXT(2) 
PARAMETRIC_REPRESENTATION_CONTEXT() REPRESENTATION_CONTEXT('2D SPACE',''
  ) );
#2669 = PCURVE('',#2612,#2670);
#2670 = DEFINITIONAL_REPRESENTATION('',(#2671),#2675);
#2671 = LINE('',#2672,#2673);
#2672 = CARTESIAN_POINT('',(0.,26.));
#2673 = VECTOR('',#2674,1.);
#2674 = DIRECTION('',(1.,0.));
#2675 = ( GEOMETRIC_REPRESENTATION_CONTEXT(2) 
PARAMETRIC_REPRESENTATION_CONTEXT() REPRESENTATION_CONTEXT('2D SPACE',''
  ) );
#2676 = ORIENTED_EDGE('',*,*,#2677,.T.);
#2677 = EDGE_CURVE('',#2657,#2200,#2678,.T.);
#2678 = SURFACE_CURVE('',#2679,(#2682,#2688),.PCURVE_S1.);
#2679 = B_SPLINE_CURVE_WITH_KNOTS('',1,(#2680,#2681),.UNSPECIFIED.,.F.,
  .F.,(2,2),(0.,20.),.PIECEWISE_BEZIER_KNOTS.);
#2680 = CARTESIAN_POINT('',(22.991809508174,-6.260469693646,26.));
#2681 = CARTESIAN_POINT('',(9.609197380997,8.602426815902,26.));
#2682 = PCURVE('',#383,#2683);
#2683 = DEFINITIONAL_REPRESENTATION('',(#2684),#2687);
#2684 = B_SPLINE_CURVE_WITH_KNOTS('',1,(#2685,#2686),.UNSPECIFIED.,.F.,
  .F.,(2,2),(0.,20.),.PIECEWISE_BEZIER_KNOTS.);
#2685 = CARTESIAN_POINT('',(7.991809508174,-6.260469693646));
#2686 = CARTESIAN_POINT('',(-5.390802619003,8.602426815902));
#2687 = ( GEOMETRIC_REPRESENTATION_CONTEXT(2) 
PARAMETRIC_REPRESENTATION_CONTEXT() REPRESENTATION_CONTEXT('2D SPACE',''
  ) );
#2688 = PCURVE('',#2218,#2689);
#2689 = DEFINITIONAL_REPRESENTATION('',(#2690),#2694);
#2690 = LINE('',#2691,#2692);
#2691 = CARTESIAN_POINT('',(0.,26.));
#2692 = VECTOR('',#2693,1.);
#2693 = DIRECTION('',(1.,0.));
#2694 = ( GEOMETRIC_REPRESENTATION_CONTEXT(2) 
PARAMETRIC_REPRESENTATION_CONTEXT() REPRESENTATION_CONTEXT('2D SPACE',''
  ) );
#2695 = ORIENTED_EDGE('',*,*,#2319,.T.);
#2696 = ORIENTED_EDGE('',*,*,#368,.F.);
#2697 = ADVANCED_FACE('',(#2698),#429,.T.);
#2698 = FACE_BOUND('',#2699,.T.);
#2699 = EDGE_LOOP('',(#2700,#2741,#2797,#2821,#2822));
#2700 = ORIENTED_EDGE('',*,*,#2701,.F.);
#2701 = EDGE_CURVE('',#2702,#2704,#2706,.T.);
#2702 = VERTEX_POINT('',#2703);
#2703 = CARTESIAN_POINT('',(-0.232859990772,15.072070408104,
    18.114631061595));
#2704 = VERTEX_POINT('',#2705);
#2705 = CARTESIAN_POINT('',(-0.7344115392,12.876298424664,26.));
#2706 = SURFACE_CURVE('',#2707,(#2714,#2721),.PCURVE_S1.);
#2707 = B_SPLINE_CURVE_WITH_KNOTS('',5,(#2708,#2709,#2710,#2711,#2712,
    #2713),.UNSPECIFIED.,.F.,.F.,(6,6),(0.,26.),
  .PIECEWISE_BEZIER_KNOTS.);
#2708 = CARTESIAN_POINT('',(2.625139356453,19.330575349927,0.));
#2709 = CARTESIAN_POINT('',(1.510466221867,18.344315193939,5.2));
#2710 = CARTESIAN_POINT('',(0.576490607235,17.153802895747,10.4));
#2711 = CARTESIAN_POINT('',(-0.126598203086,15.803047980637,15.6));
#2712 = CARTESIAN_POINT('',(-0.565984823337,14.355094466598,20.8));
#2713 = CARTESIAN_POINT('',(-0.7344115392,12.876298424664,26.));
#2714 = PCURVE('',#429,#2715);
#2715 = DEFINITIONAL_REPRESENTATION('',(#2716),#2720);
#2716 = LINE('',#2717,#2718);
#2717 = CARTESIAN_POINT('',(0.,0.));
#2718 = VECTOR('',#2719,1.);
#2719 = DIRECTION('',(0.,1.));
#2720 = ( GEOMETRIC_REPRESENTATION_CONTEXT(2) 
PARAMETRIC_REPRESENTATION_CONTEXT() REPRESENTATION_CONTEXT('2D SPACE',''
  ) );
#2721 = PCURVE('',#2722,#2735);
#2722 = B_SPLINE_SURFACE_WITH_KNOTS('',1,5,(
    (#2723,#2724,#2725,#2726,#2727,#2728)
    ,(#2729,#2730,#2731,#2732,#2733,#2734
    )),.UNSPECIFIED.,.F.,.F.,.F.,(2,2),(6,6),(0.,20.),(0.,26.),
  .PIECEWISE_BEZIER_KNOTS.);
#2723 = CARTESIAN_POINT('',(18.261769005814,6.860779312752,0.));
#2724 = CARTESIAN_POINT('',(18.975263453595,8.166968795654,5.2));
#2725 = CARTESIAN_POINT('',(19.449435249415,9.603906890675,10.4));
#2726 = CARTESIAN_POINT('',(19.652023480068,11.113155287955,15.6));
#2727 = CARTESIAN_POINT('',(19.573572709993,12.624272575776,20.8));
#2728 = CARTESIAN_POINT('',(19.229791056155,14.072381503564,26.));
#2729 = CARTESIAN_POINT('',(2.625139356453,19.330575349927,0.));
#2730 = CARTESIAN_POINT('',(1.510466221867,18.344315193939,5.2));
#2731 = CARTESIAN_POINT('',(0.576490607235,17.153802895747,10.4));
#2732 = CARTESIAN_POINT('',(-0.126598203086,15.803047980637,15.6));
#2733 = CARTESIAN_POINT('',(-0.565984823337,14.355094466598,20.8));
#2734 = CARTESIAN_POINT('',(-0.7344115392,12.876298424664,26.));
#2735 = DEFINITIONAL_REPRESENTATION('',(#2736),#2740);
#2736 = LINE('',#2737,#2738);
#2737 = CARTESIAN_POINT('',(20.,0.));
#2738 = VECTOR('',#2739,1.);
#2739 = DIRECTION('',(0.,1.));
#2740 = ( GEOMETRIC_REPRESENTATION_CONTEXT(2) 
PARAMETRIC_REPRESENTATION_CONTEXT() REPRESENTATION_CONTEXT('2D SPACE',''
  ) );
#2741 = ORIENTED_EDGE('',*,*,#2742,.T.);
#2742 = EDGE_CURVE('',#2702,#2743,#2745,.T.);
#2743 = VERTEX_POINT('',#2744);
#2744 = CARTESIAN_POINT('',(-0.509850927132,14.135697171872,
    9.237928559272));
#2745 = SURFACE_CURVE('',#2746,(#2761,#2779),.PCURVE_S1.);
#2746 = B_SPLINE_CURVE_WITH_KNOTS('',4,(#2747,#2748,#2749,#2750,#2751,
    #2752,#2753,#2754,#2755,#2756,#2757,#2758,#2759,#2760),
  .UNSPECIFIED.,.F.,.F.,(5,3,3,3,5),(0.,0.272542782533,0.524032656048,
    0.761162003133,1.),.UNSPECIFIED.);
#2747 = CARTESIAN_POINT('',(-0.232859990772,15.072070408104,
    18.114631061595));
#2748 = CARTESIAN_POINT('',(-0.208674148097,15.033577411404,
    17.504699744739));
#2749 = CARTESIAN_POINT('',(-0.1911496732,14.98868434876,16.895448039877
    ));
#2750 = CARTESIAN_POINT('',(-0.180886001345,14.938057336214,
    16.2869897051));
#2751 = CARTESIAN_POINT('',(-0.176010426486,14.831135955253,
    15.118794559639));
#2752 = CARTESIAN_POINT('',(-0.180250341289,14.775580396319,
    14.558924779345));
#2753 = CARTESIAN_POINT('',(-0.191436590798,14.716373176399,
    13.999896372706));
#2754 = CARTESIAN_POINT('',(-0.227178919121,14.595476628882,
    12.9155303476));
#2755 = CARTESIAN_POINT('',(-0.250934975931,14.534121315154,
    12.390091668677));
#2756 = CARTESIAN_POINT('',(-0.281322061383,14.470613696703,
    11.865520569316));
#2757 = CARTESIAN_POINT('',(-0.355901618388,14.339926385691,
    10.814438787163));
#2758 = CARTESIAN_POINT('',(-0.400192029032,14.272722847454,
    10.28794135256));
#2759 = CARTESIAN_POINT('',(-0.451489817959,14.204456777836,
    9.762424270482));
#2760 = CARTESIAN_POINT('',(-0.509850927132,14.135697171872,
    9.237928559272));
#2761 = PCURVE('',#429,#2762);
#2762 = DEFINITIONAL_REPRESENTATION('',(#2763),#2778);
#2763 = B_SPLINE_CURVE_WITH_KNOTS('',4,(#2764,#2765,#2766,#2767,#2768,
    #2769,#2770,#2771,#2772,#2773,#2774,#2775,#2776,#2777),
  .UNSPECIFIED.,.F.,.F.,(5,3,3,3,5),(0.,0.272542782533,0.524032656048,
    0.761162003133,1.),.UNSPECIFIED.);
#2764 = CARTESIAN_POINT('',(0.,18.114631061595));
#2765 = CARTESIAN_POINT('',(0.206036120352,17.504699744739));
#2766 = CARTESIAN_POINT('',(0.418583488264,16.895448039877));
#2767 = CARTESIAN_POINT('',(0.63740707655,16.2869897051));
#2768 = CARTESIAN_POINT('',(1.06972639938,15.118794559639));
#2769 = CARTESIAN_POINT('',(1.282328204113,14.558924779345));
#2770 = CARTESIAN_POINT('',(1.499855268644,13.999896372706));
#2771 = CARTESIAN_POINT('',(1.931645588625,12.9155303476));
#2772 = CARTESIAN_POINT('',(2.145386105232,12.390091668677));
#2773 = CARTESIAN_POINT('',(2.363139468679,11.865520569316));
#2774 = CARTESIAN_POINT('',(2.807902042572,10.814438787163));
#2775 = CARTESIAN_POINT('',(3.034966782808,10.28794135256));
#2776 = CARTESIAN_POINT('',(3.265729452828,9.762424270482));
#2777 = CARTESIAN_POINT('',(3.5,9.237928559272));
#2778 = ( GEOMETRIC_REPRESENTATION_CONTEXT(2) 
PARAMETRIC_REPRESENTATION_CONTEXT() REPRESENTATION_CONTEXT('2D SPACE',''
  ) );
#2779 = PCURVE('',#871,#2780);
#2780 = DEFINITIONAL_REPRESENTATION('',(#2781),#2796);
#2781 = B_SPLINE_CURVE_WITH_KNOTS('',4,(#2782,#2783,#2784,#2785,#2786,
    #2787,#2788,#2789,#2790,#2791,#2792,#2793,#2794,#2795),
  .UNSPECIFIED.,.F.,.F.,(5,3,3,3,5),(0.,0.272542782533,0.524032656048,
    0.761162003133,1.),.UNSPECIFIED.);
#2782 = CARTESIAN_POINT('',(12.603665975573,18.114631061595));
#2783 = CARTESIAN_POINT('',(12.625883142499,17.504699744739));
#2784 = CARTESIAN_POINT('',(12.639860061102,16.895448039877));
#2785 = CARTESIAN_POINT('',(12.645616359885,16.2869897051));
#2786 = CARTESIAN_POINT('',(12.640986859869,15.118794559639));
#2787 = CARTESIAN_POINT('',(12.631813494907,14.558924779345));
#2788 = CARTESIAN_POINT('',(12.615732986924,13.999896372706));
#2789 = CARTESIAN_POINT('',(12.571203868193,12.9155303476));
#2790 = CARTESIAN_POINT('',(12.54351381071,12.390091668677));
#2791 = CARTESIAN_POINT('',(12.509801518324,11.865520569316));
#2792 = CARTESIAN_POINT('',(12.430195743861,10.814438786994));
#2793 = CARTESIAN_POINT('',(12.384216116355,10.287941353014));
#2794 = CARTESIAN_POINT('',(12.332278796429,9.762424269959));
#2795 = CARTESIAN_POINT('',(12.274474834008,9.237928559558));
#2796 = ( GEOMETRIC_REPRESENTATION_CONTEXT(2) 
PARAMETRIC_REPRESENTATION_CONTEXT() REPRESENTATION_CONTEXT('2D SPACE',''
  ) );
#2797 = ORIENTED_EDGE('',*,*,#2798,.T.);
#2798 = EDGE_CURVE('',#2743,#398,#2799,.T.);
#2799 = SURFACE_CURVE('',#2800,(#2807,#2814),.PCURVE_S1.);
#2800 = B_SPLINE_CURVE_WITH_KNOTS('',5,(#2801,#2802,#2803,#2804,#2805,
    #2806),.UNSPECIFIED.,.F.,.F.,(6,6),(0.,26.),
  .PIECEWISE_BEZIER_KNOTS.);
#2801 = CARTESIAN_POINT('',(0.442925049948,16.594165161289,0.));
#2802 = CARTESIAN_POINT('',(-0.270569397833,15.287975678387,5.2));
#2803 = CARTESIAN_POINT('',(-0.744741193653,13.851037583366,10.4));
#2804 = CARTESIAN_POINT('',(-0.947329424306,12.341789186085,15.6));
#2805 = CARTESIAN_POINT('',(-0.868878654231,10.830671898265,20.8));
#2806 = CARTESIAN_POINT('',(-0.525097000393,9.382562970477,26.));
#2807 = PCURVE('',#429,#2808);
#2808 = DEFINITIONAL_REPRESENTATION('',(#2809),#2813);
#2809 = LINE('',#2810,#2811);
#2810 = CARTESIAN_POINT('',(3.5,0.));
#2811 = VECTOR('',#2812,1.);
#2812 = DIRECTION('',(0.,1.));
#2813 = ( GEOMETRIC_REPRESENTATION_CONTEXT(2) 
PARAMETRIC_REPRESENTATION_CONTEXT() REPRESENTATION_CONTEXT('2D SPACE',''
  ) );
#2814 = PCURVE('',#582,#2815);
#2815 = DEFINITIONAL_REPRESENTATION('',(#2816),#2820);
#2816 = LINE('',#2817,#2818);
#2817 = CARTESIAN_POINT('',(0.,0.));
#2818 = VECTOR('',#2819,1.);
#2819 = DIRECTION('',(0.,1.));
#2820 = ( GEOMETRIC_REPRESENTATION_CONTEXT(2) 
PARAMETRIC_REPRESENTATION_CONTEXT() REPRESENTATION_CONTEXT('2D SPACE',''
  ) );
#2821 = ORIENTED_EDGE('',*,*,#397,.T.);
#2822 = ORIENTED_EDGE('',*,*,#2823,.F.);
#2823 = EDGE_CURVE('',#2704,#400,#2824,.T.);
#2824 = SURFACE_CURVE('',#2825,(#2828,#2835),.PCURVE_S1.);
#2825 = B_SPLINE_CURVE_WITH_KNOTS('',1,(#2826,#2827),.UNSPECIFIED.,.F.,
  .F.,(2,2),(0.,3.5),.PIECEWISE_BEZIER_KNOTS.);
#2826 = CARTESIAN_POINT('',(-0.7344115392,12.876298424664,26.));
#2827 = CARTESIAN_POINT('',(-0.525097000393,9.382562970477,26.));
#2828 = PCURVE('',#429,#2829);
#2829 = DEFINITIONAL_REPRESENTATION('',(#2830),#2834);
#2830 = LINE('',#2831,#2832);
#2831 = CARTESIAN_POINT('',(0.,26.));
#2832 = VECTOR('',#2833,1.);
#2833 = DIRECTION('',(1.,0.));
#2834 = ( GEOMETRIC_REPRESENTATION_CONTEXT(2) 
PARAMETRIC_REPRESENTATION_CONTEXT() REPRESENTATION_CONTEXT('2D SPACE',''
  ) );
#2835 = PCURVE('',#672,#2836);
#2836 = DEFINITIONAL_REPRESENTATION('',(#2837),#2840);
#2837 = B_SPLINE_CURVE_WITH_KNOTS('',1,(#2838,#2839),.UNSPECIFIED.,.F.,
  .F.,(2,2),(0.,3.5),.PIECEWISE_BEZIER_KNOTS.);
#2838 = CARTESIAN_POINT('',(-5.390802619003,8.602426815902));
#2839 = CARTESIAN_POINT('',(-7.991809508174,6.260469693646));
#2840 = ( GEOMETRIC_REPRESENTATION_CONTEXT(2) 
PARAMETRIC_REPRESENTATION_CONTEXT() REPRESENTATION_CONTEXT('2D SPACE',''
  ) );
#2841 = ADVANCED_FACE('',(#2842),#582,.T.);
#2842 = FACE_BOUND('',#2843,.T.);
#2843 = EDGE_LOOP('',(#2844,#2845,#2889,#2913,#2914,#2915,#2983,#3022,
    #3041));
#2844 = ORIENTED_EDGE('',*,*,#2798,.F.);
#2845 = ORIENTED_EDGE('',*,*,#2846,.T.);
#2846 = EDGE_CURVE('',#2743,#2847,#2849,.T.);
#2847 = VERTEX_POINT('',#2848);
#2848 = CARTESIAN_POINT('',(3.272479749256,14.337670586203,0.));
#2849 = SURFACE_CURVE('',#2850,(#2861,#2875),.PCURVE_S1.);
#2850 = B_SPLINE_CURVE_WITH_KNOTS('',5,(#2851,#2852,#2853,#2854,#2855,
    #2856,#2857,#2858,#2859,#2860),.UNSPECIFIED.,.F.,.F.,(6,4,6),(0.,
    0.500684603585,1.),.UNSPECIFIED.);
#2851 = CARTESIAN_POINT('',(-0.509850927132,14.135697171872,
    9.237928559272));
#2852 = CARTESIAN_POINT('',(-0.144643271097,14.260933641568,
    8.311432387271));
#2853 = CARTESIAN_POINT('',(0.228593057001,14.360593405166,
    7.385467433233));
#2854 = CARTESIAN_POINT('',(0.607577952384,14.434025730748,
    6.459953312042));
#2855 = CARTESIAN_POINT('',(0.98996237946,14.480873456716,5.534801421195
    ));
#2856 = CARTESIAN_POINT('',(1.755778727533,14.52122344989,3.687574774701
    ));
#2857 = CARTESIAN_POINT('',(2.139205281059,14.514871255361,
    2.765497658073));
#2858 = CARTESIAN_POINT('',(2.521342109632,14.481958947376,
    1.843604481497));
#2859 = CARTESIAN_POINT('',(2.89985676376,14.422719343732,0.921802178909
    ));
#2860 = CARTESIAN_POINT('',(3.272479749256,14.337670586203,
    -8.881784197001E-16));
#2861 = PCURVE('',#582,#2862);
#2862 = DEFINITIONAL_REPRESENTATION('',(#2863),#2874);
#2863 = B_SPLINE_CURVE_WITH_KNOTS('',5,(#2864,#2865,#2866,#2867,#2868,
    #2869,#2870,#2871,#2872,#2873),.UNSPECIFIED.,.F.,.F.,(6,4,6),(0.,
    0.500684603585,1.),.UNSPECIFIED.);
#2864 = CARTESIAN_POINT('',(0.,9.237928559272));
#2865 = CARTESIAN_POINT('',(0.330016456694,8.311432387271));
#2866 = CARTESIAN_POINT('',(0.669091571373,7.385467433233));
#2867 = CARTESIAN_POINT('',(1.016763238934,6.459953312042));
#2868 = CARTESIAN_POINT('',(1.372556135072,5.534801421195));
#2869 = CARTESIAN_POINT('',(2.098412545351,3.687574774701));
#2870 = CARTESIAN_POINT('',(2.468434715701,2.765497658074));
#2871 = CARTESIAN_POINT('',(2.845562643525,1.843604481497));
#2872 = CARTESIAN_POINT('',(3.229299976335,0.921802178909));
#2873 = CARTESIAN_POINT('',(3.6191363008,0.));
#2874 = ( GEOMETRIC_REPRESENTATION_CONTEXT(2) 
PARAMETRIC_REPRESENTATION_CONTEXT() REPRESENTATION_CONTEXT('2D SPACE',''
  ) );
#2875 = PCURVE('',#871,#2876);
#2876 = DEFINITIONAL_REPRESENTATION('',(#2877),#2888);
#2877 = B_SPLINE_CURVE_WITH_KNOTS('',5,(#2878,#2879,#2880,#2881,#2882,
    #2883,#2884,#2885,#2886,#2887),.UNSPECIFIED.,.F.,.F.,(6,4,6),(0.,
    0.500684603585,1.),.UNSPECIFIED.);
#2878 = CARTESIAN_POINT('',(12.274474833977,9.237928559271));
#2879 = CARTESIAN_POINT('',(12.701672229317,8.311432387273));
#2880 = CARTESIAN_POINT('',(13.125965762917,7.38546743323));
#2881 = CARTESIAN_POINT('',(13.546791410222,6.459953312044));
#2882 = CARTESIAN_POINT('',(13.963599213427,5.534801421194));
#2883 = CARTESIAN_POINT('',(14.786973432257,3.687574774864));
#2884 = CARTESIAN_POINT('',(15.193565119658,2.765497657529));
#2885 = CARTESIAN_POINT('',(15.595090297357,1.843604482314));
#2886 = CARTESIAN_POINT('',(15.991027378617,0.921802178256));
#2887 = CARTESIAN_POINT('',(16.380863699085,2.723480212156E-10));
#2888 = ( GEOMETRIC_REPRESENTATION_CONTEXT(2) 
PARAMETRIC_REPRESENTATION_CONTEXT() REPRESENTATION_CONTEXT('2D SPACE',''
  ) );
#2889 = ORIENTED_EDGE('',*,*,#2890,.T.);
#2890 = EDGE_CURVE('',#2847,#2343,#2891,.T.);
#2891 = SURFACE_CURVE('',#2892,(#2895,#2902),.PCURVE_S1.);
#2892 = B_SPLINE_CURVE_WITH_KNOTS('',1,(#2893,#2894),.UNSPECIFIED.,.F.,
  .F.,(2,2),(0.,20.),.PIECEWISE_BEZIER_KNOTS.);
#2893 = CARTESIAN_POINT('',(0.442925049948,16.594165161289,0.));
#2894 = CARTESIAN_POINT('',(16.079554699309,4.124369124114,0.));
#2895 = PCURVE('',#582,#2896);
#2896 = DEFINITIONAL_REPRESENTATION('',(#2897),#2901);
#2897 = LINE('',#2898,#2899);
#2898 = CARTESIAN_POINT('',(0.,0.));
#2899 = VECTOR('',#2900,1.);
#2900 = DIRECTION('',(1.,0.));
#2901 = ( GEOMETRIC_REPRESENTATION_CONTEXT(2) 
PARAMETRIC_REPRESENTATION_CONTEXT() REPRESENTATION_CONTEXT('2D SPACE',''
  ) );
#2902 = PCURVE('',#2903,#2908);
#2903 = PLANE('',#2904);
#2904 = AXIS2_PLACEMENT_3D('',#2905,#2906,#2907);
#2905 = CARTESIAN_POINT('',(9.352347027881,11.72747223702,0.));
#2906 = DIRECTION('',(0.,0.,1.));
#2907 = DIRECTION('',(0.623489801859,0.781831482468,0.));
#2908 = DEFINITIONAL_REPRESENTATION('',(#2909),#2912);
#2909 = B_SPLINE_CURVE_WITH_KNOTS('',1,(#2910,#2911),.UNSPECIFIED.,.F.,
  .F.,(2,2),(0.,20.),.PIECEWISE_BEZIER_KNOTS.);
#2910 = CARTESIAN_POINT('',(-1.75,10.));
#2911 = CARTESIAN_POINT('',(-1.75,-10.));
#2912 = ( GEOMETRIC_REPRESENTATION_CONTEXT(2) 
PARAMETRIC_REPRESENTATION_CONTEXT() REPRESENTATION_CONTEXT('2D SPACE',''
  ) );
#2913 = ORIENTED_EDGE('',*,*,#2342,.F.);
#2914 = ORIENTED_EDGE('',*,*,#2238,.F.);
#2915 = ORIENTED_EDGE('',*,*,#2916,.F.);
#2916 = EDGE_CURVE('',#2917,#2198,#2919,.T.);
#2917 = VERTEX_POINT('',#2918);
#2918 = CARTESIAN_POINT('',(16.497678096353,4.51589981457,2.001576291241
    ));
#2919 = SURFACE_CURVE('',#2920,(#2939,#2961),.PCURVE_S1.);
#2920 = B_SPLINE_CURVE_WITH_KNOTS('',5,(#2921,#2922,#2923,#2924,#2925,
    #2926,#2927,#2928,#2929,#2930,#2931,#2932,#2933,#2934,#2935,#2936,
    #2937,#2938),.UNSPECIFIED.,.F.,.F.,(6,4,4,4,6),(0.,0.251384578744,
    0.501769402886,0.751798254082,1.),.UNSPECIFIED.);
#2921 = CARTESIAN_POINT('',(16.497678096353,4.51589981457,2.001576291241
    ));
#2922 = CARTESIAN_POINT('',(16.376589490969,4.879854727092,
    2.806219936955));
#2923 = CARTESIAN_POINT('',(16.23604918338,5.23486966151,3.611301642155)
  );
#2924 = CARTESIAN_POINT('',(16.076781872032,5.57953583741,4.416887008181
    ));
#2925 = CARTESIAN_POINT('',(15.899663064773,5.912522896603,5.22304251345
    ));
#2926 = CARTESIAN_POINT('',(15.512514903567,6.551417232623,
    6.833411016464));
#2927 = CARTESIAN_POINT('',(15.302619123708,6.857427135294,
    7.637619475798));
#2928 = CARTESIAN_POINT('',(15.077014246874,7.149426458238,
    8.442518571514));
#2929 = CARTESIAN_POINT('',(14.836830742976,7.426311128877,
    9.248170143786));
#2930 = CARTESIAN_POINT('',(14.330151563068,7.947534940482,
    10.859945429428));
#2931 = CARTESIAN_POINT('',(14.063693627164,8.191919959296,
    11.666067341861));
#2932 = CARTESIAN_POINT('',(13.785173898279,8.419294784216,
    12.473053380254));
#2933 = CARTESIAN_POINT('',(13.49593936767,8.628822491761,
    13.280958495263));
#2934 = CARTESIAN_POINT('',(12.90108529941,9.009423542223,
    14.892792726528));
#2935 = CARTESIAN_POINT('',(12.59560075141,9.180766833851,15.69670827159
    ));
#2936 = CARTESIAN_POINT('',(12.282368112998,9.333183230735,
    16.501624971495));
#2937 = CARTESIAN_POINT('',(11.962868413556,9.466156378583,
    17.30758712432));
#2938 = CARTESIAN_POINT('',(11.638633321524,9.579339464142,
    18.114631061595));
#2939 = PCURVE('',#582,#2940);
#2940 = DEFINITIONAL_REPRESENTATION('',(#2941),#2960);
#2941 = B_SPLINE_CURVE_WITH_KNOTS('',5,(#2942,#2943,#2944,#2945,#2946,
    #2947,#2948,#2949,#2950,#2951,#2952,#2953,#2954,#2955,#2956,#2957,
    #2958,#2959),.UNSPECIFIED.,.F.,.F.,(6,4,4,4,6),(0.,0.251384578744,
    0.501769402886,0.751798254082,1.),.UNSPECIFIED.);
#2942 = CARTESIAN_POINT('',(20.,2.001576291241));
#2943 = CARTESIAN_POINT('',(19.651008629771,2.806219936955));
#2944 = CARTESIAN_POINT('',(19.297732003455,3.611301642154));
#2945 = CARTESIAN_POINT('',(18.940507473096,4.416887008181));
#2946 = CARTESIAN_POINT('',(18.579679756119,5.22304251345));
#2947 = CARTESIAN_POINT('',(17.852974988325,6.833411016464));
#2948 = CARTESIAN_POINT('',(17.487123506988,7.637619475798));
#2949 = CARTESIAN_POINT('',(17.118399286138,8.442518571514));
#2950 = CARTESIAN_POINT('',(16.747160886039,9.248170143786));
#2951 = CARTESIAN_POINT('',(16.000923986163,10.859945429428));
#2952 = CARTESIAN_POINT('',(15.625931351179,11.666067341861));
#2953 = CARTESIAN_POINT('',(15.249166237123,12.473053380254));
#2954 = CARTESIAN_POINT('',(14.871004320049,13.280958495263));
#2955 = CARTESIAN_POINT('',(14.115428933923,14.892792725904));
#2956 = CARTESIAN_POINT('',(13.738029944834,15.69670827367));
#2957 = CARTESIAN_POINT('',(13.360011459956,16.501624968375));
#2958 = CARTESIAN_POINT('',(12.981758713716,17.307587126816));
#2959 = CARTESIAN_POINT('',(12.60366597606,18.114631060555));
#2960 = ( GEOMETRIC_REPRESENTATION_CONTEXT(2) 
PARAMETRIC_REPRESENTATION_CONTEXT() REPRESENTATION_CONTEXT('2D SPACE',''
  ) );
#2961 = PCURVE('',#2218,#2962);
#2962 = DEFINITIONAL_REPRESENTATION('',(#2963),#2982);
#2963 = B_SPLINE_CURVE_WITH_KNOTS('',5,(#2964,#2965,#2966,#2967,#2968,
    #2969,#2970,#2971,#2972,#2973,#2974,#2975,#2976,#2977,#2978,#2979,
    #2980,#2981),.UNSPECIFIED.,.F.,.F.,(6,4,4,4,6),(0.,0.251384578744,
    0.501769402886,0.751798254082,1.),.UNSPECIFIED.);
#2964 = CARTESIAN_POINT('',(14.424238193558,2.001576291241));
#2965 = CARTESIAN_POINT('',(14.754742469593,2.806219936955));
#2966 = CARTESIAN_POINT('',(15.080242610551,3.611301642154));
#2967 = CARTESIAN_POINT('',(15.40040012217,4.416887008182));
#2968 = CARTESIAN_POINT('',(15.71488224369,5.22304251345));
#2969 = CARTESIAN_POINT('',(16.330612687492,6.833411016464));
#2970 = CARTESIAN_POINT('',(16.63190885395,7.637619475798));
#2971 = CARTESIAN_POINT('',(16.926925239706,8.442518571514));
#2972 = CARTESIAN_POINT('',(17.215343550937,9.248170143786));
#2973 = CARTESIAN_POINT('',(17.777958852538,10.859945429428));
#2974 = CARTESIAN_POINT('',(18.052175653898,11.666067341861));
#2975 = CARTESIAN_POINT('',(18.319190618219,12.473053380254));
#2976 = CARTESIAN_POINT('',(18.578699612011,13.280958495263));
#2977 = CARTESIAN_POINT('',(19.080273391444,14.892792726528));
#2978 = CARTESIAN_POINT('',(19.322451955646,15.69670827159));
#2979 = CARTESIAN_POINT('',(19.556651912475,16.501624971495));
#2980 = CARTESIAN_POINT('',(19.78259183359,17.30758712432));
#2981 = CARTESIAN_POINT('',(20.,18.114631061595));
#2982 = ( GEOMETRIC_REPRESENTATION_CONTEXT(2) 
PARAMETRIC_REPRESENTATION_CONTEXT() REPRESENTATION_CONTEXT('2D SPACE',''
  ) );
#2983 = ORIENTED_EDGE('',*,*,#2984,.T.);
#2984 = EDGE_CURVE('',#2917,#2985,#2987,.T.);
#2985 = VERTEX_POINT('',#2986);
#2986 = CARTESIAN_POINT('',(19.439105594962,10.578646049377,26.));
#2987 = SURFACE_CURVE('',#2988,(#2995,#3002),.PCURVE_S1.);
#2988 = B_SPLINE_CURVE_WITH_KNOTS('',5,(#2989,#2990,#2991,#2992,#2993,
    #2994),.UNSPECIFIED.,.F.,.F.,(6,6),(0.,26.),
  .PIECEWISE_BEZIER_KNOTS.);
#2989 = CARTESIAN_POINT('',(16.079554699309,4.124369124114,0.));
#2990 = CARTESIAN_POINT('',(17.194227833895,5.110629280101,5.2));
#2991 = CARTESIAN_POINT('',(18.128203448528,6.301141578293,10.4));
#2992 = CARTESIAN_POINT('',(18.831292258848,7.651896493404,15.6));
#2993 = CARTESIAN_POINT('',(19.270678879099,9.099850007443,20.8));
#2994 = CARTESIAN_POINT('',(19.439105594962,10.578646049377,26.));
#2995 = PCURVE('',#582,#2996);
#2996 = DEFINITIONAL_REPRESENTATION('',(#2997),#3001);
#2997 = LINE('',#2998,#2999);
#2998 = CARTESIAN_POINT('',(20.,0.));
#2999 = VECTOR('',#3000,1.);
#3000 = DIRECTION('',(0.,1.));
#3001 = ( GEOMETRIC_REPRESENTATION_CONTEXT(2) 
PARAMETRIC_REPRESENTATION_CONTEXT() REPRESENTATION_CONTEXT('2D SPACE',''
  ) );
#3002 = PCURVE('',#3003,#3016);
#3003 = B_SPLINE_SURFACE_WITH_KNOTS('',1,5,(
    (#3004,#3005,#3006,#3007,#3008,#3009)
    ,(#3010,#3011,#3012,#3013,#3014,#3015
    )),.UNSPECIFIED.,.F.,.F.,.F.,(2,2),(6,6),(0.,3.5),(0.,26.),
  .PIECEWISE_BEZIER_KNOTS.);
#3004 = CARTESIAN_POINT('',(16.079554699309,4.124369124114,0.));
#3005 = CARTESIAN_POINT('',(17.194227833895,5.110629280101,5.2));
#3006 = CARTESIAN_POINT('',(18.128203448528,6.301141578293,10.4));
#3007 = CARTESIAN_POINT('',(18.831292258848,7.651896493404,15.6));
#3008 = CARTESIAN_POINT('',(19.270678879099,9.099850007443,20.8));
#3009 = CARTESIAN_POINT('',(19.439105594962,10.578646049377,26.));
#3010 = CARTESIAN_POINT('',(18.261769005814,6.860779312752,0.));
#3011 = CARTESIAN_POINT('',(18.975263453595,8.166968795654,5.2));
#3012 = CARTESIAN_POINT('',(19.449435249415,9.603906890675,10.4));
#3013 = CARTESIAN_POINT('',(19.652023480068,11.113155287955,15.6));
#3014 = CARTESIAN_POINT('',(19.573572709993,12.624272575776,20.8));
#3015 = CARTESIAN_POINT('',(19.229791056155,14.072381503564,26.));
#3016 = DEFINITIONAL_REPRESENTATION('',(#3017),#3021);
#3017 = LINE('',#3018,#3019);
#3018 = CARTESIAN_POINT('',(0.,0.));
#3019 = VECTOR('',#3020,1.);
#3020 = DIRECTION('',(0.,1.));
#3021 = ( GEOMETRIC_REPRESENTATION_CONTEXT(2) 
PARAMETRIC_REPRESENTATION_CONTEXT() REPRESENTATION_CONTEXT('2D SPACE',''
  ) );
#3022 = ORIENTED_EDGE('',*,*,#3023,.F.);
#3023 = EDGE_CURVE('',#457,#2985,#3024,.T.);
#3024 = SURFACE_CURVE('',#3025,(#3028,#3035),.PCURVE_S1.);
#3025 = B_SPLINE_CURVE_WITH_KNOTS('',1,(#3026,#3027),.UNSPECIFIED.,.F.,
  .F.,(2,2),(0.,20.),.PIECEWISE_BEZIER_KNOTS.);
#3026 = CARTESIAN_POINT('',(-0.525097000393,9.382562970477,26.));
#3027 = CARTESIAN_POINT('',(19.439105594962,10.578646049377,26.));
#3028 = PCURVE('',#582,#3029);
#3029 = DEFINITIONAL_REPRESENTATION('',(#3030),#3034);
#3030 = LINE('',#3031,#3032);
#3031 = CARTESIAN_POINT('',(0.,26.));
#3032 = VECTOR('',#3033,1.);
#3033 = DIRECTION('',(1.,0.));
#3034 = ( GEOMETRIC_REPRESENTATION_CONTEXT(2) 
PARAMETRIC_REPRESENTATION_CONTEXT() REPRESENTATION_CONTEXT('2D SPACE',''
  ) );
#3035 = PCURVE('',#672,#3036);
#3036 = DEFINITIONAL_REPRESENTATION('',(#3037),#3040);
#3037 = B_SPLINE_CURVE_WITH_KNOTS('',1,(#3038,#3039),.UNSPECIFIED.,.F.,
  .F.,(2,2),(0.,20.),.PIECEWISE_BEZIER_KNOTS.);
#3038 = CARTESIAN_POINT('',(-7.991809508174,6.260469693646));
#3039 = CARTESIAN_POINT('',(5.390802619003,-8.602426815902));
#3040 = ( GEOMETRIC_REPRESENTATION_CONTEXT(2) 
PARAMETRIC_REPRESENTATION_CONTEXT() REPRESENTATION_CONTEXT('2D SPACE',''
  ) );
#3041 = ORIENTED_EDGE('',*,*,#456,.T.);
#3042 = ADVANCED_FACE('',(#3043),#672,.T.);
#3043 = FACE_BOUND('',#3044,.T.);
#3044 = EDGE_LOOP('',(#3045,#3046,#3067,#3086,#3087));
#3045 = ORIENTED_EDGE('',*,*,#3023,.T.);
#3046 = ORIENTED_EDGE('',*,*,#3047,.T.);
#3047 = EDGE_CURVE('',#2985,#3048,#3050,.T.);
#3048 = VERTEX_POINT('',#3049);
#3049 = CARTESIAN_POINT('',(19.229791056155,14.072381503564,26.));
#3050 = SURFACE_CURVE('',#3051,(#3054,#3060),.PCURVE_S1.);
#3051 = B_SPLINE_CURVE_WITH_KNOTS('',1,(#3052,#3053),.UNSPECIFIED.,.F.,
  .F.,(2,2),(0.,3.5),.PIECEWISE_BEZIER_KNOTS.);
#3052 = CARTESIAN_POINT('',(19.439105594962,10.578646049377,26.));
#3053 = CARTESIAN_POINT('',(19.229791056155,14.072381503564,26.));
#3054 = PCURVE('',#672,#3055);
#3055 = DEFINITIONAL_REPRESENTATION('',(#3056),#3059);
#3056 = B_SPLINE_CURVE_WITH_KNOTS('',1,(#3057,#3058),.UNSPECIFIED.,.F.,
  .F.,(2,2),(0.,3.5),.PIECEWISE_BEZIER_KNOTS.);
#3057 = CARTESIAN_POINT('',(5.390802619003,-8.602426815902));
#3058 = CARTESIAN_POINT('',(7.991809508174,-6.260469693646));
#3059 = ( GEOMETRIC_REPRESENTATION_CONTEXT(2) 
PARAMETRIC_REPRESENTATION_CONTEXT() REPRESENTATION_CONTEXT('2D SPACE',''
  ) );
#3060 = PCURVE('',#3003,#3061);
#3061 = DEFINITIONAL_REPRESENTATION('',(#3062),#3066);
#3062 = LINE('',#3063,#3064);
#3063 = CARTESIAN_POINT('',(0.,26.));
#3064 = VECTOR('',#3065,1.);
#3065 = DIRECTION('',(1.,0.));
#3066 = ( GEOMETRIC_REPRESENTATION_CONTEXT(2) 
PARAMETRIC_REPRESENTATION_CONTEXT() REPRESENTATION_CONTEXT('2D SPACE',''
  ) );
#3067 = ORIENTED_EDGE('',*,*,#3068,.T.);
#3068 = EDGE_CURVE('',#3048,#2704,#3069,.T.);
#3069 = SURFACE_CURVE('',#3070,(#3073,#3079),.PCURVE_S1.);
#3070 = B_SPLINE_CURVE_WITH_KNOTS('',1,(#3071,#3072),.UNSPECIFIED.,.F.,
  .F.,(2,2),(0.,20.),.PIECEWISE_BEZIER_KNOTS.);
#3071 = CARTESIAN_POINT('',(19.229791056155,14.072381503564,26.));
#3072 = CARTESIAN_POINT('',(-0.7344115392,12.876298424664,26.));
#3073 = PCURVE('',#672,#3074);
#3074 = DEFINITIONAL_REPRESENTATION('',(#3075),#3078);
#3075 = B_SPLINE_CURVE_WITH_KNOTS('',1,(#3076,#3077),.UNSPECIFIED.,.F.,
  .F.,(2,2),(0.,20.),.PIECEWISE_BEZIER_KNOTS.);
#3076 = CARTESIAN_POINT('',(7.991809508174,-6.260469693646));
#3077 = CARTESIAN_POINT('',(-5.390802619003,8.602426815902));
#3078 = ( GEOMETRIC_REPRESENTATION_CONTEXT(2) 
PARAMETRIC_REPRESENTATION_CONTEXT() REPRESENTATION_CONTEXT('2D SPACE',''
  ) );
#3079 = PCURVE('',#2722,#3080);
#3080 = DEFINITIONAL_REPRESENTATION('',(#3081),#3085);
#3081 = LINE('',#3082,#3083);
#3082 = CARTESIAN_POINT('',(0.,26.));
#3083 = VECTOR('',#3084,1.);
#3084 = DIRECTION('',(1.,0.));
#3085 = ( GEOMETRIC_REPRESENTATION_CONTEXT(2) 
PARAMETRIC_REPRESENTATION_CONTEXT() REPRESENTATION_CONTEXT('2D SPACE',''
  ) );
#3086 = ORIENTED_EDGE('',*,*,#2823,.T.);
#3087 = ORIENTED_EDGE('',*,*,#657,.F.);
#3088 = ADVANCED_FACE('',(#3089),#718,.T.);
#3089 = FACE_BOUND('',#3090,.T.);
#3090 = EDGE_LOOP('',(#3091,#3132,#3188,#3212,#3213));
#3091 = ORIENTED_EDGE('',*,*,#3092,.F.);
#3092 = EDGE_CURVE('',#3093,#3095,#3097,.T.);
#3093 = VERTEX_POINT('',#3094);
#3094 = CARTESIAN_POINT('',(-11.92900498053,9.215224920557,
    18.114631061595));
#3095 = VERTEX_POINT('',#3096);
#3096 = CARTESIAN_POINT('',(-10.52499359111,7.454054691033,26.));
#3097 = SURFACE_CURVE('',#3098,(#3105,#3112),.PCURVE_S1.);
#3098 = B_SPLINE_CURVE_WITH_KNOTS('',5,(#3099,#3100,#3101,#3102,#3103,
    #3104),.UNSPECIFIED.,.F.,.F.,(6,6),(0.,26.),
  .PIECEWISE_BEZIER_KNOTS.);
#3099 = CARTESIAN_POINT('',(-13.47650476558,14.104833189482,0.));
#3100 = CARTESIAN_POINT('',(-13.40040285755,12.618423490964,5.2));
#3101 = CARTESIAN_POINT('',(-13.05194713346,11.145939674676,10.4));
#3102 = CARTESIAN_POINT('',(-12.43425311877,9.754060793415,15.6));
#3103 = CARTESIAN_POINT('',(-11.57615055314,8.507750251159,20.8));
#3104 = CARTESIAN_POINT('',(-10.52499359111,7.454054691033,26.));
#3105 = PCURVE('',#718,#3106);
#3106 = DEFINITIONAL_REPRESENTATION('',(#3107),#3111);
#3107 = LINE('',#3108,#3109);
#3108 = CARTESIAN_POINT('',(0.,0.));
#3109 = VECTOR('',#3110,1.);
#3110 = DIRECTION('',(0.,1.));
#3111 = ( GEOMETRIC_REPRESENTATION_CONTEXT(2) 
PARAMETRIC_REPRESENTATION_CONTEXT() REPRESENTATION_CONTEXT('2D SPACE',''
  ) );
#3112 = PCURVE('',#3113,#3126);
#3113 = B_SPLINE_SURFACE_WITH_KNOTS('',1,5,(
    (#3114,#3115,#3116,#3117,#3118,#3119)
    ,(#3120,#3121,#3122,#3123,#3124,#3125
    )),.UNSPECIFIED.,.F.,.F.,.F.,(2,2),(6,6),(0.,20.),(0.,26.),
  .PIECEWISE_BEZIER_KNOTS.);
#3114 = CARTESIAN_POINT('',(6.02205347805,18.555251868609,0.));
#3115 = CARTESIAN_POINT('',(5.445689930123,19.927480112334,5.2));
#3116 = CARTESIAN_POINT('',(4.617887768101,21.194118798553,10.4));
#3117 = CARTESIAN_POINT('',(3.564221552031,22.293509639431,15.6));
#3118 = CARTESIAN_POINT('',(2.333869227622,23.174340575931,20.8));
#3119 = CARTESIAN_POINT('',(0.987347722599,23.808442404322,26.));
#3120 = CARTESIAN_POINT('',(-13.47650476558,14.104833189482,0.));
#3121 = CARTESIAN_POINT('',(-13.40040285755,12.618423490964,5.2));
#3122 = CARTESIAN_POINT('',(-13.05194713346,11.145939674676,10.4));
#3123 = CARTESIAN_POINT('',(-12.43425311877,9.754060793415,15.6));
#3124 = CARTESIAN_POINT('',(-11.57615055314,8.507750251159,20.8));
#3125 = CARTESIAN_POINT('',(-10.52499359111,7.454054691033,26.));
#3126 = DEFINITIONAL_REPRESENTATION('',(#3127),#3131);
#3127 = LINE('',#3128,#3129);
#3128 = CARTESIAN_POINT('',(20.,0.));
#3129 = VECTOR('',#3130,1.);
#3130 = DIRECTION('',(0.,1.));
#3131 = ( GEOMETRIC_REPRESENTATION_CONTEXT(2) 
PARAMETRIC_REPRESENTATION_CONTEXT() REPRESENTATION_CONTEXT('2D SPACE',''
  ) );
#3132 = ORIENTED_EDGE('',*,*,#3133,.T.);
#3133 = EDGE_CURVE('',#3093,#3134,#3136,.T.);
#3134 = VERTEX_POINT('',#3135);
#3135 = CARTESIAN_POINT('',(-11.36961992913,8.414845522629,
    9.237928559272));
#3136 = SURFACE_CURVE('',#3137,(#3152,#3170),.PCURVE_S1.);
#3137 = B_SPLINE_CURVE_WITH_KNOTS('',4,(#3138,#3139,#3140,#3141,#3142,
    #3143,#3144,#3145,#3146,#3147,#3148,#3149,#3150,#3151),
  .UNSPECIFIED.,.F.,.F.,(5,3,3,3,5),(0.,0.269953522637,0.519990287096,
    0.755014579513,1.),.UNSPECIFIED.);
#3138 = CARTESIAN_POINT('',(-11.92900498053,9.215224920557,
    18.114631061595));
#3139 = CARTESIAN_POINT('',(-11.88425948947,9.210182545722,
    17.510494323995));
#3140 = CARTESIAN_POINT('',(-11.8386796238,9.196115680219,
    16.907024348187));
#3141 = CARTESIAN_POINT('',(-11.79313460305,9.172972474676,
    16.304331676125));
#3142 = CARTESIAN_POINT('',(-11.70711878416,9.111102305656,
    15.145099346402));
#3143 = CARTESIAN_POINT('',(-11.6665204965,9.073650714413,
    14.588435131526));
#3144 = CARTESIAN_POINT('',(-11.62736342647,9.028577060543,
    14.032600620685));
#3145 = CARTESIAN_POINT('',(-11.55545604594,8.926706793489,
    12.956046446374));
#3146 = CARTESIAN_POINT('',(-11.52246157989,8.870776146429,
    12.435222162231));
#3147 = CARTESIAN_POINT('',(-11.49185260097,8.808426568506,
    11.915247814483));
#3148 = CARTESIAN_POINT('',(-11.43523874313,8.668439811887,
    10.855095107457));
#3149 = CARTESIAN_POINT('',(-11.40948343927,8.590266201239,
    10.314994478284));
#3150 = CARTESIAN_POINT('',(-11.38743789996,8.505622861383,9.77592420576
    ));
#3151 = CARTESIAN_POINT('',(-11.36961992913,8.414845522629,
    9.237928559272));
#3152 = PCURVE('',#718,#3153);
#3153 = DEFINITIONAL_REPRESENTATION('',(#3154),#3169);
#3154 = B_SPLINE_CURVE_WITH_KNOTS('',4,(#3155,#3156,#3157,#3158,#3159,
    #3160,#3161,#3162,#3163,#3164,#3165,#3166,#3167,#3168),
  .UNSPECIFIED.,.F.,.F.,(5,3,3,3,5),(0.,0.269953522637,0.519990287096,
    0.755014579513,1.),.UNSPECIFIED.);
#3155 = CARTESIAN_POINT('',(0.,18.114631061595));
#3156 = CARTESIAN_POINT('',(0.204078699741,17.510494323995));
#3157 = CARTESIAN_POINT('',(0.414545511884,16.907024348187));
#3158 = CARTESIAN_POINT('',(0.631172056356,16.304331676125));
#3159 = CARTESIAN_POINT('',(1.059828976165,15.145099346402));
#3160 = CARTESIAN_POINT('',(1.271019516866,14.588435131526));
#3161 = CARTESIAN_POINT('',(1.487083930621,14.032600620685));
#3162 = CARTESIAN_POINT('',(1.91529123166,12.956046446374));
#3163 = CARTESIAN_POINT('',(2.126890832603,12.435222162231));
#3164 = CARTESIAN_POINT('',(2.342439958418,11.915247814483));
#3165 = CARTESIAN_POINT('',(2.790376218339,10.855095107457));
#3166 = CARTESIAN_POINT('',(3.023089954845,10.314994478284));
#3167 = CARTESIAN_POINT('',(3.259699591178,9.77592420576));
#3168 = CARTESIAN_POINT('',(3.5,9.237928559272));
#3169 = ( GEOMETRIC_REPRESENTATION_CONTEXT(2) 
PARAMETRIC_REPRESENTATION_CONTEXT() REPRESENTATION_CONTEXT('2D SPACE',''
  ) );
#3170 = PCURVE('',#1160,#3171);
#3171 = DEFINITIONAL_REPRESENTATION('',(#3172),#3187);
#3172 = B_SPLINE_CURVE_WITH_KNOTS('',4,(#3173,#3174,#3175,#3176,#3177,
    #3178,#3179,#3180,#3181,#3182,#3183,#3184,#3185,#3186),
  .UNSPECIFIED.,.F.,.F.,(5,3,3,3,5),(0.,0.269953522637,0.519990287096,
    0.755014579513,1.),.UNSPECIFIED.);
#3173 = CARTESIAN_POINT('',(12.603665975573,18.114631061595));
#3174 = CARTESIAN_POINT('',(12.625672070469,17.510494323996));
#3175 = CARTESIAN_POINT('',(12.639593746476,16.907024348187));
#3176 = CARTESIAN_POINT('',(12.645450071685,16.304331676125));
#3177 = CARTESIAN_POINT('',(12.641300259871,15.145099346402));
#3178 = CARTESIAN_POINT('',(12.632432423452,14.588435131526));
#3179 = CARTESIAN_POINT('',(12.616735620312,14.032600620685));
#3180 = CARTESIAN_POINT('',(12.573166889373,12.956046446374));
#3181 = CARTESIAN_POINT('',(12.546082439618,12.435222162231));
#3182 = CARTESIAN_POINT('',(12.513079480232,11.915247814483));
#3183 = CARTESIAN_POINT('',(12.433734291483,10.855095107291));
#3184 = CARTESIAN_POINT('',(12.386885850663,10.314994478737));
#3185 = CARTESIAN_POINT('',(12.33376660486,9.775924205234));
#3186 = CARTESIAN_POINT('',(12.274474834008,9.237928559558));
#3187 = ( GEOMETRIC_REPRESENTATION_CONTEXT(2) 
PARAMETRIC_REPRESENTATION_CONTEXT() REPRESENTATION_CONTEXT('2D SPACE',''
  ) );
#3188 = ORIENTED_EDGE('',*,*,#3189,.T.);
#3189 = EDGE_CURVE('',#3134,#687,#3190,.T.);
#3190 = SURFACE_CURVE('',#3191,(#3198,#3205),.PCURVE_S1.);
#3191 = B_SPLINE_CURVE_WITH_KNOTS('',5,(#3192,#3193,#3194,#3195,#3196,
    #3197),.UNSPECIFIED.,.F.,.F.,(6,6),(0.,26.),
  .PIECEWISE_BEZIER_KNOTS.);
#3192 = CARTESIAN_POINT('',(-12.69768149673,10.692585496846,0.));
#3193 = CARTESIAN_POINT('',(-12.12131794881,9.320357253121,5.2));
#3194 = CARTESIAN_POINT('',(-11.29351578679,8.053718566902,10.4));
#3195 = CARTESIAN_POINT('',(-10.23984957072,6.954327726024,15.6));
#3196 = CARTESIAN_POINT('',(-9.009497246311,6.073496789524,20.8));
#3197 = CARTESIAN_POINT('',(-7.662975741289,5.439394961133,26.));
#3198 = PCURVE('',#718,#3199);
#3199 = DEFINITIONAL_REPRESENTATION('',(#3200),#3204);
#3200 = LINE('',#3201,#3202);
#3201 = CARTESIAN_POINT('',(3.5,0.));
#3202 = VECTOR('',#3203,1.);
#3203 = DIRECTION('',(0.,1.));
#3204 = ( GEOMETRIC_REPRESENTATION_CONTEXT(2) 
PARAMETRIC_REPRESENTATION_CONTEXT() REPRESENTATION_CONTEXT('2D SPACE',''
  ) );
#3205 = PCURVE('',#871,#3206);
#3206 = DEFINITIONAL_REPRESENTATION('',(#3207),#3211);
#3207 = LINE('',#3208,#3209);
#3208 = CARTESIAN_POINT('',(0.,0.));
#3209 = VECTOR('',#3210,1.);
#3210 = DIRECTION('',(0.,1.));
#3211 = ( GEOMETRIC_REPRESENTATION_CONTEXT(2) 
PARAMETRIC_REPRESENTATION_CONTEXT() REPRESENTATION_CONTEXT('2D SPACE',''
  ) );
#3212 = ORIENTED_EDGE('',*,*,#686,.T.);
#3213 = ORIENTED_EDGE('',*,*,#3214,.F.);
#3214 = EDGE_CURVE('',#3095,#689,#3215,.T.);
#3215 = SURFACE_CURVE('',#3216,(#3219,#3226),.PCURVE_S1.);
#3216 = B_SPLINE_CURVE_WITH_KNOTS('',1,(#3217,#3218),.UNSPECIFIED.,.F.,
  .F.,(2,2),(0.,3.5),.PIECEWISE_BEZIER_KNOTS.);
#3217 = CARTESIAN_POINT('',(-10.52499359111,7.454054691033,26.));
#3218 = CARTESIAN_POINT('',(-7.662975741289,5.439394961133,26.));
#3219 = PCURVE('',#718,#3220);
#3220 = DEFINITIONAL_REPRESENTATION('',(#3221),#3225);
#3221 = LINE('',#3222,#3223);
#3222 = CARTESIAN_POINT('',(0.,26.));
#3223 = VECTOR('',#3224,1.);
#3224 = DIRECTION('',(1.,0.));
#3225 = ( GEOMETRIC_REPRESENTATION_CONTEXT(2) 
PARAMETRIC_REPRESENTATION_CONTEXT() REPRESENTATION_CONTEXT('2D SPACE',''
  ) );
#3226 = PCURVE('',#961,#3227);
#3227 = DEFINITIONAL_REPRESENTATION('',(#3228),#3231);
#3228 = B_SPLINE_CURVE_WITH_KNOTS('',1,(#3229,#3230),.UNSPECIFIED.,.F.,
  .F.,(2,2),(0.,3.5),.PIECEWISE_BEZIER_KNOTS.);
#3229 = CARTESIAN_POINT('',(-5.390802619003,8.602426815902));
#3230 = CARTESIAN_POINT('',(-7.991809508174,6.260469693646));
#3231 = ( GEOMETRIC_REPRESENTATION_CONTEXT(2) 
PARAMETRIC_REPRESENTATION_CONTEXT() REPRESENTATION_CONTEXT('2D SPACE',''
  ) );
#3232 = ADVANCED_FACE('',(#3233),#871,.T.);
#3233 = FACE_BOUND('',#3234,.T.);
#3234 = EDGE_LOOP('',(#3235,#3236,#3280,#3304,#3305,#3306,#3374,#3413,
    #3432));
#3235 = ORIENTED_EDGE('',*,*,#3189,.F.);
#3236 = ORIENTED_EDGE('',*,*,#3237,.T.);
#3237 = EDGE_CURVE('',#3134,#3238,#3240,.T.);
#3238 = VERTEX_POINT('',#3239);
#3239 = CARTESIAN_POINT('',(-9.169284499099,11.497919086615,0.));
#3240 = SURFACE_CURVE('',#3241,(#3252,#3266),.PCURVE_S1.);
#3241 = B_SPLINE_CURVE_WITH_KNOTS('',5,(#3242,#3243,#3244,#3245,#3246,
    #3247,#3248,#3249,#3250,#3251),.UNSPECIFIED.,.F.,.F.,(6,4,6),(0.,
    0.500684603585,1.),.UNSPECIFIED.);
#3242 = CARTESIAN_POINT('',(-11.36961992913,8.414845522629,
    9.237928559272));
#3243 = CARTESIAN_POINT('',(-11.2398304948,8.778460027431,8.311432387271
    ));
#3244 = CARTESIAN_POINT('',(-11.08503859126,9.132404785398,
    7.385467433233));
#3245 = CARTESIAN_POINT('',(-10.9061570779,9.474491414115,6.459953312042
    ));
#3246 = CARTESIAN_POINT('',(-10.70437131428,9.80266067699,5.534801421195
    ));
#3247 = CARTESIAN_POINT('',(-10.25843952614,10.426557816951,
    3.687574774701));
#3248 = CARTESIAN_POINT('',(-10.01441063458,10.722372239204,
    2.765497658073));
#3249 = CARTESIAN_POINT('',(-9.750420340515,11.000618354008,
    1.843604481497));
#3250 = CARTESIAN_POINT('',(-9.468104926675,11.259617738443,
    0.921802178909));
#3251 = CARTESIAN_POINT('',(-9.169284499099,11.497919086615,
    -8.881784197001E-16));
#3252 = PCURVE('',#871,#3253);
#3253 = DEFINITIONAL_REPRESENTATION('',(#3254),#3265);
#3254 = B_SPLINE_CURVE_WITH_KNOTS('',5,(#3255,#3256,#3257,#3258,#3259,
    #3260,#3261,#3262,#3263,#3264),.UNSPECIFIED.,.F.,.F.,(6,4,6),(0.,
    0.500684603585,1.),.UNSPECIFIED.);
#3255 = CARTESIAN_POINT('',(0.,9.237928559272));
#3256 = CARTESIAN_POINT('',(0.330016456694,8.311432387271));
#3257 = CARTESIAN_POINT('',(0.669091571373,7.385467433233));
#3258 = CARTESIAN_POINT('',(1.016763238934,6.459953312042));
#3259 = CARTESIAN_POINT('',(1.372556135072,5.534801421195));
#3260 = CARTESIAN_POINT('',(2.098412545351,3.687574774701));
#3261 = CARTESIAN_POINT('',(2.468434715701,2.765497658073));
#3262 = CARTESIAN_POINT('',(2.845562643525,1.843604481497));
#3263 = CARTESIAN_POINT('',(3.229299976336,0.921802178909));
#3264 = CARTESIAN_POINT('',(3.6191363008,0.));
#3265 = ( GEOMETRIC_REPRESENTATION_CONTEXT(2) 
PARAMETRIC_REPRESENTATION_CONTEXT() REPRESENTATION_CONTEXT('2D SPACE',''
  ) );
#3266 = PCURVE('',#1160,#3267);
#3267 = DEFINITIONAL_REPRESENTATION('',(#3268),#3279);
#3268 = B_SPLINE_CURVE_WITH_KNOTS('',5,(#3269,#3270,#3271,#3272,#3273,
    #3274,#3275,#3276,#3277,#3278),.UNSPECIFIED.,.F.,.F.,(6,4,6),(0.,
    0.500684603585,1.),.UNSPECIFIED.);
#3269 = CARTESIAN_POINT('',(12.274474833977,9.237928559271));
#3270 = CARTESIAN_POINT('',(12.701672229317,8.311432387273));
#3271 = CARTESIAN_POINT('',(13.125965762916,7.38546743323));
#3272 = CARTESIAN_POINT('',(13.546791410222,6.459953312044));
#3273 = CARTESIAN_POINT('',(13.963599213427,5.534801421194));
#3274 = CARTESIAN_POINT('',(14.786973432257,3.687574774864));
#3275 = CARTESIAN_POINT('',(15.193565119658,2.765497657529));
#3276 = CARTESIAN_POINT('',(15.595090297357,1.843604482314));
#3277 = CARTESIAN_POINT('',(15.991027378617,0.921802178256));
#3278 = CARTESIAN_POINT('',(16.380863699085,2.72348021213E-10));
#3279 = ( GEOMETRIC_REPRESENTATION_CONTEXT(2) 
PARAMETRIC_REPRESENTATION_CONTEXT() REPRESENTATION_CONTEXT('2D SPACE',''
  ) );
#3280 = ORIENTED_EDGE('',*,*,#3281,.T.);
#3281 = EDGE_CURVE('',#3238,#2847,#3282,.T.);
#3282 = SURFACE_CURVE('',#3283,(#3286,#3293),.PCURVE_S1.);
#3283 = B_SPLINE_CURVE_WITH_KNOTS('',1,(#3284,#3285),.UNSPECIFIED.,.F.,
  .F.,(2,2),(0.,20.),.PIECEWISE_BEZIER_KNOTS.);
#3284 = CARTESIAN_POINT('',(-12.69768149673,10.692585496846,0.));
#3285 = CARTESIAN_POINT('',(6.800876746897,15.143004175972,0.));
#3286 = PCURVE('',#871,#3287);
#3287 = DEFINITIONAL_REPRESENTATION('',(#3288),#3292);
#3288 = LINE('',#3289,#3290);
#3289 = CARTESIAN_POINT('',(0.,0.));
#3290 = VECTOR('',#3291,1.);
#3291 = DIRECTION('',(1.,0.));
#3292 = ( GEOMETRIC_REPRESENTATION_CONTEXT(2) 
PARAMETRIC_REPRESENTATION_CONTEXT() REPRESENTATION_CONTEXT('2D SPACE',''
  ) );
#3293 = PCURVE('',#3294,#3299);
#3294 = PLANE('',#3295);
#3295 = AXIS2_PLACEMENT_3D('',#3296,#3297,#3298);
#3296 = CARTESIAN_POINT('',(-3.337814009345,14.623918682727,0.));
#3297 = DIRECTION('',(0.,0.,1.));
#3298 = DIRECTION('',(-0.222520933956,0.974927912182,0.));
#3299 = DEFINITIONAL_REPRESENTATION('',(#3300),#3303);
#3300 = B_SPLINE_CURVE_WITH_KNOTS('',1,(#3301,#3302),.UNSPECIFIED.,.F.,
  .F.,(2,2),(0.,20.),.PIECEWISE_BEZIER_KNOTS.);
#3301 = CARTESIAN_POINT('',(-1.75,10.));
#3302 = CARTESIAN_POINT('',(-1.75,-10.));
#3303 = ( GEOMETRIC_REPRESENTATION_CONTEXT(2) 
PARAMETRIC_REPRESENTATION_CONTEXT() REPRESENTATION_CONTEXT('2D SPACE',''
  ) );
#3304 = ORIENTED_EDGE('',*,*,#2846,.F.);
#3305 = ORIENTED_EDGE('',*,*,#2742,.F.);
#3306 = ORIENTED_EDGE('',*,*,#3307,.F.);
#3307 = EDGE_CURVE('',#3308,#2702,#3310,.T.);
#3308 = VERTEX_POINT('',#3309);
#3309 = CARTESIAN_POINT('',(6.755461400722,15.714021603952,
    2.001576291241));
#3310 = SURFACE_CURVE('',#3311,(#3330,#3352),.PCURVE_S1.);
#3311 = B_SPLINE_CURVE_WITH_KNOTS('',5,(#3312,#3313,#3314,#3315,#3316,
    #3317,#3318,#3319,#3320,#3321,#3322,#3323,#3324,#3325,#3326,#3327,
    #3328,#3329),.UNSPECIFIED.,.F.,.F.,(6,4,4,4,6),(0.,0.251384578755,
    0.501769402909,0.751798254116,1.),.UNSPECIFIED.);
#3312 = CARTESIAN_POINT('',(6.755461400722,15.714021603952,
    2.001576291241));
#3313 = CARTESIAN_POINT('',(6.395412481336,15.846272896388,
    2.806219936955));
#3314 = CARTESIAN_POINT('',(6.030225180329,15.957742250477,
    3.611301642154));
#3315 = CARTESIAN_POINT('',(5.661452768675,16.048117898056,
    4.416887008181));
#3316 = CARTESIAN_POINT('',(5.290681232499,16.117254873962,5.22304251345
    ));
#3317 = CARTESIAN_POINT('',(4.549790596307,16.212914356125,
    6.833411016464));
#3318 = CARTESIAN_POINT('',(4.179674542257,16.239605280978,
    7.637619475798));
#3319 = CARTESIAN_POINT('',(3.810717938764,16.245278885676,
    8.442518571514));
#3320 = CARTESIAN_POINT('',(3.444488820991,16.230130629193,
    9.248170143786));
#3321 = CARTESIAN_POINT('',(2.72107033418,16.158970625852,
    10.859945429428));
#3322 = CARTESIAN_POINT('',(2.363868626967,16.103016989766,
    11.666067341861));
#3323 = CARTESIAN_POINT('',(2.012445619947,16.027027381772,
    12.473053380254));
#3324 = CARTESIAN_POINT('',(1.66829548156,15.931533108786,
    13.280958495263));
#3325 = CARTESIAN_POINT('',(0.999844152942,15.703758344326,
    14.89279272638));
#3326 = CARTESIAN_POINT('',(0.675416072564,15.57175170201,
    15.696708272469));
#3327 = CARTESIAN_POINT('',(0.360954780007,15.421886633453,
    16.501624970614));
#3328 = CARTESIAN_POINT('',(5.778738166328E-02,15.254999110928,
    17.30758712549));
#3329 = CARTESIAN_POINT('',(-0.232859990772,15.072070408104,
    18.114631061595));
#3330 = PCURVE('',#871,#3331);
#3331 = DEFINITIONAL_REPRESENTATION('',(#3332),#3351);
#3332 = B_SPLINE_CURVE_WITH_KNOTS('',5,(#3333,#3334,#3335,#3336,#3337,
    #3338,#3339,#3340,#3341,#3342,#3343,#3344,#3345,#3346,#3347,#3348,
    #3349,#3350),.UNSPECIFIED.,.F.,.F.,(6,4,4,4,6),(0.,0.251384578755,
    0.501769402909,0.751798254116,1.),.UNSPECIFIED.);
#3333 = CARTESIAN_POINT('',(20.,2.001576291241));
#3334 = CARTESIAN_POINT('',(19.651008629771,2.806219936955));
#3335 = CARTESIAN_POINT('',(19.297732003456,3.611301642154));
#3336 = CARTESIAN_POINT('',(18.940507473095,4.416887008181));
#3337 = CARTESIAN_POINT('',(18.579679756119,5.22304251345));
#3338 = CARTESIAN_POINT('',(17.852974988326,6.833411016464));
#3339 = CARTESIAN_POINT('',(17.487123506988,7.637619475798));
#3340 = CARTESIAN_POINT('',(17.118399286138,8.442518571513));
#3341 = CARTESIAN_POINT('',(16.747160886039,9.248170143786));
#3342 = CARTESIAN_POINT('',(16.000923986164,10.859945429428));
#3343 = CARTESIAN_POINT('',(15.625931351178,11.666067341861));
#3344 = CARTESIAN_POINT('',(15.249166237124,12.473053380254));
#3345 = CARTESIAN_POINT('',(14.871004320049,13.280958495263));
#3346 = CARTESIAN_POINT('',(14.115428933699,14.89279272638));
#3347 = CARTESIAN_POINT('',(13.738029945399,15.69670827247));
#3348 = CARTESIAN_POINT('',(13.360011458904,16.501624970613));
#3349 = CARTESIAN_POINT('',(12.981758714338,17.30758712549));
#3350 = CARTESIAN_POINT('',(12.603665975573,18.114631061595));
#3351 = ( GEOMETRIC_REPRESENTATION_CONTEXT(2) 
PARAMETRIC_REPRESENTATION_CONTEXT() REPRESENTATION_CONTEXT('2D SPACE',''
  ) );
#3352 = PCURVE('',#2722,#3353);
#3353 = DEFINITIONAL_REPRESENTATION('',(#3354),#3373);
#3354 = B_SPLINE_CURVE_WITH_KNOTS('',5,(#3355,#3356,#3357,#3358,#3359,
    #3360,#3361,#3362,#3363,#3364,#3365,#3366,#3367,#3368,#3369,#3370,
    #3371,#3372),.UNSPECIFIED.,.F.,.F.,(6,4,4,4,6),(0.,0.251384578755,
    0.501769402909,0.751798254116,1.),.UNSPECIFIED.);
#3355 = CARTESIAN_POINT('',(14.424238193558,2.001576291241));
#3356 = CARTESIAN_POINT('',(14.754742469593,2.806219936955));
#3357 = CARTESIAN_POINT('',(15.080242610551,3.611301642154));
#3358 = CARTESIAN_POINT('',(15.40040012217,4.416887008181));
#3359 = CARTESIAN_POINT('',(15.71488224369,5.22304251345));
#3360 = CARTESIAN_POINT('',(16.330612687492,6.833411016464));
#3361 = CARTESIAN_POINT('',(16.63190885395,7.637619475799));
#3362 = CARTESIAN_POINT('',(16.926925239706,8.442518571513));
#3363 = CARTESIAN_POINT('',(17.215343550937,9.248170143786));
#3364 = CARTESIAN_POINT('',(17.777958852538,10.859945429428));
#3365 = CARTESIAN_POINT('',(18.052175653898,11.666067341861));
#3366 = CARTESIAN_POINT('',(18.319190618219,12.473053380254));
#3367 = CARTESIAN_POINT('',(18.578699612011,13.280958495263));
#3368 = CARTESIAN_POINT('',(19.080273391408,14.89279272638));
#3369 = CARTESIAN_POINT('',(19.322451955886,15.696708272469));
#3370 = CARTESIAN_POINT('',(19.556651912244,16.501624970613));
#3371 = CARTESIAN_POINT('',(19.782591833908,17.30758712549));
#3372 = CARTESIAN_POINT('',(20.,18.114631061595));
#3373 = ( GEOMETRIC_REPRESENTATION_CONTEXT(2) 
PARAMETRIC_REPRESENTATION_CONTEXT() REPRESENTATION_CONTEXT('2D SPACE',''
  ) );
#3374 = ORIENTED_EDGE('',*,*,#3375,.T.);
#3375 = EDGE_CURVE('',#3308,#3376,#3378,.T.);
#3376 = VERTEX_POINT('',#3377);
#3377 = CARTESIAN_POINT('',(3.849365572425,21.793782674422,26.));
#3378 = SURFACE_CURVE('',#3379,(#3386,#3393),.PCURVE_S1.);
#3379 = B_SPLINE_CURVE_WITH_KNOTS('',5,(#3380,#3381,#3382,#3383,#3384,
    #3385),.UNSPECIFIED.,.F.,.F.,(6,6),(0.,26.),
  .PIECEWISE_BEZIER_KNOTS.);
#3380 = CARTESIAN_POINT('',(6.800876746897,15.143004175972,0.));
#3381 = CARTESIAN_POINT('',(6.724774838863,16.629413874491,5.2));
#3382 = CARTESIAN_POINT('',(6.376319114779,18.101897690778,10.4));
#3383 = CARTESIAN_POINT('',(5.758625100084,19.49377657204,15.6));
#3384 = CARTESIAN_POINT('',(4.900522534457,20.740087114296,20.8));
#3385 = CARTESIAN_POINT('',(3.849365572425,21.793782674422,26.));
#3386 = PCURVE('',#871,#3387);
#3387 = DEFINITIONAL_REPRESENTATION('',(#3388),#3392);
#3388 = LINE('',#3389,#3390);
#3389 = CARTESIAN_POINT('',(20.,0.));
#3390 = VECTOR('',#3391,1.);
#3391 = DIRECTION('',(0.,1.));
#3392 = ( GEOMETRIC_REPRESENTATION_CONTEXT(2) 
PARAMETRIC_REPRESENTATION_CONTEXT() REPRESENTATION_CONTEXT('2D SPACE',''
  ) );
#3393 = PCURVE('',#3394,#3407);
#3394 = B_SPLINE_SURFACE_WITH_KNOTS('',1,5,(
    (#3395,#3396,#3397,#3398,#3399,#3400)
    ,(#3401,#3402,#3403,#3404,#3405,#3406
    )),.UNSPECIFIED.,.F.,.F.,.F.,(2,2),(6,6),(0.,3.5),(0.,26.),
  .PIECEWISE_BEZIER_KNOTS.);
#3395 = CARTESIAN_POINT('',(6.800876746897,15.143004175972,0.));
#3396 = CARTESIAN_POINT('',(6.724774838863,16.629413874491,5.2));
#3397 = CARTESIAN_POINT('',(6.376319114779,18.101897690778,10.4));
#3398 = CARTESIAN_POINT('',(5.758625100084,19.49377657204,15.6));
#3399 = CARTESIAN_POINT('',(4.900522534457,20.740087114296,20.8));
#3400 = CARTESIAN_POINT('',(3.849365572425,21.793782674422,26.));
#3401 = CARTESIAN_POINT('',(6.02205347805,18.555251868609,0.));
#3402 = CARTESIAN_POINT('',(5.445689930123,19.927480112334,5.2));
#3403 = CARTESIAN_POINT('',(4.617887768101,21.194118798553,10.4));
#3404 = CARTESIAN_POINT('',(3.564221552031,22.293509639431,15.6));
#3405 = CARTESIAN_POINT('',(2.333869227622,23.174340575931,20.8));
#3406 = CARTESIAN_POINT('',(0.987347722599,23.808442404322,26.));
#3407 = DEFINITIONAL_REPRESENTATION('',(#3408),#3412);
#3408 = LINE('',#3409,#3410);
#3409 = CARTESIAN_POINT('',(0.,0.));
#3410 = VECTOR('',#3411,1.);
#3411 = DIRECTION('',(0.,1.));
#3412 = ( GEOMETRIC_REPRESENTATION_CONTEXT(2) 
PARAMETRIC_REPRESENTATION_CONTEXT() REPRESENTATION_CONTEXT('2D SPACE',''
  ) );
#3413 = ORIENTED_EDGE('',*,*,#3414,.F.);
#3414 = EDGE_CURVE('',#746,#3376,#3415,.T.);
#3415 = SURFACE_CURVE('',#3416,(#3419,#3426),.PCURVE_S1.);
#3416 = B_SPLINE_CURVE_WITH_KNOTS('',1,(#3417,#3418),.UNSPECIFIED.,.F.,
  .F.,(2,2),(0.,20.),.PIECEWISE_BEZIER_KNOTS.);
#3417 = CARTESIAN_POINT('',(-7.662975741289,5.439394961133,26.));
#3418 = CARTESIAN_POINT('',(3.849365572425,21.793782674422,26.));
#3419 = PCURVE('',#871,#3420);
#3420 = DEFINITIONAL_REPRESENTATION('',(#3421),#3425);
#3421 = LINE('',#3422,#3423);
#3422 = CARTESIAN_POINT('',(0.,26.));
#3423 = VECTOR('',#3424,1.);
#3424 = DIRECTION('',(1.,0.));
#3425 = ( GEOMETRIC_REPRESENTATION_CONTEXT(2) 
PARAMETRIC_REPRESENTATION_CONTEXT() REPRESENTATION_CONTEXT('2D SPACE',''
  ) );
#3426 = PCURVE('',#961,#3427);
#3427 = DEFINITIONAL_REPRESENTATION('',(#3428),#3431);
#3428 = B_SPLINE_CURVE_WITH_KNOTS('',1,(#3429,#3430),.UNSPECIFIED.,.F.,
  .F.,(2,2),(0.,20.),.PIECEWISE_BEZIER_KNOTS.);
#3429 = CARTESIAN_POINT('',(-7.991809508174,6.260469693646));
#3430 = CARTESIAN_POINT('',(5.390802619003,-8.602426815902));
#3431 = ( GEOMETRIC_REPRESENTATION_CONTEXT(2) 
PARAMETRIC_REPRESENTATION_CONTEXT() REPRESENTATION_CONTEXT('2D SPACE',''
  ) );
#3432 = ORIENTED_EDGE('',*,*,#745,.T.);
#3433 = ADVANCED_FACE('',(#3434),#961,.T.);
#3434 = FACE_BOUND('',#3435,.T.);
#3435 = EDGE_LOOP('',(#3436,#3437,#3458,#3477,#3478));
#3436 = ORIENTED_EDGE('',*,*,#3414,.T.);
#3437 = ORIENTED_EDGE('',*,*,#3438,.T.);
#3438 = EDGE_CURVE('',#3376,#3439,#3441,.T.);
#3439 = VERTEX_POINT('',#3440);
#3440 = CARTESIAN_POINT('',(0.987347722599,23.808442404322,26.));
#3441 = SURFACE_CURVE('',#3442,(#3445,#3451),.PCURVE_S1.);
#3442 = B_SPLINE_CURVE_WITH_KNOTS('',1,(#3443,#3444),.UNSPECIFIED.,.F.,
  .F.,(2,2),(0.,3.5),.PIECEWISE_BEZIER_KNOTS.);
#3443 = CARTESIAN_POINT('',(3.849365572425,21.793782674422,26.));
#3444 = CARTESIAN_POINT('',(0.987347722599,23.808442404322,26.));
#3445 = PCURVE('',#961,#3446);
#3446 = DEFINITIONAL_REPRESENTATION('',(#3447),#3450);
#3447 = B_SPLINE_CURVE_WITH_KNOTS('',1,(#3448,#3449),.UNSPECIFIED.,.F.,
  .F.,(2,2),(0.,3.5),.PIECEWISE_BEZIER_KNOTS.);
#3448 = CARTESIAN_POINT('',(5.390802619003,-8.602426815902));
#3449 = CARTESIAN_POINT('',(7.991809508174,-6.260469693646));
#3450 = ( GEOMETRIC_REPRESENTATION_CONTEXT(2) 
PARAMETRIC_REPRESENTATION_CONTEXT() REPRESENTATION_CONTEXT('2D SPACE',''
  ) );
#3451 = PCURVE('',#3394,#3452);
#3452 = DEFINITIONAL_REPRESENTATION('',(#3453),#3457);
#3453 = LINE('',#3454,#3455);
#3454 = CARTESIAN_POINT('',(0.,26.));
#3455 = VECTOR('',#3456,1.);
#3456 = DIRECTION('',(1.,0.));
#3457 = ( GEOMETRIC_REPRESENTATION_CONTEXT(2) 
PARAMETRIC_REPRESENTATION_CONTEXT() REPRESENTATION_CONTEXT('2D SPACE',''
  ) );
#3458 = ORIENTED_EDGE('',*,*,#3459,.T.);
#3459 = EDGE_CURVE('',#3439,#3095,#3460,.T.);
#3460 = SURFACE_CURVE('',#3461,(#3464,#3470),.PCURVE_S1.);
#3461 = B_SPLINE_CURVE_WITH_KNOTS('',1,(#3462,#3463),.UNSPECIFIED.,.F.,
  .F.,(2,2),(0.,20.),.PIECEWISE_BEZIER_KNOTS.);
#3462 = CARTESIAN_POINT('',(0.987347722599,23.808442404322,26.));
#3463 = CARTESIAN_POINT('',(-10.52499359111,7.454054691033,26.));
#3464 = PCURVE('',#961,#3465);
#3465 = DEFINITIONAL_REPRESENTATION('',(#3466),#3469);
#3466 = B_SPLINE_CURVE_WITH_KNOTS('',1,(#3467,#3468),.UNSPECIFIED.,.F.,
  .F.,(2,2),(0.,20.),.PIECEWISE_BEZIER_KNOTS.);
#3467 = CARTESIAN_POINT('',(7.991809508174,-6.260469693646));
#3468 = CARTESIAN_POINT('',(-5.390802619003,8.602426815902));
#3469 = ( GEOMETRIC_REPRESENTATION_CONTEXT(2) 
PARAMETRIC_REPRESENTATION_CONTEXT() REPRESENTATION_CONTEXT('2D SPACE',''
  ) );
#3470 = PCURVE('',#3113,#3471);
#3471 = DEFINITIONAL_REPRESENTATION('',(#3472),#3476);
#3472 = LINE('',#3473,#3474);
#3473 = CARTESIAN_POINT('',(0.,26.));
#3474 = VECTOR('',#3475,1.);
#3475 = DIRECTION('',(1.,0.));
#3476 = ( GEOMETRIC_REPRESENTATION_CONTEXT(2) 
PARAMETRIC_REPRESENTATION_CONTEXT() REPRESENTATION_CONTEXT('2D SPACE',''
  ) );
#3477 = ORIENTED_EDGE('',*,*,#3214,.T.);
#3478 = ORIENTED_EDGE('',*,*,#946,.F.);
#3479 = ADVANCED_FACE('',(#3480),#1007,.T.);
#3480 = FACE_BOUND('',#3481,.T.);
#3481 = EDGE_LOOP('',(#3482,#3523,#3579,#3603,#3604));
#3482 = ORIENTED_EDGE('',*,*,#3483,.F.);
#3483 = EDGE_CURVE('',#3484,#3486,#3488,.T.);
#3484 = VERTEX_POINT('',#3485);
#3485 = CARTESIAN_POINT('',(-14.6423659126,-3.5808728885,18.114631061595
    ));
#3486 = VERTEX_POINT('',#3487);
#3487 = CARTESIAN_POINT('',(-12.39004079817,-3.581244259951,26.));
#3488 = SURFACE_CURVE('',#3489,(#3496,#3503),.PCURVE_S1.);
#3489 = B_SPLINE_CURVE_WITH_KNOTS('',5,(#3490,#3491,#3492,#3493,#3494,
    #3495),.UNSPECIFIED.,.F.,.F.,(6,6),(0.,26.),
  .PIECEWISE_BEZIER_KNOTS.);
#3490 = CARTESIAN_POINT('',(-19.43006592854,-1.742136048805,0.));
#3491 = CARTESIAN_POINT('',(-18.22049526683,-2.609398469638,5.2));
#3492 = CARTESIAN_POINT('',(-16.85200247146,-3.255043457161,10.4));
#3493 = CARTESIAN_POINT('',(-15.37866182348,-3.639933117829,15.6));
#3494 = CARTESIAN_POINT('',(-13.86923880599,-3.746103429881,20.8));
#3495 = CARTESIAN_POINT('',(-12.39004079817,-3.581244259951,26.));
#3496 = PCURVE('',#1007,#3497);
#3497 = DEFINITIONAL_REPRESENTATION('',(#3498),#3502);
#3498 = LINE('',#3499,#3500);
#3499 = CARTESIAN_POINT('',(0.,0.));
#3500 = VECTOR('',#3501,1.);
#3501 = DIRECTION('',(0.,1.));
#3502 = ( GEOMETRIC_REPRESENTATION_CONTEXT(2) 
PARAMETRIC_REPRESENTATION_CONTEXT() REPRESENTATION_CONTEXT('2D SPACE',''
  ) );
#3503 = PCURVE('',#3504,#3517);
#3504 = B_SPLINE_SURFACE_WITH_KNOTS('',1,5,(
    (#3505,#3506,#3507,#3508,#3509,#3510)
    ,(#3511,#3512,#3513,#3514,#3515,#3516
    )),.UNSPECIFIED.,.F.,.F.,.F.,(2,2),(6,6),(0.,20.),(0.,26.),
  .PIECEWISE_BEZIER_KNOTS.);
#3505 = CARTESIAN_POINT('',(-10.75239114619,16.277241309243,0.));
#3506 = CARTESIAN_POINT('',(-12.18459918256,16.682192457912,5.2));
#3507 = CARTESIAN_POINT('',(-13.69102339033,16.824726969885,10.4));
#3508 = CARTESIAN_POINT('',(-15.20751190155,16.686396527693,15.6));
#3509 = CARTESIAN_POINT('',(-16.6632853854,16.273657452012,20.8));
#3510 = CARTESIAN_POINT('',(-17.99858858429,15.616260570907,26.));
#3511 = CARTESIAN_POINT('',(-19.43006592854,-1.742136048805,0.));
#3512 = CARTESIAN_POINT('',(-18.22049526683,-2.609398469638,5.2));
#3513 = CARTESIAN_POINT('',(-16.85200247146,-3.255043457161,10.4));
#3514 = CARTESIAN_POINT('',(-15.37866182348,-3.639933117829,15.6));
#3515 = CARTESIAN_POINT('',(-13.86923880599,-3.746103429881,20.8));
#3516 = CARTESIAN_POINT('',(-12.39004079817,-3.581244259951,26.));
#3517 = DEFINITIONAL_REPRESENTATION('',(#3518),#3522);
#3518 = LINE('',#3519,#3520);
#3519 = CARTESIAN_POINT('',(20.,0.));
#3520 = VECTOR('',#3521,1.);
#3521 = DIRECTION('',(0.,1.));
#3522 = ( GEOMETRIC_REPRESENTATION_CONTEXT(2) 
PARAMETRIC_REPRESENTATION_CONTEXT() REPRESENTATION_CONTEXT('2D SPACE',''
  ) );
#3523 = ORIENTED_EDGE('',*,*,#3524,.T.);
#3524 = EDGE_CURVE('',#3484,#3525,#3527,.T.);
#3525 = VERTEX_POINT('',#3526);
#3526 = CARTESIAN_POINT('',(-13.66783322652,-3.642556436721,
    9.237928559272));
#3527 = SURFACE_CURVE('',#3528,(#3543,#3561),.PCURVE_S1.);
#3528 = B_SPLINE_CURVE_WITH_KNOTS('',4,(#3529,#3530,#3531,#3532,#3533,
    #3534,#3535,#3536,#3537,#3538,#3539,#3540,#3541,#3542),
  .UNSPECIFIED.,.F.,.F.,(5,3,3,3,5),(0.,0.27343371359,0.525656363489,
    0.76266011913,1.),.UNSPECIFIED.);
#3529 = CARTESIAN_POINT('',(-14.6423659126,-3.5808728885,18.114631061595
    ));
#3530 = CARTESIAN_POINT('',(-14.61011478925,-3.548622858333,
    17.50270590448));
#3531 = CARTESIAN_POINT('',(-14.57009119554,-3.521476231024,
    16.891464809297));
#3532 = CARTESIAN_POINT('',(-14.52281625421,-3.500172859189,
    16.281022655054));
#3533 = CARTESIAN_POINT('',(-14.41921655016,-3.471660403029,
    15.109224803237));
#3534 = CARTESIAN_POINT('',(-14.36387732339,-3.463485557049,
    14.547734622478));
#3535 = CARTESIAN_POINT('',(-14.30340772011,-3.461309699713,
    13.987091490459));
#3536 = CARTESIAN_POINT('',(-14.17726135344,-3.46950340013,
    12.901412300171));
#3537 = CARTESIAN_POINT('',(-14.11211821361,-3.479123624677,
    12.376268904608));
#3538 = CARTESIAN_POINT('',(-14.04341142285,-3.494727218192,
    11.85199287315));
#3539 = CARTESIAN_POINT('',(-13.8997802712,-3.538444152743,
    10.804531505902));
#3540 = CARTESIAN_POINT('',(-13.82484657024,-3.56657509484,
    10.281348759878));
#3541 = CARTESIAN_POINT('',(-13.74735351424,-3.601219934899,
    9.759134360688));
#3542 = CARTESIAN_POINT('',(-13.66783322652,-3.642556436721,
    9.237928559272));
#3543 = PCURVE('',#1007,#3544);
#3544 = DEFINITIONAL_REPRESENTATION('',(#3545),#3560);
#3545 = B_SPLINE_CURVE_WITH_KNOTS('',4,(#3546,#3547,#3548,#3549,#3550,
    #3551,#3552,#3553,#3554,#3555,#3556,#3557,#3558,#3559),
  .UNSPECIFIED.,.F.,.F.,(5,3,3,3,5),(0.,0.27343371359,0.525656363489,
    0.76266011913,1.),.UNSPECIFIED.);
#3546 = CARTESIAN_POINT('',(0.,18.114631061595));
#3547 = CARTESIAN_POINT('',(0.206709643621,17.50270590448));
#3548 = CARTESIAN_POINT('',(0.41997317588,16.891464809297));
#3549 = CARTESIAN_POINT('',(0.639553252843,16.281022655054));
#3550 = CARTESIAN_POINT('',(1.073325968021,15.109224803237));
#3551 = CARTESIAN_POINT('',(1.286615422255,14.547734622478));
#3552 = CARTESIAN_POINT('',(1.504856812781,13.987091490459));
#3553 = CARTESIAN_POINT('',(1.937361241399,12.901412300171));
#3554 = CARTESIAN_POINT('',(2.151069918891,12.376268904608));
#3555 = CARTESIAN_POINT('',(2.368784813349,11.85199287315));
#3556 = CARTESIAN_POINT('',(2.812175282656,10.804531505902));
#3557 = CARTESIAN_POINT('',(3.037861848453,10.281348759878));
#3558 = CARTESIAN_POINT('',(3.267198919273,9.759134360688));
#3559 = CARTESIAN_POINT('',(3.5,9.237928559272));
#3560 = ( GEOMETRIC_REPRESENTATION_CONTEXT(2) 
PARAMETRIC_REPRESENTATION_CONTEXT() REPRESENTATION_CONTEXT('2D SPACE',''
  ) );
#3561 = PCURVE('',#1449,#3562);
#3562 = DEFINITIONAL_REPRESENTATION('',(#3563),#3578);
#3563 = B_SPLINE_CURVE_WITH_KNOTS('',4,(#3564,#3565,#3566,#3567,#3568,
    #3569,#3570,#3571,#3572,#3573,#3574,#3575,#3576,#3577),
  .UNSPECIFIED.,.F.,.F.,(5,3,3,3,5),(0.,0.27343371359,0.525656363489,
    0.76266011913,1.),.UNSPECIFIED.);
#3564 = CARTESIAN_POINT('',(12.603665975573,18.114631061595));
#3565 = CARTESIAN_POINT('',(12.625955769677,17.502705904481));
#3566 = CARTESIAN_POINT('',(12.639951352555,16.891464809296));
#3567 = CARTESIAN_POINT('',(12.645672548094,16.281022655054));
#3568 = CARTESIAN_POINT('',(12.640874286054,15.109224803237));
#3569 = CARTESIAN_POINT('',(12.631580099254,14.547734622479));
#3570 = CARTESIAN_POINT('',(12.615338997724,13.987091490459));
#3571 = CARTESIAN_POINT('',(12.570496895371,12.901412300171));
#3572 = CARTESIAN_POINT('',(12.542700690276,12.376268904607));
#3573 = CARTESIAN_POINT('',(12.508889506242,11.85199287315));
#3574 = CARTESIAN_POINT('',(12.42932981693,10.804531505734));
#3575 = CARTESIAN_POINT('',(12.383564329134,10.281348760332));
#3576 = CARTESIAN_POINT('',(12.331916220137,9.759134360168));
#3577 = CARTESIAN_POINT('',(12.274474834008,9.237928559558));
#3578 = ( GEOMETRIC_REPRESENTATION_CONTEXT(2) 
PARAMETRIC_REPRESENTATION_CONTEXT() REPRESENTATION_CONTEXT('2D SPACE',''
  ) );
#3579 = ORIENTED_EDGE('',*,*,#3580,.T.);
#3580 = EDGE_CURVE('',#3525,#976,#3581,.T.);
#3581 = SURFACE_CURVE('',#3582,(#3589,#3596),.PCURVE_S1.);
#3582 = B_SPLINE_CURVE_WITH_KNOTS('',5,(#3583,#3584,#3585,#3586,#3587,
    #3588),.UNSPECIFIED.,.F.,.F.,(6,6),(0.,26.),
  .PIECEWISE_BEZIER_KNOTS.);
#3583 = CARTESIAN_POINT('',(-16.27667489088,-3.260729135717,0.));
#3584 = CARTESIAN_POINT('',(-14.84446685451,-3.665680284386,5.2));
#3585 = CARTESIAN_POINT('',(-13.33804264673,-3.808214796359,10.4));
#3586 = CARTESIAN_POINT('',(-11.82155413551,-3.669884354167,15.6));
#3587 = CARTESIAN_POINT('',(-10.36578065166,-3.257145278485,20.8));
#3588 = CARTESIAN_POINT('',(-9.030477452776,-2.59974839738,26.));
#3589 = PCURVE('',#1007,#3590);
#3590 = DEFINITIONAL_REPRESENTATION('',(#3591),#3595);
#3591 = LINE('',#3592,#3593);
#3592 = CARTESIAN_POINT('',(3.5,0.));
#3593 = VECTOR('',#3594,1.);
#3594 = DIRECTION('',(0.,1.));
#3595 = ( GEOMETRIC_REPRESENTATION_CONTEXT(2) 
PARAMETRIC_REPRESENTATION_CONTEXT() REPRESENTATION_CONTEXT('2D SPACE',''
  ) );
#3596 = PCURVE('',#1160,#3597);
#3597 = DEFINITIONAL_REPRESENTATION('',(#3598),#3602);
#3598 = LINE('',#3599,#3600);
#3599 = CARTESIAN_POINT('',(0.,0.));
#3600 = VECTOR('',#3601,1.);
#3601 = DIRECTION('',(0.,1.));
#3602 = ( GEOMETRIC_REPRESENTATION_CONTEXT(2) 
PARAMETRIC_REPRESENTATION_CONTEXT() REPRESENTATION_CONTEXT('2D SPACE',''
  ) );
#3603 = ORIENTED_EDGE('',*,*,#975,.T.);
#3604 = ORIENTED_EDGE('',*,*,#3605,.F.);
#3605 = EDGE_CURVE('',#3486,#978,#3606,.T.);
#3606 = SURFACE_CURVE('',#3607,(#3610,#3617),.PCURVE_S1.);
#3607 = B_SPLINE_CURVE_WITH_KNOTS('',1,(#3608,#3609),.UNSPECIFIED.,.F.,
  .F.,(2,2),(0.,3.5),.PIECEWISE_BEZIER_KNOTS.);
#3608 = CARTESIAN_POINT('',(-12.39004079817,-3.581244259951,26.));
#3609 = CARTESIAN_POINT('',(-9.030477452776,-2.59974839738,26.));
#3610 = PCURVE('',#1007,#3611);
#3611 = DEFINITIONAL_REPRESENTATION('',(#3612),#3616);
#3612 = LINE('',#3613,#3614);
#3613 = CARTESIAN_POINT('',(0.,26.));
#3614 = VECTOR('',#3615,1.);
#3615 = DIRECTION('',(1.,0.));
#3616 = ( GEOMETRIC_REPRESENTATION_CONTEXT(2) 
PARAMETRIC_REPRESENTATION_CONTEXT() REPRESENTATION_CONTEXT('2D SPACE',''
  ) );
#3617 = PCURVE('',#1250,#3618);
#3618 = DEFINITIONAL_REPRESENTATION('',(#3619),#3622);
#3619 = B_SPLINE_CURVE_WITH_KNOTS('',1,(#3620,#3621),.UNSPECIFIED.,.F.,
  .F.,(2,2),(0.,3.5),.PIECEWISE_BEZIER_KNOTS.);
#3620 = CARTESIAN_POINT('',(-5.390802619003,8.602426815902));
#3621 = CARTESIAN_POINT('',(-7.991809508174,6.260469693646));
#3622 = ( GEOMETRIC_REPRESENTATION_CONTEXT(2) 
PARAMETRIC_REPRESENTATION_CONTEXT() REPRESENTATION_CONTEXT('2D SPACE',''
  ) );
#3623 = ADVANCED_FACE('',(#3624),#1160,.T.);
#3624 = FACE_BOUND('',#3625,.T.);
#3625 = EDGE_LOOP('',(#3626,#3627,#3671,#3695,#3696,#3697,#3765,#3804,
    #3823));
#3626 = ORIENTED_EDGE('',*,*,#3580,.F.);
#3627 = ORIENTED_EDGE('',*,*,#3628,.T.);
#3628 = EDGE_CURVE('',#3525,#3629,#3631,.T.);
#3629 = VERTEX_POINT('',#3630);
#3630 = CARTESIAN_POINT('',(-14.70639050031,2.353672812205E-14,0.));
#3631 = SURFACE_CURVE('',#3632,(#3643,#3657),.PCURVE_S1.);
#3632 = B_SPLINE_CURVE_WITH_KNOTS('',5,(#3633,#3634,#3635,#3636,#3637,
    #3638,#3639,#3640,#3641,#3642),.UNSPECIFIED.,.F.,.F.,(6,4,6),(0.,
    0.500684603585,1.),.UNSPECIFIED.);
#3633 = CARTESIAN_POINT('',(-13.66783322652,-3.642556436721,
    9.237928559272));
#3634 = CARTESIAN_POINT('',(-13.87119610516,-3.314373035312,
    8.311432387271));
#3635 = CARTESIAN_POINT('',(-14.05141008673,-2.972670904884,
    7.385467433233));
#3636 = CARTESIAN_POINT('',(-14.20733338347,-2.619528181751,
    6.459953312041));
#3637 = CARTESIAN_POINT('',(-14.33809507898,-2.257155530346,
    5.534801421195));
#3638 = CARTESIAN_POINT('',(-14.54784358259,-1.519518515171,
    3.687574774701));
#3639 = CARTESIAN_POINT('',(-14.62697108564,-1.144291769607,
    2.765497658073));
#3640 = CARTESIAN_POINT('',(-14.67991740192,-0.764412231647,
    1.843604481497));
#3641 = CARTESIAN_POINT('',(-14.70639049318,-0.382205678238,
    0.921802178909));
#3642 = CARTESIAN_POINT('',(-14.70639050031,3.996802888651E-15,
    -8.881784197001E-16));
#3643 = PCURVE('',#1160,#3644);
#3644 = DEFINITIONAL_REPRESENTATION('',(#3645),#3656);
#3645 = B_SPLINE_CURVE_WITH_KNOTS('',5,(#3646,#3647,#3648,#3649,#3650,
    #3651,#3652,#3653,#3654,#3655),.UNSPECIFIED.,.F.,.F.,(6,4,6),(0.,
    0.500684603585,1.),.UNSPECIFIED.);
#3646 = CARTESIAN_POINT('',(0.,9.237928559272));
#3647 = CARTESIAN_POINT('',(0.330016456694,8.311432387271));
#3648 = CARTESIAN_POINT('',(0.669091571373,7.385467433233));
#3649 = CARTESIAN_POINT('',(1.016763238934,6.459953312041));
#3650 = CARTESIAN_POINT('',(1.372556135072,5.534801421195));
#3651 = CARTESIAN_POINT('',(2.098412545351,3.687574774701));
#3652 = CARTESIAN_POINT('',(2.468434715701,2.765497658074));
#3653 = CARTESIAN_POINT('',(2.845562643526,1.843604481497));
#3654 = CARTESIAN_POINT('',(3.229299976335,0.921802178909));
#3655 = CARTESIAN_POINT('',(3.6191363008,0.));
#3656 = ( GEOMETRIC_REPRESENTATION_CONTEXT(2) 
PARAMETRIC_REPRESENTATION_CONTEXT() REPRESENTATION_CONTEXT('2D SPACE',''
  ) );
#3657 = PCURVE('',#1449,#3658);
#3658 = DEFINITIONAL_REPRESENTATION('',(#3659),#3670);
#3659 = B_SPLINE_CURVE_WITH_KNOTS('',5,(#3660,#3661,#3662,#3663,#3664,
    #3665,#3666,#3667,#3668,#3669),.UNSPECIFIED.,.F.,.F.,(6,4,6),(0.,
    0.500684603585,1.),.UNSPECIFIED.);
#3660 = CARTESIAN_POINT('',(12.274474833977,9.237928559271));
#3661 = CARTESIAN_POINT('',(12.701672229317,8.311432387272));
#3662 = CARTESIAN_POINT('',(13.125965762917,7.385467433231));
#3663 = CARTESIAN_POINT('',(13.546791410222,6.459953312043));
#3664 = CARTESIAN_POINT('',(13.963599213427,5.534801421194));
#3665 = CARTESIAN_POINT('',(14.786973432257,3.687574774864));
#3666 = CARTESIAN_POINT('',(15.193565119658,2.765497657529));
#3667 = CARTESIAN_POINT('',(15.595090297357,1.843604482314));
#3668 = CARTESIAN_POINT('',(15.991027378617,0.921802178256));
#3669 = CARTESIAN_POINT('',(16.380863699085,2.723480212056E-10));
#3670 = ( GEOMETRIC_REPRESENTATION_CONTEXT(2) 
PARAMETRIC_REPRESENTATION_CONTEXT() REPRESENTATION_CONTEXT('2D SPACE',''
  ) );
#3671 = ORIENTED_EDGE('',*,*,#3672,.T.);
#3672 = EDGE_CURVE('',#3629,#3238,#3673,.T.);
#3673 = SURFACE_CURVE('',#3674,(#3677,#3684),.PCURVE_S1.);
#3674 = B_SPLINE_CURVE_WITH_KNOTS('',1,(#3675,#3676),.UNSPECIFIED.,.F.,
  .F.,(2,2),(0.,20.),.PIECEWISE_BEZIER_KNOTS.);
#3675 = CARTESIAN_POINT('',(-16.27667489088,-3.260729135717,0.));
#3676 = CARTESIAN_POINT('',(-7.599000108531,14.758648222332,0.));
#3677 = PCURVE('',#1160,#3678);
#3678 = DEFINITIONAL_REPRESENTATION('',(#3679),#3683);
#3679 = LINE('',#3680,#3681);
#3680 = CARTESIAN_POINT('',(0.,0.));
#3681 = VECTOR('',#3682,1.);
#3682 = DIRECTION('',(1.,0.));
#3683 = ( GEOMETRIC_REPRESENTATION_CONTEXT(2) 
PARAMETRIC_REPRESENTATION_CONTEXT() REPRESENTATION_CONTEXT('2D SPACE',''
  ) );
#3684 = PCURVE('',#3685,#3690);
#3685 = PLANE('',#3686);
#3686 = AXIS2_PLACEMENT_3D('',#3687,#3688,#3689);
#3687 = CARTESIAN_POINT('',(-13.51453301853,6.508256086763,0.));
#3688 = DIRECTION('',(0.,0.,1.));
#3689 = DIRECTION('',(-0.900968867902,0.433883739118,0.));
#3690 = DEFINITIONAL_REPRESENTATION('',(#3691),#3694);
#3691 = B_SPLINE_CURVE_WITH_KNOTS('',1,(#3692,#3693),.UNSPECIFIED.,.F.,
  .F.,(2,2),(0.,20.),.PIECEWISE_BEZIER_KNOTS.);
#3692 = CARTESIAN_POINT('',(-1.75,10.));
#3693 = CARTESIAN_POINT('',(-1.75,-10.));
#3694 = ( GEOMETRIC_REPRESENTATION_CONTEXT(2) 
PARAMETRIC_REPRESENTATION_CONTEXT() REPRESENTATION_CONTEXT('2D SPACE',''
  ) );
#3695 = ORIENTED_EDGE('',*,*,#3237,.F.);
#3696 = ORIENTED_EDGE('',*,*,#3133,.F.);
#3697 = ORIENTED_EDGE('',*,*,#3698,.F.);
#3698 = EDGE_CURVE('',#3699,#3093,#3701,.T.);
#3699 = VERTEX_POINT('',#3700);
#3700 = CARTESIAN_POINT('',(-8.073755515952,15.079164617934,
    2.001576291241));
#3701 = SURFACE_CURVE('',#3702,(#3721,#3743),.PCURVE_S1.);
#3702 = B_SPLINE_CURVE_WITH_KNOTS('',5,(#3703,#3704,#3705,#3706,#3707,
    #3708,#3709,#3710,#3711,#3712,#3713,#3714,#3715,#3716,#3717,#3718,
    #3719,#3720),.UNSPECIFIED.,.F.,.F.,(6,4,4,4,6),(0.,0.251384578755,
    0.501769402909,0.751798254116,1.),.UNSPECIFIED.);
#3703 = CARTESIAN_POINT('',(-8.073755515952,15.079164617934,
    2.001576291241));
#3704 = CARTESIAN_POINT('',(-8.401640569384,14.880124369645,
    2.806219936955));
#3705 = CARTESIAN_POINT('',(-8.716481377686,14.664109446216,
    3.611301642155));
#3706 = CARTESIAN_POINT('',(-9.017065742086,14.432139859519,
    4.416887008181));
#3707 = CARTESIAN_POINT('',(-9.302291478076,14.185365199144,
    5.22304251345));
#3708 = CARTESIAN_POINT('',(-9.839018828786,13.665756286283,
    6.833411016464));
#3709 = CARTESIAN_POINT('',(-10.09065021933,13.393029422507,
    7.637619475799));
#3710 = CARTESIAN_POINT('',(-10.32512670171,13.108104968902,
    8.442518571513));
#3711 = CARTESIAN_POINT('',(-10.54162343796,12.812330731397,
    9.248170143786));
#3712 = CARTESIAN_POINT('',(-10.93703235606,12.202371847025,
    10.859945429428));
#3713 = CARTESIAN_POINT('',(-11.11599766346,11.888213785258,
    11.666067341861));
#3714 = CARTESIAN_POINT('',(-11.27569525661,11.566081469075,
    12.473053380254));
#3715 = CARTESIAN_POINT('',(-11.41560892919,11.237474350845,
    13.280958495263));
#3716 = CARTESIAN_POINT('',(-11.65430003385,10.572842814873,
    14.892792726381));
#3717 = CARTESIAN_POINT('',(-11.75337068455,10.236889932575,
    15.696708272466));
#3718 = CARTESIAN_POINT('',(-11.83226486482,9.897594852136,
    16.501624970617));
#3719 = CARTESIAN_POINT('',(-11.8908087268,9.556516367301,
    17.307587125488));
#3720 = CARTESIAN_POINT('',(-11.92900498053,9.215224920557,
    18.114631061595));
#3721 = PCURVE('',#1160,#3722);
#3722 = DEFINITIONAL_REPRESENTATION('',(#3723),#3742);
#3723 = B_SPLINE_CURVE_WITH_KNOTS('',5,(#3724,#3725,#3726,#3727,#3728,
    #3729,#3730,#3731,#3732,#3733,#3734,#3735,#3736,#3737,#3738,#3739,
    #3740,#3741),.UNSPECIFIED.,.F.,.F.,(6,4,4,4,6),(0.,0.251384578755,
    0.501769402909,0.751798254116,1.),.UNSPECIFIED.);
#3724 = CARTESIAN_POINT('',(20.,2.001576291241));
#3725 = CARTESIAN_POINT('',(19.651008629771,2.806219936955));
#3726 = CARTESIAN_POINT('',(19.297732003456,3.611301642155));
#3727 = CARTESIAN_POINT('',(18.940507473096,4.416887008181));
#3728 = CARTESIAN_POINT('',(18.579679756119,5.22304251345));
#3729 = CARTESIAN_POINT('',(17.852974988326,6.833411016464));
#3730 = CARTESIAN_POINT('',(17.487123506987,7.637619475799));
#3731 = CARTESIAN_POINT('',(17.118399286138,8.442518571513));
#3732 = CARTESIAN_POINT('',(16.747160886039,9.248170143786));
#3733 = CARTESIAN_POINT('',(16.000923986164,10.859945429428));
#3734 = CARTESIAN_POINT('',(15.625931351178,11.666067341861));
#3735 = CARTESIAN_POINT('',(15.249166237124,12.473053380254));
#3736 = CARTESIAN_POINT('',(14.871004320049,13.280958495263));
#3737 = CARTESIAN_POINT('',(14.115428933699,14.892792726381));
#3738 = CARTESIAN_POINT('',(13.738029945399,15.696708272466));
#3739 = CARTESIAN_POINT('',(13.360011458904,16.501624970617));
#3740 = CARTESIAN_POINT('',(12.981758714338,17.307587125489));
#3741 = CARTESIAN_POINT('',(12.603665975573,18.114631061595));
#3742 = ( GEOMETRIC_REPRESENTATION_CONTEXT(2) 
PARAMETRIC_REPRESENTATION_CONTEXT() REPRESENTATION_CONTEXT('2D SPACE',''
  ) );
#3743 = PCURVE('',#3113,#3744);
#3744 = DEFINITIONAL_REPRESENTATION('',(#3745),#3764);
#3745 = B_SPLINE_CURVE_WITH_KNOTS('',5,(#3746,#3747,#3748,#3749,#3750,
    #3751,#3752,#3753,#3754,#3755,#3756,#3757,#3758,#3759,#3760,#3761,
    #3762,#3763),.UNSPECIFIED.,.F.,.F.,(6,4,4,4,6),(0.,0.251384578755,
    0.501769402909,0.751798254116,1.),.UNSPECIFIED.);
#3746 = CARTESIAN_POINT('',(14.424238193558,2.001576291241));
#3747 = CARTESIAN_POINT('',(14.754742469593,2.806219936955));
#3748 = CARTESIAN_POINT('',(15.080242610551,3.611301642155));
#3749 = CARTESIAN_POINT('',(15.40040012217,4.416887008181));
#3750 = CARTESIAN_POINT('',(15.71488224369,5.22304251345));
#3751 = CARTESIAN_POINT('',(16.330612687492,6.833411016464));
#3752 = CARTESIAN_POINT('',(16.63190885395,7.637619475799));
#3753 = CARTESIAN_POINT('',(16.926925239706,8.442518571513));
#3754 = CARTESIAN_POINT('',(17.215343550937,9.248170143786));
#3755 = CARTESIAN_POINT('',(17.777958852538,10.859945429428));
#3756 = CARTESIAN_POINT('',(18.052175653898,11.666067341861));
#3757 = CARTESIAN_POINT('',(18.319190618219,12.473053380254));
#3758 = CARTESIAN_POINT('',(18.578699612011,13.280958495263));
#3759 = CARTESIAN_POINT('',(19.080273391408,14.892792726381));
#3760 = CARTESIAN_POINT('',(19.322451955886,15.696708272466));
#3761 = CARTESIAN_POINT('',(19.556651912244,16.501624970617));
#3762 = CARTESIAN_POINT('',(19.782591833908,17.307587125489));
#3763 = CARTESIAN_POINT('',(20.,18.114631061595));
#3764 = ( GEOMETRIC_REPRESENTATION_CONTEXT(2) 
PARAMETRIC_REPRESENTATION_CONTEXT() REPRESENTATION_CONTEXT('2D SPACE',''
  ) );
#3765 = ORIENTED_EDGE('',*,*,#3766,.T.);
#3766 = EDGE_CURVE('',#3699,#3767,#3769,.T.);
#3767 = VERTEX_POINT('',#3768);
#3768 = CARTESIAN_POINT('',(-14.63902523889,16.597756433478,26.));
#3769 = SURFACE_CURVE('',#3770,(#3777,#3784),.PCURVE_S1.);
#3770 = B_SPLINE_CURVE_WITH_KNOTS('',5,(#3771,#3772,#3773,#3774,#3775,
    #3776),.UNSPECIFIED.,.F.,.F.,(6,6),(0.,26.),
  .PIECEWISE_BEZIER_KNOTS.);
#3771 = CARTESIAN_POINT('',(-7.599000108531,14.758648222332,0.));
#3772 = CARTESIAN_POINT('',(-8.808570770241,15.625910643165,5.2));
#3773 = CARTESIAN_POINT('',(-10.1770635656,16.271555630687,10.4));
#3774 = CARTESIAN_POINT('',(-11.65040421358,16.656445291356,15.6));
#3775 = CARTESIAN_POINT('',(-13.15982723107,16.762615603408,20.8));
#3776 = CARTESIAN_POINT('',(-14.63902523889,16.597756433478,26.));
#3777 = PCURVE('',#1160,#3778);
#3778 = DEFINITIONAL_REPRESENTATION('',(#3779),#3783);
#3779 = LINE('',#3780,#3781);
#3780 = CARTESIAN_POINT('',(20.,0.));
#3781 = VECTOR('',#3782,1.);
#3782 = DIRECTION('',(0.,1.));
#3783 = ( GEOMETRIC_REPRESENTATION_CONTEXT(2) 
PARAMETRIC_REPRESENTATION_CONTEXT() REPRESENTATION_CONTEXT('2D SPACE',''
  ) );
#3784 = PCURVE('',#3785,#3798);
#3785 = B_SPLINE_SURFACE_WITH_KNOTS('',1,5,(
    (#3786,#3787,#3788,#3789,#3790,#3791)
    ,(#3792,#3793,#3794,#3795,#3796,#3797
    )),.UNSPECIFIED.,.F.,.F.,.F.,(2,2),(6,6),(0.,3.5),(0.,26.),
  .PIECEWISE_BEZIER_KNOTS.);
#3786 = CARTESIAN_POINT('',(-7.599000108531,14.758648222332,0.));
#3787 = CARTESIAN_POINT('',(-8.808570770241,15.625910643165,5.2));
#3788 = CARTESIAN_POINT('',(-10.1770635656,16.271555630687,10.4));
#3789 = CARTESIAN_POINT('',(-11.65040421358,16.656445291356,15.6));
#3790 = CARTESIAN_POINT('',(-13.15982723107,16.762615603408,20.8));
#3791 = CARTESIAN_POINT('',(-14.63902523889,16.597756433478,26.));
#3792 = CARTESIAN_POINT('',(-10.75239114619,16.277241309243,0.));
#3793 = CARTESIAN_POINT('',(-12.18459918256,16.682192457912,5.2));
#3794 = CARTESIAN_POINT('',(-13.69102339033,16.824726969885,10.4));
#3795 = CARTESIAN_POINT('',(-15.20751190155,16.686396527693,15.6));
#3796 = CARTESIAN_POINT('',(-16.6632853854,16.273657452012,20.8));
#3797 = CARTESIAN_POINT('',(-17.99858858429,15.616260570907,26.));
#3798 = DEFINITIONAL_REPRESENTATION('',(#3799),#3803);
#3799 = LINE('',#3800,#3801);
#3800 = CARTESIAN_POINT('',(0.,0.));
#3801 = VECTOR('',#3802,1.);
#3802 = DIRECTION('',(0.,1.));
#3803 = ( GEOMETRIC_REPRESENTATION_CONTEXT(2) 
PARAMETRIC_REPRESENTATION_CONTEXT() REPRESENTATION_CONTEXT('2D SPACE',''
  ) );
#3804 = ORIENTED_EDGE('',*,*,#3805,.F.);
#3805 = EDGE_CURVE('',#1035,#3767,#3806,.T.);
#3806 = SURFACE_CURVE('',#3807,(#3810,#3817),.PCURVE_S1.);
#3807 = B_SPLINE_CURVE_WITH_KNOTS('',1,(#3808,#3809),.UNSPECIFIED.,.F.,
  .F.,(2,2),(0.,20.),.PIECEWISE_BEZIER_KNOTS.);
#3808 = CARTESIAN_POINT('',(-9.030477452776,-2.59974839738,26.));
#3809 = CARTESIAN_POINT('',(-14.63902523889,16.597756433478,26.));
#3810 = PCURVE('',#1160,#3811);
#3811 = DEFINITIONAL_REPRESENTATION('',(#3812),#3816);
#3812 = LINE('',#3813,#3814);
#3813 = CARTESIAN_POINT('',(0.,26.));
#3814 = VECTOR('',#3815,1.);
#3815 = DIRECTION('',(1.,0.));
#3816 = ( GEOMETRIC_REPRESENTATION_CONTEXT(2) 
PARAMETRIC_REPRESENTATION_CONTEXT() REPRESENTATION_CONTEXT('2D SPACE',''
  ) );
#3817 = PCURVE('',#1250,#3818);
#3818 = DEFINITIONAL_REPRESENTATION('',(#3819),#3822);
#3819 = B_SPLINE_CURVE_WITH_KNOTS('',1,(#3820,#3821),.UNSPECIFIED.,.F.,
  .F.,(2,2),(0.,20.),.PIECEWISE_BEZIER_KNOTS.);
#3820 = CARTESIAN_POINT('',(-7.991809508174,6.260469693646));
#3821 = CARTESIAN_POINT('',(5.390802619003,-8.602426815902));
#3822 = ( GEOMETRIC_REPRESENTATION_CONTEXT(2) 
PARAMETRIC_REPRESENTATION_CONTEXT() REPRESENTATION_CONTEXT('2D SPACE',''
  ) );
#3823 = ORIENTED_EDGE('',*,*,#1034,.T.);
#3824 = ADVANCED_FACE('',(#3825),#1250,.T.);
#3825 = FACE_BOUND('',#3826,.T.);
#3826 = EDGE_LOOP('',(#3827,#3828,#3849,#3868,#3869));
#3827 = ORIENTED_EDGE('',*,*,#3805,.T.);
#3828 = ORIENTED_EDGE('',*,*,#3829,.T.);
#3829 = EDGE_CURVE('',#3767,#3830,#3832,.T.);
#3830 = VERTEX_POINT('',#3831);
#3831 = CARTESIAN_POINT('',(-17.99858858429,15.616260570907,26.));
#3832 = SURFACE_CURVE('',#3833,(#3836,#3842),.PCURVE_S1.);
#3833 = B_SPLINE_CURVE_WITH_KNOTS('',1,(#3834,#3835),.UNSPECIFIED.,.F.,
  .F.,(2,2),(0.,3.5),.PIECEWISE_BEZIER_KNOTS.);
#3834 = CARTESIAN_POINT('',(-14.63902523889,16.597756433478,26.));
#3835 = CARTESIAN_POINT('',(-17.99858858429,15.616260570907,26.));
#3836 = PCURVE('',#1250,#3837);
#3837 = DEFINITIONAL_REPRESENTATION('',(#3838),#3841);
#3838 = B_SPLINE_CURVE_WITH_KNOTS('',1,(#3839,#3840),.UNSPECIFIED.,.F.,
  .F.,(2,2),(0.,3.5),.PIECEWISE_BEZIER_KNOTS.);
#3839 = CARTESIAN_POINT('',(5.390802619003,-8.602426815902));
#3840 = CARTESIAN_POINT('',(7.991809508174,-6.260469693646));
#3841 = ( GEOMETRIC_REPRESENTATION_CONTEXT(2) 
PARAMETRIC_REPRESENTATION_CONTEXT() REPRESENTATION_CONTEXT('2D SPACE',''
  ) );
#3842 = PCURVE('',#3785,#3843);
#3843 = DEFINITIONAL_REPRESENTATION('',(#3844),#3848);
#3844 = LINE('',#3845,#3846);
#3845 = CARTESIAN_POINT('',(0.,26.));
#3846 = VECTOR('',#3847,1.);
#3847 = DIRECTION('',(1.,0.));
#3848 = ( GEOMETRIC_REPRESENTATION_CONTEXT(2) 
PARAMETRIC_REPRESENTATION_CONTEXT() REPRESENTATION_CONTEXT('2D SPACE',''
  ) );
#3849 = ORIENTED_EDGE('',*,*,#3850,.T.);
#3850 = EDGE_CURVE('',#3830,#3486,#3851,.T.);
#3851 = SURFACE_CURVE('',#3852,(#3855,#3861),.PCURVE_S1.);
#3852 = B_SPLINE_CURVE_WITH_KNOTS('',1,(#3853,#3854),.UNSPECIFIED.,.F.,
  .F.,(2,2),(0.,20.),.PIECEWISE_BEZIER_KNOTS.);
#3853 = CARTESIAN_POINT('',(-17.99858858429,15.616260570907,26.));
#3854 = CARTESIAN_POINT('',(-12.39004079817,-3.581244259951,26.));
#3855 = PCURVE('',#1250,#3856);
#3856 = DEFINITIONAL_REPRESENTATION('',(#3857),#3860);
#3857 = B_SPLINE_CURVE_WITH_KNOTS('',1,(#3858,#3859),.UNSPECIFIED.,.F.,
  .F.,(2,2),(0.,20.),.PIECEWISE_BEZIER_KNOTS.);
#3858 = CARTESIAN_POINT('',(7.991809508174,-6.260469693646));
#3859 = CARTESIAN_POINT('',(-5.390802619003,8.602426815902));
#3860 = ( GEOMETRIC_REPRESENTATION_CONTEXT(2) 
PARAMETRIC_REPRESENTATION_CONTEXT() REPRESENTATION_CONTEXT('2D SPACE',''
  ) );
#3861 = PCURVE('',#3504,#3862);
#3862 = DEFINITIONAL_REPRESENTATION('',(#3863),#3867);
#3863 = LINE('',#3864,#3865);
#3864 = CARTESIAN_POINT('',(0.,26.));
#3865 = VECTOR('',#3866,1.);
#3866 = DIRECTION('',(1.,0.));
#3867 = ( GEOMETRIC_REPRESENTATION_CONTEXT(2) 
PARAMETRIC_REPRESENTATION_CONTEXT() REPRESENTATION_CONTEXT('2D SPACE',''
  ) );
#3868 = ORIENTED_EDGE('',*,*,#3605,.T.);
#3869 = ORIENTED_EDGE('',*,*,#1235,.F.);
#3870 = ADVANCED_FACE('',(#3871),#1296,.T.);
#3871 = FACE_BOUND('',#3872,.T.);
#3872 = EDGE_LOOP('',(#3873,#3914,#3970,#3994,#3995));
#3873 = ORIENTED_EDGE('',*,*,#3874,.F.);
#3874 = EDGE_CURVE('',#3875,#3877,#3879,.T.);
#3875 = VERTEX_POINT('',#3876);
#3876 = CARTESIAN_POINT('',(-6.329726662646,-13.68050037602,
    18.114631061595));
#3877 = VERTEX_POINT('',#3878);
#3878 = CARTESIAN_POINT('',(-4.925134573439,-11.91979323912,26.));
#3879 = SURFACE_CURVE('',#3880,(#3887,#3894),.PCURVE_S1.);
#3880 = B_SPLINE_CURVE_WITH_KNOTS('',5,(#3881,#3882,#3883,#3884,#3885,
    #3886),.UNSPECIFIED.,.F.,.F.,(6,6),(0.,26.),
  .PIECEWISE_BEZIER_KNOTS.);
#3881 = CARTESIAN_POINT('',(-10.75239114619,-16.27724130924,0.));
#3882 = CARTESIAN_POINT('',(-9.320183109818,-15.87229016057,5.2));
#3883 = CARTESIAN_POINT('',(-7.962156230249,-15.20491247497,10.4));
#3884 = CARTESIAN_POINT('',(-6.74262450758,-14.29298315024,15.6));
#3885 = CARTESIAN_POINT('',(-5.718507357021,-13.17906482163,20.8));
#3886 = CARTESIAN_POINT('',(-4.925134573439,-11.91979323912,26.));
#3887 = PCURVE('',#1296,#3888);
#3888 = DEFINITIONAL_REPRESENTATION('',(#3889),#3893);
#3889 = LINE('',#3890,#3891);
#3890 = CARTESIAN_POINT('',(0.,0.));
#3891 = VECTOR('',#3892,1.);
#3892 = DIRECTION('',(0.,1.));
#3893 = ( GEOMETRIC_REPRESENTATION_CONTEXT(2) 
PARAMETRIC_REPRESENTATION_CONTEXT() REPRESENTATION_CONTEXT('2D SPACE',''
  ) );
#3894 = PCURVE('',#3895,#3908);
#3895 = B_SPLINE_SURFACE_WITH_KNOTS('',1,5,(
    (#3896,#3897,#3898,#3899,#3900,#3901)
    ,(#3902,#3903,#3904,#3905,#3906,#3907
    )),.UNSPECIFIED.,.F.,.F.,.F.,(2,2),(6,6),(0.,20.),(0.,26.),
  .PIECEWISE_BEZIER_KNOTS.);
#3896 = CARTESIAN_POINT('',(-19.43006592854,1.742136048805,0.));
#3897 = CARTESIAN_POINT('',(-20.63963659025,0.874873627972,5.2));
#3898 = CARTESIAN_POINT('',(-21.69031468987,-0.214027428991,10.4));
#3899 = CARTESIAN_POINT('',(-22.52767871656,-1.485913509855,15.6));
#3900 = CARTESIAN_POINT('',(-23.11264623414,-2.881421655387,20.8));
#3901 = CARTESIAN_POINT('',(-23.43122058291,-4.335283986064,26.));
#3902 = CARTESIAN_POINT('',(-10.75239114619,-16.27724130924,0.));
#3903 = CARTESIAN_POINT('',(-9.320183109818,-15.87229016057,5.2));
#3904 = CARTESIAN_POINT('',(-7.962156230249,-15.20491247497,10.4));
#3905 = CARTESIAN_POINT('',(-6.74262450758,-14.29298315024,15.6));
#3906 = CARTESIAN_POINT('',(-5.718507357021,-13.17906482163,20.8));
#3907 = CARTESIAN_POINT('',(-4.925134573439,-11.91979323912,26.));
#3908 = DEFINITIONAL_REPRESENTATION('',(#3909),#3913);
#3909 = LINE('',#3910,#3911);
#3910 = CARTESIAN_POINT('',(20.,0.));
#3911 = VECTOR('',#3912,1.);
#3912 = DIRECTION('',(0.,1.));
#3913 = ( GEOMETRIC_REPRESENTATION_CONTEXT(2) 
PARAMETRIC_REPRESENTATION_CONTEXT() REPRESENTATION_CONTEXT('2D SPACE',''
  ) );
#3914 = ORIENTED_EDGE('',*,*,#3915,.T.);
#3915 = EDGE_CURVE('',#3875,#3916,#3918,.T.);
#3916 = VERTEX_POINT('',#3917);
#3917 = CARTESIAN_POINT('',(-5.673889331349,-12.95703910461,
    9.237928559272));
#3918 = SURFACE_CURVE('',#3919,(#3934,#3952),.PCURVE_S1.);
#3919 = B_SPLINE_CURVE_WITH_KNOTS('',4,(#3920,#3921,#3922,#3923,#3924,
    #3925,#3926,#3927,#3928,#3929,#3930,#3931,#3932,#3933),
  .UNSPECIFIED.,.F.,.F.,(5,3,3,3,5),(0.,0.269953522639,0.519990287098,
    0.755014579516,1.),.UNSPECIFIED.);
#3920 = CARTESIAN_POINT('',(-6.329726662646,-13.68050037602,
    18.114631061595));
#3921 = CARTESIAN_POINT('',(-6.334767519137,-13.63575471388,
    17.510494323994));
#3922 = CARTESIAN_POINT('',(-6.331195813599,-13.58818745856,
    16.907024348185));
#3923 = CARTESIAN_POINT('',(-6.318767577092,-13.53863449885,
    16.304331676122));
#3924 = CARTESIAN_POINT('',(-6.277588942739,-13.44100786833,
    15.145099346398));
#3925 = CARTESIAN_POINT('',(-6.250110309967,-13.39309370144,
    14.588435131521));
#3926 = CARTESIAN_POINT('',(-6.214880014499,-13.34488854936,
    14.03260062068));
#3927 = CARTESIAN_POINT('',(-6.131564745201,-13.25211577002,
    12.95604644637));
#3928 = CARTESIAN_POINT('',(-6.084378355637,-13.2075028043,
    12.435222162226));
#3929 = CARTESIAN_POINT('',(-6.030403150384,-13.16378717007,
    11.915247814479));
#3930 = CARTESIAN_POINT('',(-5.906523922583,-13.07744275609,
    10.855095107452));
#3931 = CARTESIAN_POINT('',(-5.836041381698,-13.03493792642,
    10.31499447827));
#3932 = CARTESIAN_POINT('',(-5.7584258212,-12.99461019992,9.77592420577)
  );
#3933 = CARTESIAN_POINT('',(-5.673889331349,-12.95703910461,
    9.237928559272));
#3934 = PCURVE('',#1296,#3935);
#3935 = DEFINITIONAL_REPRESENTATION('',(#3936),#3951);
#3936 = B_SPLINE_CURVE_WITH_KNOTS('',4,(#3937,#3938,#3939,#3940,#3941,
    #3942,#3943,#3944,#3945,#3946,#3947,#3948,#3949,#3950),
  .UNSPECIFIED.,.F.,.F.,(5,3,3,3,5),(0.,0.269953522639,0.519990287098,
    0.755014579516,1.),.UNSPECIFIED.);
#3937 = CARTESIAN_POINT('',(0.,18.114631061595));
#3938 = CARTESIAN_POINT('',(0.204078699742,17.510494323994));
#3939 = CARTESIAN_POINT('',(0.414545511885,16.907024348185));
#3940 = CARTESIAN_POINT('',(0.631172056358,16.304331676122));
#3941 = CARTESIAN_POINT('',(1.059828976167,15.145099346398));
#3942 = CARTESIAN_POINT('',(1.271019516868,14.588435131521));
#3943 = CARTESIAN_POINT('',(1.487083930623,14.03260062068));
#3944 = CARTESIAN_POINT('',(1.915291231662,12.95604644637));
#3945 = CARTESIAN_POINT('',(2.126890832605,12.435222162226));
#3946 = CARTESIAN_POINT('',(2.34243995842,11.915247814479));
#3947 = CARTESIAN_POINT('',(2.790376218327,10.855095107452));
#3948 = CARTESIAN_POINT('',(3.023089954884,10.31499447827));
#3949 = CARTESIAN_POINT('',(3.259699591168,9.77592420577));
#3950 = CARTESIAN_POINT('',(3.5,9.237928559272));
#3951 = ( GEOMETRIC_REPRESENTATION_CONTEXT(2) 
PARAMETRIC_REPRESENTATION_CONTEXT() REPRESENTATION_CONTEXT('2D SPACE',''
  ) );
#3952 = PCURVE('',#1738,#3953);
#3953 = DEFINITIONAL_REPRESENTATION('',(#3954),#3969);
#3954 = B_SPLINE_CURVE_WITH_KNOTS('',4,(#3955,#3956,#3957,#3958,#3959,
    #3960,#3961,#3962,#3963,#3964,#3965,#3966,#3967,#3968),
  .UNSPECIFIED.,.F.,.F.,(5,3,3,3,5),(0.,0.269953522639,0.519990287098,
    0.755014579516,1.),.UNSPECIFIED.);
#3955 = CARTESIAN_POINT('',(12.603665975573,18.114631061595));
#3956 = CARTESIAN_POINT('',(12.625672070469,17.510494323994));
#3957 = CARTESIAN_POINT('',(12.639593746477,16.907024348184));
#3958 = CARTESIAN_POINT('',(12.645450071685,16.304331676122));
#3959 = CARTESIAN_POINT('',(12.641300259871,15.145099346398));
#3960 = CARTESIAN_POINT('',(12.632432423451,14.588435131521));
#3961 = CARTESIAN_POINT('',(12.616735620312,14.03260062068));
#3962 = CARTESIAN_POINT('',(12.573166889373,12.95604644637));
#3963 = CARTESIAN_POINT('',(12.546082439618,12.435222162226));
#3964 = CARTESIAN_POINT('',(12.513079480232,11.915247814479));
#3965 = CARTESIAN_POINT('',(12.433734291497,10.855095107285));
#3966 = CARTESIAN_POINT('',(12.38688585063,10.314994478722));
#3967 = CARTESIAN_POINT('',(12.333766604866,9.775924205243));
#3968 = CARTESIAN_POINT('',(12.274474834008,9.237928559558));
#3969 = ( GEOMETRIC_REPRESENTATION_CONTEXT(2) 
PARAMETRIC_REPRESENTATION_CONTEXT() REPRESENTATION_CONTEXT('2D SPACE',''
  ) );
#3970 = ORIENTED_EDGE('',*,*,#3971,.T.);
#3971 = EDGE_CURVE('',#3916,#1265,#3972,.T.);
#3972 = SURFACE_CURVE('',#3973,(#3980,#3987),.PCURVE_S1.);
#3973 = B_SPLINE_CURVE_WITH_KNOTS('',5,(#3974,#3975,#3976,#3977,#3978,
    #3979),.UNSPECIFIED.,.F.,.F.,(6,6),(0.,26.),
  .PIECEWISE_BEZIER_KNOTS.);
#3974 = CARTESIAN_POINT('',(-7.599000108531,-14.75864822233,0.));
#3975 = CARTESIAN_POINT('',(-6.389429446822,-13.89138580149,5.2));
#3976 = CARTESIAN_POINT('',(-5.338751347203,-12.80248474453,10.4));
#3977 = CARTESIAN_POINT('',(-4.501387320512,-11.53059866367,15.6));
#3978 = CARTESIAN_POINT('',(-3.916419802928,-10.13509051814,20.8));
#3979 = CARTESIAN_POINT('',(-3.597845454154,-8.681228187463,26.));
#3980 = PCURVE('',#1296,#3981);
#3981 = DEFINITIONAL_REPRESENTATION('',(#3982),#3986);
#3982 = LINE('',#3983,#3984);
#3983 = CARTESIAN_POINT('',(3.5,0.));
#3984 = VECTOR('',#3985,1.);
#3985 = DIRECTION('',(0.,1.));
#3986 = ( GEOMETRIC_REPRESENTATION_CONTEXT(2) 
PARAMETRIC_REPRESENTATION_CONTEXT() REPRESENTATION_CONTEXT('2D SPACE',''
  ) );
#3987 = PCURVE('',#1449,#3988);
#3988 = DEFINITIONAL_REPRESENTATION('',(#3989),#3993);
#3989 = LINE('',#3990,#3991);
#3990 = CARTESIAN_POINT('',(0.,0.));
#3991 = VECTOR('',#3992,1.);
#3992 = DIRECTION('',(0.,1.));
#3993 = ( GEOMETRIC_REPRESENTATION_CONTEXT(2) 
PARAMETRIC_REPRESENTATION_CONTEXT() REPRESENTATION_CONTEXT('2D SPACE',''
  ) );
#3994 = ORIENTED_EDGE('',*,*,#1264,.T.);
#3995 = ORIENTED_EDGE('',*,*,#3996,.F.);
#3996 = EDGE_CURVE('',#3877,#1267,#3997,.T.);
#3997 = SURFACE_CURVE('',#3998,(#4001,#4008),.PCURVE_S1.);
#3998 = B_SPLINE_CURVE_WITH_KNOTS('',1,(#3999,#4000),.UNSPECIFIED.,.F.,
  .F.,(2,2),(0.,3.5),.PIECEWISE_BEZIER_KNOTS.);
#3999 = CARTESIAN_POINT('',(-4.925134573439,-11.91979323912,26.));
#4000 = CARTESIAN_POINT('',(-3.597845454154,-8.681228187463,26.));
#4001 = PCURVE('',#1296,#4002);
#4002 = DEFINITIONAL_REPRESENTATION('',(#4003),#4007);
#4003 = LINE('',#4004,#4005);
#4004 = CARTESIAN_POINT('',(0.,26.));
#4005 = VECTOR('',#4006,1.);
#4006 = DIRECTION('',(1.,0.));
#4007 = ( GEOMETRIC_REPRESENTATION_CONTEXT(2) 
PARAMETRIC_REPRESENTATION_CONTEXT() REPRESENTATION_CONTEXT('2D SPACE',''
  ) );
#4008 = PCURVE('',#1539,#4009);
#4009 = DEFINITIONAL_REPRESENTATION('',(#4010),#4013);
#4010 = B_SPLINE_CURVE_WITH_KNOTS('',1,(#4011,#4012),.UNSPECIFIED.,.F.,
  .F.,(2,2),(0.,3.5),.PIECEWISE_BEZIER_KNOTS.);
#4011 = CARTESIAN_POINT('',(-5.390802619003,8.602426815902));
#4012 = CARTESIAN_POINT('',(-7.991809508174,6.260469693646));
#4013 = ( GEOMETRIC_REPRESENTATION_CONTEXT(2) 
PARAMETRIC_REPRESENTATION_CONTEXT() REPRESENTATION_CONTEXT('2D SPACE',''
  ) );
#4014 = ADVANCED_FACE('',(#4015),#1449,.T.);
#4015 = FACE_BOUND('',#4016,.T.);
#4016 = EDGE_LOOP('',(#4017,#4018,#4062,#4086,#4087,#4088,#4156,#4195,
    #4214));
#4017 = ORIENTED_EDGE('',*,*,#3971,.F.);
#4018 = ORIENTED_EDGE('',*,*,#4019,.T.);
#4019 = EDGE_CURVE('',#3916,#4020,#4022,.T.);
#4020 = VERTEX_POINT('',#4021);
#4021 = CARTESIAN_POINT('',(-9.169284499099,-11.49791908661,0.));
#4022 = SURFACE_CURVE('',#4023,(#4034,#4048),.PCURVE_S1.);
#4023 = B_SPLINE_CURVE_WITH_KNOTS('',5,(#4024,#4025,#4026,#4027,#4028,
    #4029,#4030,#4031,#4032,#4033),.UNSPECIFIED.,.F.,.F.,(6,4,6),(0.,
    0.500684603585,1.),.UNSPECIFIED.);
#4024 = CARTESIAN_POINT('',(-5.673889331349,-12.95703910461,
    9.237928559272));
#4025 = CARTESIAN_POINT('',(-6.057268127501,-12.91141560157,
    8.311432387271));
#4026 = CARTESIAN_POINT('',(-6.436783190357,-12.83926477235,
    7.385467433233));
#4027 = CARTESIAN_POINT('',(-6.810097874498,-12.74098962812,
    6.459953312042));
#4028 = CARTESIAN_POINT('',(-7.174940805376,-12.61728758575,
    5.534801421195));
#4029 = CARTESIAN_POINT('',(-7.882424699432,-12.32136641284,
    3.687574774701));
#4030 = CARTESIAN_POINT('',(-8.225123973373,-12.1492807366,
    2.765497658074));
#4031 = CARTESIAN_POINT('',(-8.555137243945,-11.9538248157,
    1.843604481497));
#4032 = CARTESIAN_POINT('',(-8.870464062626,-11.73622042363,
    0.92180217891));
#4033 = CARTESIAN_POINT('',(-9.169284499099,-11.49791908661,
    -8.881784197001E-16));
#4034 = PCURVE('',#1449,#4035);
#4035 = DEFINITIONAL_REPRESENTATION('',(#4036),#4047);
#4036 = B_SPLINE_CURVE_WITH_KNOTS('',5,(#4037,#4038,#4039,#4040,#4041,
    #4042,#4043,#4044,#4045,#4046),.UNSPECIFIED.,.F.,.F.,(6,4,6),(0.,
    0.500684603585,1.),.UNSPECIFIED.);
#4037 = CARTESIAN_POINT('',(0.,9.237928559272));
#4038 = CARTESIAN_POINT('',(0.330016456694,8.311432387271));
#4039 = CARTESIAN_POINT('',(0.669091571373,7.385467433233));
#4040 = CARTESIAN_POINT('',(1.016763238934,6.459953312042));
#4041 = CARTESIAN_POINT('',(1.372556135072,5.534801421195));
#4042 = CARTESIAN_POINT('',(2.098412545351,3.687574774701));
#4043 = CARTESIAN_POINT('',(2.468434715701,2.765497658074));
#4044 = CARTESIAN_POINT('',(2.845562643526,1.843604481497));
#4045 = CARTESIAN_POINT('',(3.229299976335,0.921802178909));
#4046 = CARTESIAN_POINT('',(3.6191363008,0.));
#4047 = ( GEOMETRIC_REPRESENTATION_CONTEXT(2) 
PARAMETRIC_REPRESENTATION_CONTEXT() REPRESENTATION_CONTEXT('2D SPACE',''
  ) );
#4048 = PCURVE('',#1738,#4049);
#4049 = DEFINITIONAL_REPRESENTATION('',(#4050),#4061);
#4050 = B_SPLINE_CURVE_WITH_KNOTS('',5,(#4051,#4052,#4053,#4054,#4055,
    #4056,#4057,#4058,#4059,#4060),.UNSPECIFIED.,.F.,.F.,(6,4,6),(0.,
    0.500684603585,1.),.UNSPECIFIED.);
#4051 = CARTESIAN_POINT('',(12.274474833977,9.237928559271));
#4052 = CARTESIAN_POINT('',(12.701672229317,8.311432387272));
#4053 = CARTESIAN_POINT('',(13.125965762917,7.385467433231));
#4054 = CARTESIAN_POINT('',(13.546791410222,6.459953312043));
#4055 = CARTESIAN_POINT('',(13.963599213427,5.534801421194));
#4056 = CARTESIAN_POINT('',(14.786973432257,3.687574774864));
#4057 = CARTESIAN_POINT('',(15.193565119658,2.765497657529));
#4058 = CARTESIAN_POINT('',(15.595090297357,1.843604482314));
#4059 = CARTESIAN_POINT('',(15.991027378617,0.921802178256));
#4060 = CARTESIAN_POINT('',(16.380863699085,2.723480212097E-10));
#4061 = ( GEOMETRIC_REPRESENTATION_CONTEXT(2) 
PARAMETRIC_REPRESENTATION_CONTEXT() REPRESENTATION_CONTEXT('2D SPACE',''
  ) );
#4062 = ORIENTED_EDGE('',*,*,#4063,.T.);
#4063 = EDGE_CURVE('',#4020,#3629,#4064,.T.);
#4064 = SURFACE_CURVE('',#4065,(#4068,#4075),.PCURVE_S1.);
#4065 = B_SPLINE_CURVE_WITH_KNOTS('',1,(#4066,#4067),.UNSPECIFIED.,.F.,
  .F.,(2,2),(0.,20.),.PIECEWISE_BEZIER_KNOTS.);
#4066 = CARTESIAN_POINT('',(-7.599000108531,-14.75864822233,0.));
#4067 = CARTESIAN_POINT('',(-16.27667489088,3.260729135717,0.));
#4068 = PCURVE('',#1449,#4069);
#4069 = DEFINITIONAL_REPRESENTATION('',(#4070),#4074);
#4070 = LINE('',#4071,#4072);
#4071 = CARTESIAN_POINT('',(0.,0.));
#4072 = VECTOR('',#4073,1.);
#4073 = DIRECTION('',(1.,0.));
#4074 = ( GEOMETRIC_REPRESENTATION_CONTEXT(2) 
PARAMETRIC_REPRESENTATION_CONTEXT() REPRESENTATION_CONTEXT('2D SPACE',''
  ) );
#4075 = PCURVE('',#4076,#4081);
#4076 = PLANE('',#4077);
#4077 = AXIS2_PLACEMENT_3D('',#4078,#4079,#4080);
#4078 = CARTESIAN_POINT('',(-13.51453301853,-6.508256086763,0.));
#4079 = DIRECTION('',(0.,0.,1.));
#4080 = DIRECTION('',(-0.900968867902,-0.433883739118,0.));
#4081 = DEFINITIONAL_REPRESENTATION('',(#4082),#4085);
#4082 = B_SPLINE_CURVE_WITH_KNOTS('',1,(#4083,#4084),.UNSPECIFIED.,.F.,
  .F.,(2,2),(0.,20.),.PIECEWISE_BEZIER_KNOTS.);
#4083 = CARTESIAN_POINT('',(-1.75,10.));
#4084 = CARTESIAN_POINT('',(-1.75,-10.));
#4085 = ( GEOMETRIC_REPRESENTATION_CONTEXT(2) 
PARAMETRIC_REPRESENTATION_CONTEXT() REPRESENTATION_CONTEXT('2D SPACE',''
  ) );
#4086 = ORIENTED_EDGE('',*,*,#3628,.F.);
#4087 = ORIENTED_EDGE('',*,*,#3524,.F.);
#4088 = ORIENTED_EDGE('',*,*,#4089,.F.);
#4089 = EDGE_CURVE('',#4090,#3484,#4092,.T.);
#4090 = VERTEX_POINT('',#4091);
#4091 = CARTESIAN_POINT('',(-16.82326985451,3.08938911571,2.001576291241
    ));
#4092 = SURFACE_CURVE('',#4093,(#4112,#4134),.PCURVE_S1.);
#4093 = B_SPLINE_CURVE_WITH_KNOTS('',5,(#4094,#4095,#4096,#4097,#4098,
    #4099,#4100,#4101,#4102,#4103,#4104,#4105,#4106,#4107,#4108,#4109,
    #4110,#4111),.UNSPECIFIED.,.F.,.F.,(6,4,4,4,6),(0.,0.251384578755,
    0.501769402909,0.751798254116,1.),.UNSPECIFIED.);
#4094 = CARTESIAN_POINT('',(-16.82326985451,3.08938911571,2.001576291241
    ));
#4095 = CARTESIAN_POINT('',(-16.87208690912,2.708938693339,
    2.806219936955));
#4096 = CARTESIAN_POINT('',(-16.89949967448,2.328103135635,
    3.611301642155));
#4097 = CARTESIAN_POINT('',(-16.90554983443,1.948466144763,
    4.416887008181));
#4098 = CARTESIAN_POINT('',(-16.89044897349,1.571606200654,5.22304251345
    ));
#4099 = CARTESIAN_POINT('',(-16.81884639639,0.828005002243,
    6.833411016464));
#4100 = CARTESIAN_POINT('',(-16.76250955401,0.461229240877,
    7.637619475799));
#4101 = CARTESIAN_POINT('',(-16.6859403416,0.100260653932,8.442518571513
    ));
#4102 = CARTESIAN_POINT('',(-16.5896782382,-0.253415531058,
    9.248170143786));
#4103 = CARTESIAN_POINT('',(-16.35932660739,-0.942861815635,
    10.859945429427));
#4104 = CARTESIAN_POINT('',(-16.22529098828,-1.278656874916,
    11.666067341863));
#4105 = CARTESIAN_POINT('',(-16.07300762267,-1.604359694901,
    12.473053380252));
#4106 = CARTESIAN_POINT('',(-15.90332698027,-1.918631795984,
    13.280958495264));
#4107 = CARTESIAN_POINT('',(-15.53251859076,-2.519639000868,
    14.892792726381));
#4108 = CARTESIAN_POINT('',(-15.33162959113,-2.806558750588,
    15.696708272467));
#4109 = CARTESIAN_POINT('',(-15.11554773222,-3.07978772698,
    16.501624970617));
#4110 = CARTESIAN_POINT('',(-14.88538333569,-3.338218118311,
    17.307587125488));
#4111 = CARTESIAN_POINT('',(-14.6423659126,-3.5808728885,18.114631061595
    ));
#4112 = PCURVE('',#1449,#4113);
#4113 = DEFINITIONAL_REPRESENTATION('',(#4114),#4133);
#4114 = B_SPLINE_CURVE_WITH_KNOTS('',5,(#4115,#4116,#4117,#4118,#4119,
    #4120,#4121,#4122,#4123,#4124,#4125,#4126,#4127,#4128,#4129,#4130,
    #4131,#4132),.UNSPECIFIED.,.F.,.F.,(6,4,4,4,6),(0.,0.251384578755,
    0.501769402909,0.751798254116,1.),.UNSPECIFIED.);
#4115 = CARTESIAN_POINT('',(20.,2.001576291241));
#4116 = CARTESIAN_POINT('',(19.651008629771,2.806219936955));
#4117 = CARTESIAN_POINT('',(19.297732003456,3.611301642155));
#4118 = CARTESIAN_POINT('',(18.940507473095,4.416887008181));
#4119 = CARTESIAN_POINT('',(18.579679756119,5.22304251345));
#4120 = CARTESIAN_POINT('',(17.852974988325,6.833411016464));
#4121 = CARTESIAN_POINT('',(17.487123506988,7.637619475799));
#4122 = CARTESIAN_POINT('',(17.118399286138,8.442518571513));
#4123 = CARTESIAN_POINT('',(16.747160886039,9.248170143786));
#4124 = CARTESIAN_POINT('',(16.000923986164,10.859945429427));
#4125 = CARTESIAN_POINT('',(15.625931351179,11.666067341863));
#4126 = CARTESIAN_POINT('',(15.249166237124,12.473053380252));
#4127 = CARTESIAN_POINT('',(14.871004320049,13.280958495264));
#4128 = CARTESIAN_POINT('',(14.1154289337,14.892792726381));
#4129 = CARTESIAN_POINT('',(13.738029945399,15.696708272467));
#4130 = CARTESIAN_POINT('',(13.360011458904,16.501624970617));
#4131 = CARTESIAN_POINT('',(12.981758714338,17.307587125488));
#4132 = CARTESIAN_POINT('',(12.603665975573,18.114631061595));
#4133 = ( GEOMETRIC_REPRESENTATION_CONTEXT(2) 
PARAMETRIC_REPRESENTATION_CONTEXT() REPRESENTATION_CONTEXT('2D SPACE',''
  ) );
#4134 = PCURVE('',#3504,#4135);
#4135 = DEFINITIONAL_REPRESENTATION('',(#4136),#4155);
#4136 = B_SPLINE_CURVE_WITH_KNOTS('',5,(#4137,#4138,#4139,#4140,#4141,
    #4142,#4143,#4144,#4145,#4146,#4147,#4148,#4149,#4150,#4151,#4152,
    #4153,#4154),.UNSPECIFIED.,.F.,.F.,(6,4,4,4,6),(0.,0.251384578755,
    0.501769402909,0.751798254116,1.),.UNSPECIFIED.);
#4137 = CARTESIAN_POINT('',(14.424238193558,2.001576291241));
#4138 = CARTESIAN_POINT('',(14.754742469593,2.806219936955));
#4139 = CARTESIAN_POINT('',(15.080242610551,3.611301642155));
#4140 = CARTESIAN_POINT('',(15.40040012217,4.416887008181));
#4141 = CARTESIAN_POINT('',(15.71488224369,5.22304251345));
#4142 = CARTESIAN_POINT('',(16.330612687492,6.833411016464));
#4143 = CARTESIAN_POINT('',(16.63190885395,7.637619475799));
#4144 = CARTESIAN_POINT('',(16.926925239706,8.442518571513));
#4145 = CARTESIAN_POINT('',(17.215343550937,9.248170143786));
#4146 = CARTESIAN_POINT('',(17.777958852538,10.859945429427));
#4147 = CARTESIAN_POINT('',(18.052175653898,11.666067341862));
#4148 = CARTESIAN_POINT('',(18.319190618219,12.473053380253));
#4149 = CARTESIAN_POINT('',(18.578699612011,13.280958495263));
#4150 = CARTESIAN_POINT('',(19.080273391408,14.892792726381));
#4151 = CARTESIAN_POINT('',(19.322451955886,15.696708272467));
#4152 = CARTESIAN_POINT('',(19.556651912244,16.501624970617));
#4153 = CARTESIAN_POINT('',(19.782591833908,17.307587125488));
#4154 = CARTESIAN_POINT('',(20.,18.114631061595));
#4155 = ( GEOMETRIC_REPRESENTATION_CONTEXT(2) 
PARAMETRIC_REPRESENTATION_CONTEXT() REPRESENTATION_CONTEXT('2D SPACE',''
  ) );
#4156 = ORIENTED_EDGE('',*,*,#4157,.T.);
#4157 = EDGE_CURVE('',#4090,#4158,#4160,.T.);
#4158 = VERTEX_POINT('',#4159);
#4159 = CARTESIAN_POINT('',(-22.10393146363,-1.096718934405,26.));
#4160 = SURFACE_CURVE('',#4161,(#4168,#4175),.PCURVE_S1.);
#4161 = B_SPLINE_CURVE_WITH_KNOTS('',5,(#4162,#4163,#4164,#4165,#4166,
    #4167),.UNSPECIFIED.,.F.,.F.,(6,6),(0.,26.),
  .PIECEWISE_BEZIER_KNOTS.);
#4162 = CARTESIAN_POINT('',(-16.27667489088,3.260729135717,0.));
#4163 = CARTESIAN_POINT('',(-17.70888292725,2.855777987048,5.2));
#4164 = CARTESIAN_POINT('',(-19.06690980682,2.188400301443,10.4));
#4165 = CARTESIAN_POINT('',(-20.28644152949,1.276470976716,15.6));
#4166 = CARTESIAN_POINT('',(-21.31055868005,0.16255264811,20.8));
#4167 = CARTESIAN_POINT('',(-22.10393146363,-1.096718934405,26.));
#4168 = PCURVE('',#1449,#4169);
#4169 = DEFINITIONAL_REPRESENTATION('',(#4170),#4174);
#4170 = LINE('',#4171,#4172);
#4171 = CARTESIAN_POINT('',(20.,0.));
#4172 = VECTOR('',#4173,1.);
#4173 = DIRECTION('',(0.,1.));
#4174 = ( GEOMETRIC_REPRESENTATION_CONTEXT(2) 
PARAMETRIC_REPRESENTATION_CONTEXT() REPRESENTATION_CONTEXT('2D SPACE',''
  ) );
#4175 = PCURVE('',#4176,#4189);
#4176 = B_SPLINE_SURFACE_WITH_KNOTS('',1,5,(
    (#4177,#4178,#4179,#4180,#4181,#4182)
    ,(#4183,#4184,#4185,#4186,#4187,#4188
    )),.UNSPECIFIED.,.F.,.F.,.F.,(2,2),(6,6),(0.,3.5),(0.,26.),
  .PIECEWISE_BEZIER_KNOTS.);
#4177 = CARTESIAN_POINT('',(-16.27667489088,3.260729135717,0.));
#4178 = CARTESIAN_POINT('',(-17.70888292725,2.855777987048,5.2));
#4179 = CARTESIAN_POINT('',(-19.06690980682,2.188400301443,10.4));
#4180 = CARTESIAN_POINT('',(-20.28644152949,1.276470976716,15.6));
#4181 = CARTESIAN_POINT('',(-21.31055868005,0.16255264811,20.8));
#4182 = CARTESIAN_POINT('',(-22.10393146363,-1.096718934405,26.));
#4183 = CARTESIAN_POINT('',(-19.43006592854,1.742136048805,0.));
#4184 = CARTESIAN_POINT('',(-20.63963659025,0.874873627972,5.2));
#4185 = CARTESIAN_POINT('',(-21.69031468987,-0.214027428991,10.4));
#4186 = CARTESIAN_POINT('',(-22.52767871656,-1.485913509855,15.6));
#4187 = CARTESIAN_POINT('',(-23.11264623414,-2.881421655387,20.8));
#4188 = CARTESIAN_POINT('',(-23.43122058291,-4.335283986064,26.));
#4189 = DEFINITIONAL_REPRESENTATION('',(#4190),#4194);
#4190 = LINE('',#4191,#4192);
#4191 = CARTESIAN_POINT('',(0.,0.));
#4192 = VECTOR('',#4193,1.);
#4193 = DIRECTION('',(0.,1.));
#4194 = ( GEOMETRIC_REPRESENTATION_CONTEXT(2) 
PARAMETRIC_REPRESENTATION_CONTEXT() REPRESENTATION_CONTEXT('2D SPACE',''
  ) );
#4195 = ORIENTED_EDGE('',*,*,#4196,.F.);
#4196 = EDGE_CURVE('',#1324,#4158,#4197,.T.);
#4197 = SURFACE_CURVE('',#4198,(#4201,#4208),.PCURVE_S1.);
#4198 = B_SPLINE_CURVE_WITH_KNOTS('',1,(#4199,#4200),.UNSPECIFIED.,.F.,
  .F.,(2,2),(0.,20.),.PIECEWISE_BEZIER_KNOTS.);
#4199 = CARTESIAN_POINT('',(-3.597845454154,-8.681228187463,26.));
#4200 = CARTESIAN_POINT('',(-22.10393146363,-1.096718934405,26.));
#4201 = PCURVE('',#1449,#4202);
#4202 = DEFINITIONAL_REPRESENTATION('',(#4203),#4207);
#4203 = LINE('',#4204,#4205);
#4204 = CARTESIAN_POINT('',(0.,26.));
#4205 = VECTOR('',#4206,1.);
#4206 = DIRECTION('',(1.,0.));
#4207 = ( GEOMETRIC_REPRESENTATION_CONTEXT(2) 
PARAMETRIC_REPRESENTATION_CONTEXT() REPRESENTATION_CONTEXT('2D SPACE',''
  ) );
#4208 = PCURVE('',#1539,#4209);
#4209 = DEFINITIONAL_REPRESENTATION('',(#4210),#4213);
#4210 = B_SPLINE_CURVE_WITH_KNOTS('',1,(#4211,#4212),.UNSPECIFIED.,.F.,
  .F.,(2,2),(0.,20.),.PIECEWISE_BEZIER_KNOTS.);
#4211 = CARTESIAN_POINT('',(-7.991809508174,6.260469693646));
#4212 = CARTESIAN_POINT('',(5.390802619003,-8.602426815902));
#4213 = ( GEOMETRIC_REPRESENTATION_CONTEXT(2) 
PARAMETRIC_REPRESENTATION_CONTEXT() REPRESENTATION_CONTEXT('2D SPACE',''
  ) );
#4214 = ORIENTED_EDGE('',*,*,#1323,.T.);
#4215 = ADVANCED_FACE('',(#4216),#1539,.T.);
#4216 = FACE_BOUND('',#4217,.T.);
#4217 = EDGE_LOOP('',(#4218,#4219,#4240,#4259,#4260));
#4218 = ORIENTED_EDGE('',*,*,#4196,.T.);
#4219 = ORIENTED_EDGE('',*,*,#4220,.T.);
#4220 = EDGE_CURVE('',#4158,#4221,#4223,.T.);
#4221 = VERTEX_POINT('',#4222);
#4222 = CARTESIAN_POINT('',(-23.43122058291,-4.335283986064,26.));
#4223 = SURFACE_CURVE('',#4224,(#4227,#4233),.PCURVE_S1.);
#4224 = B_SPLINE_CURVE_WITH_KNOTS('',1,(#4225,#4226),.UNSPECIFIED.,.F.,
  .F.,(2,2),(0.,3.5),.PIECEWISE_BEZIER_KNOTS.);
#4225 = CARTESIAN_POINT('',(-22.10393146363,-1.096718934405,26.));
#4226 = CARTESIAN_POINT('',(-23.43122058291,-4.335283986064,26.));
#4227 = PCURVE('',#1539,#4228);
#4228 = DEFINITIONAL_REPRESENTATION('',(#4229),#4232);
#4229 = B_SPLINE_CURVE_WITH_KNOTS('',1,(#4230,#4231),.UNSPECIFIED.,.F.,
  .F.,(2,2),(0.,3.5),.PIECEWISE_BEZIER_KNOTS.);
#4230 = CARTESIAN_POINT('',(5.390802619003,-8.602426815902));
#4231 = CARTESIAN_POINT('',(7.991809508174,-6.260469693646));
#4232 = ( GEOMETRIC_REPRESENTATION_CONTEXT(2) 
PARAMETRIC_REPRESENTATION_CONTEXT() REPRESENTATION_CONTEXT('2D SPACE',''
  ) );
#4233 = PCURVE('',#4176,#4234);
#4234 = DEFINITIONAL_REPRESENTATION('',(#4235),#4239);
#4235 = LINE('',#4236,#4237);
#4236 = CARTESIAN_POINT('',(0.,26.));
#4237 = VECTOR('',#4238,1.);
#4238 = DIRECTION('',(1.,0.));
#4239 = ( GEOMETRIC_REPRESENTATION_CONTEXT(2) 
PARAMETRIC_REPRESENTATION_CONTEXT() REPRESENTATION_CONTEXT('2D SPACE',''
  ) );
#4240 = ORIENTED_EDGE('',*,*,#4241,.T.);
#4241 = EDGE_CURVE('',#4221,#3877,#4242,.T.);
#4242 = SURFACE_CURVE('',#4243,(#4246,#4252),.PCURVE_S1.);
#4243 = B_SPLINE_CURVE_WITH_KNOTS('',1,(#4244,#4245),.UNSPECIFIED.,.F.,
  .F.,(2,2),(0.,20.),.PIECEWISE_BEZIER_KNOTS.);
#4244 = CARTESIAN_POINT('',(-23.43122058291,-4.335283986064,26.));
#4245 = CARTESIAN_POINT('',(-4.925134573439,-11.91979323912,26.));
#4246 = PCURVE('',#1539,#4247);
#4247 = DEFINITIONAL_REPRESENTATION('',(#4248),#4251);
#4248 = B_SPLINE_CURVE_WITH_KNOTS('',1,(#4249,#4250),.UNSPECIFIED.,.F.,
  .F.,(2,2),(0.,20.),.PIECEWISE_BEZIER_KNOTS.);
#4249 = CARTESIAN_POINT('',(7.991809508174,-6.260469693646));
#4250 = CARTESIAN_POINT('',(-5.390802619003,8.602426815902));
#4251 = ( GEOMETRIC_REPRESENTATION_CONTEXT(2) 
PARAMETRIC_REPRESENTATION_CONTEXT() REPRESENTATION_CONTEXT('2D SPACE',''
  ) );
#4252 = PCURVE('',#3895,#4253);
#4253 = DEFINITIONAL_REPRESENTATION('',(#4254),#4258);
#4254 = LINE('',#4255,#4256);
#4255 = CARTESIAN_POINT('',(0.,26.));
#4256 = VECTOR('',#4257,1.);
#4257 = DIRECTION('',(1.,0.));
#4258 = ( GEOMETRIC_REPRESENTATION_CONTEXT(2) 
PARAMETRIC_REPRESENTATION_CONTEXT() REPRESENTATION_CONTEXT('2D SPACE',''
  ) );
#4259 = ORIENTED_EDGE('',*,*,#3996,.T.);
#4260 = ORIENTED_EDGE('',*,*,#1524,.F.);
#4261 = ADVANCED_FACE('',(#4262),#1585,.T.);
#4262 = FACE_BOUND('',#4263,.T.);
#4263 = EDGE_LOOP('',(#4264,#4305,#4361,#4385,#4386));
#4264 = ORIENTED_EDGE('',*,*,#4265,.F.);
#4265 = EDGE_CURVE('',#4266,#4268,#4270,.T.);
#4266 = VERTEX_POINT('',#4267);
#4267 = CARTESIAN_POINT('',(6.749325867177,-13.47843204904,
    18.114631061595));
#4268 = VERTEX_POINT('',#4269);
#4269 = CARTESIAN_POINT('',(6.248498439534,-11.28249478976,26.));
#4270 = SURFACE_CURVE('',#4271,(#4278,#4285),.PCURVE_S1.);
#4271 = B_SPLINE_CURVE_WITH_KNOTS('',5,(#4272,#4273,#4274,#4275,#4276,
    #4277),.UNSPECIFIED.,.F.,.F.,(6,6),(0.,26.),
  .PIECEWISE_BEZIER_KNOTS.);
#4272 = CARTESIAN_POINT('',(6.02205347805,-18.5552518686,0.));
#4273 = CARTESIAN_POINT('',(6.598417025977,-17.18302362488,5.2));
#4274 = CARTESIAN_POINT('',(6.923356050736,-15.70517227543,10.4));
#4275 = CARTESIAN_POINT('',(6.970746587006,-14.1831253468,15.6));
#4276 = CARTESIAN_POINT('',(6.738376768085,-12.68792159877,20.8));
#4277 = CARTESIAN_POINT('',(6.248498439534,-11.28249478976,26.));
#4278 = PCURVE('',#1585,#4279);
#4279 = DEFINITIONAL_REPRESENTATION('',(#4280),#4284);
#4280 = LINE('',#4281,#4282);
#4281 = CARTESIAN_POINT('',(0.,0.));
#4282 = VECTOR('',#4283,1.);
#4283 = DIRECTION('',(0.,1.));
#4284 = ( GEOMETRIC_REPRESENTATION_CONTEXT(2) 
PARAMETRIC_REPRESENTATION_CONTEXT() REPRESENTATION_CONTEXT('2D SPACE',''
  ) );
#4285 = PCURVE('',#4286,#4299);
#4286 = B_SPLINE_SURFACE_WITH_KNOTS('',1,5,(
    (#4287,#4288,#4289,#4290,#4291,#4292)
    ,(#4293,#4294,#4295,#4296,#4297,#4298
    )),.UNSPECIFIED.,.F.,.F.,.F.,(2,2),(6,6),(0.,20.),(0.,26.),
  .PIECEWISE_BEZIER_KNOTS.);
#4287 = CARTESIAN_POINT('',(-13.47650476558,-14.10483318948,0.));
#4288 = CARTESIAN_POINT('',(-13.55260667362,-15.591242888,5.2));
#4289 = CARTESIAN_POINT('',(-13.35635662614,-17.09161480847,10.4));
#4290 = CARTESIAN_POINT('',(-12.88404397709,-18.53930036737,15.6));
#4291 = CARTESIAN_POINT('',(-12.15771305651,-19.86673148598,20.8));
#4292 = CARTESIAN_POINT('',(-11.2196655728,-21.02227127785,26.));
#4293 = CARTESIAN_POINT('',(6.02205347805,-18.5552518686,0.));
#4294 = CARTESIAN_POINT('',(6.598417025977,-17.18302362488,5.2));
#4295 = CARTESIAN_POINT('',(6.923356050736,-15.70517227543,10.4));
#4296 = CARTESIAN_POINT('',(6.970746587006,-14.1831253468,15.6));
#4297 = CARTESIAN_POINT('',(6.738376768085,-12.68792159877,20.8));
#4298 = CARTESIAN_POINT('',(6.248498439534,-11.28249478976,26.));
#4299 = DEFINITIONAL_REPRESENTATION('',(#4300),#4304);
#4300 = LINE('',#4301,#4302);
#4301 = CARTESIAN_POINT('',(20.,0.));
#4302 = VECTOR('',#4303,1.);
#4303 = DIRECTION('',(0.,1.));
#4304 = ( GEOMETRIC_REPRESENTATION_CONTEXT(2) 
PARAMETRIC_REPRESENTATION_CONTEXT() REPRESENTATION_CONTEXT('2D SPACE',''
  ) );
#4305 = ORIENTED_EDGE('',*,*,#4306,.T.);
#4306 = EDGE_CURVE('',#4266,#4307,#4309,.T.);
#4307 = VERTEX_POINT('',#4308);
#4308 = CARTESIAN_POINT('',(6.592608956582,-12.51460705129,
    9.237928559272));
#4309 = SURFACE_CURVE('',#4310,(#4325,#4343),.PCURVE_S1.);
#4310 = B_SPLINE_CURVE_WITH_KNOTS('',4,(#4311,#4312,#4313,#4314,#4315,
    #4316,#4317,#4318,#4319,#4320,#4321,#4322,#4323,#4324),
  .UNSPECIFIED.,.F.,.F.,(5,3,3,3,5),(0.,0.272542782537,0.524032656052,
    0.761162003137,1.),.UNSPECIFIED.);
#4311 = CARTESIAN_POINT('',(6.749325867177,-13.47843204904,
    18.114631061595));
#4312 = CARTESIAN_POINT('',(6.710833690544,-13.45424490124,
    17.50469974473));
#4313 = CARTESIAN_POINT('',(6.675566314355,-13.4214012341,
    16.895448039859));
#4314 = CARTESIAN_POINT('',(6.644352828039,-13.38024111225,
    16.286989705072));
#4315 = CARTESIAN_POINT('',(6.593568638314,-13.28602370934,
    15.118794559602));
#4316 = CARTESIAN_POINT('',(6.573284015916,-13.23413025021,
    14.558924779309));
#4317 = CARTESIAN_POINT('',(6.557673428511,-13.17593285654,
    13.999896372671));
#4318 = CARTESIAN_POINT('',(6.537421107513,-13.05150081593,
    12.915530347566));
#4319 = CARTESIAN_POINT('',(6.532203502189,-12.98591422163,
    12.390091668644));
#4320 = CARTESIAN_POINT('',(6.532026397212,-12.91551137227,
    11.865520569283));
#4321 = CARTESIAN_POINT('',(6.542517157097,-12.76540731656,
    10.814438787139));
#4322 = CARTESIAN_POINT('',(6.553262915786,-12.68564213184,
    10.287941352543));
#4323 = CARTESIAN_POINT('',(6.569861089055,-12.60187925189,
    9.762424270475));
#4324 = CARTESIAN_POINT('',(6.592608956582,-12.51460705129,
    9.237928559272));
#4325 = PCURVE('',#1585,#4326);
#4326 = DEFINITIONAL_REPRESENTATION('',(#4327),#4342);
#4327 = B_SPLINE_CURVE_WITH_KNOTS('',4,(#4328,#4329,#4330,#4331,#4332,
    #4333,#4334,#4335,#4336,#4337,#4338,#4339,#4340,#4341),
  .UNSPECIFIED.,.F.,.F.,(5,3,3,3,5),(0.,0.272542782537,0.524032656052,
    0.761162003137,1.),.UNSPECIFIED.);
#4328 = CARTESIAN_POINT('',(0.,18.114631061595));
#4329 = CARTESIAN_POINT('',(0.206036120355,17.50469974473));
#4330 = CARTESIAN_POINT('',(0.41858348827,16.895448039859));
#4331 = CARTESIAN_POINT('',(0.63740707656,16.286989705072));
#4332 = CARTESIAN_POINT('',(1.069726399394,15.118794559602));
#4333 = CARTESIAN_POINT('',(1.282328204127,14.558924779309));
#4334 = CARTESIAN_POINT('',(1.499855268658,13.999896372671));
#4335 = CARTESIAN_POINT('',(1.931645588639,12.915530347566));
#4336 = CARTESIAN_POINT('',(2.145386105246,12.390091668644));
#4337 = CARTESIAN_POINT('',(2.363139468692,11.865520569283));
#4338 = CARTESIAN_POINT('',(2.807902042583,10.814438787139));
#4339 = CARTESIAN_POINT('',(3.034966782813,10.287941352543));
#4340 = CARTESIAN_POINT('',(3.265729452833,9.762424270475));
#4341 = CARTESIAN_POINT('',(3.5,9.237928559272));
#4342 = ( GEOMETRIC_REPRESENTATION_CONTEXT(2) 
PARAMETRIC_REPRESENTATION_CONTEXT() REPRESENTATION_CONTEXT('2D SPACE',''
  ) );
#4343 = PCURVE('',#2027,#4344);
#4344 = DEFINITIONAL_REPRESENTATION('',(#4345),#4360);
#4345 = B_SPLINE_CURVE_WITH_KNOTS('',4,(#4346,#4347,#4348,#4349,#4350,
    #4351,#4352,#4353,#4354,#4355,#4356,#4357,#4358,#4359),
  .UNSPECIFIED.,.F.,.F.,(5,3,3,3,5),(0.,0.272542782537,0.524032656052,
    0.761162003137,1.),.UNSPECIFIED.);
#4346 = CARTESIAN_POINT('',(12.603665975573,18.114631061595));
#4347 = CARTESIAN_POINT('',(12.625883142499,17.50469974473));
#4348 = CARTESIAN_POINT('',(12.639860061102,16.895448039858));
#4349 = CARTESIAN_POINT('',(12.645616359885,16.286989705072));
#4350 = CARTESIAN_POINT('',(12.640986859869,15.118794559602));
#4351 = CARTESIAN_POINT('',(12.631813494906,14.558924779309));
#4352 = CARTESIAN_POINT('',(12.615732986922,13.999896372671));
#4353 = CARTESIAN_POINT('',(12.571203868191,12.915530347566));
#4354 = CARTESIAN_POINT('',(12.543513810708,12.390091668644));
#4355 = CARTESIAN_POINT('',(12.509801518322,11.865520569283));
#4356 = CARTESIAN_POINT('',(12.430195743858,10.81443878697));
#4357 = CARTESIAN_POINT('',(12.384216116356,10.287941352998));
#4358 = CARTESIAN_POINT('',(12.332278796426,9.762424269952));
#4359 = CARTESIAN_POINT('',(12.274474834008,9.237928559559));
#4360 = ( GEOMETRIC_REPRESENTATION_CONTEXT(2) 
PARAMETRIC_REPRESENTATION_CONTEXT() REPRESENTATION_CONTEXT('2D SPACE',''
  ) );
#4361 = ORIENTED_EDGE('',*,*,#4362,.T.);
#4362 = EDGE_CURVE('',#4307,#1554,#4363,.T.);
#4363 = SURFACE_CURVE('',#4364,(#4371,#4378),.PCURVE_S1.);
#4364 = B_SPLINE_CURVE_WITH_KNOTS('',5,(#4365,#4366,#4367,#4368,#4369,
    #4370),.UNSPECIFIED.,.F.,.F.,(6,6),(0.,26.),
  .PIECEWISE_BEZIER_KNOTS.);
#4365 = CARTESIAN_POINT('',(6.800876746897,-15.14300417597,0.));
#4366 = CARTESIAN_POINT('',(6.876978654931,-13.65659447745,5.2));
#4367 = CARTESIAN_POINT('',(6.680728607455,-12.15622255698,10.4));
#4368 = CARTESIAN_POINT('',(6.208415958407,-10.70853699808,15.6));
#4369 = CARTESIAN_POINT('',(5.482085037822,-9.381105879465,20.8));
#4370 = CARTESIAN_POINT('',(4.544037554119,-8.225566087604,26.));
#4371 = PCURVE('',#1585,#4372);
#4372 = DEFINITIONAL_REPRESENTATION('',(#4373),#4377);
#4373 = LINE('',#4374,#4375);
#4374 = CARTESIAN_POINT('',(3.5,0.));
#4375 = VECTOR('',#4376,1.);
#4376 = DIRECTION('',(0.,1.));
#4377 = ( GEOMETRIC_REPRESENTATION_CONTEXT(2) 
PARAMETRIC_REPRESENTATION_CONTEXT() REPRESENTATION_CONTEXT('2D SPACE',''
  ) );
#4378 = PCURVE('',#1738,#4379);
#4379 = DEFINITIONAL_REPRESENTATION('',(#4380),#4384);
#4380 = LINE('',#4381,#4382);
#4381 = CARTESIAN_POINT('',(0.,0.));
#4382 = VECTOR('',#4383,1.);
#4383 = DIRECTION('',(0.,1.));
#4384 = ( GEOMETRIC_REPRESENTATION_CONTEXT(2) 
PARAMETRIC_REPRESENTATION_CONTEXT() REPRESENTATION_CONTEXT('2D SPACE',''
  ) );
#4385 = ORIENTED_EDGE('',*,*,#1553,.T.);
#4386 = ORIENTED_EDGE('',*,*,#4387,.F.);
#4387 = EDGE_CURVE('',#4268,#1556,#4388,.T.);
#4388 = SURFACE_CURVE('',#4389,(#4392,#4399),.PCURVE_S1.);
#4389 = B_SPLINE_CURVE_WITH_KNOTS('',1,(#4390,#4391),.UNSPECIFIED.,.F.,
  .F.,(2,2),(0.,3.5),.PIECEWISE_BEZIER_KNOTS.);
#4390 = CARTESIAN_POINT('',(6.248498439534,-11.28249478976,26.));
#4391 = CARTESIAN_POINT('',(4.544037554119,-8.225566087604,26.));
#4392 = PCURVE('',#1585,#4393);
#4393 = DEFINITIONAL_REPRESENTATION('',(#4394),#4398);
#4394 = LINE('',#4395,#4396);
#4395 = CARTESIAN_POINT('',(0.,26.));
#4396 = VECTOR('',#4397,1.);
#4397 = DIRECTION('',(1.,0.));
#4398 = ( GEOMETRIC_REPRESENTATION_CONTEXT(2) 
PARAMETRIC_REPRESENTATION_CONTEXT() REPRESENTATION_CONTEXT('2D SPACE',''
  ) );
#4399 = PCURVE('',#1828,#4400);
#4400 = DEFINITIONAL_REPRESENTATION('',(#4401),#4404);
#4401 = B_SPLINE_CURVE_WITH_KNOTS('',1,(#4402,#4403),.UNSPECIFIED.,.F.,
  .F.,(2,2),(0.,3.5),.PIECEWISE_BEZIER_KNOTS.);
#4402 = CARTESIAN_POINT('',(-5.390802619003,8.602426815902));
#4403 = CARTESIAN_POINT('',(-7.991809508174,6.260469693646));
#4404 = ( GEOMETRIC_REPRESENTATION_CONTEXT(2) 
PARAMETRIC_REPRESENTATION_CONTEXT() REPRESENTATION_CONTEXT('2D SPACE',''
  ) );
#4405 = ADVANCED_FACE('',(#4406),#1738,.T.);
#4406 = FACE_BOUND('',#4407,.T.);
#4407 = EDGE_LOOP('',(#4408,#4409,#4453,#4477,#4478,#4479,#4547,#4586,
    #4605));
#4408 = ORIENTED_EDGE('',*,*,#4362,.F.);
#4409 = ORIENTED_EDGE('',*,*,#4410,.T.);
#4410 = EDGE_CURVE('',#4307,#4411,#4413,.T.);
#4411 = VERTEX_POINT('',#4412);
#4412 = CARTESIAN_POINT('',(3.272479749256,-14.3376705862,0.));
#4413 = SURFACE_CURVE('',#4414,(#4425,#4439),.PCURVE_S1.);
#4414 = B_SPLINE_CURVE_WITH_KNOTS('',5,(#4415,#4416,#4417,#4418,#4419,
    #4420,#4421,#4422,#4423,#4424),.UNSPECIFIED.,.F.,.F.,(6,4,6),(0.,
    0.500684603585,1.),.UNSPECIFIED.);
#4415 = CARTESIAN_POINT('',(6.592608956582,-12.51460705129,
    9.237928559272));
#4416 = CARTESIAN_POINT('',(6.317906295921,-12.78589887497,
    8.311432387271));
#4417 = CARTESIAN_POINT('',(6.024872734804,-13.03763039296,
    7.385467433233));
#4418 = CARTESIAN_POINT('',(5.715280234655,-13.26822601569,
    6.459953312042));
#4419 = CARTESIAN_POINT('',(5.3910902368,-13.47634474332,5.534801421195)
  );
#4420 = CARTESIAN_POINT('',(4.718620754567,-13.84497409157,
    3.687574774701));
#4421 = CARTESIAN_POINT('',(4.370409252799,-14.00561350877,
    2.765497658074));
#4422 = CARTESIAN_POINT('',(4.011835751724,-14.14176349994,
    1.843604481497));
#4423 = CARTESIAN_POINT('',(3.645102731577,-14.25262181476,0.92180217891
    ));
#4424 = CARTESIAN_POINT('',(3.272479749256,-14.3376705862,
    -8.881784197001E-16));
#4425 = PCURVE('',#1738,#4426);
#4426 = DEFINITIONAL_REPRESENTATION('',(#4427),#4438);
#4427 = B_SPLINE_CURVE_WITH_KNOTS('',5,(#4428,#4429,#4430,#4431,#4432,
    #4433,#4434,#4435,#4436,#4437),.UNSPECIFIED.,.F.,.F.,(6,4,6),(0.,
    0.500684603585,1.),.UNSPECIFIED.);
#4428 = CARTESIAN_POINT('',(0.,9.237928559272));
#4429 = CARTESIAN_POINT('',(0.330016456694,8.311432387271));
#4430 = CARTESIAN_POINT('',(0.669091571373,7.385467433233));
#4431 = CARTESIAN_POINT('',(1.016763238934,6.459953312042));
#4432 = CARTESIAN_POINT('',(1.372556135072,5.534801421195));
#4433 = CARTESIAN_POINT('',(2.098412545351,3.687574774701));
#4434 = CARTESIAN_POINT('',(2.468434715701,2.765497658074));
#4435 = CARTESIAN_POINT('',(2.845562643525,1.843604481497));
#4436 = CARTESIAN_POINT('',(3.229299976335,0.92180217891));
#4437 = CARTESIAN_POINT('',(3.6191363008,0.));
#4438 = ( GEOMETRIC_REPRESENTATION_CONTEXT(2) 
PARAMETRIC_REPRESENTATION_CONTEXT() REPRESENTATION_CONTEXT('2D SPACE',''
  ) );
#4439 = PCURVE('',#2027,#4440);
#4440 = DEFINITIONAL_REPRESENTATION('',(#4441),#4452);
#4441 = B_SPLINE_CURVE_WITH_KNOTS('',5,(#4442,#4443,#4444,#4445,#4446,
    #4447,#4448,#4449,#4450,#4451),.UNSPECIFIED.,.F.,.F.,(6,4,6),(0.,
    0.500684603585,1.),.UNSPECIFIED.);
#4442 = CARTESIAN_POINT('',(12.274474833977,9.237928559271));
#4443 = CARTESIAN_POINT('',(12.701672229317,8.311432387272));
#4444 = CARTESIAN_POINT('',(13.125965762916,7.385467433231));
#4445 = CARTESIAN_POINT('',(13.546791410222,6.459953312043));
#4446 = CARTESIAN_POINT('',(13.963599213427,5.534801421194));
#4447 = CARTESIAN_POINT('',(14.786973432257,3.687574774864));
#4448 = CARTESIAN_POINT('',(15.193565119658,2.765497657529));
#4449 = CARTESIAN_POINT('',(15.595090297357,1.843604482314));
#4450 = CARTESIAN_POINT('',(15.991027378617,0.921802178256));
#4451 = CARTESIAN_POINT('',(16.380863699085,2.723480212182E-10));
#4452 = ( GEOMETRIC_REPRESENTATION_CONTEXT(2) 
PARAMETRIC_REPRESENTATION_CONTEXT() REPRESENTATION_CONTEXT('2D SPACE',''
  ) );
#4453 = ORIENTED_EDGE('',*,*,#4454,.T.);
#4454 = EDGE_CURVE('',#4411,#4020,#4455,.T.);
#4455 = SURFACE_CURVE('',#4456,(#4459,#4466),.PCURVE_S1.);
#4456 = B_SPLINE_CURVE_WITH_KNOTS('',1,(#4457,#4458),.UNSPECIFIED.,.F.,
  .F.,(2,2),(0.,20.),.PIECEWISE_BEZIER_KNOTS.);
#4457 = CARTESIAN_POINT('',(6.800876746897,-15.14300417597,0.));
#4458 = CARTESIAN_POINT('',(-12.69768149673,-10.69258549684,0.));
#4459 = PCURVE('',#1738,#4460);
#4460 = DEFINITIONAL_REPRESENTATION('',(#4461),#4465);
#4461 = LINE('',#4462,#4463);
#4462 = CARTESIAN_POINT('',(0.,0.));
#4463 = VECTOR('',#4464,1.);
#4464 = DIRECTION('',(1.,0.));
#4465 = ( GEOMETRIC_REPRESENTATION_CONTEXT(2) 
PARAMETRIC_REPRESENTATION_CONTEXT() REPRESENTATION_CONTEXT('2D SPACE',''
  ) );
#4466 = PCURVE('',#4467,#4472);
#4467 = PLANE('',#4468);
#4468 = AXIS2_PLACEMENT_3D('',#4469,#4470,#4471);
#4469 = CARTESIAN_POINT('',(-3.337814009345,-14.62391868272,0.));
#4470 = DIRECTION('',(0.,0.,1.));
#4471 = DIRECTION('',(-0.222520933956,-0.974927912182,0.));
#4472 = DEFINITIONAL_REPRESENTATION('',(#4473),#4476);
#4473 = B_SPLINE_CURVE_WITH_KNOTS('',1,(#4474,#4475),.UNSPECIFIED.,.F.,
  .F.,(2,2),(0.,20.),.PIECEWISE_BEZIER_KNOTS.);
#4474 = CARTESIAN_POINT('',(-1.75,10.));
#4475 = CARTESIAN_POINT('',(-1.75,-10.));
#4476 = ( GEOMETRIC_REPRESENTATION_CONTEXT(2) 
PARAMETRIC_REPRESENTATION_CONTEXT() REPRESENTATION_CONTEXT('2D SPACE',''
  ) );
#4477 = ORIENTED_EDGE('',*,*,#4019,.F.);
#4478 = ORIENTED_EDGE('',*,*,#3915,.F.);
#4479 = ORIENTED_EDGE('',*,*,#4480,.F.);
#4480 = EDGE_CURVE('',#4481,#3875,#4483,.T.);
#4481 = VERTEX_POINT('',#4482);
#4482 = CARTESIAN_POINT('',(-12.90451886046,-11.22675940269,
    2.001576291241));
#4483 = SURFACE_CURVE('',#4484,(#4503,#4525),.PCURVE_S1.);
#4484 = B_SPLINE_CURVE_WITH_KNOTS('',5,(#4485,#4486,#4487,#4488,#4489,
    #4490,#4491,#4492,#4493,#4494,#4495,#4496,#4497,#4498,#4499,#4500,
    #4501,#4502),.UNSPECIFIED.,.F.,.F.,(6,4,4,4,6),(0.,0.251384578744,
    0.501769402886,0.751798254082,1.),.UNSPECIFIED.);
#4485 = CARTESIAN_POINT('',(-12.90451886046,-11.22675940269,
    2.001576291241));
#4486 = CARTESIAN_POINT('',(-12.63750767844,-11.50213307133,
    2.806219936955));
#4487 = CARTESIAN_POINT('',(-12.35685002943,-11.76101232072,
    3.611301642155));
#4488 = CARTESIAN_POINT('',(-12.06381009108,-12.00244231846,
    4.416887008181));
#4489 = CARTESIAN_POINT('',(-11.7597538895,-12.22560432185,5.22304251345
    ));
#4490 = CARTESIAN_POINT('',(-11.13373958557,-12.6332509367,
    6.833411016464));
#4491 = CARTESIAN_POINT('',(-10.81185730164,-12.81788596649,
    7.637619475799));
#4492 = CARTESIAN_POINT('',(-10.4819005731,-12.98308197839,
    8.442518571513));
#4493 = CARTESIAN_POINT('',(-10.14536695731,-13.12833472989,
    9.248170143786));
#4494 = CARTESIAN_POINT('',(-9.462714253904,-13.37810130024,
    10.859945429427));
#4495 = CARTESIAN_POINT('',(-9.116609263301,-13.48267282843,
    11.666067341862));
#4496 = CARTESIAN_POINT('',(-8.767017419262,-13.56668528564,
    12.473053380253));
#4497 = CARTESIAN_POINT('',(-8.415515446463,-13.62996906748,
    13.280958495263));
#4498 = CARTESIAN_POINT('',(-7.714433843129,-13.71478125767,
    14.892792726527));
#4499 = CARTESIAN_POINT('',(-7.364858707712,-13.73661145122,
    15.696708271591));
#4500 = CARTESIAN_POINT('',(-7.016514855907,-13.7380273314,
    16.501624971494));
#4501 = CARTESIAN_POINT('',(-6.670960686817,-13.71920627364,
    17.30758712432));
#4502 = CARTESIAN_POINT('',(-6.329726662646,-13.68050037602,
    18.114631061595));
#4503 = PCURVE('',#1738,#4504);
#4504 = DEFINITIONAL_REPRESENTATION('',(#4505),#4524);
#4505 = B_SPLINE_CURVE_WITH_KNOTS('',5,(#4506,#4507,#4508,#4509,#4510,
    #4511,#4512,#4513,#4514,#4515,#4516,#4517,#4518,#4519,#4520,#4521,
    #4522,#4523),.UNSPECIFIED.,.F.,.F.,(6,4,4,4,6),(0.,0.251384578744,
    0.501769402886,0.751798254082,1.),.UNSPECIFIED.);
#4506 = CARTESIAN_POINT('',(20.,2.001576291241));
#4507 = CARTESIAN_POINT('',(19.651008629771,2.806219936955));
#4508 = CARTESIAN_POINT('',(19.297732003455,3.611301642154));
#4509 = CARTESIAN_POINT('',(18.940507473097,4.416887008181));
#4510 = CARTESIAN_POINT('',(18.579679756118,5.22304251345));
#4511 = CARTESIAN_POINT('',(17.852974988325,6.833411016464));
#4512 = CARTESIAN_POINT('',(17.487123506989,7.637619475799));
#4513 = CARTESIAN_POINT('',(17.118399286137,8.442518571513));
#4514 = CARTESIAN_POINT('',(16.747160886039,9.248170143786));
#4515 = CARTESIAN_POINT('',(16.000923986164,10.859945429428));
#4516 = CARTESIAN_POINT('',(15.625931351178,11.666067341862));
#4517 = CARTESIAN_POINT('',(15.249166237124,12.473053380253));
#4518 = CARTESIAN_POINT('',(14.871004320049,13.280958495263));
#4519 = CARTESIAN_POINT('',(14.115428933924,14.892792725902));
#4520 = CARTESIAN_POINT('',(13.738029944834,15.696708273674));
#4521 = CARTESIAN_POINT('',(13.360011459956,16.501624968371));
#4522 = CARTESIAN_POINT('',(12.981758713716,17.307587126817));
#4523 = CARTESIAN_POINT('',(12.60366597606,18.114631060555));
#4524 = ( GEOMETRIC_REPRESENTATION_CONTEXT(2) 
PARAMETRIC_REPRESENTATION_CONTEXT() REPRESENTATION_CONTEXT('2D SPACE',''
  ) );
#4525 = PCURVE('',#3895,#4526);
#4526 = DEFINITIONAL_REPRESENTATION('',(#4527),#4546);
#4527 = B_SPLINE_CURVE_WITH_KNOTS('',5,(#4528,#4529,#4530,#4531,#4532,
    #4533,#4534,#4535,#4536,#4537,#4538,#4539,#4540,#4541,#4542,#4543,
    #4544,#4545),.UNSPECIFIED.,.F.,.F.,(6,4,4,4,6),(0.,0.251384578744,
    0.501769402886,0.751798254082,1.),.UNSPECIFIED.);
#4528 = CARTESIAN_POINT('',(14.424238193558,2.001576291241));
#4529 = CARTESIAN_POINT('',(14.754742469593,2.806219936955));
#4530 = CARTESIAN_POINT('',(15.080242610551,3.611301642154));
#4531 = CARTESIAN_POINT('',(15.40040012217,4.416887008181));
#4532 = CARTESIAN_POINT('',(15.71488224369,5.22304251345));
#4533 = CARTESIAN_POINT('',(16.330612687492,6.833411016464));
#4534 = CARTESIAN_POINT('',(16.63190885395,7.637619475798));
#4535 = CARTESIAN_POINT('',(16.926925239706,8.442518571513));
#4536 = CARTESIAN_POINT('',(17.215343550937,9.248170143786));
#4537 = CARTESIAN_POINT('',(17.777958852538,10.859945429428));
#4538 = CARTESIAN_POINT('',(18.052175653898,11.666067341862));
#4539 = CARTESIAN_POINT('',(18.319190618219,12.473053380253));
#4540 = CARTESIAN_POINT('',(18.578699612011,13.280958495263));
#4541 = CARTESIAN_POINT('',(19.080273391444,14.892792726527));
#4542 = CARTESIAN_POINT('',(19.322451955646,15.696708271591));
#4543 = CARTESIAN_POINT('',(19.556651912475,16.501624971494));
#4544 = CARTESIAN_POINT('',(19.78259183359,17.30758712432));
#4545 = CARTESIAN_POINT('',(20.,18.114631061595));
#4546 = ( GEOMETRIC_REPRESENTATION_CONTEXT(2) 
PARAMETRIC_REPRESENTATION_CONTEXT() REPRESENTATION_CONTEXT('2D SPACE',''
  ) );
#4547 = ORIENTED_EDGE('',*,*,#4548,.T.);
#4548 = EDGE_CURVE('',#4481,#4549,#4551,.T.);
#4549 = VERTEX_POINT('',#4550);
#4550 = CARTESIAN_POINT('',(-12.92412645822,-17.96534257569,26.));
#4551 = SURFACE_CURVE('',#4552,(#4559,#4566),.PCURVE_S1.);
#4552 = B_SPLINE_CURVE_WITH_KNOTS('',5,(#4553,#4554,#4555,#4556,#4557,
    #4558),.UNSPECIFIED.,.F.,.F.,(6,6),(0.,26.),
  .PIECEWISE_BEZIER_KNOTS.);
#4553 = CARTESIAN_POINT('',(-12.69768149673,-10.69258549684,0.));
#4554 = CARTESIAN_POINT('',(-13.27404504466,-12.06481374057,5.2));
#4555 = CARTESIAN_POINT('',(-13.59898406942,-13.54266509001,10.4));
#4556 = CARTESIAN_POINT('',(-13.64637460569,-15.06471201865,15.6));
#4557 = CARTESIAN_POINT('',(-13.41400478677,-16.55991576668,20.8));
#4558 = CARTESIAN_POINT('',(-12.92412645822,-17.96534257569,26.));
#4559 = PCURVE('',#1738,#4560);
#4560 = DEFINITIONAL_REPRESENTATION('',(#4561),#4565);
#4561 = LINE('',#4562,#4563);
#4562 = CARTESIAN_POINT('',(20.,0.));
#4563 = VECTOR('',#4564,1.);
#4564 = DIRECTION('',(0.,1.));
#4565 = ( GEOMETRIC_REPRESENTATION_CONTEXT(2) 
PARAMETRIC_REPRESENTATION_CONTEXT() REPRESENTATION_CONTEXT('2D SPACE',''
  ) );
#4566 = PCURVE('',#4567,#4580);
#4567 = B_SPLINE_SURFACE_WITH_KNOTS('',1,5,(
    (#4568,#4569,#4570,#4571,#4572,#4573)
    ,(#4574,#4575,#4576,#4577,#4578,#4579
    )),.UNSPECIFIED.,.F.,.F.,.F.,(2,2),(6,6),(0.,3.5),(0.,26.),
  .PIECEWISE_BEZIER_KNOTS.);
#4568 = CARTESIAN_POINT('',(-12.69768149673,-10.69258549684,0.));
#4569 = CARTESIAN_POINT('',(-13.27404504466,-12.06481374057,5.2));
#4570 = CARTESIAN_POINT('',(-13.59898406942,-13.54266509001,10.4));
#4571 = CARTESIAN_POINT('',(-13.64637460569,-15.06471201865,15.6));
#4572 = CARTESIAN_POINT('',(-13.41400478677,-16.55991576668,20.8));
#4573 = CARTESIAN_POINT('',(-12.92412645822,-17.96534257569,26.));
#4574 = CARTESIAN_POINT('',(-13.47650476558,-14.10483318948,0.));
#4575 = CARTESIAN_POINT('',(-13.55260667362,-15.591242888,5.2));
#4576 = CARTESIAN_POINT('',(-13.35635662614,-17.09161480847,10.4));
#4577 = CARTESIAN_POINT('',(-12.88404397709,-18.53930036737,15.6));
#4578 = CARTESIAN_POINT('',(-12.15771305651,-19.86673148598,20.8));
#4579 = CARTESIAN_POINT('',(-11.2196655728,-21.02227127785,26.));
#4580 = DEFINITIONAL_REPRESENTATION('',(#4581),#4585);
#4581 = LINE('',#4582,#4583);
#4582 = CARTESIAN_POINT('',(0.,0.));
#4583 = VECTOR('',#4584,1.);
#4584 = DIRECTION('',(0.,1.));
#4585 = ( GEOMETRIC_REPRESENTATION_CONTEXT(2) 
PARAMETRIC_REPRESENTATION_CONTEXT() REPRESENTATION_CONTEXT('2D SPACE',''
  ) );
#4586 = ORIENTED_EDGE('',*,*,#4587,.F.);
#4587 = EDGE_CURVE('',#1613,#4549,#4588,.T.);
#4588 = SURFACE_CURVE('',#4589,(#4592,#4599),.PCURVE_S1.);
#4589 = B_SPLINE_CURVE_WITH_KNOTS('',1,(#4590,#4591),.UNSPECIFIED.,.F.,
  .F.,(2,2),(0.,20.),.PIECEWISE_BEZIER_KNOTS.);
#4590 = CARTESIAN_POINT('',(4.544037554119,-8.225566087604,26.));
#4591 = CARTESIAN_POINT('',(-12.92412645822,-17.96534257569,26.));
#4592 = PCURVE('',#1738,#4593);
#4593 = DEFINITIONAL_REPRESENTATION('',(#4594),#4598);
#4594 = LINE('',#4595,#4596);
#4595 = CARTESIAN_POINT('',(0.,26.));
#4596 = VECTOR('',#4597,1.);
#4597 = DIRECTION('',(1.,0.));
#4598 = ( GEOMETRIC_REPRESENTATION_CONTEXT(2) 
PARAMETRIC_REPRESENTATION_CONTEXT() REPRESENTATION_CONTEXT('2D SPACE',''
  ) );
#4599 = PCURVE('',#1828,#4600);
#4600 = DEFINITIONAL_REPRESENTATION('',(#4601),#4604);
#4601 = B_SPLINE_CURVE_WITH_KNOTS('',1,(#4602,#4603),.UNSPECIFIED.,.F.,
  .F.,(2,2),(0.,20.),.PIECEWISE_BEZIER_KNOTS.);
#4602 = CARTESIAN_POINT('',(-7.991809508174,6.260469693646));
#4603 = CARTESIAN_POINT('',(5.390802619003,-8.602426815902));
#4604 = ( GEOMETRIC_REPRESENTATION_CONTEXT(2) 
PARAMETRIC_REPRESENTATION_CONTEXT() REPRESENTATION_CONTEXT('2D SPACE',''
  ) );
#4605 = ORIENTED_EDGE('',*,*,#1612,.T.);
#4606 = ADVANCED_FACE('',(#4607),#1828,.T.);
#4607 = FACE_BOUND('',#4608,.T.);
#4608 = EDGE_LOOP('',(#4609,#4610,#4631,#4650,#4651));
#4609 = ORIENTED_EDGE('',*,*,#4587,.T.);
#4610 = ORIENTED_EDGE('',*,*,#4611,.T.);
#4611 = EDGE_CURVE('',#4549,#4612,#4614,.T.);
#4612 = VERTEX_POINT('',#4613);
#4613 = CARTESIAN_POINT('',(-11.2196655728,-21.02227127785,26.));
#4614 = SURFACE_CURVE('',#4615,(#4618,#4624),.PCURVE_S1.);
#4615 = B_SPLINE_CURVE_WITH_KNOTS('',1,(#4616,#4617),.UNSPECIFIED.,.F.,
  .F.,(2,2),(0.,3.5),.PIECEWISE_BEZIER_KNOTS.);
#4616 = CARTESIAN_POINT('',(-12.92412645822,-17.96534257569,26.));
#4617 = CARTESIAN_POINT('',(-11.2196655728,-21.02227127785,26.));
#4618 = PCURVE('',#1828,#4619);
#4619 = DEFINITIONAL_REPRESENTATION('',(#4620),#4623);
#4620 = B_SPLINE_CURVE_WITH_KNOTS('',1,(#4621,#4622),.UNSPECIFIED.,.F.,
  .F.,(2,2),(0.,3.5),.PIECEWISE_BEZIER_KNOTS.);
#4621 = CARTESIAN_POINT('',(5.390802619003,-8.602426815902));
#4622 = CARTESIAN_POINT('',(7.991809508174,-6.260469693646));
#4623 = ( GEOMETRIC_REPRESENTATION_CONTEXT(2) 
PARAMETRIC_REPRESENTATION_CONTEXT() REPRESENTATION_CONTEXT('2D SPACE',''
  ) );
#4624 = PCURVE('',#4567,#4625);
#4625 = DEFINITIONAL_REPRESENTATION('',(#4626),#4630);
#4626 = LINE('',#4627,#4628);
#4627 = CARTESIAN_POINT('',(0.,26.));
#4628 = VECTOR('',#4629,1.);
#4629 = DIRECTION('',(1.,0.));
#4630 = ( GEOMETRIC_REPRESENTATION_CONTEXT(2) 
PARAMETRIC_REPRESENTATION_CONTEXT() REPRESENTATION_CONTEXT('2D SPACE',''
  ) );
#4631 = ORIENTED_EDGE('',*,*,#4632,.T.);
#4632 = EDGE_CURVE('',#4612,#4268,#4633,.T.);
#4633 = SURFACE_CURVE('',#4634,(#4637,#4643),.PCURVE_S1.);
#4634 = B_SPLINE_CURVE_WITH_KNOTS('',1,(#4635,#4636),.UNSPECIFIED.,.F.,
  .F.,(2,2),(0.,20.),.PIECEWISE_BEZIER_KNOTS.);
#4635 = CARTESIAN_POINT('',(-11.2196655728,-21.02227127785,26.));
#4636 = CARTESIAN_POINT('',(6.248498439534,-11.28249478976,26.));
#4637 = PCURVE('',#1828,#4638);
#4638 = DEFINITIONAL_REPRESENTATION('',(#4639),#4642);
#4639 = B_SPLINE_CURVE_WITH_KNOTS('',1,(#4640,#4641),.UNSPECIFIED.,.F.,
  .F.,(2,2),(0.,20.),.PIECEWISE_BEZIER_KNOTS.);
#4640 = CARTESIAN_POINT('',(7.991809508174,-6.260469693646));
#4641 = CARTESIAN_POINT('',(-5.390802619003,8.602426815902));
#4642 = ( GEOMETRIC_REPRESENTATION_CONTEXT(2) 
PARAMETRIC_REPRESENTATION_CONTEXT() REPRESENTATION_CONTEXT('2D SPACE',''
  ) );
#4643 = PCURVE('',#4286,#4644);
#4644 = DEFINITIONAL_REPRESENTATION('',(#4645),#4649);
#4645 = LINE('',#4646,#4647);
#4646 = CARTESIAN_POINT('',(0.,26.));
#4647 = VECTOR('',#4648,1.);
#4648 = DIRECTION('',(1.,0.));
#4649 = ( GEOMETRIC_REPRESENTATION_CONTEXT(2) 
PARAMETRIC_REPRESENTATION_CONTEXT() REPRESENTATION_CONTEXT('2D SPACE',''
  ) );
#4650 = ORIENTED_EDGE('',*,*,#4387,.T.);
#4651 = ORIENTED_EDGE('',*,*,#1813,.F.);
#4652 = ADVANCED_FACE('',(#4653),#1874,.T.);
#4653 = FACE_BOUND('',#4654,.T.);
#4654 = EDGE_LOOP('',(#4655,#4681,#4682,#4706,#4707));
#4655 = ORIENTED_EDGE('',*,*,#4656,.F.);
#4656 = EDGE_CURVE('',#2457,#4657,#4659,.T.);
#4657 = VERTEX_POINT('',#4658);
#4658 = CARTESIAN_POINT('',(12.716884681399,-2.149247642762,26.));
#4659 = SURFACE_CURVE('',#4660,(#4667,#4674),.PCURVE_S1.);
#4660 = B_SPLINE_CURVE_WITH_KNOTS('',5,(#4661,#4662,#4663,#4664,#4665,
    #4666),.UNSPECIFIED.,.F.,.F.,(6,6),(0.,26.),
  .PIECEWISE_BEZIER_KNOTS.);
#4661 = CARTESIAN_POINT('',(18.261769005814,-6.860779312752,0.));
#4662 = CARTESIAN_POINT('',(17.548274558033,-5.554589829851,5.2));
#4663 = CARTESIAN_POINT('',(16.595440014791,-4.379117025368,10.4));
#4664 = CARTESIAN_POINT('',(15.43500332426,-3.393084874187,15.6));
#4665 = CARTESIAN_POINT('',(14.121125748987,-2.642514625596,20.8));
#4666 = CARTESIAN_POINT('',(12.716884681399,-2.149247642762,26.));
#4667 = PCURVE('',#1874,#4668);
#4668 = DEFINITIONAL_REPRESENTATION('',(#4669),#4673);
#4669 = LINE('',#4670,#4671);
#4670 = CARTESIAN_POINT('',(0.,0.));
#4671 = VECTOR('',#4672,1.);
#4672 = DIRECTION('',(0.,1.));
#4673 = ( GEOMETRIC_REPRESENTATION_CONTEXT(2) 
PARAMETRIC_REPRESENTATION_CONTEXT() REPRESENTATION_CONTEXT('2D SPACE',''
  ) );
#4674 = PCURVE('',#2558,#4675);
#4675 = DEFINITIONAL_REPRESENTATION('',(#4676),#4680);
#4676 = LINE('',#4677,#4678);
#4677 = CARTESIAN_POINT('',(20.,0.));
#4678 = VECTOR('',#4679,1.);
#4679 = DIRECTION('',(0.,1.));
#4680 = ( GEOMETRIC_REPRESENTATION_CONTEXT(2) 
PARAMETRIC_REPRESENTATION_CONTEXT() REPRESENTATION_CONTEXT('2D SPACE',''
  ) );
#4681 = ORIENTED_EDGE('',*,*,#2456,.F.);
#4682 = ORIENTED_EDGE('',*,*,#4683,.T.);
#4683 = EDGE_CURVE('',#2413,#1843,#4684,.T.);
#4684 = SURFACE_CURVE('',#4685,(#4692,#4699),.PCURVE_S1.);
#4685 = B_SPLINE_CURVE_WITH_KNOTS('',5,(#4686,#4687,#4688,#4689,#4690,
    #4691),.UNSPECIFIED.,.F.,.F.,(6,6),(0.,26.),
  .PIECEWISE_BEZIER_KNOTS.);
#4686 = CARTESIAN_POINT('',(16.079554699309,-4.124369124114,0.));
#4687 = CARTESIAN_POINT('',(14.964881564722,-3.138108968127,5.2));
#4688 = CARTESIAN_POINT('',(13.66948365867,-2.356076842271,10.4));
#4689 = CARTESIAN_POINT('',(12.243155392039,-1.822728558593,15.6));
#4690 = CARTESIAN_POINT('',(10.752468030936,-1.562957173868,20.8));
#4691 = CARTESIAN_POINT('',(9.264167602666,-1.575884952809,26.));
#4692 = PCURVE('',#1874,#4693);
#4693 = DEFINITIONAL_REPRESENTATION('',(#4694),#4698);
#4694 = LINE('',#4695,#4696);
#4695 = CARTESIAN_POINT('',(3.5,0.));
#4696 = VECTOR('',#4697,1.);
#4697 = DIRECTION('',(0.,1.));
#4698 = ( GEOMETRIC_REPRESENTATION_CONTEXT(2) 
PARAMETRIC_REPRESENTATION_CONTEXT() REPRESENTATION_CONTEXT('2D SPACE',''
  ) );
#4699 = PCURVE('',#2027,#4700);
#4700 = DEFINITIONAL_REPRESENTATION('',(#4701),#4705);
#4701 = LINE('',#4702,#4703);
#4702 = CARTESIAN_POINT('',(0.,0.));
#4703 = VECTOR('',#4704,1.);
#4704 = DIRECTION('',(0.,1.));
#4705 = ( GEOMETRIC_REPRESENTATION_CONTEXT(2) 
PARAMETRIC_REPRESENTATION_CONTEXT() REPRESENTATION_CONTEXT('2D SPACE',''
  ) );
#4706 = ORIENTED_EDGE('',*,*,#1842,.T.);
#4707 = ORIENTED_EDGE('',*,*,#4708,.F.);
#4708 = EDGE_CURVE('',#4657,#1845,#4709,.T.);
#4709 = SURFACE_CURVE('',#4710,(#4713,#4720),.PCURVE_S1.);
#4710 = B_SPLINE_CURVE_WITH_KNOTS('',1,(#4711,#4712),.UNSPECIFIED.,.F.,
  .F.,(2,2),(0.,3.5),.PIECEWISE_BEZIER_KNOTS.);
#4711 = CARTESIAN_POINT('',(12.716884681399,-2.149247642762,26.));
#4712 = CARTESIAN_POINT('',(9.264167602666,-1.575884952809,26.));
#4713 = PCURVE('',#1874,#4714);
#4714 = DEFINITIONAL_REPRESENTATION('',(#4715),#4719);
#4715 = LINE('',#4716,#4717);
#4716 = CARTESIAN_POINT('',(0.,26.));
#4717 = VECTOR('',#4718,1.);
#4718 = DIRECTION('',(1.,0.));
#4719 = ( GEOMETRIC_REPRESENTATION_CONTEXT(2) 
PARAMETRIC_REPRESENTATION_CONTEXT() REPRESENTATION_CONTEXT('2D SPACE',''
  ) );
#4720 = PCURVE('',#2117,#4721);
#4721 = DEFINITIONAL_REPRESENTATION('',(#4722),#4725);
#4722 = B_SPLINE_CURVE_WITH_KNOTS('',1,(#4723,#4724),.UNSPECIFIED.,.F.,
  .F.,(2,2),(0.,3.5),.PIECEWISE_BEZIER_KNOTS.);
#4723 = CARTESIAN_POINT('',(-5.390802619003,8.602426815902));
#4724 = CARTESIAN_POINT('',(-7.991809508174,6.260469693646));
#4725 = ( GEOMETRIC_REPRESENTATION_CONTEXT(2) 
PARAMETRIC_REPRESENTATION_CONTEXT() REPRESENTATION_CONTEXT('2D SPACE',''
  ) );
#4726 = ADVANCED_FACE('',(#4727),#2117,.T.);
#4727 = FACE_BOUND('',#4728,.T.);
#4728 = EDGE_LOOP('',(#4729,#4750,#4784,#4803,#4804));
#4729 = ORIENTED_EDGE('',*,*,#4730,.T.);
#4730 = EDGE_CURVE('',#1902,#4731,#4733,.T.);
#4731 = VERTEX_POINT('',#4732);
#4732 = CARTESIAN_POINT('',(5.987809374363,-21.30569683127,26.));
#4733 = SURFACE_CURVE('',#4734,(#4737,#4743),.PCURVE_S1.);
#4734 = B_SPLINE_CURVE_WITH_KNOTS('',1,(#4735,#4736),.UNSPECIFIED.,.F.,
  .F.,(2,2),(0.,20.),.PIECEWISE_BEZIER_KNOTS.);
#4735 = CARTESIAN_POINT('',(9.264167602666,-1.575884952809,26.));
#4736 = CARTESIAN_POINT('',(5.987809374363,-21.30569683127,26.));
#4737 = PCURVE('',#2117,#4738);
#4738 = DEFINITIONAL_REPRESENTATION('',(#4739),#4742);
#4739 = B_SPLINE_CURVE_WITH_KNOTS('',1,(#4740,#4741),.UNSPECIFIED.,.F.,
  .F.,(2,2),(0.,20.),.PIECEWISE_BEZIER_KNOTS.);
#4740 = CARTESIAN_POINT('',(-7.991809508174,6.260469693646));
#4741 = CARTESIAN_POINT('',(5.390802619003,-8.602426815902));
#4742 = ( GEOMETRIC_REPRESENTATION_CONTEXT(2) 
PARAMETRIC_REPRESENTATION_CONTEXT() REPRESENTATION_CONTEXT('2D SPACE',''
  ) );
#4743 = PCURVE('',#2027,#4744);
#4744 = DEFINITIONAL_REPRESENTATION('',(#4745),#4749);
#4745 = LINE('',#4746,#4747);
#4746 = CARTESIAN_POINT('',(0.,26.));
#4747 = VECTOR('',#4748,1.);
#4748 = DIRECTION('',(1.,0.));
#4749 = ( GEOMETRIC_REPRESENTATION_CONTEXT(2) 
PARAMETRIC_REPRESENTATION_CONTEXT() REPRESENTATION_CONTEXT('2D SPACE',''
  ) );
#4750 = ORIENTED_EDGE('',*,*,#4751,.T.);
#4751 = EDGE_CURVE('',#4731,#4752,#4754,.T.);
#4752 = VERTEX_POINT('',#4753);
#4753 = CARTESIAN_POINT('',(9.440526453096,-21.87905952123,26.));
#4754 = SURFACE_CURVE('',#4755,(#4758,#4764),.PCURVE_S1.);
#4755 = B_SPLINE_CURVE_WITH_KNOTS('',1,(#4756,#4757),.UNSPECIFIED.,.F.,
  .F.,(2,2),(0.,3.5),.PIECEWISE_BEZIER_KNOTS.);
#4756 = CARTESIAN_POINT('',(5.987809374363,-21.30569683127,26.));
#4757 = CARTESIAN_POINT('',(9.440526453096,-21.87905952123,26.));
#4758 = PCURVE('',#2117,#4759);
#4759 = DEFINITIONAL_REPRESENTATION('',(#4760),#4763);
#4760 = B_SPLINE_CURVE_WITH_KNOTS('',1,(#4761,#4762),.UNSPECIFIED.,.F.,
  .F.,(2,2),(0.,3.5),.PIECEWISE_BEZIER_KNOTS.);
#4761 = CARTESIAN_POINT('',(5.390802619003,-8.602426815902));
#4762 = CARTESIAN_POINT('',(7.991809508174,-6.260469693646));
#4763 = ( GEOMETRIC_REPRESENTATION_CONTEXT(2) 
PARAMETRIC_REPRESENTATION_CONTEXT() REPRESENTATION_CONTEXT('2D SPACE',''
  ) );
#4764 = PCURVE('',#4765,#4778);
#4765 = B_SPLINE_SURFACE_WITH_KNOTS('',1,5,(
    (#4766,#4767,#4768,#4769,#4770,#4771)
    ,(#4772,#4773,#4774,#4775,#4776,#4777
    )),.UNSPECIFIED.,.F.,.F.,.F.,(2,2),(6,6),(0.,3.5),(0.,26.),
  .PIECEWISE_BEZIER_KNOTS.);
#4766 = CARTESIAN_POINT('',(0.442925049948,-16.59416516128,0.));
#4767 = CARTESIAN_POINT('',(1.156419497729,-17.90035464419,5.2));
#4768 = CARTESIAN_POINT('',(2.109254040971,-19.07582744867,10.4));
#4769 = CARTESIAN_POINT('',(3.269690731502,-20.06185959985,15.6));
#4770 = CARTESIAN_POINT('',(4.583568306775,-20.81242984844,20.8));
#4771 = CARTESIAN_POINT('',(5.987809374363,-21.30569683127,26.));
#4772 = CARTESIAN_POINT('',(2.625139356453,-19.33057534992,0.));
#4773 = CARTESIAN_POINT('',(3.73981249104,-20.31683550591,5.2));
#4774 = CARTESIAN_POINT('',(5.035210397092,-21.09886763177,10.4));
#4775 = CARTESIAN_POINT('',(6.461538663723,-21.63221591544,15.6));
#4776 = CARTESIAN_POINT('',(7.952226024826,-21.89198730017,20.8));
#4777 = CARTESIAN_POINT('',(9.440526453096,-21.87905952123,26.));
#4778 = DEFINITIONAL_REPRESENTATION('',(#4779),#4783);
#4779 = LINE('',#4780,#4781);
#4780 = CARTESIAN_POINT('',(0.,26.));
#4781 = VECTOR('',#4782,1.);
#4782 = DIRECTION('',(1.,0.));
#4783 = ( GEOMETRIC_REPRESENTATION_CONTEXT(2) 
PARAMETRIC_REPRESENTATION_CONTEXT() REPRESENTATION_CONTEXT('2D SPACE',''
  ) );
#4784 = ORIENTED_EDGE('',*,*,#4785,.T.);
#4785 = EDGE_CURVE('',#4752,#4657,#4786,.T.);
#4786 = SURFACE_CURVE('',#4787,(#4790,#4796),.PCURVE_S1.);
#4787 = B_SPLINE_CURVE_WITH_KNOTS('',1,(#4788,#4789),.UNSPECIFIED.,.F.,
  .F.,(2,2),(0.,20.),.PIECEWISE_BEZIER_KNOTS.);
#4788 = CARTESIAN_POINT('',(9.440526453096,-21.87905952123,26.));
#4789 = CARTESIAN_POINT('',(12.716884681399,-2.149247642762,26.));
#4790 = PCURVE('',#2117,#4791);
#4791 = DEFINITIONAL_REPRESENTATION('',(#4792),#4795);
#4792 = B_SPLINE_CURVE_WITH_KNOTS('',1,(#4793,#4794),.UNSPECIFIED.,.F.,
  .F.,(2,2),(0.,20.),.PIECEWISE_BEZIER_KNOTS.);
#4793 = CARTESIAN_POINT('',(7.991809508174,-6.260469693646));
#4794 = CARTESIAN_POINT('',(-5.390802619003,8.602426815902));
#4795 = ( GEOMETRIC_REPRESENTATION_CONTEXT(2) 
PARAMETRIC_REPRESENTATION_CONTEXT() REPRESENTATION_CONTEXT('2D SPACE',''
  ) );
#4796 = PCURVE('',#2558,#4797);
#4797 = DEFINITIONAL_REPRESENTATION('',(#4798),#4802);
#4798 = LINE('',#4799,#4800);
#4799 = CARTESIAN_POINT('',(0.,26.));
#4800 = VECTOR('',#4801,1.);
#4801 = DIRECTION('',(1.,0.));
#4802 = ( GEOMETRIC_REPRESENTATION_CONTEXT(2) 
PARAMETRIC_REPRESENTATION_CONTEXT() REPRESENTATION_CONTEXT('2D SPACE',''
  ) );
#4803 = ORIENTED_EDGE('',*,*,#4708,.T.);
#4804 = ORIENTED_EDGE('',*,*,#2102,.F.);
#4805 = ADVANCED_FACE('',(#4806),#2027,.T.);
#4806 = FACE_BOUND('',#4807,.T.);
#4807 = EDGE_LOOP('',(#4808,#4809,#4810,#4834,#4835,#4836,#4904,#4928,
    #4929));
#4808 = ORIENTED_EDGE('',*,*,#4683,.F.);
#4809 = ORIENTED_EDGE('',*,*,#2412,.F.);
#4810 = ORIENTED_EDGE('',*,*,#4811,.T.);
#4811 = EDGE_CURVE('',#2387,#4411,#4812,.T.);
#4812 = SURFACE_CURVE('',#4813,(#4816,#4823),.PCURVE_S1.);
#4813 = B_SPLINE_CURVE_WITH_KNOTS('',1,(#4814,#4815),.UNSPECIFIED.,.F.,
  .F.,(2,2),(0.,20.),.PIECEWISE_BEZIER_KNOTS.);
#4814 = CARTESIAN_POINT('',(16.079554699309,-4.124369124114,0.));
#4815 = CARTESIAN_POINT('',(0.442925049948,-16.59416516128,0.));
#4816 = PCURVE('',#2027,#4817);
#4817 = DEFINITIONAL_REPRESENTATION('',(#4818),#4822);
#4818 = LINE('',#4819,#4820);
#4819 = CARTESIAN_POINT('',(0.,0.));
#4820 = VECTOR('',#4821,1.);
#4821 = DIRECTION('',(1.,0.));
#4822 = ( GEOMETRIC_REPRESENTATION_CONTEXT(2) 
PARAMETRIC_REPRESENTATION_CONTEXT() REPRESENTATION_CONTEXT('2D SPACE',''
  ) );
#4823 = PCURVE('',#4824,#4829);
#4824 = PLANE('',#4825);
#4825 = AXIS2_PLACEMENT_3D('',#4826,#4827,#4828);
#4826 = CARTESIAN_POINT('',(9.352347027881,-11.72747223702,0.));
#4827 = DIRECTION('',(0.,0.,1.));
#4828 = DIRECTION('',(0.623489801859,-0.781831482468,0.));
#4829 = DEFINITIONAL_REPRESENTATION('',(#4830),#4833);
#4830 = B_SPLINE_CURVE_WITH_KNOTS('',1,(#4831,#4832),.UNSPECIFIED.,.F.,
  .F.,(2,2),(0.,20.),.PIECEWISE_BEZIER_KNOTS.);
#4831 = CARTESIAN_POINT('',(-1.75,10.));
#4832 = CARTESIAN_POINT('',(-1.75,-10.));
#4833 = ( GEOMETRIC_REPRESENTATION_CONTEXT(2) 
PARAMETRIC_REPRESENTATION_CONTEXT() REPRESENTATION_CONTEXT('2D SPACE',''
  ) );
#4834 = ORIENTED_EDGE('',*,*,#4410,.F.);
#4835 = ORIENTED_EDGE('',*,*,#4306,.F.);
#4836 = ORIENTED_EDGE('',*,*,#4837,.F.);
#4837 = EDGE_CURVE('',#4838,#4266,#4840,.T.);
#4838 = VERTEX_POINT('',#4839);
#4839 = CARTESIAN_POINT('',(0.73159803973,-17.08892910671,2.001576291241
    ));
#4840 = SURFACE_CURVE('',#4841,(#4860,#4882),.PCURVE_S1.);
#4841 = B_SPLINE_CURVE_WITH_KNOTS('',5,(#4842,#4843,#4844,#4845,#4846,
    #4847,#4848,#4849,#4850,#4851,#4852,#4853,#4854,#4855,#4856,#4857,
    #4858,#4859),.UNSPECIFIED.,.F.,.F.,(6,4,4,4,6),(0.,0.251384578755,
    0.501769402909,0.751798254116,1.),.UNSPECIFIED.);
#4842 = CARTESIAN_POINT('',(0.73159803973,-17.08892910671,2.001576291241
    ));
#4843 = CARTESIAN_POINT('',(1.113372592285,-17.05186403253,
    2.806219936955));
#4844 = CARTESIAN_POINT('',(1.490759721593,-16.99384561865,
    3.611301642155));
#4845 = CARTESIAN_POINT('',(1.862224707733,-16.91526691068,
    4.416887008181));
#4846 = CARTESIAN_POINT('',(2.226275728548,-16.81668543312,5.22304251345
    ));
#4847 = CARTESIAN_POINT('',(2.93530022008,-16.58141124896,6.833411016464
    ));
#4848 = CARTESIAN_POINT('',(3.280344020566,-16.44487160387,
    7.637619475798));
#4849 = CARTESIAN_POINT('',(3.615224118741,-16.28989907438,
    8.442518571514));
#4850 = CARTESIAN_POINT('',(3.93861257021,-16.11735010789,9.248170143786
    ));
#4851 = CARTESIAN_POINT('',(4.559514936967,-15.73935764223,
    10.859945429429));
#4852 = CARTESIAN_POINT('',(4.857065181885,-15.53396114573,
    11.666067341859));
#4853 = CARTESIAN_POINT('',(5.140715715424,-15.31302014634,
    12.473053380256));
#4854 = CARTESIAN_POINT('',(5.409350863768,-15.07766163046,
    13.280958495262));
#4855 = CARTESIAN_POINT('',(5.912776934079,-14.58241349691,
    14.89279272638));
#4856 = CARTESIAN_POINT('',(6.147800998818,-14.32271555324,
    15.696708272469));
#4857 = CARTESIAN_POINT('',(6.366096817262,-14.05125215066,
    16.501624970614));
#4858 = CARTESIAN_POINT('',(6.566831422648,-13.76935228405,
    17.307587125489));
#4859 = CARTESIAN_POINT('',(6.749325867177,-13.47843204904,
    18.114631061595));
#4860 = PCURVE('',#2027,#4861);
#4861 = DEFINITIONAL_REPRESENTATION('',(#4862),#4881);
#4862 = B_SPLINE_CURVE_WITH_KNOTS('',5,(#4863,#4864,#4865,#4866,#4867,
    #4868,#4869,#4870,#4871,#4872,#4873,#4874,#4875,#4876,#4877,#4878,
    #4879,#4880),.UNSPECIFIED.,.F.,.F.,(6,4,4,4,6),(0.,0.251384578755,
    0.501769402909,0.751798254116,1.),.UNSPECIFIED.);
#4863 = CARTESIAN_POINT('',(20.,2.001576291241));
#4864 = CARTESIAN_POINT('',(19.651008629771,2.806219936955));
#4865 = CARTESIAN_POINT('',(19.297732003456,3.611301642155));
#4866 = CARTESIAN_POINT('',(18.940507473095,4.416887008181));
#4867 = CARTESIAN_POINT('',(18.579679756119,5.22304251345));
#4868 = CARTESIAN_POINT('',(17.852974988326,6.833411016464));
#4869 = CARTESIAN_POINT('',(17.487123506988,7.637619475798));
#4870 = CARTESIAN_POINT('',(17.118399286138,8.442518571514));
#4871 = CARTESIAN_POINT('',(16.747160886039,9.248170143786));
#4872 = CARTESIAN_POINT('',(16.000923986163,10.859945429429));
#4873 = CARTESIAN_POINT('',(15.625931351179,11.666067341859));
#4874 = CARTESIAN_POINT('',(15.249166237123,12.473053380256));
#4875 = CARTESIAN_POINT('',(14.871004320049,13.280958495262));
#4876 = CARTESIAN_POINT('',(14.1154289337,14.89279272638));
#4877 = CARTESIAN_POINT('',(13.738029945399,15.696708272469));
#4878 = CARTESIAN_POINT('',(13.360011458904,16.501624970614));
#4879 = CARTESIAN_POINT('',(12.981758714338,17.307587125489));
#4880 = CARTESIAN_POINT('',(12.603665975573,18.114631061595));
#4881 = ( GEOMETRIC_REPRESENTATION_CONTEXT(2) 
PARAMETRIC_REPRESENTATION_CONTEXT() REPRESENTATION_CONTEXT('2D SPACE',''
  ) );
#4882 = PCURVE('',#4286,#4883);
#4883 = DEFINITIONAL_REPRESENTATION('',(#4884),#4903);
#4884 = B_SPLINE_CURVE_WITH_KNOTS('',5,(#4885,#4886,#4887,#4888,#4889,
    #4890,#4891,#4892,#4893,#4894,#4895,#4896,#4897,#4898,#4899,#4900,
    #4901,#4902),.UNSPECIFIED.,.F.,.F.,(6,4,4,4,6),(0.,0.251384578755,
    0.501769402909,0.751798254116,1.),.UNSPECIFIED.);
#4885 = CARTESIAN_POINT('',(14.424238193558,2.001576291241));
#4886 = CARTESIAN_POINT('',(14.754742469593,2.806219936955));
#4887 = CARTESIAN_POINT('',(15.080242610551,3.611301642155));
#4888 = CARTESIAN_POINT('',(15.40040012217,4.416887008181));
#4889 = CARTESIAN_POINT('',(15.71488224369,5.22304251345));
#4890 = CARTESIAN_POINT('',(16.330612687492,6.833411016464));
#4891 = CARTESIAN_POINT('',(16.63190885395,7.637619475798));
#4892 = CARTESIAN_POINT('',(16.926925239706,8.442518571514));
#4893 = CARTESIAN_POINT('',(17.215343550937,9.248170143786));
#4894 = CARTESIAN_POINT('',(17.777958852538,10.859945429429));
#4895 = CARTESIAN_POINT('',(18.052175653898,11.666067341859));
#4896 = CARTESIAN_POINT('',(18.31919061822,12.473053380256));
#4897 = CARTESIAN_POINT('',(18.578699612011,13.280958495262));
#4898 = CARTESIAN_POINT('',(19.080273391408,14.89279272638));
#4899 = CARTESIAN_POINT('',(19.322451955886,15.696708272469));
#4900 = CARTESIAN_POINT('',(19.556651912243,16.501624970614));
#4901 = CARTESIAN_POINT('',(19.782591833908,17.307587125489));
#4902 = CARTESIAN_POINT('',(20.,18.114631061595));
#4903 = ( GEOMETRIC_REPRESENTATION_CONTEXT(2) 
PARAMETRIC_REPRESENTATION_CONTEXT() REPRESENTATION_CONTEXT('2D SPACE',''
  ) );
#4904 = ORIENTED_EDGE('',*,*,#4905,.T.);
#4905 = EDGE_CURVE('',#4838,#4731,#4906,.T.);
#4906 = SURFACE_CURVE('',#4907,(#4914,#4921),.PCURVE_S1.);
#4907 = B_SPLINE_CURVE_WITH_KNOTS('',5,(#4908,#4909,#4910,#4911,#4912,
    #4913),.UNSPECIFIED.,.F.,.F.,(6,6),(0.,26.),
  .PIECEWISE_BEZIER_KNOTS.);
#4908 = CARTESIAN_POINT('',(0.442925049948,-16.59416516128,0.));
#4909 = CARTESIAN_POINT('',(1.156419497729,-17.90035464419,5.2));
#4910 = CARTESIAN_POINT('',(2.109254040971,-19.07582744867,10.4));
#4911 = CARTESIAN_POINT('',(3.269690731502,-20.06185959985,15.6));
#4912 = CARTESIAN_POINT('',(4.583568306775,-20.81242984844,20.8));
#4913 = CARTESIAN_POINT('',(5.987809374363,-21.30569683127,26.));
#4914 = PCURVE('',#2027,#4915);
#4915 = DEFINITIONAL_REPRESENTATION('',(#4916),#4920);
#4916 = LINE('',#4917,#4918);
#4917 = CARTESIAN_POINT('',(20.,0.));
#4918 = VECTOR('',#4919,1.);
#4919 = DIRECTION('',(0.,1.));
#4920 = ( GEOMETRIC_REPRESENTATION_CONTEXT(2) 
PARAMETRIC_REPRESENTATION_CONTEXT() REPRESENTATION_CONTEXT('2D SPACE',''
  ) );
#4921 = PCURVE('',#4765,#4922);
#4922 = DEFINITIONAL_REPRESENTATION('',(#4923),#4927);
#4923 = LINE('',#4924,#4925);
#4924 = CARTESIAN_POINT('',(0.,0.));
#4925 = VECTOR('',#4926,1.);
#4926 = DIRECTION('',(0.,1.));
#4927 = ( GEOMETRIC_REPRESENTATION_CONTEXT(2) 
PARAMETRIC_REPRESENTATION_CONTEXT() REPRESENTATION_CONTEXT('2D SPACE',''
  ) );
#4928 = ORIENTED_EDGE('',*,*,#4730,.F.);
#4929 = ORIENTED_EDGE('',*,*,#1901,.T.);
#4930 = ADVANCED_FACE('',(#4931),#2152,.F.);
#4931 = FACE_BOUND('',#4932,.F.);
#4932 = EDGE_LOOP('',(#4933,#4934,#4955,#4956));
#4933 = ORIENTED_EDGE('',*,*,#2170,.F.);
#4934 = ORIENTED_EDGE('',*,*,#4935,.F.);
#4935 = EDGE_CURVE('',#2136,#2171,#4936,.T.);
#4936 = SEAM_CURVE('',#4937,(#4941,#4948),.PCURVE_S1.);
#4937 = LINE('',#4938,#4939);
#4938 = CARTESIAN_POINT('',(4.,-9.797174393179E-16,0.));
#4939 = VECTOR('',#4940,1.);
#4940 = DIRECTION('',(0.,0.,1.));
#4941 = PCURVE('',#2152,#4942);
#4942 = DEFINITIONAL_REPRESENTATION('',(#4943),#4947);
#4943 = LINE('',#4944,#4945);
#4944 = CARTESIAN_POINT('',(6.28318530718,-0.));
#4945 = VECTOR('',#4946,1.);
#4946 = DIRECTION('',(0.,1.));
#4947 = ( GEOMETRIC_REPRESENTATION_CONTEXT(2) 
PARAMETRIC_REPRESENTATION_CONTEXT() REPRESENTATION_CONTEXT('2D SPACE',''
  ) );
#4948 = PCURVE('',#2152,#4949);
#4949 = DEFINITIONAL_REPRESENTATION('',(#4950),#4954);
#4950 = LINE('',#4951,#4952);
#4951 = CARTESIAN_POINT('',(0.,-0.));
#4952 = VECTOR('',#4953,1.);
#4953 = DIRECTION('',(0.,1.));
#4954 = ( GEOMETRIC_REPRESENTATION_CONTEXT(2) 
PARAMETRIC_REPRESENTATION_CONTEXT() REPRESENTATION_CONTEXT('2D SPACE',''
  ) );
#4955 = ORIENTED_EDGE('',*,*,#2135,.T.);
#4956 = ORIENTED_EDGE('',*,*,#4935,.T.);
#4957 = ADVANCED_FACE('',(#4958),#2218,.T.);
#4958 = FACE_BOUND('',#4959,.T.);
#4959 = EDGE_LOOP('',(#4960,#4986,#5012,#5063,#5114,#5135,#5162,#5163,
    #5164));
#4960 = ORIENTED_EDGE('',*,*,#4961,.F.);
#4961 = EDGE_CURVE('',#4962,#2657,#4964,.T.);
#4962 = VERTEX_POINT('',#4963);
#4963 = CARTESIAN_POINT('',(16.75,-10.,0.));
#4964 = SURFACE_CURVE('',#4965,(#4972,#4979),.PCURVE_S1.);
#4965 = B_SPLINE_CURVE_WITH_KNOTS('',5,(#4966,#4967,#4968,#4969,#4970,
    #4971),.UNSPECIFIED.,.F.,.F.,(6,6),(0.,26.),
  .PIECEWISE_BEZIER_KNOTS.);
#4966 = CARTESIAN_POINT('',(16.75,-10.,0.));
#4967 = CARTESIAN_POINT('',(18.216076571675,-9.743436599957,5.2));
#4968 = CARTESIAN_POINT('',(19.635161291744,-9.218242789879,10.4));
#4969 = CARTESIAN_POINT('',(20.94145089939,-8.435631662405,15.6));
#4970 = CARTESIAN_POINT('',(22.07397671362,-7.432130162169,20.8));
#4971 = CARTESIAN_POINT('',(22.991809508174,-6.260469693646,26.));
#4972 = PCURVE('',#2218,#4973);
#4973 = DEFINITIONAL_REPRESENTATION('',(#4974),#4978);
#4974 = LINE('',#4975,#4976);
#4975 = CARTESIAN_POINT('',(0.,0.));
#4976 = VECTOR('',#4977,1.);
#4977 = DIRECTION('',(0.,1.));
#4978 = ( GEOMETRIC_REPRESENTATION_CONTEXT(2) 
PARAMETRIC_REPRESENTATION_CONTEXT() REPRESENTATION_CONTEXT('2D SPACE',''
  ) );
#4979 = PCURVE('',#2612,#4980);
#4980 = DEFINITIONAL_REPRESENTATION('',(#4981),#4985);
#4981 = LINE('',#4982,#4983);
#4982 = CARTESIAN_POINT('',(3.5,0.));
#4983 = VECTOR('',#4984,1.);
#4984 = DIRECTION('',(0.,1.));
#4985 = ( GEOMETRIC_REPRESENTATION_CONTEXT(2) 
PARAMETRIC_REPRESENTATION_CONTEXT() REPRESENTATION_CONTEXT('2D SPACE',''
  ) );
#4986 = ORIENTED_EDGE('',*,*,#4987,.T.);
#4987 = EDGE_CURVE('',#4962,#4988,#4990,.T.);
#4988 = VERTEX_POINT('',#4989);
#4989 = CARTESIAN_POINT('',(16.75,-8.066374865026,0.));
#4990 = SURFACE_CURVE('',#4991,(#4994,#5001),.PCURVE_S1.);
#4991 = B_SPLINE_CURVE_WITH_KNOTS('',1,(#4992,#4993),.UNSPECIFIED.,.F.,
  .F.,(2,2),(0.,20.),.PIECEWISE_BEZIER_KNOTS.);
#4992 = CARTESIAN_POINT('',(16.75,-10.,0.));
#4993 = CARTESIAN_POINT('',(16.75,10.,0.));
#4994 = PCURVE('',#2218,#4995);
#4995 = DEFINITIONAL_REPRESENTATION('',(#4996),#5000);
#4996 = LINE('',#4997,#4998);
#4997 = CARTESIAN_POINT('',(0.,0.));
#4998 = VECTOR('',#4999,1.);
#4999 = DIRECTION('',(1.,0.));
#5000 = ( GEOMETRIC_REPRESENTATION_CONTEXT(2) 
PARAMETRIC_REPRESENTATION_CONTEXT() REPRESENTATION_CONTEXT('2D SPACE',''
  ) );
#5001 = PCURVE('',#5002,#5007);
#5002 = PLANE('',#5003);
#5003 = AXIS2_PLACEMENT_3D('',#5004,#5005,#5006);
#5004 = CARTESIAN_POINT('',(15.,0.,0.));
#5005 = DIRECTION('',(0.,0.,1.));
#5006 = DIRECTION('',(1.,0.,0.));
#5007 = DEFINITIONAL_REPRESENTATION('',(#5008),#5011);
#5008 = B_SPLINE_CURVE_WITH_KNOTS('',1,(#5009,#5010),.UNSPECIFIED.,.F.,
  .F.,(2,2),(0.,20.),.PIECEWISE_BEZIER_KNOTS.);
#5009 = CARTESIAN_POINT('',(1.75,-10.));
#5010 = CARTESIAN_POINT('',(1.75,10.));
#5011 = ( GEOMETRIC_REPRESENTATION_CONTEXT(2) 
PARAMETRIC_REPRESENTATION_CONTEXT() REPRESENTATION_CONTEXT('2D SPACE',''
  ) );
#5012 = ORIENTED_EDGE('',*,*,#5013,.T.);
#5013 = EDGE_CURVE('',#4988,#5014,#5016,.T.);
#5014 = VERTEX_POINT('',#5015);
#5015 = CARTESIAN_POINT('',(17.534139551457,-5.717410281688,
    4.73851706442));
#5016 = SURFACE_CURVE('',#5017,(#5026,#5038),.PCURVE_S1.);
#5017 = B_SPLINE_CURVE_WITH_KNOTS('',4,(#5018,#5019,#5020,#5021,#5022,
    #5023,#5024,#5025),.UNSPECIFIED.,.F.,.F.,(5,3,5),(0.,0.499682207492,
    1.),.UNSPECIFIED.);
#5018 = CARTESIAN_POINT('',(16.75,-8.066374865026,0.));
#5019 = CARTESIAN_POINT('',(16.884586504078,-7.786903115588,
    0.591793050127));
#5020 = CARTESIAN_POINT('',(17.007388412212,-7.50175546981,
    1.183585938431));
#5021 = CARTESIAN_POINT('',(17.11804486429,-7.211681000724,
    1.775415215307));
#5022 = CARTESIAN_POINT('',(17.314659266353,-6.622880116044,
    2.959971800317));
#5023 = CARTESIAN_POINT('',(17.400585816888,-6.324142628897,
    3.552699277033));
#5024 = CARTESIAN_POINT('',(17.473801996994,-6.022046224011,
    4.145535822472));
#5025 = CARTESIAN_POINT('',(17.534139551457,-5.717410281688,
    4.73851706442));
#5026 = PCURVE('',#2218,#5027);
#5027 = DEFINITIONAL_REPRESENTATION('',(#5028),#5037);
#5028 = B_SPLINE_CURVE_WITH_KNOTS('',4,(#5029,#5030,#5031,#5032,#5033,
    #5034,#5035,#5036),.UNSPECIFIED.,.F.,.F.,(5,3,5),(0.,0.499682207492,
    1.),.UNSPECIFIED.);
#5029 = CARTESIAN_POINT('',(1.933625134974,0.));
#5030 = CARTESIAN_POINT('',(2.183898384201,0.591793050127));
#5031 = CARTESIAN_POINT('',(2.436853646551,1.183585938431));
#5032 = CARTESIAN_POINT('',(2.69231977487,1.775415215307));
#5033 = CARTESIAN_POINT('',(3.208252493121,2.959971800317));
#5034 = CARTESIAN_POINT('',(3.468725010162,3.552699277033));
#5035 = CARTESIAN_POINT('',(3.731364458832,4.145535822472));
#5036 = CARTESIAN_POINT('',(3.995991700275,4.73851706442));
#5037 = ( GEOMETRIC_REPRESENTATION_CONTEXT(2) 
PARAMETRIC_REPRESENTATION_CONTEXT() REPRESENTATION_CONTEXT('2D SPACE',''
  ) );
#5038 = PCURVE('',#5039,#5052);
#5039 = B_SPLINE_SURFACE_WITH_KNOTS('',1,5,(
    (#5040,#5041,#5042,#5043,#5044,#5045)
    ,(#5046,#5047,#5048,#5049,#5050,#5051
    )),.UNSPECIFIED.,.F.,.F.,.F.,(2,2),(6,6),(0.,20.),(0.,26.),
  .PIECEWISE_BEZIER_KNOTS.);
#5040 = CARTESIAN_POINT('',(2.625139356453,-19.33057534992,0.));
#5041 = CARTESIAN_POINT('',(3.73981249104,-20.31683550591,5.2));
#5042 = CARTESIAN_POINT('',(5.035210397092,-21.09886763177,10.4));
#5043 = CARTESIAN_POINT('',(6.461538663723,-21.63221591544,15.6));
#5044 = CARTESIAN_POINT('',(7.952226024826,-21.89198730017,20.8));
#5045 = CARTESIAN_POINT('',(9.440526453096,-21.87905952123,26.));
#5046 = CARTESIAN_POINT('',(18.261769005814,-6.860779312752,0.));
#5047 = CARTESIAN_POINT('',(17.548274558033,-5.554589829851,5.2));
#5048 = CARTESIAN_POINT('',(16.595440014791,-4.379117025368,10.4));
#5049 = CARTESIAN_POINT('',(15.43500332426,-3.393084874187,15.6));
#5050 = CARTESIAN_POINT('',(14.121125748987,-2.642514625596,20.8));
#5051 = CARTESIAN_POINT('',(12.716884681399,-2.149247642762,26.));
#5052 = DEFINITIONAL_REPRESENTATION('',(#5053),#5062);
#5053 = B_SPLINE_CURVE_WITH_KNOTS('',4,(#5054,#5055,#5056,#5057,#5058,
    #5059,#5060,#5061),.UNSPECIFIED.,.F.,.F.,(5,3,5),(0.,0.499682207492,
    1.),.UNSPECIFIED.);
#5054 = CARTESIAN_POINT('',(18.066374865302,6.517063773555E-10));
#5055 = CARTESIAN_POINT('',(18.316648113135,0.591793048905));
#5056 = CARTESIAN_POINT('',(18.564239943031,1.183585939517));
#5057 = CARTESIAN_POINT('',(18.808979925403,1.7754152149));
#5058 = CARTESIAN_POINT('',(19.292731050432,2.959971800317));
#5059 = CARTESIAN_POINT('',(19.531734501049,3.552699277033));
#5060 = CARTESIAN_POINT('',(19.767545147272,4.145535822472));
#5061 = CARTESIAN_POINT('',(20.,4.73851706442));
#5062 = ( GEOMETRIC_REPRESENTATION_CONTEXT(2) 
PARAMETRIC_REPRESENTATION_CONTEXT() REPRESENTATION_CONTEXT('2D SPACE',''
  ) );
#5063 = ORIENTED_EDGE('',*,*,#5064,.T.);
#5064 = EDGE_CURVE('',#5014,#5065,#5067,.T.);
#5065 = VERTEX_POINT('',#5066);
#5066 = CARTESIAN_POINT('',(16.75,-4.965080939753,0.));
#5067 = SURFACE_CURVE('',#5068,(#5077,#5089),.PCURVE_S1.);
#5068 = B_SPLINE_CURVE_WITH_KNOTS('',4,(#5069,#5070,#5071,#5072,#5073,
    #5074,#5075,#5076),.UNSPECIFIED.,.F.,.F.,(5,3,5),(0.,0.507710077979,
    1.),.UNSPECIFIED.);
#5069 = CARTESIAN_POINT('',(17.534139551457,-5.717410281688,
    4.73851706442));
#5070 = CARTESIAN_POINT('',(17.421856411822,-5.651192250423,
    4.133218135172));
#5071 = CARTESIAN_POINT('',(17.312778203131,-5.574584006049,
    3.529183403194));
#5072 = CARTESIAN_POINT('',(17.20778928579,-5.487891712091,
    2.926449372078));
#5073 = CARTESIAN_POINT('',(17.010648938762,-5.298127687006,
    1.741894477942));
#5074 = CARTESIAN_POINT('',(16.918203791365,-5.195632587154,
    1.159994482366));
#5075 = CARTESIAN_POINT('',(16.831101284766,-5.084454400114,
    0.579359763427));
#5076 = CARTESIAN_POINT('',(16.75,-4.965080939754,-9.88438201185E-31));
#5077 = PCURVE('',#2218,#5078);
#5078 = DEFINITIONAL_REPRESENTATION('',(#5079),#5088);
#5079 = B_SPLINE_CURVE_WITH_KNOTS('',4,(#5080,#5081,#5082,#5083,#5084,
    #5085,#5086,#5087),.UNSPECIFIED.,.F.,.F.,(5,3,5),(0.,0.507710077979,
    1.),.UNSPECIFIED.);
#5080 = CARTESIAN_POINT('',(3.995991700275,4.73851706442));
#5081 = CARTESIAN_POINT('',(4.1064406888,4.133218135172));
#5082 = CARTESIAN_POINT('',(4.224366050021,3.529183403194));
#5083 = CARTESIAN_POINT('',(4.349602458248,2.926449372078));
#5084 = CARTESIAN_POINT('',(4.610316868165,1.741894477942));
#5085 = CARTESIAN_POINT('',(4.74536846608,1.159994482366));
#5086 = CARTESIAN_POINT('',(4.886960448333,0.579359763427));
#5087 = CARTESIAN_POINT('',(5.034919060246,0.));
#5088 = ( GEOMETRIC_REPRESENTATION_CONTEXT(2) 
PARAMETRIC_REPRESENTATION_CONTEXT() REPRESENTATION_CONTEXT('2D SPACE',''
  ) );
#5089 = PCURVE('',#5090,#5103);
#5090 = B_SPLINE_SURFACE_WITH_KNOTS('',1,5,(
    (#5091,#5092,#5093,#5094,#5095,#5096)
    ,(#5097,#5098,#5099,#5100,#5101,#5102
    )),.UNSPECIFIED.,.F.,.F.,.F.,(2,2),(6,6),(0.,3.5),(0.,26.),
  .PIECEWISE_BEZIER_KNOTS.);
#5091 = CARTESIAN_POINT('',(18.261769005814,-6.860779312752,0.));
#5092 = CARTESIAN_POINT('',(17.548274558033,-5.554589829851,5.2));
#5093 = CARTESIAN_POINT('',(16.595440014791,-4.379117025368,10.4));
#5094 = CARTESIAN_POINT('',(15.43500332426,-3.393084874187,15.6));
#5095 = CARTESIAN_POINT('',(14.121125748987,-2.642514625596,20.8));
#5096 = CARTESIAN_POINT('',(12.716884681399,-2.149247642762,26.));
#5097 = CARTESIAN_POINT('',(16.079554699309,-4.124369124114,0.));
#5098 = CARTESIAN_POINT('',(14.964881564722,-3.138108968127,5.2));
#5099 = CARTESIAN_POINT('',(13.66948365867,-2.356076842271,10.4));
#5100 = CARTESIAN_POINT('',(12.243155392039,-1.822728558593,15.6));
#5101 = CARTESIAN_POINT('',(10.752468030936,-1.562957173868,20.8));
#5102 = CARTESIAN_POINT('',(9.264167602666,-1.575884952809,26.));
#5103 = DEFINITIONAL_REPRESENTATION('',(#5104),#5113);
#5104 = B_SPLINE_CURVE_WITH_KNOTS('',4,(#5105,#5106,#5107,#5108,#5109,
    #5110,#5111,#5112),.UNSPECIFIED.,.F.,.F.,(5,3,5),(0.,0.507710077979,
    1.),.UNSPECIFIED.);
#5105 = CARTESIAN_POINT('',(0.,4.73851706442));
#5106 = CARTESIAN_POINT('',(0.29754410235,4.133218135172));
#5107 = CARTESIAN_POINT('',(0.598925638543,3.529183403194));
#5108 = CARTESIAN_POINT('',(0.90385336985,2.926449372078));
#5109 = CARTESIAN_POINT('',(1.510866507055,1.741894477918));
#5110 = CARTESIAN_POINT('',(1.812757072766,1.159994482429));
#5111 = CARTESIAN_POINT('',(2.117449984285,0.579359763356));
#5112 = CARTESIAN_POINT('',(2.424689227145,3.775131853656E-11));
#5113 = ( GEOMETRIC_REPRESENTATION_CONTEXT(2) 
PARAMETRIC_REPRESENTATION_CONTEXT() REPRESENTATION_CONTEXT('2D SPACE',''
  ) );
#5114 = ORIENTED_EDGE('',*,*,#5115,.T.);
#5115 = EDGE_CURVE('',#5065,#5116,#5118,.T.);
#5116 = VERTEX_POINT('',#5117);
#5117 = CARTESIAN_POINT('',(16.75,4.965080939753,0.));
#5118 = SURFACE_CURVE('',#5119,(#5122,#5129),.PCURVE_S1.);
#5119 = B_SPLINE_CURVE_WITH_KNOTS('',1,(#5120,#5121),.UNSPECIFIED.,.F.,
  .F.,(2,2),(0.,20.),.PIECEWISE_BEZIER_KNOTS.);
#5120 = CARTESIAN_POINT('',(16.75,-10.,0.));
#5121 = CARTESIAN_POINT('',(16.75,10.,0.));
#5122 = PCURVE('',#2218,#5123);
#5123 = DEFINITIONAL_REPRESENTATION('',(#5124),#5128);
#5124 = LINE('',#5125,#5126);
#5125 = CARTESIAN_POINT('',(0.,0.));
#5126 = VECTOR('',#5127,1.);
#5127 = DIRECTION('',(1.,0.));
#5128 = ( GEOMETRIC_REPRESENTATION_CONTEXT(2) 
PARAMETRIC_REPRESENTATION_CONTEXT() REPRESENTATION_CONTEXT('2D SPACE',''
  ) );
#5129 = PCURVE('',#2401,#5130);
#5130 = DEFINITIONAL_REPRESENTATION('',(#5131),#5134);
#5131 = B_SPLINE_CURVE_WITH_KNOTS('',1,(#5132,#5133),.UNSPECIFIED.,.F.,
  .F.,(2,2),(0.,20.),.PIECEWISE_BEZIER_KNOTS.);
#5132 = CARTESIAN_POINT('',(1.75,-10.));
#5133 = CARTESIAN_POINT('',(1.75,10.));
#5134 = ( GEOMETRIC_REPRESENTATION_CONTEXT(2) 
PARAMETRIC_REPRESENTATION_CONTEXT() REPRESENTATION_CONTEXT('2D SPACE',''
  ) );
#5135 = ORIENTED_EDGE('',*,*,#5136,.T.);
#5136 = EDGE_CURVE('',#5116,#2917,#5137,.T.);
#5137 = SURFACE_CURVE('',#5138,(#5144,#5153),.PCURVE_S1.);
#5138 = B_SPLINE_CURVE_WITH_KNOTS('',4,(#5139,#5140,#5141,#5142,#5143),
  .UNSPECIFIED.,.F.,.F.,(5,5),(0.,1.),.PIECEWISE_BEZIER_KNOTS.);
#5139 = CARTESIAN_POINT('',(16.75,4.965080939754,8.881784197001E-16));
#5140 = CARTESIAN_POINT('',(16.679751099735,4.861681176613,0.50183388882
    ));
#5141 = CARTESIAN_POINT('',(16.614004348593,4.75213194023,1.002711021234
    ));
#5142 = CARTESIAN_POINT('',(16.553187336848,4.636750764937,
    1.502625313088));
#5143 = CARTESIAN_POINT('',(16.497678096353,4.51589981457,2.001576291241
    ));
#5144 = PCURVE('',#2218,#5145);
#5145 = DEFINITIONAL_REPRESENTATION('',(#5146),#5152);
#5146 = B_SPLINE_CURVE_WITH_KNOTS('',4,(#5147,#5148,#5149,#5150,#5151),
  .UNSPECIFIED.,.F.,.F.,(5,5),(0.,1.),.PIECEWISE_BEZIER_KNOTS.);
#5147 = CARTESIAN_POINT('',(14.965080939754,0.));
#5148 = CARTESIAN_POINT('',(14.836921108884,0.50183388882));
#5149 = CARTESIAN_POINT('',(14.70398415218,1.002711021234));
#5150 = CARTESIAN_POINT('',(14.566384019411,1.502625313088));
#5151 = CARTESIAN_POINT('',(14.424238193558,2.001576291241));
#5152 = ( GEOMETRIC_REPRESENTATION_CONTEXT(2) 
PARAMETRIC_REPRESENTATION_CONTEXT() REPRESENTATION_CONTEXT('2D SPACE',''
  ) );
#5153 = PCURVE('',#3003,#5154);
#5154 = DEFINITIONAL_REPRESENTATION('',(#5155),#5161);
#5155 = B_SPLINE_CURVE_WITH_KNOTS('',4,(#5156,#5157,#5158,#5159,#5160),
  .UNSPECIFIED.,.F.,.F.,(5,5),(0.,1.),.PIECEWISE_BEZIER_KNOTS.);
#5156 = CARTESIAN_POINT('',(1.075310772805,5.733809916465E-11));
#5157 = CARTESIAN_POINT('',(0.809184133531,0.501833888713));
#5158 = CARTESIAN_POINT('',(0.541146399094,1.00271102133));
#5159 = CARTESIAN_POINT('',(0.271364339152,1.502625313052));
#5160 = CARTESIAN_POINT('',(0.,2.001576291241));
#5161 = ( GEOMETRIC_REPRESENTATION_CONTEXT(2) 
PARAMETRIC_REPRESENTATION_CONTEXT() REPRESENTATION_CONTEXT('2D SPACE',''
  ) );
#5162 = ORIENTED_EDGE('',*,*,#2916,.T.);
#5163 = ORIENTED_EDGE('',*,*,#2197,.T.);
#5164 = ORIENTED_EDGE('',*,*,#2677,.F.);
#5165 = ADVANCED_FACE('',(#5166),#2612,.T.);
#5166 = FACE_BOUND('',#5167,.T.);
#5167 = EDGE_LOOP('',(#5168,#5169,#5198,#5217,#5218));
#5168 = ORIENTED_EDGE('',*,*,#2593,.F.);
#5169 = ORIENTED_EDGE('',*,*,#5170,.T.);
#5170 = EDGE_CURVE('',#2513,#5171,#5173,.T.);
#5171 = VERTEX_POINT('',#5172);
#5172 = CARTESIAN_POINT('',(14.325310772835,-10.,0.));
#5173 = SURFACE_CURVE('',#5174,(#5180,#5189),.PCURVE_S1.);
#5174 = B_SPLINE_CURVE_WITH_KNOTS('',4,(#5175,#5176,#5177,#5178,#5179),
  .UNSPECIFIED.,.F.,.F.,(5,5),(0.,1.),.PIECEWISE_BEZIER_KNOTS.);
#5175 = CARTESIAN_POINT('',(13.816806694126,-10.08278664275,
    2.001576291241));
#5176 = CARTESIAN_POINT('',(13.945901217161,-10.05083617944,
    1.502625313112));
#5177 = CARTESIAN_POINT('',(14.074028639104,-10.02644584776,
    1.002711021217));
#5178 = CARTESIAN_POINT('',(14.200670109818,-10.00954589599,
    0.501833888849));
#5179 = CARTESIAN_POINT('',(14.325310772835,-10.,-9.88438201185E-31));
#5180 = PCURVE('',#2612,#5181);
#5181 = DEFINITIONAL_REPRESENTATION('',(#5182),#5188);
#5182 = B_SPLINE_CURVE_WITH_KNOTS('',4,(#5183,#5184,#5185,#5186,#5187),
  .UNSPECIFIED.,.F.,.F.,(5,5),(0.,1.),.PIECEWISE_BEZIER_KNOTS.);
#5183 = CARTESIAN_POINT('',(0.,2.001576291241));
#5184 = CARTESIAN_POINT('',(0.27136433912,1.502625313112));
#5185 = CARTESIAN_POINT('',(0.541146399154,1.002711021217));
#5186 = CARTESIAN_POINT('',(0.809184133459,0.501833888849));
#5187 = CARTESIAN_POINT('',(1.075310772835,0.));
#5188 = ( GEOMETRIC_REPRESENTATION_CONTEXT(2) 
PARAMETRIC_REPRESENTATION_CONTEXT() REPRESENTATION_CONTEXT('2D SPACE',''
  ) );
#5189 = PCURVE('',#2558,#5190);
#5190 = DEFINITIONAL_REPRESENTATION('',(#5191),#5197);
#5191 = B_SPLINE_CURVE_WITH_KNOTS('',4,(#5192,#5193,#5194,#5195,#5196),
  .UNSPECIFIED.,.F.,.F.,(5,5),(0.,1.),.PIECEWISE_BEZIER_KNOTS.);
#5192 = CARTESIAN_POINT('',(14.424238193558,2.001576291241));
#5193 = CARTESIAN_POINT('',(14.566384019419,1.502625313053));
#5194 = CARTESIAN_POINT('',(14.703984152144,1.002711021374));
#5195 = CARTESIAN_POINT('',(14.836921108921,0.501833888671));
#5196 = CARTESIAN_POINT('',(14.965080939729,9.495146419759E-11));
#5197 = ( GEOMETRIC_REPRESENTATION_CONTEXT(2) 
PARAMETRIC_REPRESENTATION_CONTEXT() REPRESENTATION_CONTEXT('2D SPACE',''
  ) );
#5198 = ORIENTED_EDGE('',*,*,#5199,.T.);
#5199 = EDGE_CURVE('',#5171,#4962,#5200,.T.);
#5200 = SURFACE_CURVE('',#5201,(#5204,#5211),.PCURVE_S1.);
#5201 = B_SPLINE_CURVE_WITH_KNOTS('',1,(#5202,#5203),.UNSPECIFIED.,.F.,
  .F.,(2,2),(0.,3.5),.PIECEWISE_BEZIER_KNOTS.);
#5202 = CARTESIAN_POINT('',(13.25,-10.,0.));
#5203 = CARTESIAN_POINT('',(16.75,-10.,0.));
#5204 = PCURVE('',#2612,#5205);
#5205 = DEFINITIONAL_REPRESENTATION('',(#5206),#5210);
#5206 = LINE('',#5207,#5208);
#5207 = CARTESIAN_POINT('',(0.,0.));
#5208 = VECTOR('',#5209,1.);
#5209 = DIRECTION('',(1.,0.));
#5210 = ( GEOMETRIC_REPRESENTATION_CONTEXT(2) 
PARAMETRIC_REPRESENTATION_CONTEXT() REPRESENTATION_CONTEXT('2D SPACE',''
  ) );
#5211 = PCURVE('',#5002,#5212);
#5212 = DEFINITIONAL_REPRESENTATION('',(#5213),#5216);
#5213 = B_SPLINE_CURVE_WITH_KNOTS('',1,(#5214,#5215),.UNSPECIFIED.,.F.,
  .F.,(2,2),(0.,3.5),.PIECEWISE_BEZIER_KNOTS.);
#5214 = CARTESIAN_POINT('',(-1.75,-10.));
#5215 = CARTESIAN_POINT('',(1.75,-10.));
#5216 = ( GEOMETRIC_REPRESENTATION_CONTEXT(2) 
PARAMETRIC_REPRESENTATION_CONTEXT() REPRESENTATION_CONTEXT('2D SPACE',''
  ) );
#5217 = ORIENTED_EDGE('',*,*,#4961,.T.);
#5218 = ORIENTED_EDGE('',*,*,#2656,.F.);
#5219 = ADVANCED_FACE('',(#5220),#2558,.T.);
#5220 = FACE_BOUND('',#5221,.T.);
#5221 = EDGE_LOOP('',(#5222,#5248,#5274,#5325,#5376,#5395,#5396,#5397,
    #5398));
#5222 = ORIENTED_EDGE('',*,*,#5223,.F.);
#5223 = EDGE_CURVE('',#5224,#4752,#5226,.T.);
#5224 = VERTEX_POINT('',#5225);
#5225 = CARTESIAN_POINT('',(2.625139356453,-19.33057534992,0.));
#5226 = SURFACE_CURVE('',#5227,(#5234,#5241),.PCURVE_S1.);
#5227 = B_SPLINE_CURVE_WITH_KNOTS('',5,(#5228,#5229,#5230,#5231,#5232,
    #5233),.UNSPECIFIED.,.F.,.F.,(6,6),(0.,26.),
  .PIECEWISE_BEZIER_KNOTS.);
#5228 = CARTESIAN_POINT('',(2.625139356453,-19.33057534992,0.));
#5229 = CARTESIAN_POINT('',(3.73981249104,-20.31683550591,5.2));
#5230 = CARTESIAN_POINT('',(5.035210397092,-21.09886763177,10.4));
#5231 = CARTESIAN_POINT('',(6.461538663723,-21.63221591544,15.6));
#5232 = CARTESIAN_POINT('',(7.952226024826,-21.89198730017,20.8));
#5233 = CARTESIAN_POINT('',(9.440526453096,-21.87905952123,26.));
#5234 = PCURVE('',#2558,#5235);
#5235 = DEFINITIONAL_REPRESENTATION('',(#5236),#5240);
#5236 = LINE('',#5237,#5238);
#5237 = CARTESIAN_POINT('',(0.,0.));
#5238 = VECTOR('',#5239,1.);
#5239 = DIRECTION('',(0.,1.));
#5240 = ( GEOMETRIC_REPRESENTATION_CONTEXT(2) 
PARAMETRIC_REPRESENTATION_CONTEXT() REPRESENTATION_CONTEXT('2D SPACE',''
  ) );
#5241 = PCURVE('',#4765,#5242);
#5242 = DEFINITIONAL_REPRESENTATION('',(#5243),#5247);
#5243 = LINE('',#5244,#5245);
#5244 = CARTESIAN_POINT('',(3.5,0.));
#5245 = VECTOR('',#5246,1.);
#5246 = DIRECTION('',(0.,1.));
#5247 = ( GEOMETRIC_REPRESENTATION_CONTEXT(2) 
PARAMETRIC_REPRESENTATION_CONTEXT() REPRESENTATION_CONTEXT('2D SPACE',''
  ) );
#5248 = ORIENTED_EDGE('',*,*,#5249,.T.);
#5249 = EDGE_CURVE('',#5224,#5250,#5252,.T.);
#5250 = VERTEX_POINT('',#5251);
#5251 = CARTESIAN_POINT('',(4.136908362268,-18.12497979765,0.));
#5252 = SURFACE_CURVE('',#5253,(#5256,#5263),.PCURVE_S1.);
#5253 = B_SPLINE_CURVE_WITH_KNOTS('',1,(#5254,#5255),.UNSPECIFIED.,.F.,
  .F.,(2,2),(0.,20.),.PIECEWISE_BEZIER_KNOTS.);
#5254 = CARTESIAN_POINT('',(2.625139356453,-19.33057534992,0.));
#5255 = CARTESIAN_POINT('',(18.261769005814,-6.860779312752,0.));
#5256 = PCURVE('',#2558,#5257);
#5257 = DEFINITIONAL_REPRESENTATION('',(#5258),#5262);
#5258 = LINE('',#5259,#5260);
#5259 = CARTESIAN_POINT('',(0.,0.));
#5260 = VECTOR('',#5261,1.);
#5261 = DIRECTION('',(1.,0.));
#5262 = ( GEOMETRIC_REPRESENTATION_CONTEXT(2) 
PARAMETRIC_REPRESENTATION_CONTEXT() REPRESENTATION_CONTEXT('2D SPACE',''
  ) );
#5263 = PCURVE('',#5264,#5269);
#5264 = PLANE('',#5265);
#5265 = AXIS2_PLACEMENT_3D('',#5266,#5267,#5268);
#5266 = CARTESIAN_POINT('',(9.352347027881,-11.72747223702,0.));
#5267 = DIRECTION('',(0.,0.,1.));
#5268 = DIRECTION('',(0.623489801859,-0.781831482468,0.));
#5269 = DEFINITIONAL_REPRESENTATION('',(#5270),#5273);
#5270 = B_SPLINE_CURVE_WITH_KNOTS('',1,(#5271,#5272),.UNSPECIFIED.,.F.,
  .F.,(2,2),(0.,20.),.PIECEWISE_BEZIER_KNOTS.);
#5271 = CARTESIAN_POINT('',(1.75,-10.));
#5272 = CARTESIAN_POINT('',(1.75,10.));
#5273 = ( GEOMETRIC_REPRESENTATION_CONTEXT(2) 
PARAMETRIC_REPRESENTATION_CONTEXT() REPRESENTATION_CONTEXT('2D SPACE',''
  ) );
#5274 = ORIENTED_EDGE('',*,*,#5275,.F.);
#5275 = EDGE_CURVE('',#5276,#5250,#5278,.T.);
#5276 = VERTEX_POINT('',#5277);
#5277 = CARTESIAN_POINT('',(6.462305838291,-17.27348932299,4.73851706442
    ));
#5278 = SURFACE_CURVE('',#5279,(#5288,#5300),.PCURVE_S1.);
#5279 = B_SPLINE_CURVE_WITH_KNOTS('',4,(#5280,#5281,#5282,#5283,#5284,
    #5285,#5286,#5287),.UNSPECIFIED.,.F.,.F.,(5,3,5),(0.,0.502513779883,
    1.),.UNSPECIFIED.);
#5280 = CARTESIAN_POINT('',(6.462305838291,-17.27348932299,4.73851706442
    ));
#5281 = CARTESIAN_POINT('',(6.185301508547,-17.41687954231,
    4.142933117719));
#5282 = CARTESIAN_POINT('',(5.9021997991,-17.54851495968,3.547495140637)
  );
#5283 = CARTESIAN_POINT('',(5.613756102926,-17.66801122641,
    2.952167033843));
#5284 = CARTESIAN_POINT('',(5.030707252029,-17.88107907979,
    1.767612359293));
#5285 = CARTESIAN_POINT('',(4.736192079037,-17.97489825636,
    1.178384352937));
#5286 = CARTESIAN_POINT('',(4.437992452296,-18.05625932145,
    0.589192256625));
#5287 = CARTESIAN_POINT('',(4.136908362268,-18.12497979765,0.));
#5288 = PCURVE('',#2558,#5289);
#5289 = DEFINITIONAL_REPRESENTATION('',(#5290),#5299);
#5290 = B_SPLINE_CURVE_WITH_KNOTS('',4,(#5291,#5292,#5293,#5294,#5295,
    #5296,#5297,#5298),.UNSPECIFIED.,.F.,.F.,(5,3,5),(0.,0.502513779883,
    1.),.UNSPECIFIED.);
#5291 = CARTESIAN_POINT('',(3.995991700275,4.73851706442));
#5292 = CARTESIAN_POINT('',(3.730202960729,4.14293311772));
#5293 = CARTESIAN_POINT('',(3.466419501956,3.547495140636));
#5294 = CARTESIAN_POINT('',(3.204822831645,2.952167033843));
#5295 = CARTESIAN_POINT('',(2.688951776606,1.767612358886));
#5296 = CARTESIAN_POINT('',(2.434630339227,1.178384354022));
#5297 = CARTESIAN_POINT('',(2.18279849065,0.589192255404));
#5298 = CARTESIAN_POINT('',(1.933625135249,6.511984088151E-10));
#5299 = ( GEOMETRIC_REPRESENTATION_CONTEXT(2) 
PARAMETRIC_REPRESENTATION_CONTEXT() REPRESENTATION_CONTEXT('2D SPACE',''
  ) );
#5300 = PCURVE('',#5301,#5314);
#5301 = B_SPLINE_SURFACE_WITH_KNOTS('',1,5,(
    (#5302,#5303,#5304,#5305,#5306,#5307)
    ,(#5308,#5309,#5310,#5311,#5312,#5313
    )),.UNSPECIFIED.,.F.,.F.,.F.,(2,2),(6,6),(0.,20.),(0.,26.),
  .PIECEWISE_BEZIER_KNOTS.);
#5302 = CARTESIAN_POINT('',(-13.47650476558,-14.10483318948,0.));
#5303 = CARTESIAN_POINT('',(-13.55260667362,-15.591242888,5.2));
#5304 = CARTESIAN_POINT('',(-13.35635662614,-17.09161480847,10.4));
#5305 = CARTESIAN_POINT('',(-12.88404397709,-18.53930036737,15.6));
#5306 = CARTESIAN_POINT('',(-12.15771305651,-19.86673148598,20.8));
#5307 = CARTESIAN_POINT('',(-11.2196655728,-21.02227127785,26.));
#5308 = CARTESIAN_POINT('',(6.02205347805,-18.5552518686,0.));
#5309 = CARTESIAN_POINT('',(6.598417025977,-17.18302362488,5.2));
#5310 = CARTESIAN_POINT('',(6.923356050736,-15.70517227543,10.4));
#5311 = CARTESIAN_POINT('',(6.970746587006,-14.1831253468,15.6));
#5312 = CARTESIAN_POINT('',(6.738376768085,-12.68792159877,20.8));
#5313 = CARTESIAN_POINT('',(6.248498439534,-11.28249478976,26.));
#5314 = DEFINITIONAL_REPRESENTATION('',(#5315),#5324);
#5315 = B_SPLINE_CURVE_WITH_KNOTS('',4,(#5316,#5317,#5318,#5319,#5320,
    #5321,#5322,#5323),.UNSPECIFIED.,.F.,.F.,(5,3,5),(0.,0.502513779883,
    1.),.UNSPECIFIED.);
#5316 = CARTESIAN_POINT('',(20.,4.73851706442));
#5317 = CARTESIAN_POINT('',(19.766524859776,4.142933117719));
#5318 = CARTESIAN_POINT('',(19.52966440303,3.547495140637));
#5319 = CARTESIAN_POINT('',(19.289583774398,2.952167033843));
#5320 = CARTESIAN_POINT('',(18.805753033564,1.767612359293));
#5321 = CARTESIAN_POINT('',(18.562063673267,1.178384352937));
#5322 = CARTESIAN_POINT('',(18.315548220632,0.589192256625));
#5323 = CARTESIAN_POINT('',(18.066374865026,0.));
#5324 = ( GEOMETRIC_REPRESENTATION_CONTEXT(2) 
PARAMETRIC_REPRESENTATION_CONTEXT() REPRESENTATION_CONTEXT('2D SPACE',''
  ) );
#5325 = ORIENTED_EDGE('',*,*,#5326,.F.);
#5326 = EDGE_CURVE('',#5327,#5276,#5329,.T.);
#5327 = VERTEX_POINT('',#5328);
#5328 = CARTESIAN_POINT('',(6.561597589433,-16.19135466267,0.));
#5329 = SURFACE_CURVE('',#5330,(#5339,#5351),.PCURVE_S1.);
#5330 = B_SPLINE_CURVE_WITH_KNOTS('',4,(#5331,#5332,#5333,#5334,#5335,
    #5336,#5337,#5338),.UNSPECIFIED.,.F.,.F.,(5,3,5),(0.,0.491798991767,
    1.),.UNSPECIFIED.);
#5331 = CARTESIAN_POINT('',(6.561597589433,-16.19135466267,
    -9.88438201185E-31));
#5332 = CARTESIAN_POINT('',(6.518876129834,-16.32905288081,
    0.578782003643));
#5333 = CARTESIAN_POINT('',(6.486283462062,-16.46633420509,
    1.158836421161));
#5334 = CARTESIAN_POINT('',(6.463790441939,-16.60238204111,
    1.740153602607));
#5335 = CARTESIAN_POINT('',(6.438281376244,-16.87484100723,
    2.924700933828));
#5336 = CARTESIAN_POINT('',(6.435939691054,-17.01111402469,
    3.528015261655));
#5337 = CARTESIAN_POINT('',(6.444052153925,-17.14429175554,4.1326328403)
  );
#5338 = CARTESIAN_POINT('',(6.462305838291,-17.27348932299,4.73851706442
    ));
#5339 = PCURVE('',#2558,#5340);
#5340 = DEFINITIONAL_REPRESENTATION('',(#5341),#5350);
#5341 = B_SPLINE_CURVE_WITH_KNOTS('',4,(#5342,#5343,#5344,#5345,#5346,
    #5347,#5348,#5349),.UNSPECIFIED.,.F.,.F.,(5,3,5),(0.,0.491798991767,
    1.),.UNSPECIFIED.);
#5342 = CARTESIAN_POINT('',(5.03491906022,1.033830422879E-10));
#5343 = CARTESIAN_POINT('',(4.887107998331,0.578782003448));
#5344 = CARTESIAN_POINT('',(4.745650874431,1.158836421334));
#5345 = CARTESIAN_POINT('',(4.610720923485,1.740153602541));
#5346 = CARTESIAN_POINT('',(4.349965770672,2.924700934471));
#5347 = CARTESIAN_POINT('',(4.224594113361,3.528015259934));
#5348 = CARTESIAN_POINT('',(4.106547487222,4.132632842243));
#5349 = CARTESIAN_POINT('',(3.995991700465,4.73851706338));
#5350 = ( GEOMETRIC_REPRESENTATION_CONTEXT(2) 
PARAMETRIC_REPRESENTATION_CONTEXT() REPRESENTATION_CONTEXT('2D SPACE',''
  ) );
#5351 = PCURVE('',#5352,#5365);
#5352 = B_SPLINE_SURFACE_WITH_KNOTS('',1,5,(
    (#5353,#5354,#5355,#5356,#5357,#5358)
    ,(#5359,#5360,#5361,#5362,#5363,#5364
    )),.UNSPECIFIED.,.F.,.F.,.F.,(2,2),(6,6),(0.,3.5),(0.,26.),
  .PIECEWISE_BEZIER_KNOTS.);
#5353 = CARTESIAN_POINT('',(6.02205347805,-18.5552518686,0.));
#5354 = CARTESIAN_POINT('',(6.598417025977,-17.18302362488,5.2));
#5355 = CARTESIAN_POINT('',(6.923356050736,-15.70517227543,10.4));
#5356 = CARTESIAN_POINT('',(6.970746587006,-14.1831253468,15.6));
#5357 = CARTESIAN_POINT('',(6.738376768085,-12.68792159877,20.8));
#5358 = CARTESIAN_POINT('',(6.248498439534,-11.28249478976,26.));
#5359 = CARTESIAN_POINT('',(6.800876746897,-15.14300417597,0.));
#5360 = CARTESIAN_POINT('',(6.876978654931,-13.65659447745,5.2));
#5361 = CARTESIAN_POINT('',(6.680728607455,-12.15622255698,10.4));
#5362 = CARTESIAN_POINT('',(6.208415958407,-10.70853699808,15.6));
#5363 = CARTESIAN_POINT('',(5.482085037822,-9.381105879465,20.8));
#5364 = CARTESIAN_POINT('',(4.544037554119,-8.225566087604,26.));
#5365 = DEFINITIONAL_REPRESENTATION('',(#5366),#5375);
#5366 = B_SPLINE_CURVE_WITH_KNOTS('',4,(#5367,#5368,#5369,#5370,#5371,
    #5372,#5373,#5374),.UNSPECIFIED.,.F.,.F.,(5,3,5),(0.,0.491798991767,
    1.),.UNSPECIFIED.);
#5367 = CARTESIAN_POINT('',(2.424689227165,0.));
#5368 = CARTESIAN_POINT('',(2.11775637497,0.578782003643));
#5369 = CARTESIAN_POINT('',(1.813364778368,1.158836421161));
#5370 = CARTESIAN_POINT('',(1.511769685928,1.740153602607));
#5371 = CARTESIAN_POINT('',(0.904737929711,2.924700933828));
#5372 = CARTESIAN_POINT('',(0.599508484006,3.528015261655));
#5373 = CARTESIAN_POINT('',(0.297831813092,4.1326328403));
#5374 = CARTESIAN_POINT('',(0.,4.73851706442));
#5375 = ( GEOMETRIC_REPRESENTATION_CONTEXT(2) 
PARAMETRIC_REPRESENTATION_CONTEXT() REPRESENTATION_CONTEXT('2D SPACE',''
  ) );
#5376 = ORIENTED_EDGE('',*,*,#5377,.T.);
#5377 = EDGE_CURVE('',#5327,#5171,#5378,.T.);
#5378 = SURFACE_CURVE('',#5379,(#5382,#5389),.PCURVE_S1.);
#5379 = B_SPLINE_CURVE_WITH_KNOTS('',1,(#5380,#5381),.UNSPECIFIED.,.F.,
  .F.,(2,2),(0.,20.),.PIECEWISE_BEZIER_KNOTS.);
#5380 = CARTESIAN_POINT('',(2.625139356453,-19.33057534992,0.));
#5381 = CARTESIAN_POINT('',(18.261769005814,-6.860779312752,0.));
#5382 = PCURVE('',#2558,#5383);
#5383 = DEFINITIONAL_REPRESENTATION('',(#5384),#5388);
#5384 = LINE('',#5385,#5386);
#5385 = CARTESIAN_POINT('',(0.,0.));
#5386 = VECTOR('',#5387,1.);
#5387 = DIRECTION('',(1.,0.));
#5388 = ( GEOMETRIC_REPRESENTATION_CONTEXT(2) 
PARAMETRIC_REPRESENTATION_CONTEXT() REPRESENTATION_CONTEXT('2D SPACE',''
  ) );
#5389 = PCURVE('',#4824,#5390);
#5390 = DEFINITIONAL_REPRESENTATION('',(#5391),#5394);
#5391 = B_SPLINE_CURVE_WITH_KNOTS('',1,(#5392,#5393),.UNSPECIFIED.,.F.,
  .F.,(2,2),(0.,20.),.PIECEWISE_BEZIER_KNOTS.);
#5392 = CARTESIAN_POINT('',(1.75,-10.));
#5393 = CARTESIAN_POINT('',(1.75,10.));
#5394 = ( GEOMETRIC_REPRESENTATION_CONTEXT(2) 
PARAMETRIC_REPRESENTATION_CONTEXT() REPRESENTATION_CONTEXT('2D SPACE',''
  ) );
#5395 = ORIENTED_EDGE('',*,*,#5170,.F.);
#5396 = ORIENTED_EDGE('',*,*,#2512,.F.);
#5397 = ORIENTED_EDGE('',*,*,#4656,.T.);
#5398 = ORIENTED_EDGE('',*,*,#4785,.F.);
#5399 = ADVANCED_FACE('',(#5400),#2401,.F.);
#5400 = FACE_BOUND('',#5401,.F.);
#5401 = EDGE_LOOP('',(#5402,#5427,#5428,#5453,#5471,#5472));
#5402 = ORIENTED_EDGE('',*,*,#5403,.F.);
#5403 = EDGE_CURVE('',#2343,#5404,#5406,.T.);
#5404 = VERTEX_POINT('',#5405);
#5405 = CARTESIAN_POINT('',(16.079554699309,4.124369124114,0.));
#5406 = SURFACE_CURVE('',#5407,(#5410,#5416),.PCURVE_S1.);
#5407 = B_SPLINE_CURVE_WITH_KNOTS('',1,(#5408,#5409),.UNSPECIFIED.,.F.,
  .F.,(2,2),(0.,20.),.PIECEWISE_BEZIER_KNOTS.);
#5408 = CARTESIAN_POINT('',(0.442925049948,16.594165161289,0.));
#5409 = CARTESIAN_POINT('',(16.079554699309,4.124369124114,0.));
#5410 = PCURVE('',#2401,#5411);
#5411 = DEFINITIONAL_REPRESENTATION('',(#5412),#5415);
#5412 = B_SPLINE_CURVE_WITH_KNOTS('',1,(#5413,#5414),.UNSPECIFIED.,.F.,
  .F.,(2,2),(0.,20.),.PIECEWISE_BEZIER_KNOTS.);
#5413 = CARTESIAN_POINT('',(-14.55707495005,16.594165161289));
#5414 = CARTESIAN_POINT('',(1.079554699309,4.124369124114));
#5415 = ( GEOMETRIC_REPRESENTATION_CONTEXT(2) 
PARAMETRIC_REPRESENTATION_CONTEXT() REPRESENTATION_CONTEXT('2D SPACE',''
  ) );
#5416 = PCURVE('',#5417,#5422);
#5417 = PLANE('',#5418);
#5418 = AXIS2_PLACEMENT_3D('',#5419,#5420,#5421);
#5419 = CARTESIAN_POINT('',(15.,0.,0.));
#5420 = DIRECTION('',(0.,0.,1.));
#5421 = DIRECTION('',(1.,0.,0.));
#5422 = DEFINITIONAL_REPRESENTATION('',(#5423),#5426);
#5423 = B_SPLINE_CURVE_WITH_KNOTS('',1,(#5424,#5425),.UNSPECIFIED.,.F.,
  .F.,(2,2),(0.,20.),.PIECEWISE_BEZIER_KNOTS.);
#5424 = CARTESIAN_POINT('',(-14.55707495005,16.594165161289));
#5425 = CARTESIAN_POINT('',(1.079554699309,4.124369124114));
#5426 = ( GEOMETRIC_REPRESENTATION_CONTEXT(2) 
PARAMETRIC_REPRESENTATION_CONTEXT() REPRESENTATION_CONTEXT('2D SPACE',''
  ) );
#5427 = ORIENTED_EDGE('',*,*,#2386,.T.);
#5428 = ORIENTED_EDGE('',*,*,#5429,.F.);
#5429 = EDGE_CURVE('',#5430,#2387,#5432,.T.);
#5430 = VERTEX_POINT('',#5431);
#5431 = CARTESIAN_POINT('',(16.079554699309,-4.124369124114,0.));
#5432 = SURFACE_CURVE('',#5433,(#5436,#5442),.PCURVE_S1.);
#5433 = B_SPLINE_CURVE_WITH_KNOTS('',1,(#5434,#5435),.UNSPECIFIED.,.F.,
  .F.,(2,2),(0.,20.),.PIECEWISE_BEZIER_KNOTS.);
#5434 = CARTESIAN_POINT('',(16.079554699309,-4.124369124114,0.));
#5435 = CARTESIAN_POINT('',(0.442925049948,-16.59416516128,0.));
#5436 = PCURVE('',#2401,#5437);
#5437 = DEFINITIONAL_REPRESENTATION('',(#5438),#5441);
#5438 = B_SPLINE_CURVE_WITH_KNOTS('',1,(#5439,#5440),.UNSPECIFIED.,.F.,
  .F.,(2,2),(0.,20.),.PIECEWISE_BEZIER_KNOTS.);
#5439 = CARTESIAN_POINT('',(1.079554699309,-4.124369124114));
#5440 = CARTESIAN_POINT('',(-14.55707495005,-16.59416516128));
#5441 = ( GEOMETRIC_REPRESENTATION_CONTEXT(2) 
PARAMETRIC_REPRESENTATION_CONTEXT() REPRESENTATION_CONTEXT('2D SPACE',''
  ) );
#5442 = PCURVE('',#5443,#5448);
#5443 = PLANE('',#5444);
#5444 = AXIS2_PLACEMENT_3D('',#5445,#5446,#5447);
#5445 = CARTESIAN_POINT('',(15.,0.,0.));
#5446 = DIRECTION('',(0.,0.,1.));
#5447 = DIRECTION('',(1.,0.,0.));
#5448 = DEFINITIONAL_REPRESENTATION('',(#5449),#5452);
#5449 = B_SPLINE_CURVE_WITH_KNOTS('',1,(#5450,#5451),.UNSPECIFIED.,.F.,
  .F.,(2,2),(0.,20.),.PIECEWISE_BEZIER_KNOTS.);
#5450 = CARTESIAN_POINT('',(1.079554699309,-4.124369124114));
#5451 = CARTESIAN_POINT('',(-14.55707495005,-16.59416516128));
#5452 = ( GEOMETRIC_REPRESENTATION_CONTEXT(2) 
PARAMETRIC_REPRESENTATION_CONTEXT() REPRESENTATION_CONTEXT('2D SPACE',''
  ) );
#5453 = ORIENTED_EDGE('',*,*,#5454,.F.);
#5454 = EDGE_CURVE('',#5065,#5430,#5455,.T.);
#5455 = SURFACE_CURVE('',#5456,(#5459,#5465),.PCURVE_S1.);
#5456 = B_SPLINE_CURVE_WITH_KNOTS('',1,(#5457,#5458),.UNSPECIFIED.,.F.,
  .F.,(2,2),(0.,3.5),.PIECEWISE_BEZIER_KNOTS.);
#5457 = CARTESIAN_POINT('',(18.261769005814,-6.860779312752,0.));
#5458 = CARTESIAN_POINT('',(16.079554699309,-4.124369124114,0.));
#5459 = PCURVE('',#2401,#5460);
#5460 = DEFINITIONAL_REPRESENTATION('',(#5461),#5464);
#5461 = B_SPLINE_CURVE_WITH_KNOTS('',1,(#5462,#5463),.UNSPECIFIED.,.F.,
  .F.,(2,2),(0.,3.5),.PIECEWISE_BEZIER_KNOTS.);
#5462 = CARTESIAN_POINT('',(3.261769005814,-6.860779312752));
#5463 = CARTESIAN_POINT('',(1.079554699309,-4.124369124114));
#5464 = ( GEOMETRIC_REPRESENTATION_CONTEXT(2) 
PARAMETRIC_REPRESENTATION_CONTEXT() REPRESENTATION_CONTEXT('2D SPACE',''
  ) );
#5465 = PCURVE('',#5443,#5466);
#5466 = DEFINITIONAL_REPRESENTATION('',(#5467),#5470);
#5467 = B_SPLINE_CURVE_WITH_KNOTS('',1,(#5468,#5469),.UNSPECIFIED.,.F.,
  .F.,(2,2),(0.,3.5),.PIECEWISE_BEZIER_KNOTS.);
#5468 = CARTESIAN_POINT('',(3.261769005814,-6.860779312752));
#5469 = CARTESIAN_POINT('',(1.079554699309,-4.124369124114));
#5470 = ( GEOMETRIC_REPRESENTATION_CONTEXT(2) 
PARAMETRIC_REPRESENTATION_CONTEXT() REPRESENTATION_CONTEXT('2D SPACE',''
  ) );
#5471 = ORIENTED_EDGE('',*,*,#5115,.T.);
#5472 = ORIENTED_EDGE('',*,*,#5473,.F.);
#5473 = EDGE_CURVE('',#5404,#5116,#5474,.T.);
#5474 = SURFACE_CURVE('',#5475,(#5478,#5484),.PCURVE_S1.);
#5475 = B_SPLINE_CURVE_WITH_KNOTS('',1,(#5476,#5477),.UNSPECIFIED.,.F.,
  .F.,(2,2),(0.,3.5),.PIECEWISE_BEZIER_KNOTS.);
#5476 = CARTESIAN_POINT('',(16.079554699309,4.124369124114,0.));
#5477 = CARTESIAN_POINT('',(18.261769005814,6.860779312752,0.));
#5478 = PCURVE('',#2401,#5479);
#5479 = DEFINITIONAL_REPRESENTATION('',(#5480),#5483);
#5480 = B_SPLINE_CURVE_WITH_KNOTS('',1,(#5481,#5482),.UNSPECIFIED.,.F.,
  .F.,(2,2),(0.,3.5),.PIECEWISE_BEZIER_KNOTS.);
#5481 = CARTESIAN_POINT('',(1.079554699309,4.124369124114));
#5482 = CARTESIAN_POINT('',(3.261769005814,6.860779312752));
#5483 = ( GEOMETRIC_REPRESENTATION_CONTEXT(2) 
PARAMETRIC_REPRESENTATION_CONTEXT() REPRESENTATION_CONTEXT('2D SPACE',''
  ) );
#5484 = PCURVE('',#5417,#5485);
#5485 = DEFINITIONAL_REPRESENTATION('',(#5486),#5489);
#5486 = B_SPLINE_CURVE_WITH_KNOTS('',1,(#5487,#5488),.UNSPECIFIED.,.F.,
  .F.,(2,2),(0.,3.5),.PIECEWISE_BEZIER_KNOTS.);
#5487 = CARTESIAN_POINT('',(1.079554699309,4.124369124114));
#5488 = CARTESIAN_POINT('',(3.261769005814,6.860779312752));
#5489 = ( GEOMETRIC_REPRESENTATION_CONTEXT(2) 
PARAMETRIC_REPRESENTATION_CONTEXT() REPRESENTATION_CONTEXT('2D SPACE',''
  ) );
#5490 = ADVANCED_FACE('',(#5491),#2722,.T.);
#5491 = FACE_BOUND('',#5492,.T.);
#5492 = EDGE_LOOP('',(#5493,#5519,#5545,#5596,#5647,#5668,#5695,#5696,
    #5697));
#5493 = ORIENTED_EDGE('',*,*,#5494,.F.);
#5494 = EDGE_CURVE('',#5495,#3048,#5497,.T.);
#5495 = VERTEX_POINT('',#5496);
#5496 = CARTESIAN_POINT('',(18.261769005814,6.860779312752,0.));
#5497 = SURFACE_CURVE('',#5498,(#5505,#5512),.PCURVE_S1.);
#5498 = B_SPLINE_CURVE_WITH_KNOTS('',5,(#5499,#5500,#5501,#5502,#5503,
    #5504),.UNSPECIFIED.,.F.,.F.,(6,6),(0.,26.),
  .PIECEWISE_BEZIER_KNOTS.);
#5499 = CARTESIAN_POINT('',(18.261769005814,6.860779312752,0.));
#5500 = CARTESIAN_POINT('',(18.975263453595,8.166968795654,5.2));
#5501 = CARTESIAN_POINT('',(19.449435249415,9.603906890675,10.4));
#5502 = CARTESIAN_POINT('',(19.652023480068,11.113155287955,15.6));
#5503 = CARTESIAN_POINT('',(19.573572709993,12.624272575776,20.8));
#5504 = CARTESIAN_POINT('',(19.229791056155,14.072381503564,26.));
#5505 = PCURVE('',#2722,#5506);
#5506 = DEFINITIONAL_REPRESENTATION('',(#5507),#5511);
#5507 = LINE('',#5508,#5509);
#5508 = CARTESIAN_POINT('',(0.,0.));
#5509 = VECTOR('',#5510,1.);
#5510 = DIRECTION('',(0.,1.));
#5511 = ( GEOMETRIC_REPRESENTATION_CONTEXT(2) 
PARAMETRIC_REPRESENTATION_CONTEXT() REPRESENTATION_CONTEXT('2D SPACE',''
  ) );
#5512 = PCURVE('',#3003,#5513);
#5513 = DEFINITIONAL_REPRESENTATION('',(#5514),#5518);
#5514 = LINE('',#5515,#5516);
#5515 = CARTESIAN_POINT('',(3.5,0.));
#5516 = VECTOR('',#5517,1.);
#5517 = DIRECTION('',(0.,1.));
#5518 = ( GEOMETRIC_REPRESENTATION_CONTEXT(2) 
PARAMETRIC_REPRESENTATION_CONTEXT() REPRESENTATION_CONTEXT('2D SPACE',''
  ) );
#5519 = ORIENTED_EDGE('',*,*,#5520,.T.);
#5520 = EDGE_CURVE('',#5495,#5521,#5523,.T.);
#5521 = VERTEX_POINT('',#5522);
#5522 = CARTESIAN_POINT('',(16.75,8.066374865026,0.));
#5523 = SURFACE_CURVE('',#5524,(#5527,#5534),.PCURVE_S1.);
#5524 = B_SPLINE_CURVE_WITH_KNOTS('',1,(#5525,#5526),.UNSPECIFIED.,.F.,
  .F.,(2,2),(0.,20.),.PIECEWISE_BEZIER_KNOTS.);
#5525 = CARTESIAN_POINT('',(18.261769005814,6.860779312752,0.));
#5526 = CARTESIAN_POINT('',(2.625139356453,19.330575349927,0.));
#5527 = PCURVE('',#2722,#5528);
#5528 = DEFINITIONAL_REPRESENTATION('',(#5529),#5533);
#5529 = LINE('',#5530,#5531);
#5530 = CARTESIAN_POINT('',(0.,0.));
#5531 = VECTOR('',#5532,1.);
#5532 = DIRECTION('',(1.,0.));
#5533 = ( GEOMETRIC_REPRESENTATION_CONTEXT(2) 
PARAMETRIC_REPRESENTATION_CONTEXT() REPRESENTATION_CONTEXT('2D SPACE',''
  ) );
#5534 = PCURVE('',#5535,#5540);
#5535 = PLANE('',#5536);
#5536 = AXIS2_PLACEMENT_3D('',#5537,#5538,#5539);
#5537 = CARTESIAN_POINT('',(9.352347027881,11.72747223702,0.));
#5538 = DIRECTION('',(0.,0.,1.));
#5539 = DIRECTION('',(0.623489801859,0.781831482468,0.));
#5540 = DEFINITIONAL_REPRESENTATION('',(#5541),#5544);
#5541 = B_SPLINE_CURVE_WITH_KNOTS('',1,(#5542,#5543),.UNSPECIFIED.,.F.,
  .F.,(2,2),(0.,20.),.PIECEWISE_BEZIER_KNOTS.);
#5542 = CARTESIAN_POINT('',(1.75,-10.));
#5543 = CARTESIAN_POINT('',(1.75,10.));
#5544 = ( GEOMETRIC_REPRESENTATION_CONTEXT(2) 
PARAMETRIC_REPRESENTATION_CONTEXT() REPRESENTATION_CONTEXT('2D SPACE',''
  ) );
#5545 = ORIENTED_EDGE('',*,*,#5546,.F.);
#5546 = EDGE_CURVE('',#5547,#5521,#5549,.T.);
#5547 = VERTEX_POINT('',#5548);
#5548 = CARTESIAN_POINT('',(15.402408551112,10.143995315642,
    4.73851706442));
#5549 = SURFACE_CURVE('',#5550,(#5559,#5571),.PCURVE_S1.);
#5550 = B_SPLINE_CURVE_WITH_KNOTS('',4,(#5551,#5552,#5553,#5554,#5555,
    #5556,#5557,#5558),.UNSPECIFIED.,.F.,.F.,(5,3,5),(0.,0.502513779883,
    1.),.UNSPECIFIED.);
#5551 = CARTESIAN_POINT('',(15.402408551112,10.143995315642,
    4.73851706442));
#5552 = CARTESIAN_POINT('',(15.603842940423,9.905843388302,
    4.142933117719));
#5553 = CARTESIAN_POINT('',(15.795174039846,9.659131265792,
    3.547495140637));
#5554 = CARTESIAN_POINT('',(15.975859046349,9.404509876176,
    2.952167033842));
#5555 = CARTESIAN_POINT('',(16.313325418645,8.883491335002,
    1.767612359293));
#5556 = CARTESIAN_POINT('',(16.470328143937,8.617237003084,
    1.178384352937));
#5557 = CARTESIAN_POINT('',(16.616004976702,8.344618403763,
    0.589192256625));
#5558 = CARTESIAN_POINT('',(16.75,8.066374865026,0.));
#5559 = PCURVE('',#2722,#5560);
#5560 = DEFINITIONAL_REPRESENTATION('',(#5561),#5570);
#5561 = B_SPLINE_CURVE_WITH_KNOTS('',4,(#5562,#5563,#5564,#5565,#5566,
    #5567,#5568,#5569),.UNSPECIFIED.,.F.,.F.,(5,3,5),(0.,0.502513779883,
    1.),.UNSPECIFIED.);
#5562 = CARTESIAN_POINT('',(3.995991700275,4.73851706442));
#5563 = CARTESIAN_POINT('',(3.730202960729,4.14293311772));
#5564 = CARTESIAN_POINT('',(3.466419501956,3.547495140636));
#5565 = CARTESIAN_POINT('',(3.204822831645,2.952167033843));
#5566 = CARTESIAN_POINT('',(2.688951776606,1.767612358886));
#5567 = CARTESIAN_POINT('',(2.434630339227,1.178384354022));
#5568 = CARTESIAN_POINT('',(2.18279849065,0.589192255404));
#5569 = CARTESIAN_POINT('',(1.933625135249,6.511984088114E-10));
#5570 = ( GEOMETRIC_REPRESENTATION_CONTEXT(2) 
PARAMETRIC_REPRESENTATION_CONTEXT() REPRESENTATION_CONTEXT('2D SPACE',''
  ) );
#5571 = PCURVE('',#5572,#5585);
#5572 = B_SPLINE_SURFACE_WITH_KNOTS('',1,5,(
    (#5573,#5574,#5575,#5576,#5577,#5578)
    ,(#5579,#5580,#5581,#5582,#5583,#5584
    )),.UNSPECIFIED.,.F.,.F.,.F.,(2,2),(6,6),(0.,20.),(0.,26.),
  .PIECEWISE_BEZIER_KNOTS.);
#5573 = CARTESIAN_POINT('',(16.75,-10.,0.));
#5574 = CARTESIAN_POINT('',(18.216076571675,-9.743436599957,5.2));
#5575 = CARTESIAN_POINT('',(19.635161291744,-9.218242789879,10.4));
#5576 = CARTESIAN_POINT('',(20.94145089939,-8.435631662405,15.6));
#5577 = CARTESIAN_POINT('',(22.07397671362,-7.432130162169,20.8));
#5578 = CARTESIAN_POINT('',(22.991809508174,-6.260469693646,26.));
#5579 = CARTESIAN_POINT('',(16.75,10.,0.));
#5580 = CARTESIAN_POINT('',(15.283923428325,10.256563400043,5.2));
#5581 = CARTESIAN_POINT('',(13.770819162425,10.24450266251,10.4));
#5582 = CARTESIAN_POINT('',(12.276387741657,9.952017715008,15.6));
#5583 = CARTESIAN_POINT('',(10.870379022431,9.392759758127,20.8));
#5584 = CARTESIAN_POINT('',(9.609197380997,8.602426815902,26.));
#5585 = DEFINITIONAL_REPRESENTATION('',(#5586),#5595);
#5586 = B_SPLINE_CURVE_WITH_KNOTS('',4,(#5587,#5588,#5589,#5590,#5591,
    #5592,#5593,#5594),.UNSPECIFIED.,.F.,.F.,(5,3,5),(0.,0.502513779883,
    1.),.UNSPECIFIED.);
#5587 = CARTESIAN_POINT('',(20.,4.73851706442));
#5588 = CARTESIAN_POINT('',(19.766524859776,4.142933117719));
#5589 = CARTESIAN_POINT('',(19.52966440303,3.547495140637));
#5590 = CARTESIAN_POINT('',(19.289583774398,2.952167033842));
#5591 = CARTESIAN_POINT('',(18.805753033564,1.767612359293));
#5592 = CARTESIAN_POINT('',(18.562063673267,1.178384352937));
#5593 = CARTESIAN_POINT('',(18.315548220632,0.589192256625));
#5594 = CARTESIAN_POINT('',(18.066374865026,0.));
#5595 = ( GEOMETRIC_REPRESENTATION_CONTEXT(2) 
PARAMETRIC_REPRESENTATION_CONTEXT() REPRESENTATION_CONTEXT('2D SPACE',''
  ) );
#5596 = ORIENTED_EDGE('',*,*,#5597,.F.);
#5597 = EDGE_CURVE('',#5598,#5547,#5600,.T.);
#5598 = VERTEX_POINT('',#5599);
#5599 = CARTESIAN_POINT('',(14.325310772835,10.,0.));
#5600 = SURFACE_CURVE('',#5601,(#5610,#5622),.PCURVE_S1.);
#5601 = B_SPLINE_CURVE_WITH_KNOTS('',4,(#5602,#5603,#5604,#5605,#5606,
    #5607,#5608,#5609),.UNSPECIFIED.,.F.,.F.,(5,3,5),(0.,0.491798991651,
    1.),.UNSPECIFIED.);
#5602 = CARTESIAN_POINT('',(14.325310772835,10.,-9.88438201185E-31));
#5603 = CARTESIAN_POINT('',(14.469063028241,9.988990392692,
    0.578782003643));
#5604 = CARTESIAN_POINT('',(14.610154973979,9.987762859643,
    1.158836421161));
#5605 = CARTESIAN_POINT('',(14.747796974546,9.996107278028,
    1.740153602607));
#5606 = CARTESIAN_POINT('',(15.019101126729,10.031865601493,
    2.924700934109));
#5607 = CARTESIAN_POINT('',(15.152478568969,10.059906226305,
    3.528015261281));
#5608 = CARTESIAN_POINT('',(15.280512063485,10.097450125941,
    4.132632841147));
#5609 = CARTESIAN_POINT('',(15.402408551112,10.143995315642,
    4.73851706442));
#5610 = PCURVE('',#2722,#5611);
#5611 = DEFINITIONAL_REPRESENTATION('',(#5612),#5621);
#5612 = B_SPLINE_CURVE_WITH_KNOTS('',4,(#5613,#5614,#5615,#5616,#5617,
    #5618,#5619,#5620),.UNSPECIFIED.,.F.,.F.,(5,3,5),(0.,0.491798991651,
    1.),.UNSPECIFIED.);
#5613 = CARTESIAN_POINT('',(5.03491906022,1.033830422839E-10));
#5614 = CARTESIAN_POINT('',(4.887107998331,0.578782003448));
#5615 = CARTESIAN_POINT('',(4.745650874431,1.158836421334));
#5616 = CARTESIAN_POINT('',(4.610720923485,1.740153602541));
#5617 = CARTESIAN_POINT('',(4.349965770736,2.924700934109));
#5618 = CARTESIAN_POINT('',(4.224594113111,3.528015261281));
#5619 = CARTESIAN_POINT('',(4.106547487419,4.132632841147));
#5620 = CARTESIAN_POINT('',(3.995991700275,4.73851706442));
#5621 = ( GEOMETRIC_REPRESENTATION_CONTEXT(2) 
PARAMETRIC_REPRESENTATION_CONTEXT() REPRESENTATION_CONTEXT('2D SPACE',''
  ) );
#5622 = PCURVE('',#5623,#5636);
#5623 = B_SPLINE_SURFACE_WITH_KNOTS('',1,5,(
    (#5624,#5625,#5626,#5627,#5628,#5629)
    ,(#5630,#5631,#5632,#5633,#5634,#5635
    )),.UNSPECIFIED.,.F.,.F.,.F.,(2,2),(6,6),(0.,3.5),(0.,26.),
  .PIECEWISE_BEZIER_KNOTS.);
#5624 = CARTESIAN_POINT('',(16.75,10.,0.));
#5625 = CARTESIAN_POINT('',(15.283923428325,10.256563400043,5.2));
#5626 = CARTESIAN_POINT('',(13.770819162425,10.24450266251,10.4));
#5627 = CARTESIAN_POINT('',(12.276387741657,9.952017715008,15.6));
#5628 = CARTESIAN_POINT('',(10.870379022431,9.392759758127,20.8));
#5629 = CARTESIAN_POINT('',(9.609197380997,8.602426815902,26.));
#5630 = CARTESIAN_POINT('',(13.25,10.,0.));
#5631 = CARTESIAN_POINT('',(11.783923428325,9.743436599957,5.2));
#5632 = CARTESIAN_POINT('',(10.364838708257,9.218242789879,10.4));
#5633 = CARTESIAN_POINT('',(9.05854910061,8.435631662405,15.6));
#5634 = CARTESIAN_POINT('',(7.92602328638,7.432130162169,20.8));
#5635 = CARTESIAN_POINT('',(7.008190491826,6.260469693646,26.));
#5636 = DEFINITIONAL_REPRESENTATION('',(#5637),#5646);
#5637 = B_SPLINE_CURVE_WITH_KNOTS('',4,(#5638,#5639,#5640,#5641,#5642,
    #5643,#5644,#5645),.UNSPECIFIED.,.F.,.F.,(5,3,5),(0.,0.491798991651,
    1.),.UNSPECIFIED.);
#5638 = CARTESIAN_POINT('',(2.424689227165,0.));
#5639 = CARTESIAN_POINT('',(2.11775637497,0.578782003643));
#5640 = CARTESIAN_POINT('',(1.813364778368,1.158836421161));
#5641 = CARTESIAN_POINT('',(1.511769685928,1.740153602607));
#5642 = CARTESIAN_POINT('',(0.904737929572,2.924700934109));
#5643 = CARTESIAN_POINT('',(0.599508484187,3.528015261281));
#5644 = CARTESIAN_POINT('',(0.297831812674,4.132632841147));
#5645 = CARTESIAN_POINT('',(0.,4.73851706442));
#5646 = ( GEOMETRIC_REPRESENTATION_CONTEXT(2) 
PARAMETRIC_REPRESENTATION_CONTEXT() REPRESENTATION_CONTEXT('2D SPACE',''
  ) );
#5647 = ORIENTED_EDGE('',*,*,#5648,.T.);
#5648 = EDGE_CURVE('',#5598,#5649,#5651,.T.);
#5649 = VERTEX_POINT('',#5650);
#5650 = CARTESIAN_POINT('',(6.561597589433,16.191354662679,0.));
#5651 = SURFACE_CURVE('',#5652,(#5655,#5662),.PCURVE_S1.);
#5652 = B_SPLINE_CURVE_WITH_KNOTS('',1,(#5653,#5654),.UNSPECIFIED.,.F.,
  .F.,(2,2),(0.,20.),.PIECEWISE_BEZIER_KNOTS.);
#5653 = CARTESIAN_POINT('',(18.261769005814,6.860779312752,0.));
#5654 = CARTESIAN_POINT('',(2.625139356453,19.330575349927,0.));
#5655 = PCURVE('',#2722,#5656);
#5656 = DEFINITIONAL_REPRESENTATION('',(#5657),#5661);
#5657 = LINE('',#5658,#5659);
#5658 = CARTESIAN_POINT('',(0.,0.));
#5659 = VECTOR('',#5660,1.);
#5660 = DIRECTION('',(1.,0.));
#5661 = ( GEOMETRIC_REPRESENTATION_CONTEXT(2) 
PARAMETRIC_REPRESENTATION_CONTEXT() REPRESENTATION_CONTEXT('2D SPACE',''
  ) );
#5662 = PCURVE('',#2903,#5663);
#5663 = DEFINITIONAL_REPRESENTATION('',(#5664),#5667);
#5664 = B_SPLINE_CURVE_WITH_KNOTS('',1,(#5665,#5666),.UNSPECIFIED.,.F.,
  .F.,(2,2),(0.,20.),.PIECEWISE_BEZIER_KNOTS.);
#5665 = CARTESIAN_POINT('',(1.75,-10.));
#5666 = CARTESIAN_POINT('',(1.75,10.));
#5667 = ( GEOMETRIC_REPRESENTATION_CONTEXT(2) 
PARAMETRIC_REPRESENTATION_CONTEXT() REPRESENTATION_CONTEXT('2D SPACE',''
  ) );
#5668 = ORIENTED_EDGE('',*,*,#5669,.T.);
#5669 = EDGE_CURVE('',#5649,#3308,#5670,.T.);
#5670 = SURFACE_CURVE('',#5671,(#5677,#5686),.PCURVE_S1.);
#5671 = B_SPLINE_CURVE_WITH_KNOTS('',4,(#5672,#5673,#5674,#5675,#5676),
  .UNSPECIFIED.,.F.,.F.,(5,5),(0.,1.),.PIECEWISE_BEZIER_KNOTS.);
#5672 = CARTESIAN_POINT('',(6.561597589433,16.191354662679,
    8.881784197001E-16));
#5673 = CARTESIAN_POINT('',(6.598639306628,16.071963163011,0.50183388882
    ));
#5674 = CARTESIAN_POINT('',(6.643295919671,15.952257451412,
    1.002711021234));
#5675 = CARTESIAN_POINT('',(6.695585768397,15.832769810838,
    1.502625313088));
#5676 = CARTESIAN_POINT('',(6.755461400722,15.714021603952,
    2.001576291241));
#5677 = PCURVE('',#2722,#5678);
#5678 = DEFINITIONAL_REPRESENTATION('',(#5679),#5685);
#5679 = B_SPLINE_CURVE_WITH_KNOTS('',4,(#5680,#5681,#5682,#5683,#5684),
  .UNSPECIFIED.,.F.,.F.,(5,5),(0.,1.),.PIECEWISE_BEZIER_KNOTS.);
#5680 = CARTESIAN_POINT('',(14.965080939754,0.));
#5681 = CARTESIAN_POINT('',(14.836921108884,0.50183388882));
#5682 = CARTESIAN_POINT('',(14.70398415218,1.002711021234));
#5683 = CARTESIAN_POINT('',(14.566384019411,1.502625313088));
#5684 = CARTESIAN_POINT('',(14.424238193558,2.001576291241));
#5685 = ( GEOMETRIC_REPRESENTATION_CONTEXT(2) 
PARAMETRIC_REPRESENTATION_CONTEXT() REPRESENTATION_CONTEXT('2D SPACE',''
  ) );
#5686 = PCURVE('',#3394,#5687);
#5687 = DEFINITIONAL_REPRESENTATION('',(#5688),#5694);
#5688 = B_SPLINE_CURVE_WITH_KNOTS('',4,(#5689,#5690,#5691,#5692,#5693),
  .UNSPECIFIED.,.F.,.F.,(5,5),(0.,1.),.PIECEWISE_BEZIER_KNOTS.);
#5689 = CARTESIAN_POINT('',(1.075310772805,5.73380991407E-11));
#5690 = CARTESIAN_POINT('',(0.809184133531,0.501833888713));
#5691 = CARTESIAN_POINT('',(0.541146399094,1.00271102133));
#5692 = CARTESIAN_POINT('',(0.271364339152,1.502625313052));
#5693 = CARTESIAN_POINT('',(-8.221249074022E-17,2.001576291241));
#5694 = ( GEOMETRIC_REPRESENTATION_CONTEXT(2) 
PARAMETRIC_REPRESENTATION_CONTEXT() REPRESENTATION_CONTEXT('2D SPACE',''
  ) );
#5695 = ORIENTED_EDGE('',*,*,#3307,.T.);
#5696 = ORIENTED_EDGE('',*,*,#2701,.T.);
#5697 = ORIENTED_EDGE('',*,*,#3068,.F.);
#5698 = ADVANCED_FACE('',(#5699),#3003,.T.);
#5699 = FACE_BOUND('',#5700,.T.);
#5700 = EDGE_LOOP('',(#5701,#5702,#5703,#5722,#5723));
#5701 = ORIENTED_EDGE('',*,*,#2984,.F.);
#5702 = ORIENTED_EDGE('',*,*,#5136,.F.);
#5703 = ORIENTED_EDGE('',*,*,#5704,.T.);
#5704 = EDGE_CURVE('',#5116,#5495,#5705,.T.);
#5705 = SURFACE_CURVE('',#5706,(#5709,#5716),.PCURVE_S1.);
#5706 = B_SPLINE_CURVE_WITH_KNOTS('',1,(#5707,#5708),.UNSPECIFIED.,.F.,
  .F.,(2,2),(0.,3.5),.PIECEWISE_BEZIER_KNOTS.);
#5707 = CARTESIAN_POINT('',(16.079554699309,4.124369124114,0.));
#5708 = CARTESIAN_POINT('',(18.261769005814,6.860779312752,0.));
#5709 = PCURVE('',#3003,#5710);
#5710 = DEFINITIONAL_REPRESENTATION('',(#5711),#5715);
#5711 = LINE('',#5712,#5713);
#5712 = CARTESIAN_POINT('',(0.,0.));
#5713 = VECTOR('',#5714,1.);
#5714 = DIRECTION('',(1.,0.));
#5715 = ( GEOMETRIC_REPRESENTATION_CONTEXT(2) 
PARAMETRIC_REPRESENTATION_CONTEXT() REPRESENTATION_CONTEXT('2D SPACE',''
  ) );
#5716 = PCURVE('',#5535,#5717);
#5717 = DEFINITIONAL_REPRESENTATION('',(#5718),#5721);
#5718 = B_SPLINE_CURVE_WITH_KNOTS('',1,(#5719,#5720),.UNSPECIFIED.,.F.,
  .F.,(2,2),(0.,3.5),.PIECEWISE_BEZIER_KNOTS.);
#5719 = CARTESIAN_POINT('',(-1.75,-10.));
#5720 = CARTESIAN_POINT('',(1.75,-10.));
#5721 = ( GEOMETRIC_REPRESENTATION_CONTEXT(2) 
PARAMETRIC_REPRESENTATION_CONTEXT() REPRESENTATION_CONTEXT('2D SPACE',''
  ) );
#5722 = ORIENTED_EDGE('',*,*,#5494,.T.);
#5723 = ORIENTED_EDGE('',*,*,#3047,.F.);
#5724 = ADVANCED_FACE('',(#5725),#2903,.F.);
#5725 = FACE_BOUND('',#5726,.F.);
#5726 = EDGE_LOOP('',(#5727,#5752,#5753,#5773,#5791,#5792));
#5727 = ORIENTED_EDGE('',*,*,#5728,.F.);
#5728 = EDGE_CURVE('',#2847,#5729,#5731,.T.);
#5729 = VERTEX_POINT('',#5730);
#5730 = CARTESIAN_POINT('',(6.800876746897,15.143004175972,0.));
#5731 = SURFACE_CURVE('',#5732,(#5735,#5741),.PCURVE_S1.);
#5732 = B_SPLINE_CURVE_WITH_KNOTS('',1,(#5733,#5734),.UNSPECIFIED.,.F.,
  .F.,(2,2),(0.,20.),.PIECEWISE_BEZIER_KNOTS.);
#5733 = CARTESIAN_POINT('',(-12.69768149673,10.692585496846,0.));
#5734 = CARTESIAN_POINT('',(6.800876746897,15.143004175972,0.));
#5735 = PCURVE('',#2903,#5736);
#5736 = DEFINITIONAL_REPRESENTATION('',(#5737),#5740);
#5737 = B_SPLINE_CURVE_WITH_KNOTS('',1,(#5738,#5739),.UNSPECIFIED.,.F.,
  .F.,(2,2),(0.,20.),.PIECEWISE_BEZIER_KNOTS.);
#5738 = CARTESIAN_POINT('',(-14.55707495005,16.594165161289));
#5739 = CARTESIAN_POINT('',(1.079554699309,4.124369124114));
#5740 = ( GEOMETRIC_REPRESENTATION_CONTEXT(2) 
PARAMETRIC_REPRESENTATION_CONTEXT() REPRESENTATION_CONTEXT('2D SPACE',''
  ) );
#5741 = PCURVE('',#5742,#5747);
#5742 = PLANE('',#5743);
#5743 = AXIS2_PLACEMENT_3D('',#5744,#5745,#5746);
#5744 = CARTESIAN_POINT('',(9.352347027881,11.72747223702,0.));
#5745 = DIRECTION('',(0.,0.,1.));
#5746 = DIRECTION('',(0.623489801859,0.781831482468,0.));
#5747 = DEFINITIONAL_REPRESENTATION('',(#5748),#5751);
#5748 = B_SPLINE_CURVE_WITH_KNOTS('',1,(#5749,#5750),.UNSPECIFIED.,.F.,
  .F.,(2,2),(0.,20.),.PIECEWISE_BEZIER_KNOTS.);
#5749 = CARTESIAN_POINT('',(-14.55707495005,16.594165161289));
#5750 = CARTESIAN_POINT('',(1.079554699309,4.124369124114));
#5751 = ( GEOMETRIC_REPRESENTATION_CONTEXT(2) 
PARAMETRIC_REPRESENTATION_CONTEXT() REPRESENTATION_CONTEXT('2D SPACE',''
  ) );
#5752 = ORIENTED_EDGE('',*,*,#2890,.T.);
#5753 = ORIENTED_EDGE('',*,*,#5754,.F.);
#5754 = EDGE_CURVE('',#5755,#2343,#5757,.T.);
#5755 = VERTEX_POINT('',#5756);
#5756 = CARTESIAN_POINT('',(13.25,10.,0.));
#5757 = SURFACE_CURVE('',#5758,(#5761,#5767),.PCURVE_S1.);
#5758 = B_SPLINE_CURVE_WITH_KNOTS('',1,(#5759,#5760),.UNSPECIFIED.,.F.,
  .F.,(2,2),(0.,20.),.PIECEWISE_BEZIER_KNOTS.);
#5759 = CARTESIAN_POINT('',(13.25,10.,0.));
#5760 = CARTESIAN_POINT('',(13.25,-10.,0.));
#5761 = PCURVE('',#2903,#5762);
#5762 = DEFINITIONAL_REPRESENTATION('',(#5763),#5766);
#5763 = B_SPLINE_CURVE_WITH_KNOTS('',1,(#5764,#5765),.UNSPECIFIED.,.F.,
  .F.,(2,2),(0.,20.),.PIECEWISE_BEZIER_KNOTS.);
#5764 = CARTESIAN_POINT('',(1.079554699309,-4.124369124114));
#5765 = CARTESIAN_POINT('',(-14.55707495005,-16.59416516128));
#5766 = ( GEOMETRIC_REPRESENTATION_CONTEXT(2) 
PARAMETRIC_REPRESENTATION_CONTEXT() REPRESENTATION_CONTEXT('2D SPACE',''
  ) );
#5767 = PCURVE('',#5417,#5768);
#5768 = DEFINITIONAL_REPRESENTATION('',(#5769),#5772);
#5769 = B_SPLINE_CURVE_WITH_KNOTS('',1,(#5770,#5771),.UNSPECIFIED.,.F.,
  .F.,(2,2),(0.,20.),.PIECEWISE_BEZIER_KNOTS.);
#5770 = CARTESIAN_POINT('',(-1.75,10.));
#5771 = CARTESIAN_POINT('',(-1.75,-10.));
#5772 = ( GEOMETRIC_REPRESENTATION_CONTEXT(2) 
PARAMETRIC_REPRESENTATION_CONTEXT() REPRESENTATION_CONTEXT('2D SPACE',''
  ) );
#5773 = ORIENTED_EDGE('',*,*,#5774,.F.);
#5774 = EDGE_CURVE('',#5598,#5755,#5775,.T.);
#5775 = SURFACE_CURVE('',#5776,(#5779,#5785),.PCURVE_S1.);
#5776 = B_SPLINE_CURVE_WITH_KNOTS('',1,(#5777,#5778),.UNSPECIFIED.,.F.,
  .F.,(2,2),(0.,3.5),.PIECEWISE_BEZIER_KNOTS.);
#5777 = CARTESIAN_POINT('',(16.75,10.,0.));
#5778 = CARTESIAN_POINT('',(13.25,10.,0.));
#5779 = PCURVE('',#2903,#5780);
#5780 = DEFINITIONAL_REPRESENTATION('',(#5781),#5784);
#5781 = B_SPLINE_CURVE_WITH_KNOTS('',1,(#5782,#5783),.UNSPECIFIED.,.F.,
  .F.,(2,2),(0.,3.5),.PIECEWISE_BEZIER_KNOTS.);
#5782 = CARTESIAN_POINT('',(3.261769005814,-6.860779312752));
#5783 = CARTESIAN_POINT('',(1.079554699309,-4.124369124114));
#5784 = ( GEOMETRIC_REPRESENTATION_CONTEXT(2) 
PARAMETRIC_REPRESENTATION_CONTEXT() REPRESENTATION_CONTEXT('2D SPACE',''
  ) );
#5785 = PCURVE('',#5417,#5786);
#5786 = DEFINITIONAL_REPRESENTATION('',(#5787),#5790);
#5787 = B_SPLINE_CURVE_WITH_KNOTS('',1,(#5788,#5789),.UNSPECIFIED.,.F.,
  .F.,(2,2),(0.,3.5),.PIECEWISE_BEZIER_KNOTS.);
#5788 = CARTESIAN_POINT('',(1.75,10.));
#5789 = CARTESIAN_POINT('',(-1.75,10.));
#5790 = ( GEOMETRIC_REPRESENTATION_CONTEXT(2) 
PARAMETRIC_REPRESENTATION_CONTEXT() REPRESENTATION_CONTEXT('2D SPACE',''
  ) );
#5791 = ORIENTED_EDGE('',*,*,#5648,.T.);
#5792 = ORIENTED_EDGE('',*,*,#5793,.F.);
#5793 = EDGE_CURVE('',#5729,#5649,#5794,.T.);
#5794 = SURFACE_CURVE('',#5795,(#5798,#5804),.PCURVE_S1.);
#5795 = B_SPLINE_CURVE_WITH_KNOTS('',1,(#5796,#5797),.UNSPECIFIED.,.F.,
  .F.,(2,2),(0.,3.5),.PIECEWISE_BEZIER_KNOTS.);
#5796 = CARTESIAN_POINT('',(6.800876746897,15.143004175972,0.));
#5797 = CARTESIAN_POINT('',(6.02205347805,18.555251868609,0.));
#5798 = PCURVE('',#2903,#5799);
#5799 = DEFINITIONAL_REPRESENTATION('',(#5800),#5803);
#5800 = B_SPLINE_CURVE_WITH_KNOTS('',1,(#5801,#5802),.UNSPECIFIED.,.F.,
  .F.,(2,2),(0.,3.5),.PIECEWISE_BEZIER_KNOTS.);
#5801 = CARTESIAN_POINT('',(1.079554699309,4.124369124114));
#5802 = CARTESIAN_POINT('',(3.261769005814,6.860779312752));
#5803 = ( GEOMETRIC_REPRESENTATION_CONTEXT(2) 
PARAMETRIC_REPRESENTATION_CONTEXT() REPRESENTATION_CONTEXT('2D SPACE',''
  ) );
#5804 = PCURVE('',#5742,#5805);
#5805 = DEFINITIONAL_REPRESENTATION('',(#5806),#5809);
#5806 = B_SPLINE_CURVE_WITH_KNOTS('',1,(#5807,#5808),.UNSPECIFIED.,.F.,
  .F.,(2,2),(0.,3.5),.PIECEWISE_BEZIER_KNOTS.);
#5807 = CARTESIAN_POINT('',(1.079554699309,4.124369124114));
#5808 = CARTESIAN_POINT('',(3.261769005814,6.860779312752));
#5809 = ( GEOMETRIC_REPRESENTATION_CONTEXT(2) 
PARAMETRIC_REPRESENTATION_CONTEXT() REPRESENTATION_CONTEXT('2D SPACE',''
  ) );
#5810 = ADVANCED_FACE('',(#5811),#3113,.T.);
#5811 = FACE_BOUND('',#5812,.T.);
#5812 = EDGE_LOOP('',(#5813,#5839,#5865,#5916,#5967,#5988,#6015,#6016,
    #6017));
#5813 = ORIENTED_EDGE('',*,*,#5814,.F.);
#5814 = EDGE_CURVE('',#5815,#3439,#5817,.T.);
#5815 = VERTEX_POINT('',#5816);
#5816 = CARTESIAN_POINT('',(6.02205347805,18.555251868609,0.));
#5817 = SURFACE_CURVE('',#5818,(#5825,#5832),.PCURVE_S1.);
#5818 = B_SPLINE_CURVE_WITH_KNOTS('',5,(#5819,#5820,#5821,#5822,#5823,
    #5824),.UNSPECIFIED.,.F.,.F.,(6,6),(0.,26.),
  .PIECEWISE_BEZIER_KNOTS.);
#5819 = CARTESIAN_POINT('',(6.02205347805,18.555251868609,0.));
#5820 = CARTESIAN_POINT('',(5.445689930123,19.927480112334,5.2));
#5821 = CARTESIAN_POINT('',(4.617887768101,21.194118798553,10.4));
#5822 = CARTESIAN_POINT('',(3.564221552031,22.293509639431,15.6));
#5823 = CARTESIAN_POINT('',(2.333869227622,23.174340575931,20.8));
#5824 = CARTESIAN_POINT('',(0.987347722599,23.808442404322,26.));
#5825 = PCURVE('',#3113,#5826);
#5826 = DEFINITIONAL_REPRESENTATION('',(#5827),#5831);
#5827 = LINE('',#5828,#5829);
#5828 = CARTESIAN_POINT('',(0.,0.));
#5829 = VECTOR('',#5830,1.);
#5830 = DIRECTION('',(0.,1.));
#5831 = ( GEOMETRIC_REPRESENTATION_CONTEXT(2) 
PARAMETRIC_REPRESENTATION_CONTEXT() REPRESENTATION_CONTEXT('2D SPACE',''
  ) );
#5832 = PCURVE('',#3394,#5833);
#5833 = DEFINITIONAL_REPRESENTATION('',(#5834),#5838);
#5834 = LINE('',#5835,#5836);
#5835 = CARTESIAN_POINT('',(3.5,0.));
#5836 = VECTOR('',#5837,1.);
#5837 = DIRECTION('',(0.,1.));
#5838 = ( GEOMETRIC_REPRESENTATION_CONTEXT(2) 
PARAMETRIC_REPRESENTATION_CONTEXT() REPRESENTATION_CONTEXT('2D SPACE',''
  ) );
#5839 = ORIENTED_EDGE('',*,*,#5840,.T.);
#5840 = EDGE_CURVE('',#5815,#5841,#5843,.T.);
#5841 = VERTEX_POINT('',#5842);
#5842 = CARTESIAN_POINT('',(4.136908362268,18.124979797653,0.));
#5843 = SURFACE_CURVE('',#5844,(#5847,#5854),.PCURVE_S1.);
#5844 = B_SPLINE_CURVE_WITH_KNOTS('',1,(#5845,#5846),.UNSPECIFIED.,.F.,
  .F.,(2,2),(0.,20.),.PIECEWISE_BEZIER_KNOTS.);
#5845 = CARTESIAN_POINT('',(6.02205347805,18.555251868609,0.));
#5846 = CARTESIAN_POINT('',(-13.47650476558,14.104833189482,0.));
#5847 = PCURVE('',#3113,#5848);
#5848 = DEFINITIONAL_REPRESENTATION('',(#5849),#5853);
#5849 = LINE('',#5850,#5851);
#5850 = CARTESIAN_POINT('',(0.,0.));
#5851 = VECTOR('',#5852,1.);
#5852 = DIRECTION('',(1.,0.));
#5853 = ( GEOMETRIC_REPRESENTATION_CONTEXT(2) 
PARAMETRIC_REPRESENTATION_CONTEXT() REPRESENTATION_CONTEXT('2D SPACE',''
  ) );
#5854 = PCURVE('',#5855,#5860);
#5855 = PLANE('',#5856);
#5856 = AXIS2_PLACEMENT_3D('',#5857,#5858,#5859);
#5857 = CARTESIAN_POINT('',(-3.337814009345,14.623918682727,0.));
#5858 = DIRECTION('',(0.,0.,1.));
#5859 = DIRECTION('',(-0.222520933956,0.974927912182,0.));
#5860 = DEFINITIONAL_REPRESENTATION('',(#5861),#5864);
#5861 = B_SPLINE_CURVE_WITH_KNOTS('',1,(#5862,#5863),.UNSPECIFIED.,.F.,
  .F.,(2,2),(0.,20.),.PIECEWISE_BEZIER_KNOTS.);
#5862 = CARTESIAN_POINT('',(1.75,-10.));
#5863 = CARTESIAN_POINT('',(1.75,10.));
#5864 = ( GEOMETRIC_REPRESENTATION_CONTEXT(2) 
PARAMETRIC_REPRESENTATION_CONTEXT() REPRESENTATION_CONTEXT('2D SPACE',''
  ) );
#5865 = ORIENTED_EDGE('',*,*,#5866,.F.);
#5866 = EDGE_CURVE('',#5867,#5841,#5869,.T.);
#5867 = VERTEX_POINT('',#5868);
#5868 = CARTESIAN_POINT('',(1.672349759902,18.3667655405,4.73851706442)
  );
#5869 = SURFACE_CURVE('',#5870,(#5879,#5891),.PCURVE_S1.);
#5870 = B_SPLINE_CURVE_WITH_KNOTS('',4,(#5871,#5872,#5873,#5874,#5875,
    #5876,#5877,#5878),.UNSPECIFIED.,.F.,.F.,(5,3,5),(0.,0.502513779883,
    1.),.UNSPECIFIED.);
#5871 = CARTESIAN_POINT('',(1.672349759902,18.3667655405,4.73851706442)
  );
#5872 = CARTESIAN_POINT('',(1.984136721787,18.375767989725,
    4.142933117719));
#5873 = CARTESIAN_POINT('',(2.29631701554,18.371534174449,3.547495140637
    ));
#5874 = CARTESIAN_POINT('',(2.608043292955,18.354045561183,
    2.952167033842));
#5875 = CARTESIAN_POINT('',(3.225798832991,18.293037648317,
    1.767612359293));
#5876 = CARTESIAN_POINT('',(3.531854450112,18.249780461131,
    1.178384352937));
#5877 = CARTESIAN_POINT('',(3.835824273364,18.19370027878,0.589192256625
    ));
#5878 = CARTESIAN_POINT('',(4.136908362268,18.124979797653,0.));
#5879 = PCURVE('',#3113,#5880);
#5880 = DEFINITIONAL_REPRESENTATION('',(#5881),#5890);
#5881 = B_SPLINE_CURVE_WITH_KNOTS('',4,(#5882,#5883,#5884,#5885,#5886,
    #5887,#5888,#5889),.UNSPECIFIED.,.F.,.F.,(5,3,5),(0.,0.502513779883,
    1.),.UNSPECIFIED.);
#5882 = CARTESIAN_POINT('',(3.995991700275,4.73851706442));
#5883 = CARTESIAN_POINT('',(3.730202960729,4.14293311772));
#5884 = CARTESIAN_POINT('',(3.466419501956,3.547495140636));
#5885 = CARTESIAN_POINT('',(3.204822831645,2.952167033843));
#5886 = CARTESIAN_POINT('',(2.688951776606,1.767612358886));
#5887 = CARTESIAN_POINT('',(2.434630339227,1.178384354022));
#5888 = CARTESIAN_POINT('',(2.18279849065,0.589192255404));
#5889 = CARTESIAN_POINT('',(1.933625135249,6.511984088162E-10));
#5890 = ( GEOMETRIC_REPRESENTATION_CONTEXT(2) 
PARAMETRIC_REPRESENTATION_CONTEXT() REPRESENTATION_CONTEXT('2D SPACE',''
  ) );
#5891 = PCURVE('',#5892,#5905);
#5892 = B_SPLINE_SURFACE_WITH_KNOTS('',1,5,(
    (#5893,#5894,#5895,#5896,#5897,#5898)
    ,(#5899,#5900,#5901,#5902,#5903,#5904
    )),.UNSPECIFIED.,.F.,.F.,.F.,(2,2),(6,6),(0.,20.),(0.,26.),
  .PIECEWISE_BEZIER_KNOTS.);
#5893 = CARTESIAN_POINT('',(18.261769005814,6.860779312752,0.));
#5894 = CARTESIAN_POINT('',(18.975263453595,8.166968795654,5.2));
#5895 = CARTESIAN_POINT('',(19.449435249415,9.603906890675,10.4));
#5896 = CARTESIAN_POINT('',(19.652023480068,11.113155287955,15.6));
#5897 = CARTESIAN_POINT('',(19.573572709993,12.624272575776,20.8));
#5898 = CARTESIAN_POINT('',(19.229791056155,14.072381503564,26.));
#5899 = CARTESIAN_POINT('',(2.625139356453,19.330575349927,0.));
#5900 = CARTESIAN_POINT('',(1.510466221867,18.344315193939,5.2));
#5901 = CARTESIAN_POINT('',(0.576490607235,17.153802895747,10.4));
#5902 = CARTESIAN_POINT('',(-0.126598203086,15.803047980637,15.6));
#5903 = CARTESIAN_POINT('',(-0.565984823337,14.355094466598,20.8));
#5904 = CARTESIAN_POINT('',(-0.7344115392,12.876298424664,26.));
#5905 = DEFINITIONAL_REPRESENTATION('',(#5906),#5915);
#5906 = B_SPLINE_CURVE_WITH_KNOTS('',4,(#5907,#5908,#5909,#5910,#5911,
    #5912,#5913,#5914),.UNSPECIFIED.,.F.,.F.,(5,3,5),(0.,0.502513779883,
    1.),.UNSPECIFIED.);
#5907 = CARTESIAN_POINT('',(20.,4.73851706442));
#5908 = CARTESIAN_POINT('',(19.766524859776,4.142933117719));
#5909 = CARTESIAN_POINT('',(19.52966440303,3.547495140637));
#5910 = CARTESIAN_POINT('',(19.289583774398,2.952167033842));
#5911 = CARTESIAN_POINT('',(18.805753033564,1.767612359293));
#5912 = CARTESIAN_POINT('',(18.562063673267,1.178384352937));
#5913 = CARTESIAN_POINT('',(18.315548220632,0.589192256625));
#5914 = CARTESIAN_POINT('',(18.066374865026,0.));
#5915 = ( GEOMETRIC_REPRESENTATION_CONTEXT(2) 
PARAMETRIC_REPRESENTATION_CONTEXT() REPRESENTATION_CONTEXT('2D SPACE',''
  ) );
#5916 = ORIENTED_EDGE('',*,*,#5917,.F.);
#5917 = EDGE_CURVE('',#5918,#5867,#5920,.T.);
#5918 = VERTEX_POINT('',#5919);
#5919 = CARTESIAN_POINT('',(1.113370350639,17.434876976928,0.));
#5920 = SURFACE_CURVE('',#5921,(#5930,#5942),.PCURVE_S1.);
#5921 = B_SPLINE_CURVE_WITH_KNOTS('',4,(#5922,#5923,#5924,#5925,#5926,
    #5927,#5928,#5929),.UNSPECIFIED.,.F.,.F.,(5,3,5),(0.,0.491798991651,
    1.),.UNSPECIFIED.);
#5922 = CARTESIAN_POINT('',(1.113370350639,17.434876976928,
    -9.88438201185E-31));
#5923 = CARTESIAN_POINT('',(1.211606073483,17.540402638002,
    0.578782003643));
#5924 = CARTESIAN_POINT('',(1.300535186758,17.649947408764,
    1.158836421161));
#5925 = CARTESIAN_POINT('',(1.379829641423,17.762762917883,
    1.740153602607));
#5926 = CARTESIAN_POINT('',(1.521028030465,17.997171995396,
    2.924700934109));
#5927 = CARTESIAN_POINT('',(1.582264462234,18.118933722399,
    3.528015261281));
#5928 = CARTESIAN_POINT('',(1.632739037651,18.242442577767,
    4.132632841147));
#5929 = CARTESIAN_POINT('',(1.672349759902,18.3667655405,4.73851706442)
  );
#5930 = PCURVE('',#3113,#5931);
#5931 = DEFINITIONAL_REPRESENTATION('',(#5932),#5941);
#5932 = B_SPLINE_CURVE_WITH_KNOTS('',4,(#5933,#5934,#5935,#5936,#5937,
    #5938,#5939,#5940),.UNSPECIFIED.,.F.,.F.,(5,3,5),(0.,0.491798991651,
    1.),.UNSPECIFIED.);
#5933 = CARTESIAN_POINT('',(5.03491906022,1.033830422826E-10));
#5934 = CARTESIAN_POINT('',(4.887107998331,0.578782003448));
#5935 = CARTESIAN_POINT('',(4.745650874431,1.158836421334));
#5936 = CARTESIAN_POINT('',(4.610720923485,1.740153602541));
#5937 = CARTESIAN_POINT('',(4.349965770736,2.924700934109));
#5938 = CARTESIAN_POINT('',(4.224594113111,3.528015261281));
#5939 = CARTESIAN_POINT('',(4.106547487419,4.132632841147));
#5940 = CARTESIAN_POINT('',(3.995991700275,4.73851706442));
#5941 = ( GEOMETRIC_REPRESENTATION_CONTEXT(2) 
PARAMETRIC_REPRESENTATION_CONTEXT() REPRESENTATION_CONTEXT('2D SPACE',''
  ) );
#5942 = PCURVE('',#5943,#5956);
#5943 = B_SPLINE_SURFACE_WITH_KNOTS('',1,5,(
    (#5944,#5945,#5946,#5947,#5948,#5949)
    ,(#5950,#5951,#5952,#5953,#5954,#5955
    )),.UNSPECIFIED.,.F.,.F.,.F.,(2,2),(6,6),(0.,3.5),(0.,26.),
  .PIECEWISE_BEZIER_KNOTS.);
#5944 = CARTESIAN_POINT('',(2.625139356453,19.330575349927,0.));
#5945 = CARTESIAN_POINT('',(1.510466221867,18.344315193939,5.2));
#5946 = CARTESIAN_POINT('',(0.576490607235,17.153802895747,10.4));
#5947 = CARTESIAN_POINT('',(-0.126598203086,15.803047980637,15.6));
#5948 = CARTESIAN_POINT('',(-0.565984823337,14.355094466598,20.8));
#5949 = CARTESIAN_POINT('',(-0.7344115392,12.876298424664,26.));
#5950 = CARTESIAN_POINT('',(0.442925049948,16.594165161289,0.));
#5951 = CARTESIAN_POINT('',(-0.270569397833,15.287975678387,5.2));
#5952 = CARTESIAN_POINT('',(-0.744741193653,13.851037583366,10.4));
#5953 = CARTESIAN_POINT('',(-0.947329424306,12.341789186085,15.6));
#5954 = CARTESIAN_POINT('',(-0.868878654231,10.830671898265,20.8));
#5955 = CARTESIAN_POINT('',(-0.525097000393,9.382562970477,26.));
#5956 = DEFINITIONAL_REPRESENTATION('',(#5957),#5966);
#5957 = B_SPLINE_CURVE_WITH_KNOTS('',4,(#5958,#5959,#5960,#5961,#5962,
    #5963,#5964,#5965),.UNSPECIFIED.,.F.,.F.,(5,3,5),(0.,0.491798991651,
    1.),.UNSPECIFIED.);
#5958 = CARTESIAN_POINT('',(2.424689227165,0.));
#5959 = CARTESIAN_POINT('',(2.11775637497,0.578782003643));
#5960 = CARTESIAN_POINT('',(1.813364778368,1.158836421161));
#5961 = CARTESIAN_POINT('',(1.511769685928,1.740153602607));
#5962 = CARTESIAN_POINT('',(0.904737929572,2.924700934109));
#5963 = CARTESIAN_POINT('',(0.599508484187,3.52801526128));
#5964 = CARTESIAN_POINT('',(0.297831812674,4.132632841147));
#5965 = CARTESIAN_POINT('',(0.,4.73851706442));
#5966 = ( GEOMETRIC_REPRESENTATION_CONTEXT(2) 
PARAMETRIC_REPRESENTATION_CONTEXT() REPRESENTATION_CONTEXT('2D SPACE',''
  ) );
#5967 = ORIENTED_EDGE('',*,*,#5968,.T.);
#5968 = EDGE_CURVE('',#5918,#5969,#5971,.T.);
#5969 = VERTEX_POINT('',#5970);
#5970 = CARTESIAN_POINT('',(-8.567821638176,15.225208081163,0.));
#5971 = SURFACE_CURVE('',#5972,(#5975,#5982),.PCURVE_S1.);
#5972 = B_SPLINE_CURVE_WITH_KNOTS('',1,(#5973,#5974),.UNSPECIFIED.,.F.,
  .F.,(2,2),(0.,20.),.PIECEWISE_BEZIER_KNOTS.);
#5973 = CARTESIAN_POINT('',(6.02205347805,18.555251868609,0.));
#5974 = CARTESIAN_POINT('',(-13.47650476558,14.104833189482,0.));
#5975 = PCURVE('',#3113,#5976);
#5976 = DEFINITIONAL_REPRESENTATION('',(#5977),#5981);
#5977 = LINE('',#5978,#5979);
#5978 = CARTESIAN_POINT('',(0.,0.));
#5979 = VECTOR('',#5980,1.);
#5980 = DIRECTION('',(1.,0.));
#5981 = ( GEOMETRIC_REPRESENTATION_CONTEXT(2) 
PARAMETRIC_REPRESENTATION_CONTEXT() REPRESENTATION_CONTEXT('2D SPACE',''
  ) );
#5982 = PCURVE('',#3294,#5983);
#5983 = DEFINITIONAL_REPRESENTATION('',(#5984),#5987);
#5984 = B_SPLINE_CURVE_WITH_KNOTS('',1,(#5985,#5986),.UNSPECIFIED.,.F.,
  .F.,(2,2),(0.,20.),.PIECEWISE_BEZIER_KNOTS.);
#5985 = CARTESIAN_POINT('',(1.75,-10.));
#5986 = CARTESIAN_POINT('',(1.75,10.));
#5987 = ( GEOMETRIC_REPRESENTATION_CONTEXT(2) 
PARAMETRIC_REPRESENTATION_CONTEXT() REPRESENTATION_CONTEXT('2D SPACE',''
  ) );
#5988 = ORIENTED_EDGE('',*,*,#5989,.T.);
#5989 = EDGE_CURVE('',#5969,#3699,#5990,.T.);
#5990 = SURFACE_CURVE('',#5991,(#5997,#6006),.PCURVE_S1.);
#5991 = B_SPLINE_CURVE_WITH_KNOTS('',4,(#5992,#5993,#5994,#5995,#5996),
  .UNSPECIFIED.,.F.,.F.,(5,5),(0.,1.),.PIECEWISE_BEZIER_KNOTS.);
#5992 = CARTESIAN_POINT('',(-8.567821638176,15.225208081163,
    8.881784197001E-16));
#5993 = CARTESIAN_POINT('',(-8.451382472081,15.179729079359,
    0.50183388882));
#5994 = CARTESIAN_POINT('',(-8.329949835305,15.14000773493,
    1.002711021234));
#5995 = CARTESIAN_POINT('',(-8.203928448717,15.106390259532,
    1.502625313088));
#5996 = CARTESIAN_POINT('',(-8.073755515952,15.079164617934,
    2.001576291241));
#5997 = PCURVE('',#3113,#5998);
#5998 = DEFINITIONAL_REPRESENTATION('',(#5999),#6005);
#5999 = B_SPLINE_CURVE_WITH_KNOTS('',4,(#6000,#6001,#6002,#6003,#6004),
  .UNSPECIFIED.,.F.,.F.,(5,5),(0.,1.),.PIECEWISE_BEZIER_KNOTS.);
#6000 = CARTESIAN_POINT('',(14.965080939754,0.));
#6001 = CARTESIAN_POINT('',(14.836921108884,0.50183388882));
#6002 = CARTESIAN_POINT('',(14.70398415218,1.002711021234));
#6003 = CARTESIAN_POINT('',(14.566384019411,1.502625313088));
#6004 = CARTESIAN_POINT('',(14.424238193558,2.001576291241));
#6005 = ( GEOMETRIC_REPRESENTATION_CONTEXT(2) 
PARAMETRIC_REPRESENTATION_CONTEXT() REPRESENTATION_CONTEXT('2D SPACE',''
  ) );
#6006 = PCURVE('',#3785,#6007);
#6007 = DEFINITIONAL_REPRESENTATION('',(#6008),#6014);
#6008 = B_SPLINE_CURVE_WITH_KNOTS('',4,(#6009,#6010,#6011,#6012,#6013),
  .UNSPECIFIED.,.F.,.F.,(5,5),(0.,1.),.PIECEWISE_BEZIER_KNOTS.);
#6009 = CARTESIAN_POINT('',(1.075310772805,5.733809917091E-11));
#6010 = CARTESIAN_POINT('',(0.809184133531,0.501833888713));
#6011 = CARTESIAN_POINT('',(0.541146399094,1.00271102133));
#6012 = CARTESIAN_POINT('',(0.271364339152,1.502625313052));
#6013 = CARTESIAN_POINT('',(0.,2.001576291241));
#6014 = ( GEOMETRIC_REPRESENTATION_CONTEXT(2) 
PARAMETRIC_REPRESENTATION_CONTEXT() REPRESENTATION_CONTEXT('2D SPACE',''
  ) );
#6015 = ORIENTED_EDGE('',*,*,#3698,.T.);
#6016 = ORIENTED_EDGE('',*,*,#3092,.T.);
#6017 = ORIENTED_EDGE('',*,*,#3459,.F.);
#6018 = ADVANCED_FACE('',(#6019),#3394,.T.);
#6019 = FACE_BOUND('',#6020,.T.);
#6020 = EDGE_LOOP('',(#6021,#6022,#6023,#6042,#6043));
#6021 = ORIENTED_EDGE('',*,*,#3375,.F.);
#6022 = ORIENTED_EDGE('',*,*,#5669,.F.);
#6023 = ORIENTED_EDGE('',*,*,#6024,.T.);
#6024 = EDGE_CURVE('',#5649,#5815,#6025,.T.);
#6025 = SURFACE_CURVE('',#6026,(#6029,#6036),.PCURVE_S1.);
#6026 = B_SPLINE_CURVE_WITH_KNOTS('',1,(#6027,#6028),.UNSPECIFIED.,.F.,
  .F.,(2,2),(0.,3.5),.PIECEWISE_BEZIER_KNOTS.);
#6027 = CARTESIAN_POINT('',(6.800876746897,15.143004175972,0.));
#6028 = CARTESIAN_POINT('',(6.02205347805,18.555251868609,0.));
#6029 = PCURVE('',#3394,#6030);
#6030 = DEFINITIONAL_REPRESENTATION('',(#6031),#6035);
#6031 = LINE('',#6032,#6033);
#6032 = CARTESIAN_POINT('',(0.,0.));
#6033 = VECTOR('',#6034,1.);
#6034 = DIRECTION('',(1.,0.));
#6035 = ( GEOMETRIC_REPRESENTATION_CONTEXT(2) 
PARAMETRIC_REPRESENTATION_CONTEXT() REPRESENTATION_CONTEXT('2D SPACE',''
  ) );
#6036 = PCURVE('',#5855,#6037);
#6037 = DEFINITIONAL_REPRESENTATION('',(#6038),#6041);
#6038 = B_SPLINE_CURVE_WITH_KNOTS('',1,(#6039,#6040),.UNSPECIFIED.,.F.,
  .F.,(2,2),(0.,3.5),.PIECEWISE_BEZIER_KNOTS.);
#6039 = CARTESIAN_POINT('',(-1.75,-10.));
#6040 = CARTESIAN_POINT('',(1.75,-10.));
#6041 = ( GEOMETRIC_REPRESENTATION_CONTEXT(2) 
PARAMETRIC_REPRESENTATION_CONTEXT() REPRESENTATION_CONTEXT('2D SPACE',''
  ) );
#6042 = ORIENTED_EDGE('',*,*,#5814,.T.);
#6043 = ORIENTED_EDGE('',*,*,#3438,.F.);
#6044 = ADVANCED_FACE('',(#6045),#3294,.F.);
#6045 = FACE_BOUND('',#6046,.F.);
#6046 = EDGE_LOOP('',(#6047,#6072,#6073,#6093,#6111,#6112));
#6047 = ORIENTED_EDGE('',*,*,#6048,.F.);
#6048 = EDGE_CURVE('',#3238,#6049,#6051,.T.);
#6049 = VERTEX_POINT('',#6050);
#6050 = CARTESIAN_POINT('',(-7.599000108531,14.758648222332,0.));
#6051 = SURFACE_CURVE('',#6052,(#6055,#6061),.PCURVE_S1.);
#6052 = B_SPLINE_CURVE_WITH_KNOTS('',1,(#6053,#6054),.UNSPECIFIED.,.F.,
  .F.,(2,2),(0.,20.),.PIECEWISE_BEZIER_KNOTS.);
#6053 = CARTESIAN_POINT('',(-16.27667489088,-3.260729135717,0.));
#6054 = CARTESIAN_POINT('',(-7.599000108531,14.758648222332,0.));
#6055 = PCURVE('',#3294,#6056);
#6056 = DEFINITIONAL_REPRESENTATION('',(#6057),#6060);
#6057 = B_SPLINE_CURVE_WITH_KNOTS('',1,(#6058,#6059),.UNSPECIFIED.,.F.,
  .F.,(2,2),(0.,20.),.PIECEWISE_BEZIER_KNOTS.);
#6058 = CARTESIAN_POINT('',(-14.55707495005,16.594165161289));
#6059 = CARTESIAN_POINT('',(1.079554699309,4.124369124114));
#6060 = ( GEOMETRIC_REPRESENTATION_CONTEXT(2) 
PARAMETRIC_REPRESENTATION_CONTEXT() REPRESENTATION_CONTEXT('2D SPACE',''
  ) );
#6061 = PCURVE('',#6062,#6067);
#6062 = PLANE('',#6063);
#6063 = AXIS2_PLACEMENT_3D('',#6064,#6065,#6066);
#6064 = CARTESIAN_POINT('',(-3.337814009345,14.623918682727,0.));
#6065 = DIRECTION('',(0.,0.,1.));
#6066 = DIRECTION('',(-0.222520933956,0.974927912182,0.));
#6067 = DEFINITIONAL_REPRESENTATION('',(#6068),#6071);
#6068 = B_SPLINE_CURVE_WITH_KNOTS('',1,(#6069,#6070),.UNSPECIFIED.,.F.,
  .F.,(2,2),(0.,20.),.PIECEWISE_BEZIER_KNOTS.);
#6069 = CARTESIAN_POINT('',(-14.55707495005,16.594165161289));
#6070 = CARTESIAN_POINT('',(1.079554699309,4.124369124114));
#6071 = ( GEOMETRIC_REPRESENTATION_CONTEXT(2) 
PARAMETRIC_REPRESENTATION_CONTEXT() REPRESENTATION_CONTEXT('2D SPACE',''
  ) );
#6072 = ORIENTED_EDGE('',*,*,#3281,.T.);
#6073 = ORIENTED_EDGE('',*,*,#6074,.F.);
#6074 = EDGE_CURVE('',#6075,#2847,#6077,.T.);
#6075 = VERTEX_POINT('',#6076);
#6076 = CARTESIAN_POINT('',(0.442925049948,16.594165161289,0.));
#6077 = SURFACE_CURVE('',#6078,(#6081,#6087),.PCURVE_S1.);
#6078 = B_SPLINE_CURVE_WITH_KNOTS('',1,(#6079,#6080),.UNSPECIFIED.,.F.,
  .F.,(2,2),(0.,20.),.PIECEWISE_BEZIER_KNOTS.);
#6079 = CARTESIAN_POINT('',(0.442925049948,16.594165161289,0.));
#6080 = CARTESIAN_POINT('',(16.079554699309,4.124369124114,0.));
#6081 = PCURVE('',#3294,#6082);
#6082 = DEFINITIONAL_REPRESENTATION('',(#6083),#6086);
#6083 = B_SPLINE_CURVE_WITH_KNOTS('',1,(#6084,#6085),.UNSPECIFIED.,.F.,
  .F.,(2,2),(0.,20.),.PIECEWISE_BEZIER_KNOTS.);
#6084 = CARTESIAN_POINT('',(1.079554699309,-4.124369124114));
#6085 = CARTESIAN_POINT('',(-14.55707495005,-16.59416516128));
#6086 = ( GEOMETRIC_REPRESENTATION_CONTEXT(2) 
PARAMETRIC_REPRESENTATION_CONTEXT() REPRESENTATION_CONTEXT('2D SPACE',''
  ) );
#6087 = PCURVE('',#5742,#6088);
#6088 = DEFINITIONAL_REPRESENTATION('',(#6089),#6092);
#6089 = B_SPLINE_CURVE_WITH_KNOTS('',1,(#6090,#6091),.UNSPECIFIED.,.F.,
  .F.,(2,2),(0.,20.),.PIECEWISE_BEZIER_KNOTS.);
#6090 = CARTESIAN_POINT('',(-1.75,10.));
#6091 = CARTESIAN_POINT('',(-1.75,-10.));
#6092 = ( GEOMETRIC_REPRESENTATION_CONTEXT(2) 
PARAMETRIC_REPRESENTATION_CONTEXT() REPRESENTATION_CONTEXT('2D SPACE',''
  ) );
#6093 = ORIENTED_EDGE('',*,*,#6094,.F.);
#6094 = EDGE_CURVE('',#5918,#6075,#6095,.T.);
#6095 = SURFACE_CURVE('',#6096,(#6099,#6105),.PCURVE_S1.);
#6096 = B_SPLINE_CURVE_WITH_KNOTS('',1,(#6097,#6098),.UNSPECIFIED.,.F.,
  .F.,(2,2),(0.,3.5),.PIECEWISE_BEZIER_KNOTS.);
#6097 = CARTESIAN_POINT('',(2.625139356453,19.330575349927,0.));
#6098 = CARTESIAN_POINT('',(0.442925049948,16.594165161289,0.));
#6099 = PCURVE('',#3294,#6100);
#6100 = DEFINITIONAL_REPRESENTATION('',(#6101),#6104);
#6101 = B_SPLINE_CURVE_WITH_KNOTS('',1,(#6102,#6103),.UNSPECIFIED.,.F.,
  .F.,(2,2),(0.,3.5),.PIECEWISE_BEZIER_KNOTS.);
#6102 = CARTESIAN_POINT('',(3.261769005814,-6.860779312752));
#6103 = CARTESIAN_POINT('',(1.079554699309,-4.124369124114));
#6104 = ( GEOMETRIC_REPRESENTATION_CONTEXT(2) 
PARAMETRIC_REPRESENTATION_CONTEXT() REPRESENTATION_CONTEXT('2D SPACE',''
  ) );
#6105 = PCURVE('',#5742,#6106);
#6106 = DEFINITIONAL_REPRESENTATION('',(#6107),#6110);
#6107 = B_SPLINE_CURVE_WITH_KNOTS('',1,(#6108,#6109),.UNSPECIFIED.,.F.,
  .F.,(2,2),(0.,3.5),.PIECEWISE_BEZIER_KNOTS.);
#6108 = CARTESIAN_POINT('',(1.75,10.));
#6109 = CARTESIAN_POINT('',(-1.75,10.));
#6110 = ( GEOMETRIC_REPRESENTATION_CONTEXT(2) 
PARAMETRIC_REPRESENTATION_CONTEXT() REPRESENTATION_CONTEXT('2D SPACE',''
  ) );
#6111 = ORIENTED_EDGE('',*,*,#5968,.T.);
#6112 = ORIENTED_EDGE('',*,*,#6113,.F.);
#6113 = EDGE_CURVE('',#6049,#5969,#6114,.T.);
#6114 = SURFACE_CURVE('',#6115,(#6118,#6124),.PCURVE_S1.);
#6115 = B_SPLINE_CURVE_WITH_KNOTS('',1,(#6116,#6117),.UNSPECIFIED.,.F.,
  .F.,(2,2),(0.,3.5),.PIECEWISE_BEZIER_KNOTS.);
#6116 = CARTESIAN_POINT('',(-7.599000108531,14.758648222332,0.));
#6117 = CARTESIAN_POINT('',(-10.75239114619,16.277241309243,0.));
#6118 = PCURVE('',#3294,#6119);
#6119 = DEFINITIONAL_REPRESENTATION('',(#6120),#6123);
#6120 = B_SPLINE_CURVE_WITH_KNOTS('',1,(#6121,#6122),.UNSPECIFIED.,.F.,
  .F.,(2,2),(0.,3.5),.PIECEWISE_BEZIER_KNOTS.);
#6121 = CARTESIAN_POINT('',(1.079554699309,4.124369124114));
#6122 = CARTESIAN_POINT('',(3.261769005814,6.860779312752));
#6123 = ( GEOMETRIC_REPRESENTATION_CONTEXT(2) 
PARAMETRIC_REPRESENTATION_CONTEXT() REPRESENTATION_CONTEXT('2D SPACE',''
  ) );
#6124 = PCURVE('',#6062,#6125);
#6125 = DEFINITIONAL_REPRESENTATION('',(#6126),#6129);
#6126 = B_SPLINE_CURVE_WITH_KNOTS('',1,(#6127,#6128),.UNSPECIFIED.,.F.,
  .F.,(2,2),(0.,3.5),.PIECEWISE_BEZIER_KNOTS.);
#6127 = CARTESIAN_POINT('',(1.079554699309,4.124369124114));
#6128 = CARTESIAN_POINT('',(3.261769005814,6.860779312752));
#6129 = ( GEOMETRIC_REPRESENTATION_CONTEXT(2) 
PARAMETRIC_REPRESENTATION_CONTEXT() REPRESENTATION_CONTEXT('2D SPACE',''
  ) );
#6130 = ADVANCED_FACE('',(#6131),#3504,.T.);
#6131 = FACE_BOUND('',#6132,.T.);
#6132 = EDGE_LOOP('',(#6133,#6159,#6185,#6236,#6287,#6308,#6335,#6336,
    #6337));
#6133 = ORIENTED_EDGE('',*,*,#6134,.F.);
#6134 = EDGE_CURVE('',#6135,#3830,#6137,.T.);
#6135 = VERTEX_POINT('',#6136);
#6136 = CARTESIAN_POINT('',(-10.75239114619,16.277241309243,0.));
#6137 = SURFACE_CURVE('',#6138,(#6145,#6152),.PCURVE_S1.);
#6138 = B_SPLINE_CURVE_WITH_KNOTS('',5,(#6139,#6140,#6141,#6142,#6143,
    #6144),.UNSPECIFIED.,.F.,.F.,(6,6),(0.,26.),
  .PIECEWISE_BEZIER_KNOTS.);
#6139 = CARTESIAN_POINT('',(-10.75239114619,16.277241309243,0.));
#6140 = CARTESIAN_POINT('',(-12.18459918256,16.682192457912,5.2));
#6141 = CARTESIAN_POINT('',(-13.69102339033,16.824726969885,10.4));
#6142 = CARTESIAN_POINT('',(-15.20751190155,16.686396527693,15.6));
#6143 = CARTESIAN_POINT('',(-16.6632853854,16.273657452012,20.8));
#6144 = CARTESIAN_POINT('',(-17.99858858429,15.616260570907,26.));
#6145 = PCURVE('',#3504,#6146);
#6146 = DEFINITIONAL_REPRESENTATION('',(#6147),#6151);
#6147 = LINE('',#6148,#6149);
#6148 = CARTESIAN_POINT('',(0.,0.));
#6149 = VECTOR('',#6150,1.);
#6150 = DIRECTION('',(0.,1.));
#6151 = ( GEOMETRIC_REPRESENTATION_CONTEXT(2) 
PARAMETRIC_REPRESENTATION_CONTEXT() REPRESENTATION_CONTEXT('2D SPACE',''
  ) );
#6152 = PCURVE('',#3785,#6153);
#6153 = DEFINITIONAL_REPRESENTATION('',(#6154),#6158);
#6154 = LINE('',#6155,#6156);
#6155 = CARTESIAN_POINT('',(3.5,0.));
#6156 = VECTOR('',#6157,1.);
#6157 = DIRECTION('',(0.,1.));
#6158 = ( GEOMETRIC_REPRESENTATION_CONTEXT(2) 
PARAMETRIC_REPRESENTATION_CONTEXT() REPRESENTATION_CONTEXT('2D SPACE',''
  ) );
#6159 = ORIENTED_EDGE('',*,*,#6160,.T.);
#6160 = EDGE_CURVE('',#6135,#6161,#6163,.T.);
#6161 = VERTEX_POINT('',#6162);
#6162 = CARTESIAN_POINT('',(-11.5913596498,14.535105260438,0.));
#6163 = SURFACE_CURVE('',#6164,(#6167,#6174),.PCURVE_S1.);
#6164 = B_SPLINE_CURVE_WITH_KNOTS('',1,(#6165,#6166),.UNSPECIFIED.,.F.,
  .F.,(2,2),(0.,20.),.PIECEWISE_BEZIER_KNOTS.);
#6165 = CARTESIAN_POINT('',(-10.75239114619,16.277241309243,0.));
#6166 = CARTESIAN_POINT('',(-19.43006592854,-1.742136048805,0.));
#6167 = PCURVE('',#3504,#6168);
#6168 = DEFINITIONAL_REPRESENTATION('',(#6169),#6173);
#6169 = LINE('',#6170,#6171);
#6170 = CARTESIAN_POINT('',(0.,0.));
#6171 = VECTOR('',#6172,1.);
#6172 = DIRECTION('',(1.,0.));
#6173 = ( GEOMETRIC_REPRESENTATION_CONTEXT(2) 
PARAMETRIC_REPRESENTATION_CONTEXT() REPRESENTATION_CONTEXT('2D SPACE',''
  ) );
#6174 = PCURVE('',#6175,#6180);
#6175 = PLANE('',#6176);
#6176 = AXIS2_PLACEMENT_3D('',#6177,#6178,#6179);
#6177 = CARTESIAN_POINT('',(-13.51453301853,6.508256086763,0.));
#6178 = DIRECTION('',(0.,0.,1.));
#6179 = DIRECTION('',(-0.900968867902,0.433883739118,0.));
#6180 = DEFINITIONAL_REPRESENTATION('',(#6181),#6184);
#6181 = B_SPLINE_CURVE_WITH_KNOTS('',1,(#6182,#6183),.UNSPECIFIED.,.F.,
  .F.,(2,2),(0.,20.),.PIECEWISE_BEZIER_KNOTS.);
#6182 = CARTESIAN_POINT('',(1.75,-10.));
#6183 = CARTESIAN_POINT('',(1.75,10.));
#6184 = ( GEOMETRIC_REPRESENTATION_CONTEXT(2) 
PARAMETRIC_REPRESENTATION_CONTEXT() REPRESENTATION_CONTEXT('2D SPACE',''
  ) );
#6185 = ORIENTED_EDGE('',*,*,#6186,.F.);
#6186 = EDGE_CURVE('',#6187,#6161,#6189,.T.);
#6187 = VERTEX_POINT('',#6188);
#6188 = CARTESIAN_POINT('',(-13.31702251023,12.758986699622,
    4.73851706442));
#6189 = SURFACE_CURVE('',#6190,(#6199,#6211),.PCURVE_S1.);
#6190 = B_SPLINE_CURVE_WITH_KNOTS('',4,(#6191,#6192,#6193,#6194,#6195,
    #6196,#6197,#6198),.UNSPECIFIED.,.F.,.F.,(5,3,5),(0.,0.50251377989,
    1.),.UNSPECIFIED.);
#6191 = CARTESIAN_POINT('',(-13.31702251023,12.758986699622,
    4.73851706442));
#6192 = CARTESIAN_POINT('',(-13.12966491736,13.008364497533,
    4.142933117712));
#6193 = CARTESIAN_POINT('',(-12.93171355779,13.24979713875,
    3.547495140622));
#6194 = CARTESIAN_POINT('',(-12.72368225441,13.482610584329,
    2.95216703382));
#6195 = CARTESIAN_POINT('',(-12.2908200682,13.927553502492,
    1.767612359271));
#6196 = CARTESIAN_POINT('',(-12.06617768134,14.139867004274,
    1.178384352922));
#6197 = CARTESIAN_POINT('',(-11.83281034437,14.342554760027,
    0.589192256618));
#6198 = CARTESIAN_POINT('',(-11.5913596498,14.535105260438,0.));
#6199 = PCURVE('',#3504,#6200);
#6200 = DEFINITIONAL_REPRESENTATION('',(#6201),#6210);
#6201 = B_SPLINE_CURVE_WITH_KNOTS('',4,(#6202,#6203,#6204,#6205,#6206,
    #6207,#6208,#6209),.UNSPECIFIED.,.F.,.F.,(5,3,5),(0.,0.50251377989,
    1.),.UNSPECIFIED.);
#6202 = CARTESIAN_POINT('',(3.995991700275,4.73851706442));
#6203 = CARTESIAN_POINT('',(3.730202960726,4.142933117713));
#6204 = CARTESIAN_POINT('',(3.466419501949,3.547495140621));
#6205 = CARTESIAN_POINT('',(3.204822831635,2.952167033821));
#6206 = CARTESIAN_POINT('',(2.688951776596,1.767612358863));
#6207 = CARTESIAN_POINT('',(2.43463033922,1.178384354008));
#6208 = CARTESIAN_POINT('',(2.182798490647,0.589192255396));
#6209 = CARTESIAN_POINT('',(1.933625135249,6.511984058633E-10));
#6210 = ( GEOMETRIC_REPRESENTATION_CONTEXT(2) 
PARAMETRIC_REPRESENTATION_CONTEXT() REPRESENTATION_CONTEXT('2D SPACE',''
  ) );
#6211 = PCURVE('',#6212,#6225);
#6212 = B_SPLINE_SURFACE_WITH_KNOTS('',1,5,(
    (#6213,#6214,#6215,#6216,#6217,#6218)
    ,(#6219,#6220,#6221,#6222,#6223,#6224
    )),.UNSPECIFIED.,.F.,.F.,.F.,(2,2),(6,6),(0.,20.),(0.,26.),
  .PIECEWISE_BEZIER_KNOTS.);
#6213 = CARTESIAN_POINT('',(6.02205347805,18.555251868609,0.));
#6214 = CARTESIAN_POINT('',(5.445689930123,19.927480112334,5.2));
#6215 = CARTESIAN_POINT('',(4.617887768101,21.194118798553,10.4));
#6216 = CARTESIAN_POINT('',(3.564221552031,22.293509639431,15.6));
#6217 = CARTESIAN_POINT('',(2.333869227622,23.174340575931,20.8));
#6218 = CARTESIAN_POINT('',(0.987347722599,23.808442404322,26.));
#6219 = CARTESIAN_POINT('',(-13.47650476558,14.104833189482,0.));
#6220 = CARTESIAN_POINT('',(-13.40040285755,12.618423490964,5.2));
#6221 = CARTESIAN_POINT('',(-13.05194713346,11.145939674676,10.4));
#6222 = CARTESIAN_POINT('',(-12.43425311877,9.754060793415,15.6));
#6223 = CARTESIAN_POINT('',(-11.57615055314,8.507750251159,20.8));
#6224 = CARTESIAN_POINT('',(-10.52499359111,7.454054691033,26.));
#6225 = DEFINITIONAL_REPRESENTATION('',(#6226),#6235);
#6226 = B_SPLINE_CURVE_WITH_KNOTS('',4,(#6227,#6228,#6229,#6230,#6231,
    #6232,#6233,#6234),.UNSPECIFIED.,.F.,.F.,(5,3,5),(0.,0.50251377989,
    1.),.UNSPECIFIED.);
#6227 = CARTESIAN_POINT('',(20.,4.73851706442));
#6228 = CARTESIAN_POINT('',(19.766524859773,4.142933117712));
#6229 = CARTESIAN_POINT('',(19.529664403024,3.547495140622));
#6230 = CARTESIAN_POINT('',(19.289583774389,2.95216703382));
#6231 = CARTESIAN_POINT('',(18.805753033555,1.767612359271));
#6232 = CARTESIAN_POINT('',(18.56206367326,1.178384352922));
#6233 = CARTESIAN_POINT('',(18.315548220629,0.589192256618));
#6234 = CARTESIAN_POINT('',(18.066374865026,0.));
#6235 = ( GEOMETRIC_REPRESENTATION_CONTEXT(2) 
PARAMETRIC_REPRESENTATION_CONTEXT() REPRESENTATION_CONTEXT('2D SPACE',''
  ) );
#6236 = ORIENTED_EDGE('',*,*,#6237,.F.);
#6237 = EDGE_CURVE('',#6238,#6187,#6240,.T.);
#6238 = VERTEX_POINT('',#6239);
#6239 = CARTESIAN_POINT('',(-12.9369606542,11.740935983553,0.));
#6240 = SURFACE_CURVE('',#6241,(#6250,#6262),.PCURVE_S1.);
#6241 = B_SPLINE_CURVE_WITH_KNOTS('',4,(#6242,#6243,#6244,#6245,#6246,
    #6247,#6248,#6249),.UNSPECIFIED.,.F.,.F.,(5,3,5),(0.,0.491798991767,
    1.),.UNSPECIFIED.);
#6242 = CARTESIAN_POINT('',(-12.9369606542,11.740935983553,
    -9.88438201185E-31));
#6243 = CARTESIAN_POINT('',(-12.95821496686,11.883533937888,
    0.578782003643));
#6244 = CARTESIAN_POINT('',(-12.98841412217,12.021361565772,
    1.158836421161));
#6245 = CARTESIAN_POINT('',(-13.02717755508,12.153695786242,
    1.740153602607));
#6246 = CARTESIAN_POINT('',(-13.12241019602,12.410240801308,
    2.924700933828));
#6247 = CARTESIAN_POINT('',(-13.17942705692,12.534034566697,
    3.528015261655));
#6248 = CARTESIAN_POINT('',(-13.24451978524,12.650503690366,4.1326328403
    ));
#6249 = CARTESIAN_POINT('',(-13.31702251023,12.758986699622,
    4.73851706442));
#6250 = PCURVE('',#3504,#6251);
#6251 = DEFINITIONAL_REPRESENTATION('',(#6252),#6261);
#6252 = B_SPLINE_CURVE_WITH_KNOTS('',4,(#6253,#6254,#6255,#6256,#6257,
    #6258,#6259,#6260),.UNSPECIFIED.,.F.,.F.,(5,3,5),(0.,0.491798991767,
    1.),.UNSPECIFIED.);
#6253 = CARTESIAN_POINT('',(5.03491906022,1.033830422848E-10));
#6254 = CARTESIAN_POINT('',(4.887107998331,0.578782003448));
#6255 = CARTESIAN_POINT('',(4.745650874431,1.158836421334));
#6256 = CARTESIAN_POINT('',(4.610720923485,1.740153602541));
#6257 = CARTESIAN_POINT('',(4.349965770672,2.924700934471));
#6258 = CARTESIAN_POINT('',(4.224594113361,3.528015259934));
#6259 = CARTESIAN_POINT('',(4.106547487222,4.132632842243));
#6260 = CARTESIAN_POINT('',(3.995991700465,4.73851706338));
#6261 = ( GEOMETRIC_REPRESENTATION_CONTEXT(2) 
PARAMETRIC_REPRESENTATION_CONTEXT() REPRESENTATION_CONTEXT('2D SPACE',''
  ) );
#6262 = PCURVE('',#6263,#6276);
#6263 = B_SPLINE_SURFACE_WITH_KNOTS('',1,5,(
    (#6264,#6265,#6266,#6267,#6268,#6269)
    ,(#6270,#6271,#6272,#6273,#6274,#6275
    )),.UNSPECIFIED.,.F.,.F.,.F.,(2,2),(6,6),(0.,3.5),(0.,26.),
  .PIECEWISE_BEZIER_KNOTS.);
#6264 = CARTESIAN_POINT('',(-13.47650476558,14.104833189482,0.));
#6265 = CARTESIAN_POINT('',(-13.40040285755,12.618423490964,5.2));
#6266 = CARTESIAN_POINT('',(-13.05194713346,11.145939674676,10.4));
#6267 = CARTESIAN_POINT('',(-12.43425311877,9.754060793415,15.6));
#6268 = CARTESIAN_POINT('',(-11.57615055314,8.507750251159,20.8));
#6269 = CARTESIAN_POINT('',(-10.52499359111,7.454054691033,26.));
#6270 = CARTESIAN_POINT('',(-12.69768149673,10.692585496846,0.));
#6271 = CARTESIAN_POINT('',(-12.12131794881,9.320357253121,5.2));
#6272 = CARTESIAN_POINT('',(-11.29351578679,8.053718566902,10.4));
#6273 = CARTESIAN_POINT('',(-10.23984957072,6.954327726024,15.6));
#6274 = CARTESIAN_POINT('',(-9.009497246311,6.073496789524,20.8));
#6275 = CARTESIAN_POINT('',(-7.662975741289,5.439394961133,26.));
#6276 = DEFINITIONAL_REPRESENTATION('',(#6277),#6286);
#6277 = B_SPLINE_CURVE_WITH_KNOTS('',4,(#6278,#6279,#6280,#6281,#6282,
    #6283,#6284,#6285),.UNSPECIFIED.,.F.,.F.,(5,3,5),(0.,0.491798991767,
    1.),.UNSPECIFIED.);
#6278 = CARTESIAN_POINT('',(2.424689227165,0.));
#6279 = CARTESIAN_POINT('',(2.11775637497,0.578782003643));
#6280 = CARTESIAN_POINT('',(1.813364778368,1.158836421161));
#6281 = CARTESIAN_POINT('',(1.511769685928,1.740153602607));
#6282 = CARTESIAN_POINT('',(0.904737929711,2.924700933828));
#6283 = CARTESIAN_POINT('',(0.599508484006,3.528015261655));
#6284 = CARTESIAN_POINT('',(0.297831813092,4.1326328403));
#6285 = CARTESIAN_POINT('',(0.,4.73851706442));
#6286 = ( GEOMETRIC_REPRESENTATION_CONTEXT(2) 
PARAMETRIC_REPRESENTATION_CONTEXT() REPRESENTATION_CONTEXT('2D SPACE',''
  ) );
#6287 = ORIENTED_EDGE('',*,*,#6288,.T.);
#6288 = EDGE_CURVE('',#6238,#6289,#6291,.T.);
#6289 = VERTEX_POINT('',#6290);
#6290 = CARTESIAN_POINT('',(-17.24549642052,2.794169276886,0.));
#6291 = SURFACE_CURVE('',#6292,(#6295,#6302),.PCURVE_S1.);
#6292 = B_SPLINE_CURVE_WITH_KNOTS('',1,(#6293,#6294),.UNSPECIFIED.,.F.,
  .F.,(2,2),(0.,20.),.PIECEWISE_BEZIER_KNOTS.);
#6293 = CARTESIAN_POINT('',(-10.75239114619,16.277241309243,0.));
#6294 = CARTESIAN_POINT('',(-19.43006592854,-1.742136048805,0.));
#6295 = PCURVE('',#3504,#6296);
#6296 = DEFINITIONAL_REPRESENTATION('',(#6297),#6301);
#6297 = LINE('',#6298,#6299);
#6298 = CARTESIAN_POINT('',(0.,0.));
#6299 = VECTOR('',#6300,1.);
#6300 = DIRECTION('',(1.,0.));
#6301 = ( GEOMETRIC_REPRESENTATION_CONTEXT(2) 
PARAMETRIC_REPRESENTATION_CONTEXT() REPRESENTATION_CONTEXT('2D SPACE',''
  ) );
#6302 = PCURVE('',#3685,#6303);
#6303 = DEFINITIONAL_REPRESENTATION('',(#6304),#6307);
#6304 = B_SPLINE_CURVE_WITH_KNOTS('',1,(#6305,#6306),.UNSPECIFIED.,.F.,
  .F.,(2,2),(0.,20.),.PIECEWISE_BEZIER_KNOTS.);
#6305 = CARTESIAN_POINT('',(1.75,-10.));
#6306 = CARTESIAN_POINT('',(1.75,10.));
#6307 = ( GEOMETRIC_REPRESENTATION_CONTEXT(2) 
PARAMETRIC_REPRESENTATION_CONTEXT() REPRESENTATION_CONTEXT('2D SPACE',''
  ) );
#6308 = ORIENTED_EDGE('',*,*,#6309,.T.);
#6309 = EDGE_CURVE('',#6289,#4090,#6310,.T.);
#6310 = SURFACE_CURVE('',#6311,(#6317,#6326),.PCURVE_S1.);
#6311 = B_SPLINE_CURVE_WITH_KNOTS('',4,(#6312,#6313,#6314,#6315,#6316),
  .UNSPECIFIED.,.F.,.F.,(5,5),(0.,1.),.PIECEWISE_BEZIER_KNOTS.);
#6312 = CARTESIAN_POINT('',(-17.24549642052,2.794169276885,
    8.881784197001E-16));
#6313 = CARTESIAN_POINT('',(-17.13734087252,2.856849388907,0.50183388882
    ));
#6314 = CARTESIAN_POINT('',(-17.03057346428,2.927023394171,
    1.002711021234));
#6315 = CARTESIAN_POINT('',(-16.9257172143,3.004590728594,1.502625313088
    ));
#6316 = CARTESIAN_POINT('',(-16.82326985451,3.08938911571,2.001576291241
    ));
#6317 = PCURVE('',#3504,#6318);
#6318 = DEFINITIONAL_REPRESENTATION('',(#6319),#6325);
#6319 = B_SPLINE_CURVE_WITH_KNOTS('',4,(#6320,#6321,#6322,#6323,#6324),
  .UNSPECIFIED.,.F.,.F.,(5,5),(0.,1.),.PIECEWISE_BEZIER_KNOTS.);
#6320 = CARTESIAN_POINT('',(14.965080939754,0.));
#6321 = CARTESIAN_POINT('',(14.836921108884,0.50183388882));
#6322 = CARTESIAN_POINT('',(14.70398415218,1.002711021234));
#6323 = CARTESIAN_POINT('',(14.566384019411,1.502625313088));
#6324 = CARTESIAN_POINT('',(14.424238193558,2.001576291241));
#6325 = ( GEOMETRIC_REPRESENTATION_CONTEXT(2) 
PARAMETRIC_REPRESENTATION_CONTEXT() REPRESENTATION_CONTEXT('2D SPACE',''
  ) );
#6326 = PCURVE('',#4176,#6327);
#6327 = DEFINITIONAL_REPRESENTATION('',(#6328),#6334);
#6328 = B_SPLINE_CURVE_WITH_KNOTS('',4,(#6329,#6330,#6331,#6332,#6333),
  .UNSPECIFIED.,.F.,.F.,(5,5),(0.,1.),.PIECEWISE_BEZIER_KNOTS.);
#6329 = CARTESIAN_POINT('',(1.075310772805,5.733809913545E-11));
#6330 = CARTESIAN_POINT('',(0.809184133531,0.501833888713));
#6331 = CARTESIAN_POINT('',(0.541146399094,1.00271102133));
#6332 = CARTESIAN_POINT('',(0.271364339152,1.502625313052));
#6333 = CARTESIAN_POINT('',(0.,2.001576291241));
#6334 = ( GEOMETRIC_REPRESENTATION_CONTEXT(2) 
PARAMETRIC_REPRESENTATION_CONTEXT() REPRESENTATION_CONTEXT('2D SPACE',''
  ) );
#6335 = ORIENTED_EDGE('',*,*,#4089,.T.);
#6336 = ORIENTED_EDGE('',*,*,#3483,.T.);
#6337 = ORIENTED_EDGE('',*,*,#3850,.F.);
#6338 = ADVANCED_FACE('',(#6339),#3785,.T.);
#6339 = FACE_BOUND('',#6340,.T.);
#6340 = EDGE_LOOP('',(#6341,#6342,#6343,#6362,#6363));
#6341 = ORIENTED_EDGE('',*,*,#3766,.F.);
#6342 = ORIENTED_EDGE('',*,*,#5989,.F.);
#6343 = ORIENTED_EDGE('',*,*,#6344,.T.);
#6344 = EDGE_CURVE('',#5969,#6135,#6345,.T.);
#6345 = SURFACE_CURVE('',#6346,(#6349,#6356),.PCURVE_S1.);
#6346 = B_SPLINE_CURVE_WITH_KNOTS('',1,(#6347,#6348),.UNSPECIFIED.,.F.,
  .F.,(2,2),(0.,3.5),.PIECEWISE_BEZIER_KNOTS.);
#6347 = CARTESIAN_POINT('',(-7.599000108531,14.758648222332,0.));
#6348 = CARTESIAN_POINT('',(-10.75239114619,16.277241309243,0.));
#6349 = PCURVE('',#3785,#6350);
#6350 = DEFINITIONAL_REPRESENTATION('',(#6351),#6355);
#6351 = LINE('',#6352,#6353);
#6352 = CARTESIAN_POINT('',(0.,0.));
#6353 = VECTOR('',#6354,1.);
#6354 = DIRECTION('',(1.,0.));
#6355 = ( GEOMETRIC_REPRESENTATION_CONTEXT(2) 
PARAMETRIC_REPRESENTATION_CONTEXT() REPRESENTATION_CONTEXT('2D SPACE',''
  ) );
#6356 = PCURVE('',#6175,#6357);
#6357 = DEFINITIONAL_REPRESENTATION('',(#6358),#6361);
#6358 = B_SPLINE_CURVE_WITH_KNOTS('',1,(#6359,#6360),.UNSPECIFIED.,.F.,
  .F.,(2,2),(0.,3.5),.PIECEWISE_BEZIER_KNOTS.);
#6359 = CARTESIAN_POINT('',(-1.75,-10.));
#6360 = CARTESIAN_POINT('',(1.75,-10.));
#6361 = ( GEOMETRIC_REPRESENTATION_CONTEXT(2) 
PARAMETRIC_REPRESENTATION_CONTEXT() REPRESENTATION_CONTEXT('2D SPACE',''
  ) );
#6362 = ORIENTED_EDGE('',*,*,#6134,.T.);
#6363 = ORIENTED_EDGE('',*,*,#3829,.F.);
#6364 = ADVANCED_FACE('',(#6365),#3685,.F.);
#6365 = FACE_BOUND('',#6366,.F.);
#6366 = EDGE_LOOP('',(#6367,#6392,#6393,#6413,#6431,#6432));
#6367 = ORIENTED_EDGE('',*,*,#6368,.F.);
#6368 = EDGE_CURVE('',#3629,#6369,#6371,.T.);
#6369 = VERTEX_POINT('',#6370);
#6370 = CARTESIAN_POINT('',(-16.27667489088,3.260729135717,0.));
#6371 = SURFACE_CURVE('',#6372,(#6375,#6381),.PCURVE_S1.);
#6372 = B_SPLINE_CURVE_WITH_KNOTS('',1,(#6373,#6374),.UNSPECIFIED.,.F.,
  .F.,(2,2),(0.,20.),.PIECEWISE_BEZIER_KNOTS.);
#6373 = CARTESIAN_POINT('',(-7.599000108531,-14.75864822233,0.));
#6374 = CARTESIAN_POINT('',(-16.27667489088,3.260729135717,0.));
#6375 = PCURVE('',#3685,#6376);
#6376 = DEFINITIONAL_REPRESENTATION('',(#6377),#6380);
#6377 = B_SPLINE_CURVE_WITH_KNOTS('',1,(#6378,#6379),.UNSPECIFIED.,.F.,
  .F.,(2,2),(0.,20.),.PIECEWISE_BEZIER_KNOTS.);
#6378 = CARTESIAN_POINT('',(-14.55707495005,16.594165161289));
#6379 = CARTESIAN_POINT('',(1.079554699309,4.124369124114));
#6380 = ( GEOMETRIC_REPRESENTATION_CONTEXT(2) 
PARAMETRIC_REPRESENTATION_CONTEXT() REPRESENTATION_CONTEXT('2D SPACE',''
  ) );
#6381 = PCURVE('',#6382,#6387);
#6382 = PLANE('',#6383);
#6383 = AXIS2_PLACEMENT_3D('',#6384,#6385,#6386);
#6384 = CARTESIAN_POINT('',(-13.51453301853,6.508256086763,0.));
#6385 = DIRECTION('',(0.,0.,1.));
#6386 = DIRECTION('',(-0.900968867902,0.433883739118,0.));
#6387 = DEFINITIONAL_REPRESENTATION('',(#6388),#6391);
#6388 = B_SPLINE_CURVE_WITH_KNOTS('',1,(#6389,#6390),.UNSPECIFIED.,.F.,
  .F.,(2,2),(0.,20.),.PIECEWISE_BEZIER_KNOTS.);
#6389 = CARTESIAN_POINT('',(-14.55707495005,16.594165161289));
#6390 = CARTESIAN_POINT('',(1.079554699309,4.124369124114));
#6391 = ( GEOMETRIC_REPRESENTATION_CONTEXT(2) 
PARAMETRIC_REPRESENTATION_CONTEXT() REPRESENTATION_CONTEXT('2D SPACE',''
  ) );
#6392 = ORIENTED_EDGE('',*,*,#3672,.T.);
#6393 = ORIENTED_EDGE('',*,*,#6394,.F.);
#6394 = EDGE_CURVE('',#6395,#3238,#6397,.T.);
#6395 = VERTEX_POINT('',#6396);
#6396 = CARTESIAN_POINT('',(-12.69768149673,10.692585496846,0.));
#6397 = SURFACE_CURVE('',#6398,(#6401,#6407),.PCURVE_S1.);
#6398 = B_SPLINE_CURVE_WITH_KNOTS('',1,(#6399,#6400),.UNSPECIFIED.,.F.,
  .F.,(2,2),(0.,20.),.PIECEWISE_BEZIER_KNOTS.);
#6399 = CARTESIAN_POINT('',(-12.69768149673,10.692585496846,0.));
#6400 = CARTESIAN_POINT('',(6.800876746897,15.143004175972,0.));
#6401 = PCURVE('',#3685,#6402);
#6402 = DEFINITIONAL_REPRESENTATION('',(#6403),#6406);
#6403 = B_SPLINE_CURVE_WITH_KNOTS('',1,(#6404,#6405),.UNSPECIFIED.,.F.,
  .F.,(2,2),(0.,20.),.PIECEWISE_BEZIER_KNOTS.);
#6404 = CARTESIAN_POINT('',(1.079554699309,-4.124369124114));
#6405 = CARTESIAN_POINT('',(-14.55707495005,-16.59416516128));
#6406 = ( GEOMETRIC_REPRESENTATION_CONTEXT(2) 
PARAMETRIC_REPRESENTATION_CONTEXT() REPRESENTATION_CONTEXT('2D SPACE',''
  ) );
#6407 = PCURVE('',#6062,#6408);
#6408 = DEFINITIONAL_REPRESENTATION('',(#6409),#6412);
#6409 = B_SPLINE_CURVE_WITH_KNOTS('',1,(#6410,#6411),.UNSPECIFIED.,.F.,
  .F.,(2,2),(0.,20.),.PIECEWISE_BEZIER_KNOTS.);
#6410 = CARTESIAN_POINT('',(-1.75,10.));
#6411 = CARTESIAN_POINT('',(-1.75,-10.));
#6412 = ( GEOMETRIC_REPRESENTATION_CONTEXT(2) 
PARAMETRIC_REPRESENTATION_CONTEXT() REPRESENTATION_CONTEXT('2D SPACE',''
  ) );
#6413 = ORIENTED_EDGE('',*,*,#6414,.F.);
#6414 = EDGE_CURVE('',#6238,#6395,#6415,.T.);
#6415 = SURFACE_CURVE('',#6416,(#6419,#6425),.PCURVE_S1.);
#6416 = B_SPLINE_CURVE_WITH_KNOTS('',1,(#6417,#6418),.UNSPECIFIED.,.F.,
  .F.,(2,2),(0.,3.5),.PIECEWISE_BEZIER_KNOTS.);
#6417 = CARTESIAN_POINT('',(-13.47650476558,14.104833189482,0.));
#6418 = CARTESIAN_POINT('',(-12.69768149673,10.692585496846,0.));
#6419 = PCURVE('',#3685,#6420);
#6420 = DEFINITIONAL_REPRESENTATION('',(#6421),#6424);
#6421 = B_SPLINE_CURVE_WITH_KNOTS('',1,(#6422,#6423),.UNSPECIFIED.,.F.,
  .F.,(2,2),(0.,3.5),.PIECEWISE_BEZIER_KNOTS.);
#6422 = CARTESIAN_POINT('',(3.261769005814,-6.860779312752));
#6423 = CARTESIAN_POINT('',(1.079554699309,-4.124369124114));
#6424 = ( GEOMETRIC_REPRESENTATION_CONTEXT(2) 
PARAMETRIC_REPRESENTATION_CONTEXT() REPRESENTATION_CONTEXT('2D SPACE',''
  ) );
#6425 = PCURVE('',#6062,#6426);
#6426 = DEFINITIONAL_REPRESENTATION('',(#6427),#6430);
#6427 = B_SPLINE_CURVE_WITH_KNOTS('',1,(#6428,#6429),.UNSPECIFIED.,.F.,
  .F.,(2,2),(0.,3.5),.PIECEWISE_BEZIER_KNOTS.);
#6428 = CARTESIAN_POINT('',(1.75,10.));
#6429 = CARTESIAN_POINT('',(-1.75,10.));
#6430 = ( GEOMETRIC_REPRESENTATION_CONTEXT(2) 
PARAMETRIC_REPRESENTATION_CONTEXT() REPRESENTATION_CONTEXT('2D SPACE',''
  ) );
#6431 = ORIENTED_EDGE('',*,*,#6288,.T.);
#6432 = ORIENTED_EDGE('',*,*,#6433,.F.);
#6433 = EDGE_CURVE('',#6369,#6289,#6434,.T.);
#6434 = SURFACE_CURVE('',#6435,(#6438,#6444),.PCURVE_S1.);
#6435 = B_SPLINE_CURVE_WITH_KNOTS('',1,(#6436,#6437),.UNSPECIFIED.,.F.,
  .F.,(2,2),(0.,3.5),.PIECEWISE_BEZIER_KNOTS.);
#6436 = CARTESIAN_POINT('',(-16.27667489088,3.260729135717,0.));
#6437 = CARTESIAN_POINT('',(-19.43006592854,1.742136048805,0.));
#6438 = PCURVE('',#3685,#6439);
#6439 = DEFINITIONAL_REPRESENTATION('',(#6440),#6443);
#6440 = B_SPLINE_CURVE_WITH_KNOTS('',1,(#6441,#6442),.UNSPECIFIED.,.F.,
  .F.,(2,2),(0.,3.5),.PIECEWISE_BEZIER_KNOTS.);
#6441 = CARTESIAN_POINT('',(1.079554699309,4.124369124114));
#6442 = CARTESIAN_POINT('',(3.261769005814,6.860779312752));
#6443 = ( GEOMETRIC_REPRESENTATION_CONTEXT(2) 
PARAMETRIC_REPRESENTATION_CONTEXT() REPRESENTATION_CONTEXT('2D SPACE',''
  ) );
#6444 = PCURVE('',#6382,#6445);
#6445 = DEFINITIONAL_REPRESENTATION('',(#6446),#6449);
#6446 = B_SPLINE_CURVE_WITH_KNOTS('',1,(#6447,#6448),.UNSPECIFIED.,.F.,
  .F.,(2,2),(0.,3.5),.PIECEWISE_BEZIER_KNOTS.);
#6447 = CARTESIAN_POINT('',(1.079554699309,4.124369124114));
#6448 = CARTESIAN_POINT('',(3.261769005814,6.860779312752));
#6449 = ( GEOMETRIC_REPRESENTATION_CONTEXT(2) 
PARAMETRIC_REPRESENTATION_CONTEXT() REPRESENTATION_CONTEXT('2D SPACE',''
  ) );
#6450 = ADVANCED_FACE('',(#6451),#3895,.T.);
#6451 = FACE_BOUND('',#6452,.T.);
#6452 = EDGE_LOOP('',(#6453,#6479,#6505,#6556,#6607,#6628,#6655,#6656,
    #6657));
#6453 = ORIENTED_EDGE('',*,*,#6454,.F.);
#6454 = EDGE_CURVE('',#6455,#4221,#6457,.T.);
#6455 = VERTEX_POINT('',#6456);
#6456 = CARTESIAN_POINT('',(-19.43006592854,1.742136048805,0.));
#6457 = SURFACE_CURVE('',#6458,(#6465,#6472),.PCURVE_S1.);
#6458 = B_SPLINE_CURVE_WITH_KNOTS('',5,(#6459,#6460,#6461,#6462,#6463,
    #6464),.UNSPECIFIED.,.F.,.F.,(6,6),(0.,26.),
  .PIECEWISE_BEZIER_KNOTS.);
#6459 = CARTESIAN_POINT('',(-19.43006592854,1.742136048805,0.));
#6460 = CARTESIAN_POINT('',(-20.63963659025,0.874873627972,5.2));
#6461 = CARTESIAN_POINT('',(-21.69031468987,-0.214027428991,10.4));
#6462 = CARTESIAN_POINT('',(-22.52767871656,-1.485913509855,15.6));
#6463 = CARTESIAN_POINT('',(-23.11264623414,-2.881421655387,20.8));
#6464 = CARTESIAN_POINT('',(-23.43122058291,-4.335283986064,26.));
#6465 = PCURVE('',#3895,#6466);
#6466 = DEFINITIONAL_REPRESENTATION('',(#6467),#6471);
#6467 = LINE('',#6468,#6469);
#6468 = CARTESIAN_POINT('',(0.,0.));
#6469 = VECTOR('',#6470,1.);
#6470 = DIRECTION('',(0.,1.));
#6471 = ( GEOMETRIC_REPRESENTATION_CONTEXT(2) 
PARAMETRIC_REPRESENTATION_CONTEXT() REPRESENTATION_CONTEXT('2D SPACE',''
  ) );
#6472 = PCURVE('',#4176,#6473);
#6473 = DEFINITIONAL_REPRESENTATION('',(#6474),#6478);
#6474 = LINE('',#6475,#6476);
#6475 = CARTESIAN_POINT('',(3.5,0.));
#6476 = VECTOR('',#6477,1.);
#6477 = DIRECTION('',(0.,1.));
#6478 = ( GEOMETRIC_REPRESENTATION_CONTEXT(2) 
PARAMETRIC_REPRESENTATION_CONTEXT() REPRESENTATION_CONTEXT('2D SPACE',''
  ) );
#6479 = ORIENTED_EDGE('',*,*,#6480,.T.);
#6480 = EDGE_CURVE('',#6455,#6481,#6483,.T.);
#6481 = VERTEX_POINT('',#6482);
#6482 = CARTESIAN_POINT('',(-18.59109742492,1.33226762955E-15,0.));
#6483 = SURFACE_CURVE('',#6484,(#6487,#6494),.PCURVE_S1.);
#6484 = B_SPLINE_CURVE_WITH_KNOTS('',1,(#6485,#6486),.UNSPECIFIED.,.F.,
  .F.,(2,2),(0.,20.),.PIECEWISE_BEZIER_KNOTS.);
#6485 = CARTESIAN_POINT('',(-19.43006592854,1.742136048805,0.));
#6486 = CARTESIAN_POINT('',(-10.75239114619,-16.27724130924,0.));
#6487 = PCURVE('',#3895,#6488);
#6488 = DEFINITIONAL_REPRESENTATION('',(#6489),#6493);
#6489 = LINE('',#6490,#6491);
#6490 = CARTESIAN_POINT('',(0.,0.));
#6491 = VECTOR('',#6492,1.);
#6492 = DIRECTION('',(1.,0.));
#6493 = ( GEOMETRIC_REPRESENTATION_CONTEXT(2) 
PARAMETRIC_REPRESENTATION_CONTEXT() REPRESENTATION_CONTEXT('2D SPACE',''
  ) );
#6494 = PCURVE('',#6495,#6500);
#6495 = PLANE('',#6496);
#6496 = AXIS2_PLACEMENT_3D('',#6497,#6498,#6499);
#6497 = CARTESIAN_POINT('',(-13.51453301853,-6.508256086763,0.));
#6498 = DIRECTION('',(0.,0.,1.));
#6499 = DIRECTION('',(-0.900968867902,-0.433883739118,0.));
#6500 = DEFINITIONAL_REPRESENTATION('',(#6501),#6504);
#6501 = B_SPLINE_CURVE_WITH_KNOTS('',1,(#6502,#6503),.UNSPECIFIED.,.F.,
  .F.,(2,2),(0.,20.),.PIECEWISE_BEZIER_KNOTS.);
#6502 = CARTESIAN_POINT('',(1.75,-10.));
#6503 = CARTESIAN_POINT('',(1.75,10.));
#6504 = ( GEOMETRIC_REPRESENTATION_CONTEXT(2) 
PARAMETRIC_REPRESENTATION_CONTEXT() REPRESENTATION_CONTEXT('2D SPACE',''
  ) );
#6505 = ORIENTED_EDGE('',*,*,#6506,.F.);
#6506 = EDGE_CURVE('',#6507,#6481,#6509,.T.);
#6507 = VERTEX_POINT('',#6508);
#6508 = CARTESIAN_POINT('',(-18.2784052124,-2.456569361969,4.73851706442
    ));
#6509 = SURFACE_CURVE('',#6510,(#6519,#6531),.PCURVE_S1.);
#6510 = B_SPLINE_CURVE_WITH_KNOTS('',4,(#6511,#6512,#6513,#6514,#6515,
    #6516,#6517,#6518),.UNSPECIFIED.,.F.,.F.,(5,3,5),(0.,0.502513779861,
    1.),.UNSPECIFIED.);
#6511 = CARTESIAN_POINT('',(-18.2784052124,-2.456569361969,4.73851706442
    ));
#6512 = CARTESIAN_POINT('',(-18.35656107738,-2.154602783596,
    4.142933117745));
#6513 = CARTESIAN_POINT('',(-18.42190006322,-1.849307389068,
    3.547495140689));
#6514 = CARTESIAN_POINT('',(-18.47421554839,-1.541505157711,
    2.952167033922));
#6515 = CARTESIAN_POINT('',(-18.552200771,-0.925662501076,1.767612359372
    ));
#6516 = CARTESIAN_POINT('',(-18.57813191358,-0.617654707558,
    1.17838435299));
#6517 = CARTESIAN_POINT('',(-18.59109742745,-0.308827027842,
    0.589192256651));
#6518 = CARTESIAN_POINT('',(-18.59109742492,2.6645352591E-15,0.));
#6519 = PCURVE('',#3895,#6520);
#6520 = DEFINITIONAL_REPRESENTATION('',(#6521),#6530);
#6521 = B_SPLINE_CURVE_WITH_KNOTS('',4,(#6522,#6523,#6524,#6525,#6526,
    #6527,#6528,#6529),.UNSPECIFIED.,.F.,.F.,(5,3,5),(0.,0.502513779861,
    1.),.UNSPECIFIED.);
#6522 = CARTESIAN_POINT('',(3.995991700275,4.73851706442));
#6523 = CARTESIAN_POINT('',(3.730202960741,4.142933117746));
#6524 = CARTESIAN_POINT('',(3.466419501979,3.547495140688));
#6525 = CARTESIAN_POINT('',(3.20482283168,2.952167033922));
#6526 = CARTESIAN_POINT('',(2.68895177664,1.767612358965));
#6527 = CARTESIAN_POINT('',(2.434630339249,1.178384354075));
#6528 = CARTESIAN_POINT('',(2.182798490661,0.58919225543));
#6529 = CARTESIAN_POINT('',(1.933625135249,6.511984193512E-10));
#6530 = ( GEOMETRIC_REPRESENTATION_CONTEXT(2) 
PARAMETRIC_REPRESENTATION_CONTEXT() REPRESENTATION_CONTEXT('2D SPACE',''
  ) );
#6531 = PCURVE('',#6532,#6545);
#6532 = B_SPLINE_SURFACE_WITH_KNOTS('',1,5,(
    (#6533,#6534,#6535,#6536,#6537,#6538)
    ,(#6539,#6540,#6541,#6542,#6543,#6544
    )),.UNSPECIFIED.,.F.,.F.,.F.,(2,2),(6,6),(0.,20.),(0.,26.),
  .PIECEWISE_BEZIER_KNOTS.);
#6533 = CARTESIAN_POINT('',(-10.75239114619,16.277241309243,0.));
#6534 = CARTESIAN_POINT('',(-12.18459918256,16.682192457912,5.2));
#6535 = CARTESIAN_POINT('',(-13.69102339033,16.824726969885,10.4));
#6536 = CARTESIAN_POINT('',(-15.20751190155,16.686396527693,15.6));
#6537 = CARTESIAN_POINT('',(-16.6632853854,16.273657452012,20.8));
#6538 = CARTESIAN_POINT('',(-17.99858858429,15.616260570907,26.));
#6539 = CARTESIAN_POINT('',(-19.43006592854,-1.742136048805,0.));
#6540 = CARTESIAN_POINT('',(-18.22049526683,-2.609398469638,5.2));
#6541 = CARTESIAN_POINT('',(-16.85200247146,-3.255043457161,10.4));
#6542 = CARTESIAN_POINT('',(-15.37866182348,-3.639933117829,15.6));
#6543 = CARTESIAN_POINT('',(-13.86923880599,-3.746103429881,20.8));
#6544 = CARTESIAN_POINT('',(-12.39004079817,-3.581244259951,26.));
#6545 = DEFINITIONAL_REPRESENTATION('',(#6546),#6555);
#6546 = B_SPLINE_CURVE_WITH_KNOTS('',4,(#6547,#6548,#6549,#6550,#6551,
    #6552,#6553,#6554),.UNSPECIFIED.,.F.,.F.,(5,3,5),(0.,0.502513779861,
    1.),.UNSPECIFIED.);
#6547 = CARTESIAN_POINT('',(20.,4.73851706442));
#6548 = CARTESIAN_POINT('',(19.766524859786,4.142933117745));
#6549 = CARTESIAN_POINT('',(19.529664403051,3.547495140689));
#6550 = CARTESIAN_POINT('',(19.28958377443,2.952167033922));
#6551 = CARTESIAN_POINT('',(18.805753033597,1.767612359372));
#6552 = CARTESIAN_POINT('',(18.562063673289,1.17838435299));
#6553 = CARTESIAN_POINT('',(18.315548220643,0.589192256651));
#6554 = CARTESIAN_POINT('',(18.066374865026,0.));
#6555 = ( GEOMETRIC_REPRESENTATION_CONTEXT(2) 
PARAMETRIC_REPRESENTATION_CONTEXT() REPRESENTATION_CONTEXT('2D SPACE',''
  ) );
#6556 = ORIENTED_EDGE('',*,*,#6557,.F.);
#6557 = EDGE_CURVE('',#6558,#6507,#6560,.T.);
#6558 = VERTEX_POINT('',#6559);
#6559 = CARTESIAN_POINT('',(-17.24549642052,-2.794169276886,0.));
#6560 = SURFACE_CURVE('',#6561,(#6570,#6582),.PCURVE_S1.);
#6561 = B_SPLINE_CURVE_WITH_KNOTS('',4,(#6562,#6563,#6564,#6565,#6566,
    #6567,#6568,#6569),.UNSPECIFIED.,.F.,.F.,(5,3,5),(0.,0.491798991767,
    1.),.UNSPECIFIED.);
#6562 = CARTESIAN_POINT('',(-17.24549642052,-2.794169276885,
    -9.88438201185E-31));
#6563 = CARTESIAN_POINT('',(-17.37023583775,-2.721878197371,
    0.578782003643));
#6564 = CARTESIAN_POINT('',(-17.49682268174,-2.659554727333,
    1.158836421161));
#6565 = CARTESIAN_POINT('',(-17.62445434662,-2.607352162653,
    1.740153602607));
#6566 = CARTESIAN_POINT('',(-17.8844058965,-2.521854838886,
    2.924700933828));
#6567 = CARTESIAN_POINT('',(-18.01674119092,-2.489248265515,
    3.528015261655));
#6568 = CARTESIAN_POINT('',(-18.14838507082,-2.467522498954,4.1326328403
    ));
#6569 = CARTESIAN_POINT('',(-18.2784052124,-2.456569361969,4.73851706442
    ));
#6570 = PCURVE('',#3895,#6571);
#6571 = DEFINITIONAL_REPRESENTATION('',(#6572),#6581);
#6572 = B_SPLINE_CURVE_WITH_KNOTS('',4,(#6573,#6574,#6575,#6576,#6577,
    #6578,#6579,#6580),.UNSPECIFIED.,.F.,.F.,(5,3,5),(0.,0.491798991767,
    1.),.UNSPECIFIED.);
#6573 = CARTESIAN_POINT('',(5.03491906022,1.033830422841E-10));
#6574 = CARTESIAN_POINT('',(4.887107998331,0.578782003448));
#6575 = CARTESIAN_POINT('',(4.745650874431,1.158836421334));
#6576 = CARTESIAN_POINT('',(4.610720923485,1.740153602541));
#6577 = CARTESIAN_POINT('',(4.349965770672,2.924700934471));
#6578 = CARTESIAN_POINT('',(4.224594113361,3.528015259934));
#6579 = CARTESIAN_POINT('',(4.106547487222,4.132632842243));
#6580 = CARTESIAN_POINT('',(3.995991700465,4.73851706338));
#6581 = ( GEOMETRIC_REPRESENTATION_CONTEXT(2) 
PARAMETRIC_REPRESENTATION_CONTEXT() REPRESENTATION_CONTEXT('2D SPACE',''
  ) );
#6582 = PCURVE('',#6583,#6596);
#6583 = B_SPLINE_SURFACE_WITH_KNOTS('',1,5,(
    (#6584,#6585,#6586,#6587,#6588,#6589)
    ,(#6590,#6591,#6592,#6593,#6594,#6595
    )),.UNSPECIFIED.,.F.,.F.,.F.,(2,2),(6,6),(0.,3.5),(0.,26.),
  .PIECEWISE_BEZIER_KNOTS.);
#6584 = CARTESIAN_POINT('',(-19.43006592854,-1.742136048805,0.));
#6585 = CARTESIAN_POINT('',(-18.22049526683,-2.609398469638,5.2));
#6586 = CARTESIAN_POINT('',(-16.85200247146,-3.255043457161,10.4));
#6587 = CARTESIAN_POINT('',(-15.37866182348,-3.639933117829,15.6));
#6588 = CARTESIAN_POINT('',(-13.86923880599,-3.746103429881,20.8));
#6589 = CARTESIAN_POINT('',(-12.39004079817,-3.581244259951,26.));
#6590 = CARTESIAN_POINT('',(-16.27667489088,-3.260729135717,0.));
#6591 = CARTESIAN_POINT('',(-14.84446685451,-3.665680284386,5.2));
#6592 = CARTESIAN_POINT('',(-13.33804264673,-3.808214796359,10.4));
#6593 = CARTESIAN_POINT('',(-11.82155413551,-3.669884354167,15.6));
#6594 = CARTESIAN_POINT('',(-10.36578065166,-3.257145278485,20.8));
#6595 = CARTESIAN_POINT('',(-9.030477452776,-2.59974839738,26.));
#6596 = DEFINITIONAL_REPRESENTATION('',(#6597),#6606);
#6597 = B_SPLINE_CURVE_WITH_KNOTS('',4,(#6598,#6599,#6600,#6601,#6602,
    #6603,#6604,#6605),.UNSPECIFIED.,.F.,.F.,(5,3,5),(0.,0.491798991767,
    1.),.UNSPECIFIED.);
#6598 = CARTESIAN_POINT('',(2.424689227165,0.));
#6599 = CARTESIAN_POINT('',(2.11775637497,0.578782003643));
#6600 = CARTESIAN_POINT('',(1.813364778368,1.158836421161));
#6601 = CARTESIAN_POINT('',(1.511769685928,1.740153602607));
#6602 = CARTESIAN_POINT('',(0.904737929711,2.924700933828));
#6603 = CARTESIAN_POINT('',(0.599508484006,3.528015261655));
#6604 = CARTESIAN_POINT('',(0.297831813092,4.1326328403));
#6605 = CARTESIAN_POINT('',(0.,4.73851706442));
#6606 = ( GEOMETRIC_REPRESENTATION_CONTEXT(2) 
PARAMETRIC_REPRESENTATION_CONTEXT() REPRESENTATION_CONTEXT('2D SPACE',''
  ) );
#6607 = ORIENTED_EDGE('',*,*,#6608,.T.);
#6608 = EDGE_CURVE('',#6558,#6609,#6611,.T.);
#6609 = VERTEX_POINT('',#6610);
#6610 = CARTESIAN_POINT('',(-12.9369606542,-11.74093598355,0.));
#6611 = SURFACE_CURVE('',#6612,(#6615,#6622),.PCURVE_S1.);
#6612 = B_SPLINE_CURVE_WITH_KNOTS('',1,(#6613,#6614),.UNSPECIFIED.,.F.,
  .F.,(2,2),(0.,20.),.PIECEWISE_BEZIER_KNOTS.);
#6613 = CARTESIAN_POINT('',(-19.43006592854,1.742136048805,0.));
#6614 = CARTESIAN_POINT('',(-10.75239114619,-16.27724130924,0.));
#6615 = PCURVE('',#3895,#6616);
#6616 = DEFINITIONAL_REPRESENTATION('',(#6617),#6621);
#6617 = LINE('',#6618,#6619);
#6618 = CARTESIAN_POINT('',(0.,0.));
#6619 = VECTOR('',#6620,1.);
#6620 = DIRECTION('',(1.,0.));
#6621 = ( GEOMETRIC_REPRESENTATION_CONTEXT(2) 
PARAMETRIC_REPRESENTATION_CONTEXT() REPRESENTATION_CONTEXT('2D SPACE',''
  ) );
#6622 = PCURVE('',#4076,#6623);
#6623 = DEFINITIONAL_REPRESENTATION('',(#6624),#6627);
#6624 = B_SPLINE_CURVE_WITH_KNOTS('',1,(#6625,#6626),.UNSPECIFIED.,.F.,
  .F.,(2,2),(0.,20.),.PIECEWISE_BEZIER_KNOTS.);
#6625 = CARTESIAN_POINT('',(1.75,-10.));
#6626 = CARTESIAN_POINT('',(1.75,10.));
#6627 = ( GEOMETRIC_REPRESENTATION_CONTEXT(2) 
PARAMETRIC_REPRESENTATION_CONTEXT() REPRESENTATION_CONTEXT('2D SPACE',''
  ) );
#6628 = ORIENTED_EDGE('',*,*,#6629,.T.);
#6629 = EDGE_CURVE('',#6609,#4481,#6630,.T.);
#6630 = SURFACE_CURVE('',#6631,(#6637,#6646),.PCURVE_S1.);
#6631 = B_SPLINE_CURVE_WITH_KNOTS('',4,(#6632,#6633,#6634,#6635,#6636),
  .UNSPECIFIED.,.F.,.F.,(5,5),(0.,1.),.PIECEWISE_BEZIER_KNOTS.);
#6632 = CARTESIAN_POINT('',(-12.9369606542,-11.74093598355,
    8.881784197001E-16));
#6633 = CARTESIAN_POINT('',(-12.91853205791,-11.61729616049,
    0.50183388882));
#6634 = CARTESIAN_POINT('',(-12.90682791427,-11.49006926279,
    1.002711021234));
#6635 = CARTESIAN_POINT('',(-12.90209569581,-11.35972690345,
    1.502625313088));
#6636 = CARTESIAN_POINT('',(-12.90451886046,-11.22675940269,
    2.001576291241));
#6637 = PCURVE('',#3895,#6638);
#6638 = DEFINITIONAL_REPRESENTATION('',(#6639),#6645);
#6639 = B_SPLINE_CURVE_WITH_KNOTS('',4,(#6640,#6641,#6642,#6643,#6644),
  .UNSPECIFIED.,.F.,.F.,(5,5),(0.,1.),.PIECEWISE_BEZIER_KNOTS.);
#6640 = CARTESIAN_POINT('',(14.965080939754,0.));
#6641 = CARTESIAN_POINT('',(14.836921108884,0.50183388882));
#6642 = CARTESIAN_POINT('',(14.70398415218,1.002711021234));
#6643 = CARTESIAN_POINT('',(14.566384019411,1.502625313088));
#6644 = CARTESIAN_POINT('',(14.424238193558,2.001576291241));
#6645 = ( GEOMETRIC_REPRESENTATION_CONTEXT(2) 
PARAMETRIC_REPRESENTATION_CONTEXT() REPRESENTATION_CONTEXT('2D SPACE',''
  ) );
#6646 = PCURVE('',#4567,#6647);
#6647 = DEFINITIONAL_REPRESENTATION('',(#6648),#6654);
#6648 = B_SPLINE_CURVE_WITH_KNOTS('',4,(#6649,#6650,#6651,#6652,#6653),
  .UNSPECIFIED.,.F.,.F.,(5,5),(0.,1.),.PIECEWISE_BEZIER_KNOTS.);
#6649 = CARTESIAN_POINT('',(1.075310772805,5.733809914295E-11));
#6650 = CARTESIAN_POINT('',(0.809184133531,0.501833888713));
#6651 = CARTESIAN_POINT('',(0.541146399094,1.00271102133));
#6652 = CARTESIAN_POINT('',(0.271364339152,1.502625313052));
#6653 = CARTESIAN_POINT('',(-1.575156486531E-16,2.001576291241));
#6654 = ( GEOMETRIC_REPRESENTATION_CONTEXT(2) 
PARAMETRIC_REPRESENTATION_CONTEXT() REPRESENTATION_CONTEXT('2D SPACE',''
  ) );
#6655 = ORIENTED_EDGE('',*,*,#4480,.T.);
#6656 = ORIENTED_EDGE('',*,*,#3874,.T.);
#6657 = ORIENTED_EDGE('',*,*,#4241,.F.);
#6658 = ADVANCED_FACE('',(#6659),#4176,.T.);
#6659 = FACE_BOUND('',#6660,.T.);
#6660 = EDGE_LOOP('',(#6661,#6662,#6663,#6682,#6683));
#6661 = ORIENTED_EDGE('',*,*,#4157,.F.);
#6662 = ORIENTED_EDGE('',*,*,#6309,.F.);
#6663 = ORIENTED_EDGE('',*,*,#6664,.T.);
#6664 = EDGE_CURVE('',#6289,#6455,#6665,.T.);
#6665 = SURFACE_CURVE('',#6666,(#6669,#6676),.PCURVE_S1.);
#6666 = B_SPLINE_CURVE_WITH_KNOTS('',1,(#6667,#6668),.UNSPECIFIED.,.F.,
  .F.,(2,2),(0.,3.5),.PIECEWISE_BEZIER_KNOTS.);
#6667 = CARTESIAN_POINT('',(-16.27667489088,3.260729135717,0.));
#6668 = CARTESIAN_POINT('',(-19.43006592854,1.742136048805,0.));
#6669 = PCURVE('',#4176,#6670);
#6670 = DEFINITIONAL_REPRESENTATION('',(#6671),#6675);
#6671 = LINE('',#6672,#6673);
#6672 = CARTESIAN_POINT('',(0.,0.));
#6673 = VECTOR('',#6674,1.);
#6674 = DIRECTION('',(1.,0.));
#6675 = ( GEOMETRIC_REPRESENTATION_CONTEXT(2) 
PARAMETRIC_REPRESENTATION_CONTEXT() REPRESENTATION_CONTEXT('2D SPACE',''
  ) );
#6676 = PCURVE('',#6495,#6677);
#6677 = DEFINITIONAL_REPRESENTATION('',(#6678),#6681);
#6678 = B_SPLINE_CURVE_WITH_KNOTS('',1,(#6679,#6680),.UNSPECIFIED.,.F.,
  .F.,(2,2),(0.,3.5),.PIECEWISE_BEZIER_KNOTS.);
#6679 = CARTESIAN_POINT('',(-1.75,-10.));
#6680 = CARTESIAN_POINT('',(1.75,-10.));
#6681 = ( GEOMETRIC_REPRESENTATION_CONTEXT(2) 
PARAMETRIC_REPRESENTATION_CONTEXT() REPRESENTATION_CONTEXT('2D SPACE',''
  ) );
#6682 = ORIENTED_EDGE('',*,*,#6454,.T.);
#6683 = ORIENTED_EDGE('',*,*,#4220,.F.);
#6684 = ADVANCED_FACE('',(#6685),#4076,.F.);
#6685 = FACE_BOUND('',#6686,.F.);
#6686 = EDGE_LOOP('',(#6687,#6712,#6713,#6733,#6751,#6752));
#6687 = ORIENTED_EDGE('',*,*,#6688,.F.);
#6688 = EDGE_CURVE('',#4020,#6689,#6691,.T.);
#6689 = VERTEX_POINT('',#6690);
#6690 = CARTESIAN_POINT('',(-12.69768149673,-10.69258549684,0.));
#6691 = SURFACE_CURVE('',#6692,(#6695,#6701),.PCURVE_S1.);
#6692 = B_SPLINE_CURVE_WITH_KNOTS('',1,(#6693,#6694),.UNSPECIFIED.,.F.,
  .F.,(2,2),(0.,20.),.PIECEWISE_BEZIER_KNOTS.);
#6693 = CARTESIAN_POINT('',(6.800876746897,-15.14300417597,0.));
#6694 = CARTESIAN_POINT('',(-12.69768149673,-10.69258549684,0.));
#6695 = PCURVE('',#4076,#6696);
#6696 = DEFINITIONAL_REPRESENTATION('',(#6697),#6700);
#6697 = B_SPLINE_CURVE_WITH_KNOTS('',1,(#6698,#6699),.UNSPECIFIED.,.F.,
  .F.,(2,2),(0.,20.),.PIECEWISE_BEZIER_KNOTS.);
#6698 = CARTESIAN_POINT('',(-14.55707495005,16.594165161289));
#6699 = CARTESIAN_POINT('',(1.079554699309,4.124369124114));
#6700 = ( GEOMETRIC_REPRESENTATION_CONTEXT(2) 
PARAMETRIC_REPRESENTATION_CONTEXT() REPRESENTATION_CONTEXT('2D SPACE',''
  ) );
#6701 = PCURVE('',#6702,#6707);
#6702 = PLANE('',#6703);
#6703 = AXIS2_PLACEMENT_3D('',#6704,#6705,#6706);
#6704 = CARTESIAN_POINT('',(-13.51453301853,-6.508256086763,0.));
#6705 = DIRECTION('',(0.,0.,1.));
#6706 = DIRECTION('',(-0.900968867902,-0.433883739118,0.));
#6707 = DEFINITIONAL_REPRESENTATION('',(#6708),#6711);
#6708 = B_SPLINE_CURVE_WITH_KNOTS('',1,(#6709,#6710),.UNSPECIFIED.,.F.,
  .F.,(2,2),(0.,20.),.PIECEWISE_BEZIER_KNOTS.);
#6709 = CARTESIAN_POINT('',(-14.55707495005,16.594165161289));
#6710 = CARTESIAN_POINT('',(1.079554699309,4.124369124114));
#6711 = ( GEOMETRIC_REPRESENTATION_CONTEXT(2) 
PARAMETRIC_REPRESENTATION_CONTEXT() REPRESENTATION_CONTEXT('2D SPACE',''
  ) );
#6712 = ORIENTED_EDGE('',*,*,#4063,.T.);
#6713 = ORIENTED_EDGE('',*,*,#6714,.F.);
#6714 = EDGE_CURVE('',#6715,#3629,#6717,.T.);
#6715 = VERTEX_POINT('',#6716);
#6716 = CARTESIAN_POINT('',(-16.27667489088,-3.260729135717,0.));
#6717 = SURFACE_CURVE('',#6718,(#6721,#6727),.PCURVE_S1.);
#6718 = B_SPLINE_CURVE_WITH_KNOTS('',1,(#6719,#6720),.UNSPECIFIED.,.F.,
  .F.,(2,2),(0.,20.),.PIECEWISE_BEZIER_KNOTS.);
#6719 = CARTESIAN_POINT('',(-16.27667489088,-3.260729135717,0.));
#6720 = CARTESIAN_POINT('',(-7.599000108531,14.758648222332,0.));
#6721 = PCURVE('',#4076,#6722);
#6722 = DEFINITIONAL_REPRESENTATION('',(#6723),#6726);
#6723 = B_SPLINE_CURVE_WITH_KNOTS('',1,(#6724,#6725),.UNSPECIFIED.,.F.,
  .F.,(2,2),(0.,20.),.PIECEWISE_BEZIER_KNOTS.);
#6724 = CARTESIAN_POINT('',(1.079554699309,-4.124369124114));
#6725 = CARTESIAN_POINT('',(-14.55707495005,-16.59416516128));
#6726 = ( GEOMETRIC_REPRESENTATION_CONTEXT(2) 
PARAMETRIC_REPRESENTATION_CONTEXT() REPRESENTATION_CONTEXT('2D SPACE',''
  ) );
#6727 = PCURVE('',#6382,#6728);
#6728 = DEFINITIONAL_REPRESENTATION('',(#6729),#6732);
#6729 = B_SPLINE_CURVE_WITH_KNOTS('',1,(#6730,#6731),.UNSPECIFIED.,.F.,
  .F.,(2,2),(0.,20.),.PIECEWISE_BEZIER_KNOTS.);
#6730 = CARTESIAN_POINT('',(-1.75,10.));
#6731 = CARTESIAN_POINT('',(-1.75,-10.));
#6732 = ( GEOMETRIC_REPRESENTATION_CONTEXT(2) 
PARAMETRIC_REPRESENTATION_CONTEXT() REPRESENTATION_CONTEXT('2D SPACE',''
  ) );
#6733 = ORIENTED_EDGE('',*,*,#6734,.F.);
#6734 = EDGE_CURVE('',#6558,#6715,#6735,.T.);
#6735 = SURFACE_CURVE('',#6736,(#6739,#6745),.PCURVE_S1.);
#6736 = B_SPLINE_CURVE_WITH_KNOTS('',1,(#6737,#6738),.UNSPECIFIED.,.F.,
  .F.,(2,2),(0.,3.5),.PIECEWISE_BEZIER_KNOTS.);
#6737 = CARTESIAN_POINT('',(-19.43006592854,-1.742136048805,0.));
#6738 = CARTESIAN_POINT('',(-16.27667489088,-3.260729135717,0.));
#6739 = PCURVE('',#4076,#6740);
#6740 = DEFINITIONAL_REPRESENTATION('',(#6741),#6744);
#6741 = B_SPLINE_CURVE_WITH_KNOTS('',1,(#6742,#6743),.UNSPECIFIED.,.F.,
  .F.,(2,2),(0.,3.5),.PIECEWISE_BEZIER_KNOTS.);
#6742 = CARTESIAN_POINT('',(3.261769005814,-6.860779312752));
#6743 = CARTESIAN_POINT('',(1.079554699309,-4.124369124114));
#6744 = ( GEOMETRIC_REPRESENTATION_CONTEXT(2) 
PARAMETRIC_REPRESENTATION_CONTEXT() REPRESENTATION_CONTEXT('2D SPACE',''
  ) );
#6745 = PCURVE('',#6382,#6746);
#6746 = DEFINITIONAL_REPRESENTATION('',(#6747),#6750);
#6747 = B_SPLINE_CURVE_WITH_KNOTS('',1,(#6748,#6749),.UNSPECIFIED.,.F.,
  .F.,(2,2),(0.,3.5),.PIECEWISE_BEZIER_KNOTS.);
#6748 = CARTESIAN_POINT('',(1.75,10.));
#6749 = CARTESIAN_POINT('',(-1.75,10.));
#6750 = ( GEOMETRIC_REPRESENTATION_CONTEXT(2) 
PARAMETRIC_REPRESENTATION_CONTEXT() REPRESENTATION_CONTEXT('2D SPACE',''
  ) );
#6751 = ORIENTED_EDGE('',*,*,#6608,.T.);
#6752 = ORIENTED_EDGE('',*,*,#6753,.F.);
#6753 = EDGE_CURVE('',#6689,#6609,#6754,.T.);
#6754 = SURFACE_CURVE('',#6755,(#6758,#6764),.PCURVE_S1.);
#6755 = B_SPLINE_CURVE_WITH_KNOTS('',1,(#6756,#6757),.UNSPECIFIED.,.F.,
  .F.,(2,2),(0.,3.5),.PIECEWISE_BEZIER_KNOTS.);
#6756 = CARTESIAN_POINT('',(-12.69768149673,-10.69258549684,0.));
#6757 = CARTESIAN_POINT('',(-13.47650476558,-14.10483318948,0.));
#6758 = PCURVE('',#4076,#6759);
#6759 = DEFINITIONAL_REPRESENTATION('',(#6760),#6763);
#6760 = B_SPLINE_CURVE_WITH_KNOTS('',1,(#6761,#6762),.UNSPECIFIED.,.F.,
  .F.,(2,2),(0.,3.5),.PIECEWISE_BEZIER_KNOTS.);
#6761 = CARTESIAN_POINT('',(1.079554699309,4.124369124114));
#6762 = CARTESIAN_POINT('',(3.261769005814,6.860779312752));
#6763 = ( GEOMETRIC_REPRESENTATION_CONTEXT(2) 
PARAMETRIC_REPRESENTATION_CONTEXT() REPRESENTATION_CONTEXT('2D SPACE',''
  ) );
#6764 = PCURVE('',#6702,#6765);
#6765 = DEFINITIONAL_REPRESENTATION('',(#6766),#6769);
#6766 = B_SPLINE_CURVE_WITH_KNOTS('',1,(#6767,#6768),.UNSPECIFIED.,.F.,
  .F.,(2,2),(0.,3.5),.PIECEWISE_BEZIER_KNOTS.);
#6767 = CARTESIAN_POINT('',(1.079554699309,4.124369124114));
#6768 = CARTESIAN_POINT('',(3.261769005814,6.860779312752));
#6769 = ( GEOMETRIC_REPRESENTATION_CONTEXT(2) 
PARAMETRIC_REPRESENTATION_CONTEXT() REPRESENTATION_CONTEXT('2D SPACE',''
  ) );
#6770 = ADVANCED_FACE('',(#6771),#4286,.T.);
#6771 = FACE_BOUND('',#6772,.T.);
#6772 = EDGE_LOOP('',(#6773,#6799,#6825,#6876,#6927,#6948,#6975,#6976,
    #6977));
#6773 = ORIENTED_EDGE('',*,*,#6774,.F.);
#6774 = EDGE_CURVE('',#6775,#4612,#6777,.T.);
#6775 = VERTEX_POINT('',#6776);
#6776 = CARTESIAN_POINT('',(-13.47650476558,-14.10483318948,0.));
#6777 = SURFACE_CURVE('',#6778,(#6785,#6792),.PCURVE_S1.);
#6778 = B_SPLINE_CURVE_WITH_KNOTS('',5,(#6779,#6780,#6781,#6782,#6783,
    #6784),.UNSPECIFIED.,.F.,.F.,(6,6),(0.,26.),
  .PIECEWISE_BEZIER_KNOTS.);
#6779 = CARTESIAN_POINT('',(-13.47650476558,-14.10483318948,0.));
#6780 = CARTESIAN_POINT('',(-13.55260667362,-15.591242888,5.2));
#6781 = CARTESIAN_POINT('',(-13.35635662614,-17.09161480847,10.4));
#6782 = CARTESIAN_POINT('',(-12.88404397709,-18.53930036737,15.6));
#6783 = CARTESIAN_POINT('',(-12.15771305651,-19.86673148598,20.8));
#6784 = CARTESIAN_POINT('',(-11.2196655728,-21.02227127785,26.));
#6785 = PCURVE('',#4286,#6786);
#6786 = DEFINITIONAL_REPRESENTATION('',(#6787),#6791);
#6787 = LINE('',#6788,#6789);
#6788 = CARTESIAN_POINT('',(0.,0.));
#6789 = VECTOR('',#6790,1.);
#6790 = DIRECTION('',(0.,1.));
#6791 = ( GEOMETRIC_REPRESENTATION_CONTEXT(2) 
PARAMETRIC_REPRESENTATION_CONTEXT() REPRESENTATION_CONTEXT('2D SPACE',''
  ) );
#6792 = PCURVE('',#4567,#6793);
#6793 = DEFINITIONAL_REPRESENTATION('',(#6794),#6798);
#6794 = LINE('',#6795,#6796);
#6795 = CARTESIAN_POINT('',(3.5,0.));
#6796 = VECTOR('',#6797,1.);
#6797 = DIRECTION('',(0.,1.));
#6798 = ( GEOMETRIC_REPRESENTATION_CONTEXT(2) 
PARAMETRIC_REPRESENTATION_CONTEXT() REPRESENTATION_CONTEXT('2D SPACE',''
  ) );
#6799 = ORIENTED_EDGE('',*,*,#6800,.T.);
#6800 = EDGE_CURVE('',#6775,#6801,#6803,.T.);
#6801 = VERTEX_POINT('',#6802);
#6802 = CARTESIAN_POINT('',(-11.5913596498,-14.53510526043,0.));
#6803 = SURFACE_CURVE('',#6804,(#6807,#6814),.PCURVE_S1.);
#6804 = B_SPLINE_CURVE_WITH_KNOTS('',1,(#6805,#6806),.UNSPECIFIED.,.F.,
  .F.,(2,2),(0.,20.),.PIECEWISE_BEZIER_KNOTS.);
#6805 = CARTESIAN_POINT('',(-13.47650476558,-14.10483318948,0.));
#6806 = CARTESIAN_POINT('',(6.02205347805,-18.5552518686,0.));
#6807 = PCURVE('',#4286,#6808);
#6808 = DEFINITIONAL_REPRESENTATION('',(#6809),#6813);
#6809 = LINE('',#6810,#6811);
#6810 = CARTESIAN_POINT('',(0.,0.));
#6811 = VECTOR('',#6812,1.);
#6812 = DIRECTION('',(1.,0.));
#6813 = ( GEOMETRIC_REPRESENTATION_CONTEXT(2) 
PARAMETRIC_REPRESENTATION_CONTEXT() REPRESENTATION_CONTEXT('2D SPACE',''
  ) );
#6814 = PCURVE('',#6815,#6820);
#6815 = PLANE('',#6816);
#6816 = AXIS2_PLACEMENT_3D('',#6817,#6818,#6819);
#6817 = CARTESIAN_POINT('',(-3.337814009345,-14.62391868272,0.));
#6818 = DIRECTION('',(0.,0.,1.));
#6819 = DIRECTION('',(-0.222520933956,-0.974927912182,0.));
#6820 = DEFINITIONAL_REPRESENTATION('',(#6821),#6824);
#6821 = B_SPLINE_CURVE_WITH_KNOTS('',1,(#6822,#6823),.UNSPECIFIED.,.F.,
  .F.,(2,2),(0.,20.),.PIECEWISE_BEZIER_KNOTS.);
#6822 = CARTESIAN_POINT('',(1.75,-10.));
#6823 = CARTESIAN_POINT('',(1.75,10.));
#6824 = ( GEOMETRIC_REPRESENTATION_CONTEXT(2) 
PARAMETRIC_REPRESENTATION_CONTEXT() REPRESENTATION_CONTEXT('2D SPACE',''
  ) );
#6825 = ORIENTED_EDGE('',*,*,#6826,.F.);
#6826 = EDGE_CURVE('',#6827,#6801,#6829,.T.);
#6827 = VERTEX_POINT('',#6828);
#6828 = CARTESIAN_POINT('',(-9.475775978124,-15.82227858911,
    4.73851706442));
#6829 = SURFACE_CURVE('',#6830,(#6839,#6851),.PCURVE_S1.);
#6830 = B_SPLINE_CURVE_WITH_KNOTS('',4,(#6831,#6832,#6833,#6834,#6835,
    #6836,#6837,#6838),.UNSPECIFIED.,.F.,.F.,(5,3,5),(0.,0.50251377989,
    1.),.UNSPECIFIED.);
#6831 = CARTESIAN_POINT('',(-9.475775978124,-15.82227858911,
    4.73851706442));
#6832 = CARTESIAN_POINT('',(-9.760592340534,-15.69511022276,
    4.142933117712));
#6833 = CARTESIAN_POINT('',(-10.04002008277,-15.55584573387,
    3.547495140622));
#6834 = CARTESIAN_POINT('',(-10.31328772912,-15.40483607495,
    2.95216703382));
#6835 = CARTESIAN_POINT('',(-10.84339589732,-15.08183576119,
    1.76761235927));
#6836 = CARTESIAN_POINT('',(-11.10037389007,-14.91006982669,
    1.178384352922));
#6837 = CARTESIAN_POINT('',(-11.34990895838,-14.7276557648,
    0.589192256618));
#6838 = CARTESIAN_POINT('',(-11.5913596498,-14.53510526043,0.));
#6839 = PCURVE('',#4286,#6840);
#6840 = DEFINITIONAL_REPRESENTATION('',(#6841),#6850);
#6841 = B_SPLINE_CURVE_WITH_KNOTS('',4,(#6842,#6843,#6844,#6845,#6846,
    #6847,#6848,#6849),.UNSPECIFIED.,.F.,.F.,(5,3,5),(0.,0.50251377989,
    1.),.UNSPECIFIED.);
#6842 = CARTESIAN_POINT('',(3.995991700275,4.73851706442));
#6843 = CARTESIAN_POINT('',(3.730202960726,4.142933117713));
#6844 = CARTESIAN_POINT('',(3.466419501949,3.547495140621));
#6845 = CARTESIAN_POINT('',(3.204822831635,2.952167033821));
#6846 = CARTESIAN_POINT('',(2.688951776596,1.767612358863));
#6847 = CARTESIAN_POINT('',(2.43463033922,1.178384354007));
#6848 = CARTESIAN_POINT('',(2.182798490647,0.589192255396));
#6849 = CARTESIAN_POINT('',(1.933625135249,6.511984058569E-10));
#6850 = ( GEOMETRIC_REPRESENTATION_CONTEXT(2) 
PARAMETRIC_REPRESENTATION_CONTEXT() REPRESENTATION_CONTEXT('2D SPACE',''
  ) );
#6851 = PCURVE('',#6852,#6865);
#6852 = B_SPLINE_SURFACE_WITH_KNOTS('',1,5,(
    (#6853,#6854,#6855,#6856,#6857,#6858)
    ,(#6859,#6860,#6861,#6862,#6863,#6864
    )),.UNSPECIFIED.,.F.,.F.,.F.,(2,2),(6,6),(0.,20.),(0.,26.),
  .PIECEWISE_BEZIER_KNOTS.);
#6853 = CARTESIAN_POINT('',(-19.43006592854,1.742136048805,0.));
#6854 = CARTESIAN_POINT('',(-20.63963659025,0.874873627972,5.2));
#6855 = CARTESIAN_POINT('',(-21.69031468987,-0.214027428991,10.4));
#6856 = CARTESIAN_POINT('',(-22.52767871656,-1.485913509855,15.6));
#6857 = CARTESIAN_POINT('',(-23.11264623414,-2.881421655387,20.8));
#6858 = CARTESIAN_POINT('',(-23.43122058291,-4.335283986064,26.));
#6859 = CARTESIAN_POINT('',(-10.75239114619,-16.27724130924,0.));
#6860 = CARTESIAN_POINT('',(-9.320183109818,-15.87229016057,5.2));
#6861 = CARTESIAN_POINT('',(-7.962156230249,-15.20491247497,10.4));
#6862 = CARTESIAN_POINT('',(-6.74262450758,-14.29298315024,15.6));
#6863 = CARTESIAN_POINT('',(-5.718507357021,-13.17906482163,20.8));
#6864 = CARTESIAN_POINT('',(-4.925134573439,-11.91979323912,26.));
#6865 = DEFINITIONAL_REPRESENTATION('',(#6866),#6875);
#6866 = B_SPLINE_CURVE_WITH_KNOTS('',4,(#6867,#6868,#6869,#6870,#6871,
    #6872,#6873,#6874),.UNSPECIFIED.,.F.,.F.,(5,3,5),(0.,0.50251377989,
    1.),.UNSPECIFIED.);
#6867 = CARTESIAN_POINT('',(20.,4.73851706442));
#6868 = CARTESIAN_POINT('',(19.766524859773,4.142933117712));
#6869 = CARTESIAN_POINT('',(19.529664403024,3.547495140622));
#6870 = CARTESIAN_POINT('',(19.289583774389,2.95216703382));
#6871 = CARTESIAN_POINT('',(18.805753033555,1.76761235927));
#6872 = CARTESIAN_POINT('',(18.56206367326,1.178384352922));
#6873 = CARTESIAN_POINT('',(18.315548220629,0.589192256618));
#6874 = CARTESIAN_POINT('',(18.066374865026,0.));
#6875 = ( GEOMETRIC_REPRESENTATION_CONTEXT(2) 
PARAMETRIC_REPRESENTATION_CONTEXT() REPRESENTATION_CONTEXT('2D SPACE',''
  ) );
#6876 = ORIENTED_EDGE('',*,*,#6877,.F.);
#6877 = EDGE_CURVE('',#6878,#6827,#6880,.T.);
#6878 = VERTEX_POINT('',#6879);
#6879 = CARTESIAN_POINT('',(-8.567821638176,-15.22520808116,0.));
#6880 = SURFACE_CURVE('',#6881,(#6890,#6902),.PCURVE_S1.);
#6881 = B_SPLINE_CURVE_WITH_KNOTS('',4,(#6882,#6883,#6884,#6885,#6886,
    #6887,#6888,#6889),.UNSPECIFIED.,.F.,.F.,(5,3,5),(0.,0.491798991651,
    1.),.UNSPECIFIED.);
#6882 = CARTESIAN_POINT('',(-8.567821638176,-15.22520808116,
    -9.88438201185E-31));
#6883 = CARTESIAN_POINT('',(-8.702114834573,-15.27766053381,
    0.578782003643));
#6884 = CARTESIAN_POINT('',(-8.829766891823,-15.33777206572,
    1.158836421161));
#6885 = CARTESIAN_POINT('',(-8.950157541801,-15.40501075277,
    1.740153602607));
#6886 = CARTESIAN_POINT('',(-9.17907918156,-15.55494234897,
    2.924700934109));
#6887 = CARTESIAN_POINT('',(-9.287081733559,-15.63807638232,
    3.528015261281));
#6888 = CARTESIAN_POINT('',(-9.386146238611,-15.7274539184,
    4.132632841147));
#6889 = CARTESIAN_POINT('',(-9.475775978124,-15.82227858911,
    4.73851706442));
#6890 = PCURVE('',#4286,#6891);
#6891 = DEFINITIONAL_REPRESENTATION('',(#6892),#6901);
#6892 = B_SPLINE_CURVE_WITH_KNOTS('',4,(#6893,#6894,#6895,#6896,#6897,
    #6898,#6899,#6900),.UNSPECIFIED.,.F.,.F.,(5,3,5),(0.,0.491798991651,
    1.),.UNSPECIFIED.);
#6893 = CARTESIAN_POINT('',(5.03491906022,1.03383042281E-10));
#6894 = CARTESIAN_POINT('',(4.887107998331,0.578782003448));
#6895 = CARTESIAN_POINT('',(4.745650874431,1.158836421334));
#6896 = CARTESIAN_POINT('',(4.610720923485,1.740153602541));
#6897 = CARTESIAN_POINT('',(4.349965770736,2.924700934109));
#6898 = CARTESIAN_POINT('',(4.224594113111,3.528015261281));
#6899 = CARTESIAN_POINT('',(4.106547487419,4.132632841147));
#6900 = CARTESIAN_POINT('',(3.995991700275,4.73851706442));
#6901 = ( GEOMETRIC_REPRESENTATION_CONTEXT(2) 
PARAMETRIC_REPRESENTATION_CONTEXT() REPRESENTATION_CONTEXT('2D SPACE',''
  ) );
#6902 = PCURVE('',#6903,#6916);
#6903 = B_SPLINE_SURFACE_WITH_KNOTS('',1,5,(
    (#6904,#6905,#6906,#6907,#6908,#6909)
    ,(#6910,#6911,#6912,#6913,#6914,#6915
    )),.UNSPECIFIED.,.F.,.F.,.F.,(2,2),(6,6),(0.,3.5),(0.,26.),
  .PIECEWISE_BEZIER_KNOTS.);
#6904 = CARTESIAN_POINT('',(-10.75239114619,-16.27724130924,0.));
#6905 = CARTESIAN_POINT('',(-9.320183109818,-15.87229016057,5.2));
#6906 = CARTESIAN_POINT('',(-7.962156230249,-15.20491247497,10.4));
#6907 = CARTESIAN_POINT('',(-6.74262450758,-14.29298315024,15.6));
#6908 = CARTESIAN_POINT('',(-5.718507357021,-13.17906482163,20.8));
#6909 = CARTESIAN_POINT('',(-4.925134573439,-11.91979323912,26.));
#6910 = CARTESIAN_POINT('',(-7.599000108531,-14.75864822233,0.));
#6911 = CARTESIAN_POINT('',(-6.389429446822,-13.89138580149,5.2));
#6912 = CARTESIAN_POINT('',(-5.338751347203,-12.80248474453,10.4));
#6913 = CARTESIAN_POINT('',(-4.501387320512,-11.53059866367,15.6));
#6914 = CARTESIAN_POINT('',(-3.916419802928,-10.13509051814,20.8));
#6915 = CARTESIAN_POINT('',(-3.597845454154,-8.681228187463,26.));
#6916 = DEFINITIONAL_REPRESENTATION('',(#6917),#6926);
#6917 = B_SPLINE_CURVE_WITH_KNOTS('',4,(#6918,#6919,#6920,#6921,#6922,
    #6923,#6924,#6925),.UNSPECIFIED.,.F.,.F.,(5,3,5),(0.,0.491798991651,
    1.),.UNSPECIFIED.);
#6918 = CARTESIAN_POINT('',(2.424689227165,0.));
#6919 = CARTESIAN_POINT('',(2.11775637497,0.578782003643));
#6920 = CARTESIAN_POINT('',(1.813364778368,1.158836421161));
#6921 = CARTESIAN_POINT('',(1.511769685928,1.740153602606));
#6922 = CARTESIAN_POINT('',(0.904737929572,2.924700934109));
#6923 = CARTESIAN_POINT('',(0.599508484187,3.528015261281));
#6924 = CARTESIAN_POINT('',(0.297831812674,4.132632841147));
#6925 = CARTESIAN_POINT('',(0.,4.73851706442));
#6926 = ( GEOMETRIC_REPRESENTATION_CONTEXT(2) 
PARAMETRIC_REPRESENTATION_CONTEXT() REPRESENTATION_CONTEXT('2D SPACE',''
  ) );
#6927 = ORIENTED_EDGE('',*,*,#6928,.T.);
#6928 = EDGE_CURVE('',#6878,#6929,#6931,.T.);
#6929 = VERTEX_POINT('',#6930);
#6930 = CARTESIAN_POINT('',(1.113370350639,-17.43487697692,0.));
#6931 = SURFACE_CURVE('',#6932,(#6935,#6942),.PCURVE_S1.);
#6932 = B_SPLINE_CURVE_WITH_KNOTS('',1,(#6933,#6934),.UNSPECIFIED.,.F.,
  .F.,(2,2),(0.,20.),.PIECEWISE_BEZIER_KNOTS.);
#6933 = CARTESIAN_POINT('',(-13.47650476558,-14.10483318948,0.));
#6934 = CARTESIAN_POINT('',(6.02205347805,-18.5552518686,0.));
#6935 = PCURVE('',#4286,#6936);
#6936 = DEFINITIONAL_REPRESENTATION('',(#6937),#6941);
#6937 = LINE('',#6938,#6939);
#6938 = CARTESIAN_POINT('',(0.,0.));
#6939 = VECTOR('',#6940,1.);
#6940 = DIRECTION('',(1.,0.));
#6941 = ( GEOMETRIC_REPRESENTATION_CONTEXT(2) 
PARAMETRIC_REPRESENTATION_CONTEXT() REPRESENTATION_CONTEXT('2D SPACE',''
  ) );
#6942 = PCURVE('',#4467,#6943);
#6943 = DEFINITIONAL_REPRESENTATION('',(#6944),#6947);
#6944 = B_SPLINE_CURVE_WITH_KNOTS('',1,(#6945,#6946),.UNSPECIFIED.,.F.,
  .F.,(2,2),(0.,20.),.PIECEWISE_BEZIER_KNOTS.);
#6945 = CARTESIAN_POINT('',(1.75,-10.));
#6946 = CARTESIAN_POINT('',(1.75,10.));
#6947 = ( GEOMETRIC_REPRESENTATION_CONTEXT(2) 
PARAMETRIC_REPRESENTATION_CONTEXT() REPRESENTATION_CONTEXT('2D SPACE',''
  ) );
#6948 = ORIENTED_EDGE('',*,*,#6949,.T.);
#6949 = EDGE_CURVE('',#6929,#4838,#6950,.T.);
#6950 = SURFACE_CURVE('',#6951,(#6957,#6966),.PCURVE_S1.);
#6951 = B_SPLINE_CURVE_WITH_KNOTS('',4,(#6952,#6953,#6954,#6955,#6956),
  .UNSPECIFIED.,.F.,.F.,(5,5),(0.,1.),.PIECEWISE_BEZIER_KNOTS.);
#6952 = CARTESIAN_POINT('',(1.113370350639,-17.43487697692,
    8.881784197001E-16));
#6953 = CARTESIAN_POINT('',(1.028194886337,-17.34338075139,0.50183388882
    ));
#6954 = CARTESIAN_POINT('',(0.936022306498,-17.25490541017,
    1.002711021234));
#6955 = CARTESIAN_POINT('',(0.837067036418,-17.169938481,1.502625313088)
  );
#6956 = CARTESIAN_POINT('',(0.73159803973,-17.08892910671,2.001576291241
    ));
#6957 = PCURVE('',#4286,#6958);
#6958 = DEFINITIONAL_REPRESENTATION('',(#6959),#6965);
#6959 = B_SPLINE_CURVE_WITH_KNOTS('',4,(#6960,#6961,#6962,#6963,#6964),
  .UNSPECIFIED.,.F.,.F.,(5,5),(0.,1.),.PIECEWISE_BEZIER_KNOTS.);
#6960 = CARTESIAN_POINT('',(14.965080939754,0.));
#6961 = CARTESIAN_POINT('',(14.836921108884,0.50183388882));
#6962 = CARTESIAN_POINT('',(14.70398415218,1.002711021234));
#6963 = CARTESIAN_POINT('',(14.566384019411,1.502625313088));
#6964 = CARTESIAN_POINT('',(14.424238193558,2.001576291241));
#6965 = ( GEOMETRIC_REPRESENTATION_CONTEXT(2) 
PARAMETRIC_REPRESENTATION_CONTEXT() REPRESENTATION_CONTEXT('2D SPACE',''
  ) );
#6966 = PCURVE('',#4765,#6967);
#6967 = DEFINITIONAL_REPRESENTATION('',(#6968),#6974);
#6968 = B_SPLINE_CURVE_WITH_KNOTS('',4,(#6969,#6970,#6971,#6972,#6973),
  .UNSPECIFIED.,.F.,.F.,(5,5),(0.,1.),.PIECEWISE_BEZIER_KNOTS.);
#6969 = CARTESIAN_POINT('',(1.075310772805,5.733809913039E-11));
#6970 = CARTESIAN_POINT('',(0.809184133531,0.501833888713));
#6971 = CARTESIAN_POINT('',(0.541146399094,1.00271102133));
#6972 = CARTESIAN_POINT('',(0.271364339152,1.502625313052));
#6973 = CARTESIAN_POINT('',(1.084116533955E-14,2.001576291241));
#6974 = ( GEOMETRIC_REPRESENTATION_CONTEXT(2) 
PARAMETRIC_REPRESENTATION_CONTEXT() REPRESENTATION_CONTEXT('2D SPACE',''
  ) );
#6975 = ORIENTED_EDGE('',*,*,#4837,.T.);
#6976 = ORIENTED_EDGE('',*,*,#4265,.T.);
#6977 = ORIENTED_EDGE('',*,*,#4632,.F.);
#6978 = ADVANCED_FACE('',(#6979),#4567,.T.);
#6979 = FACE_BOUND('',#6980,.T.);
#6980 = EDGE_LOOP('',(#6981,#6982,#6983,#7002,#7003));
#6981 = ORIENTED_EDGE('',*,*,#4548,.F.);
#6982 = ORIENTED_EDGE('',*,*,#6629,.F.);
#6983 = ORIENTED_EDGE('',*,*,#6984,.T.);
#6984 = EDGE_CURVE('',#6609,#6775,#6985,.T.);
#6985 = SURFACE_CURVE('',#6986,(#6989,#6996),.PCURVE_S1.);
#6986 = B_SPLINE_CURVE_WITH_KNOTS('',1,(#6987,#6988),.UNSPECIFIED.,.F.,
  .F.,(2,2),(0.,3.5),.PIECEWISE_BEZIER_KNOTS.);
#6987 = CARTESIAN_POINT('',(-12.69768149673,-10.69258549684,0.));
#6988 = CARTESIAN_POINT('',(-13.47650476558,-14.10483318948,0.));
#6989 = PCURVE('',#4567,#6990);
#6990 = DEFINITIONAL_REPRESENTATION('',(#6991),#6995);
#6991 = LINE('',#6992,#6993);
#6992 = CARTESIAN_POINT('',(0.,0.));
#6993 = VECTOR('',#6994,1.);
#6994 = DIRECTION('',(1.,0.));
#6995 = ( GEOMETRIC_REPRESENTATION_CONTEXT(2) 
PARAMETRIC_REPRESENTATION_CONTEXT() REPRESENTATION_CONTEXT('2D SPACE',''
  ) );
#6996 = PCURVE('',#6815,#6997);
#6997 = DEFINITIONAL_REPRESENTATION('',(#6998),#7001);
#6998 = B_SPLINE_CURVE_WITH_KNOTS('',1,(#6999,#7000),.UNSPECIFIED.,.F.,
  .F.,(2,2),(0.,3.5),.PIECEWISE_BEZIER_KNOTS.);
#6999 = CARTESIAN_POINT('',(-1.75,-10.));
#7000 = CARTESIAN_POINT('',(1.75,-10.));
#7001 = ( GEOMETRIC_REPRESENTATION_CONTEXT(2) 
PARAMETRIC_REPRESENTATION_CONTEXT() REPRESENTATION_CONTEXT('2D SPACE',''
  ) );
#7002 = ORIENTED_EDGE('',*,*,#6774,.T.);
#7003 = ORIENTED_EDGE('',*,*,#4611,.F.);
#7004 = ADVANCED_FACE('',(#7005),#4467,.F.);
#7005 = FACE_BOUND('',#7006,.F.);
#7006 = EDGE_LOOP('',(#7007,#7032,#7033,#7053,#7071,#7072));
#7007 = ORIENTED_EDGE('',*,*,#7008,.F.);
#7008 = EDGE_CURVE('',#4411,#7009,#7011,.T.);
#7009 = VERTEX_POINT('',#7010);
#7010 = CARTESIAN_POINT('',(0.442925049948,-16.59416516128,0.));
#7011 = SURFACE_CURVE('',#7012,(#7015,#7021),.PCURVE_S1.);
#7012 = B_SPLINE_CURVE_WITH_KNOTS('',1,(#7013,#7014),.UNSPECIFIED.,.F.,
  .F.,(2,2),(0.,20.),.PIECEWISE_BEZIER_KNOTS.);
#7013 = CARTESIAN_POINT('',(16.079554699309,-4.124369124114,0.));
#7014 = CARTESIAN_POINT('',(0.442925049948,-16.59416516128,0.));
#7015 = PCURVE('',#4467,#7016);
#7016 = DEFINITIONAL_REPRESENTATION('',(#7017),#7020);
#7017 = B_SPLINE_CURVE_WITH_KNOTS('',1,(#7018,#7019),.UNSPECIFIED.,.F.,
  .F.,(2,2),(0.,20.),.PIECEWISE_BEZIER_KNOTS.);
#7018 = CARTESIAN_POINT('',(-14.55707495005,16.594165161289));
#7019 = CARTESIAN_POINT('',(1.079554699309,4.124369124114));
#7020 = ( GEOMETRIC_REPRESENTATION_CONTEXT(2) 
PARAMETRIC_REPRESENTATION_CONTEXT() REPRESENTATION_CONTEXT('2D SPACE',''
  ) );
#7021 = PCURVE('',#7022,#7027);
#7022 = PLANE('',#7023);
#7023 = AXIS2_PLACEMENT_3D('',#7024,#7025,#7026);
#7024 = CARTESIAN_POINT('',(-3.337814009345,-14.62391868272,0.));
#7025 = DIRECTION('',(0.,0.,1.));
#7026 = DIRECTION('',(-0.222520933956,-0.974927912182,0.));
#7027 = DEFINITIONAL_REPRESENTATION('',(#7028),#7031);
#7028 = B_SPLINE_CURVE_WITH_KNOTS('',1,(#7029,#7030),.UNSPECIFIED.,.F.,
  .F.,(2,2),(0.,20.),.PIECEWISE_BEZIER_KNOTS.);
#7029 = CARTESIAN_POINT('',(-14.55707495005,16.594165161289));
#7030 = CARTESIAN_POINT('',(1.079554699309,4.124369124114));
#7031 = ( GEOMETRIC_REPRESENTATION_CONTEXT(2) 
PARAMETRIC_REPRESENTATION_CONTEXT() REPRESENTATION_CONTEXT('2D SPACE',''
  ) );
#7032 = ORIENTED_EDGE('',*,*,#4454,.T.);
#7033 = ORIENTED_EDGE('',*,*,#7034,.F.);
#7034 = EDGE_CURVE('',#7035,#4020,#7037,.T.);
#7035 = VERTEX_POINT('',#7036);
#7036 = CARTESIAN_POINT('',(-7.599000108531,-14.75864822233,0.));
#7037 = SURFACE_CURVE('',#7038,(#7041,#7047),.PCURVE_S1.);
#7038 = B_SPLINE_CURVE_WITH_KNOTS('',1,(#7039,#7040),.UNSPECIFIED.,.F.,
  .F.,(2,2),(0.,20.),.PIECEWISE_BEZIER_KNOTS.);
#7039 = CARTESIAN_POINT('',(-7.599000108531,-14.75864822233,0.));
#7040 = CARTESIAN_POINT('',(-16.27667489088,3.260729135717,0.));
#7041 = PCURVE('',#4467,#7042);
#7042 = DEFINITIONAL_REPRESENTATION('',(#7043),#7046);
#7043 = B_SPLINE_CURVE_WITH_KNOTS('',1,(#7044,#7045),.UNSPECIFIED.,.F.,
  .F.,(2,2),(0.,20.),.PIECEWISE_BEZIER_KNOTS.);
#7044 = CARTESIAN_POINT('',(1.079554699309,-4.124369124114));
#7045 = CARTESIAN_POINT('',(-14.55707495005,-16.59416516128));
#7046 = ( GEOMETRIC_REPRESENTATION_CONTEXT(2) 
PARAMETRIC_REPRESENTATION_CONTEXT() REPRESENTATION_CONTEXT('2D SPACE',''
  ) );
#7047 = PCURVE('',#6702,#7048);
#7048 = DEFINITIONAL_REPRESENTATION('',(#7049),#7052);
#7049 = B_SPLINE_CURVE_WITH_KNOTS('',1,(#7050,#7051),.UNSPECIFIED.,.F.,
  .F.,(2,2),(0.,20.),.PIECEWISE_BEZIER_KNOTS.);
#7050 = CARTESIAN_POINT('',(-1.75,10.));
#7051 = CARTESIAN_POINT('',(-1.75,-10.));
#7052 = ( GEOMETRIC_REPRESENTATION_CONTEXT(2) 
PARAMETRIC_REPRESENTATION_CONTEXT() REPRESENTATION_CONTEXT('2D SPACE',''
  ) );
#7053 = ORIENTED_EDGE('',*,*,#7054,.F.);
#7054 = EDGE_CURVE('',#6878,#7035,#7055,.T.);
#7055 = SURFACE_CURVE('',#7056,(#7059,#7065),.PCURVE_S1.);
#7056 = B_SPLINE_CURVE_WITH_KNOTS('',1,(#7057,#7058),.UNSPECIFIED.,.F.,
  .F.,(2,2),(0.,3.5),.PIECEWISE_BEZIER_KNOTS.);
#7057 = CARTESIAN_POINT('',(-10.75239114619,-16.27724130924,0.));
#7058 = CARTESIAN_POINT('',(-7.599000108531,-14.75864822233,0.));
#7059 = PCURVE('',#4467,#7060);
#7060 = DEFINITIONAL_REPRESENTATION('',(#7061),#7064);
#7061 = B_SPLINE_CURVE_WITH_KNOTS('',1,(#7062,#7063),.UNSPECIFIED.,.F.,
  .F.,(2,2),(0.,3.5),.PIECEWISE_BEZIER_KNOTS.);
#7062 = CARTESIAN_POINT('',(3.261769005814,-6.860779312752));
#7063 = CARTESIAN_POINT('',(1.079554699309,-4.124369124114));
#7064 = ( GEOMETRIC_REPRESENTATION_CONTEXT(2) 
PARAMETRIC_REPRESENTATION_CONTEXT() REPRESENTATION_CONTEXT('2D SPACE',''
  ) );
#7065 = PCURVE('',#6702,#7066);
#7066 = DEFINITIONAL_REPRESENTATION('',(#7067),#7070);
#7067 = B_SPLINE_CURVE_WITH_KNOTS('',1,(#7068,#7069),.UNSPECIFIED.,.F.,
  .F.,(2,2),(0.,3.5),.PIECEWISE_BEZIER_KNOTS.);
#7068 = CARTESIAN_POINT('',(1.75,10.));
#7069 = CARTESIAN_POINT('',(-1.75,10.));
#7070 = ( GEOMETRIC_REPRESENTATION_CONTEXT(2) 
PARAMETRIC_REPRESENTATION_CONTEXT() REPRESENTATION_CONTEXT('2D SPACE',''
  ) );
#7071 = ORIENTED_EDGE('',*,*,#6928,.T.);
#7072 = ORIENTED_EDGE('',*,*,#7073,.F.);
#7073 = EDGE_CURVE('',#7009,#6929,#7074,.T.);
#7074 = SURFACE_CURVE('',#7075,(#7078,#7084),.PCURVE_S1.);
#7075 = B_SPLINE_CURVE_WITH_KNOTS('',1,(#7076,#7077),.UNSPECIFIED.,.F.,
  .F.,(2,2),(0.,3.5),.PIECEWISE_BEZIER_KNOTS.);
#7076 = CARTESIAN_POINT('',(0.442925049948,-16.59416516128,0.));
#7077 = CARTESIAN_POINT('',(2.625139356453,-19.33057534992,0.));
#7078 = PCURVE('',#4467,#7079);
#7079 = DEFINITIONAL_REPRESENTATION('',(#7080),#7083);
#7080 = B_SPLINE_CURVE_WITH_KNOTS('',1,(#7081,#7082),.UNSPECIFIED.,.F.,
  .F.,(2,2),(0.,3.5),.PIECEWISE_BEZIER_KNOTS.);
#7081 = CARTESIAN_POINT('',(1.079554699309,4.124369124114));
#7082 = CARTESIAN_POINT('',(3.261769005814,6.860779312752));
#7083 = ( GEOMETRIC_REPRESENTATION_CONTEXT(2) 
PARAMETRIC_REPRESENTATION_CONTEXT() REPRESENTATION_CONTEXT('2D SPACE',''
  ) );
#7084 = PCURVE('',#7022,#7085);
#7085 = DEFINITIONAL_REPRESENTATION('',(#7086),#7089);
#7086 = B_SPLINE_CURVE_WITH_KNOTS('',1,(#7087,#7088),.UNSPECIFIED.,.F.,
  .F.,(2,2),(0.,3.5),.PIECEWISE_BEZIER_KNOTS.);
#7087 = CARTESIAN_POINT('',(1.079554699309,4.124369124114));
#7088 = CARTESIAN_POINT('',(3.261769005814,6.860779312752));
#7089 = ( GEOMETRIC_REPRESENTATION_CONTEXT(2) 
PARAMETRIC_REPRESENTATION_CONTEXT() REPRESENTATION_CONTEXT('2D SPACE',''
  ) );
#7090 = ADVANCED_FACE('',(#7091),#4765,.T.);
#7091 = FACE_BOUND('',#7092,.T.);
#7092 = EDGE_LOOP('',(#7093,#7094,#7095,#7114,#7115));
#7093 = ORIENTED_EDGE('',*,*,#4905,.F.);
#7094 = ORIENTED_EDGE('',*,*,#6949,.F.);
#7095 = ORIENTED_EDGE('',*,*,#7096,.T.);
#7096 = EDGE_CURVE('',#6929,#5224,#7097,.T.);
#7097 = SURFACE_CURVE('',#7098,(#7101,#7108),.PCURVE_S1.);
#7098 = B_SPLINE_CURVE_WITH_KNOTS('',1,(#7099,#7100),.UNSPECIFIED.,.F.,
  .F.,(2,2),(0.,3.5),.PIECEWISE_BEZIER_KNOTS.);
#7099 = CARTESIAN_POINT('',(0.442925049948,-16.59416516128,0.));
#7100 = CARTESIAN_POINT('',(2.625139356453,-19.33057534992,0.));
#7101 = PCURVE('',#4765,#7102);
#7102 = DEFINITIONAL_REPRESENTATION('',(#7103),#7107);
#7103 = LINE('',#7104,#7105);
#7104 = CARTESIAN_POINT('',(0.,0.));
#7105 = VECTOR('',#7106,1.);
#7106 = DIRECTION('',(1.,0.));
#7107 = ( GEOMETRIC_REPRESENTATION_CONTEXT(2) 
PARAMETRIC_REPRESENTATION_CONTEXT() REPRESENTATION_CONTEXT('2D SPACE',''
  ) );
#7108 = PCURVE('',#5264,#7109);
#7109 = DEFINITIONAL_REPRESENTATION('',(#7110),#7113);
#7110 = B_SPLINE_CURVE_WITH_KNOTS('',1,(#7111,#7112),.UNSPECIFIED.,.F.,
  .F.,(2,2),(0.,3.5),.PIECEWISE_BEZIER_KNOTS.);
#7111 = CARTESIAN_POINT('',(-1.75,-10.));
#7112 = CARTESIAN_POINT('',(1.75,-10.));
#7113 = ( GEOMETRIC_REPRESENTATION_CONTEXT(2) 
PARAMETRIC_REPRESENTATION_CONTEXT() REPRESENTATION_CONTEXT('2D SPACE',''
  ) );
#7114 = ORIENTED_EDGE('',*,*,#5223,.T.);
#7115 = ORIENTED_EDGE('',*,*,#4751,.F.);
#7116 = ADVANCED_FACE('',(#7117),#4824,.F.);
#7117 = FACE_BOUND('',#7118,.F.);
#7118 = EDGE_LOOP('',(#7119,#7120,#7140,#7158,#7159,#7179));
#7119 = ORIENTED_EDGE('',*,*,#4811,.T.);
#7120 = ORIENTED_EDGE('',*,*,#7121,.F.);
#7121 = EDGE_CURVE('',#7122,#4411,#7124,.T.);
#7122 = VERTEX_POINT('',#7123);
#7123 = CARTESIAN_POINT('',(6.800876746897,-15.14300417597,0.));
#7124 = SURFACE_CURVE('',#7125,(#7128,#7134),.PCURVE_S1.);
#7125 = B_SPLINE_CURVE_WITH_KNOTS('',1,(#7126,#7127),.UNSPECIFIED.,.F.,
  .F.,(2,2),(0.,20.),.PIECEWISE_BEZIER_KNOTS.);
#7126 = CARTESIAN_POINT('',(6.800876746897,-15.14300417597,0.));
#7127 = CARTESIAN_POINT('',(-12.69768149673,-10.69258549684,0.));
#7128 = PCURVE('',#4824,#7129);
#7129 = DEFINITIONAL_REPRESENTATION('',(#7130),#7133);
#7130 = B_SPLINE_CURVE_WITH_KNOTS('',1,(#7131,#7132),.UNSPECIFIED.,.F.,
  .F.,(2,2),(0.,20.),.PIECEWISE_BEZIER_KNOTS.);
#7131 = CARTESIAN_POINT('',(1.079554699309,-4.124369124114));
#7132 = CARTESIAN_POINT('',(-14.55707495005,-16.59416516128));
#7133 = ( GEOMETRIC_REPRESENTATION_CONTEXT(2) 
PARAMETRIC_REPRESENTATION_CONTEXT() REPRESENTATION_CONTEXT('2D SPACE',''
  ) );
#7134 = PCURVE('',#7022,#7135);
#7135 = DEFINITIONAL_REPRESENTATION('',(#7136),#7139);
#7136 = B_SPLINE_CURVE_WITH_KNOTS('',1,(#7137,#7138),.UNSPECIFIED.,.F.,
  .F.,(2,2),(0.,20.),.PIECEWISE_BEZIER_KNOTS.);
#7137 = CARTESIAN_POINT('',(-1.75,10.));
#7138 = CARTESIAN_POINT('',(-1.75,-10.));
#7139 = ( GEOMETRIC_REPRESENTATION_CONTEXT(2) 
PARAMETRIC_REPRESENTATION_CONTEXT() REPRESENTATION_CONTEXT('2D SPACE',''
  ) );
#7140 = ORIENTED_EDGE('',*,*,#7141,.F.);
#7141 = EDGE_CURVE('',#5327,#7122,#7142,.T.);
#7142 = SURFACE_CURVE('',#7143,(#7146,#7152),.PCURVE_S1.);
#7143 = B_SPLINE_CURVE_WITH_KNOTS('',1,(#7144,#7145),.UNSPECIFIED.,.F.,
  .F.,(2,2),(0.,3.5),.PIECEWISE_BEZIER_KNOTS.);
#7144 = CARTESIAN_POINT('',(6.02205347805,-18.5552518686,0.));
#7145 = CARTESIAN_POINT('',(6.800876746897,-15.14300417597,0.));
#7146 = PCURVE('',#4824,#7147);
#7147 = DEFINITIONAL_REPRESENTATION('',(#7148),#7151);
#7148 = B_SPLINE_CURVE_WITH_KNOTS('',1,(#7149,#7150),.UNSPECIFIED.,.F.,
  .F.,(2,2),(0.,3.5),.PIECEWISE_BEZIER_KNOTS.);
#7149 = CARTESIAN_POINT('',(3.261769005814,-6.860779312752));
#7150 = CARTESIAN_POINT('',(1.079554699309,-4.124369124114));
#7151 = ( GEOMETRIC_REPRESENTATION_CONTEXT(2) 
PARAMETRIC_REPRESENTATION_CONTEXT() REPRESENTATION_CONTEXT('2D SPACE',''
  ) );
#7152 = PCURVE('',#7022,#7153);
#7153 = DEFINITIONAL_REPRESENTATION('',(#7154),#7157);
#7154 = B_SPLINE_CURVE_WITH_KNOTS('',1,(#7155,#7156),.UNSPECIFIED.,.F.,
  .F.,(2,2),(0.,3.5),.PIECEWISE_BEZIER_KNOTS.);
#7155 = CARTESIAN_POINT('',(1.75,10.));
#7156 = CARTESIAN_POINT('',(-1.75,10.));
#7157 = ( GEOMETRIC_REPRESENTATION_CONTEXT(2) 
PARAMETRIC_REPRESENTATION_CONTEXT() REPRESENTATION_CONTEXT('2D SPACE',''
  ) );
#7158 = ORIENTED_EDGE('',*,*,#5377,.T.);
#7159 = ORIENTED_EDGE('',*,*,#7160,.F.);
#7160 = EDGE_CURVE('',#7161,#5171,#7163,.T.);
#7161 = VERTEX_POINT('',#7162);
#7162 = CARTESIAN_POINT('',(13.25,-10.,0.));
#7163 = SURFACE_CURVE('',#7164,(#7167,#7173),.PCURVE_S1.);
#7164 = B_SPLINE_CURVE_WITH_KNOTS('',1,(#7165,#7166),.UNSPECIFIED.,.F.,
  .F.,(2,2),(0.,3.5),.PIECEWISE_BEZIER_KNOTS.);
#7165 = CARTESIAN_POINT('',(13.25,-10.,0.));
#7166 = CARTESIAN_POINT('',(16.75,-10.,0.));
#7167 = PCURVE('',#4824,#7168);
#7168 = DEFINITIONAL_REPRESENTATION('',(#7169),#7172);
#7169 = B_SPLINE_CURVE_WITH_KNOTS('',1,(#7170,#7171),.UNSPECIFIED.,.F.,
  .F.,(2,2),(0.,3.5),.PIECEWISE_BEZIER_KNOTS.);
#7170 = CARTESIAN_POINT('',(1.079554699309,4.124369124114));
#7171 = CARTESIAN_POINT('',(3.261769005814,6.860779312752));
#7172 = ( GEOMETRIC_REPRESENTATION_CONTEXT(2) 
PARAMETRIC_REPRESENTATION_CONTEXT() REPRESENTATION_CONTEXT('2D SPACE',''
  ) );
#7173 = PCURVE('',#5443,#7174);
#7174 = DEFINITIONAL_REPRESENTATION('',(#7175),#7178);
#7175 = B_SPLINE_CURVE_WITH_KNOTS('',1,(#7176,#7177),.UNSPECIFIED.,.F.,
  .F.,(2,2),(0.,3.5),.PIECEWISE_BEZIER_KNOTS.);
#7176 = CARTESIAN_POINT('',(-1.75,-10.));
#7177 = CARTESIAN_POINT('',(1.75,-10.));
#7178 = ( GEOMETRIC_REPRESENTATION_CONTEXT(2) 
PARAMETRIC_REPRESENTATION_CONTEXT() REPRESENTATION_CONTEXT('2D SPACE',''
  ) );
#7179 = ORIENTED_EDGE('',*,*,#7180,.F.);
#7180 = EDGE_CURVE('',#2387,#7161,#7181,.T.);
#7181 = SURFACE_CURVE('',#7182,(#7185,#7191),.PCURVE_S1.);
#7182 = B_SPLINE_CURVE_WITH_KNOTS('',1,(#7183,#7184),.UNSPECIFIED.,.F.,
  .F.,(2,2),(0.,20.),.PIECEWISE_BEZIER_KNOTS.);
#7183 = CARTESIAN_POINT('',(13.25,10.,0.));
#7184 = CARTESIAN_POINT('',(13.25,-10.,0.));
#7185 = PCURVE('',#4824,#7186);
#7186 = DEFINITIONAL_REPRESENTATION('',(#7187),#7190);
#7187 = B_SPLINE_CURVE_WITH_KNOTS('',1,(#7188,#7189),.UNSPECIFIED.,.F.,
  .F.,(2,2),(0.,20.),.PIECEWISE_BEZIER_KNOTS.);
#7188 = CARTESIAN_POINT('',(-14.55707495005,16.594165161289));
#7189 = CARTESIAN_POINT('',(1.079554699309,4.124369124114));
#7190 = ( GEOMETRIC_REPRESENTATION_CONTEXT(2) 
PARAMETRIC_REPRESENTATION_CONTEXT() REPRESENTATION_CONTEXT('2D SPACE',''
  ) );
#7191 = PCURVE('',#5443,#7192);
#7192 = DEFINITIONAL_REPRESENTATION('',(#7193),#7196);
#7193 = B_SPLINE_CURVE_WITH_KNOTS('',1,(#7194,#7195),.UNSPECIFIED.,.F.,
  .F.,(2,2),(0.,20.),.PIECEWISE_BEZIER_KNOTS.);
#7194 = CARTESIAN_POINT('',(-1.75,10.));
#7195 = CARTESIAN_POINT('',(-1.75,-10.));
#7196 = ( GEOMETRIC_REPRESENTATION_CONTEXT(2) 
PARAMETRIC_REPRESENTATION_CONTEXT() REPRESENTATION_CONTEXT('2D SPACE',''
  ) );
#7197 = ADVANCED_FACE('',(#7198),#5090,.T.);
#7198 = FACE_BOUND('',#7199,.T.);
#7199 = EDGE_LOOP('',(#7200,#7226,#7250));
#7200 = ORIENTED_EDGE('',*,*,#7201,.F.);
#7201 = EDGE_CURVE('',#7202,#5014,#7204,.T.);
#7202 = VERTEX_POINT('',#7203);
#7203 = CARTESIAN_POINT('',(18.261769005814,-6.860779312752,0.));
#7204 = SURFACE_CURVE('',#7205,(#7212,#7219),.PCURVE_S1.);
#7205 = B_SPLINE_CURVE_WITH_KNOTS('',5,(#7206,#7207,#7208,#7209,#7210,
    #7211),.UNSPECIFIED.,.F.,.F.,(6,6),(0.,26.),
  .PIECEWISE_BEZIER_KNOTS.);
#7206 = CARTESIAN_POINT('',(18.261769005814,-6.860779312752,0.));
#7207 = CARTESIAN_POINT('',(17.548274558033,-5.554589829851,5.2));
#7208 = CARTESIAN_POINT('',(16.595440014791,-4.379117025368,10.4));
#7209 = CARTESIAN_POINT('',(15.43500332426,-3.393084874187,15.6));
#7210 = CARTESIAN_POINT('',(14.121125748987,-2.642514625596,20.8));
#7211 = CARTESIAN_POINT('',(12.716884681399,-2.149247642762,26.));
#7212 = PCURVE('',#5090,#7213);
#7213 = DEFINITIONAL_REPRESENTATION('',(#7214),#7218);
#7214 = LINE('',#7215,#7216);
#7215 = CARTESIAN_POINT('',(0.,0.));
#7216 = VECTOR('',#7217,1.);
#7217 = DIRECTION('',(0.,1.));
#7218 = ( GEOMETRIC_REPRESENTATION_CONTEXT(2) 
PARAMETRIC_REPRESENTATION_CONTEXT() REPRESENTATION_CONTEXT('2D SPACE',''
  ) );
#7219 = PCURVE('',#5039,#7220);
#7220 = DEFINITIONAL_REPRESENTATION('',(#7221),#7225);
#7221 = LINE('',#7222,#7223);
#7222 = CARTESIAN_POINT('',(20.,0.));
#7223 = VECTOR('',#7224,1.);
#7224 = DIRECTION('',(0.,1.));
#7225 = ( GEOMETRIC_REPRESENTATION_CONTEXT(2) 
PARAMETRIC_REPRESENTATION_CONTEXT() REPRESENTATION_CONTEXT('2D SPACE',''
  ) );
#7226 = ORIENTED_EDGE('',*,*,#7227,.T.);
#7227 = EDGE_CURVE('',#7202,#5065,#7228,.T.);
#7228 = SURFACE_CURVE('',#7229,(#7232,#7239),.PCURVE_S1.);
#7229 = B_SPLINE_CURVE_WITH_KNOTS('',1,(#7230,#7231),.UNSPECIFIED.,.F.,
  .F.,(2,2),(0.,3.5),.PIECEWISE_BEZIER_KNOTS.);
#7230 = CARTESIAN_POINT('',(18.261769005814,-6.860779312752,0.));
#7231 = CARTESIAN_POINT('',(16.079554699309,-4.124369124114,0.));
#7232 = PCURVE('',#5090,#7233);
#7233 = DEFINITIONAL_REPRESENTATION('',(#7234),#7238);
#7234 = LINE('',#7235,#7236);
#7235 = CARTESIAN_POINT('',(0.,0.));
#7236 = VECTOR('',#7237,1.);
#7237 = DIRECTION('',(1.,0.));
#7238 = ( GEOMETRIC_REPRESENTATION_CONTEXT(2) 
PARAMETRIC_REPRESENTATION_CONTEXT() REPRESENTATION_CONTEXT('2D SPACE',''
  ) );
#7239 = PCURVE('',#7240,#7245);
#7240 = PLANE('',#7241);
#7241 = AXIS2_PLACEMENT_3D('',#7242,#7243,#7244);
#7242 = CARTESIAN_POINT('',(9.352347027881,-11.72747223702,0.));
#7243 = DIRECTION('',(0.,0.,1.));
#7244 = DIRECTION('',(0.623489801859,-0.781831482468,0.));
#7245 = DEFINITIONAL_REPRESENTATION('',(#7246),#7249);
#7246 = B_SPLINE_CURVE_WITH_KNOTS('',1,(#7247,#7248),.UNSPECIFIED.,.F.,
  .F.,(2,2),(0.,3.5),.PIECEWISE_BEZIER_KNOTS.);
#7247 = CARTESIAN_POINT('',(1.75,10.));
#7248 = CARTESIAN_POINT('',(-1.75,10.));
#7249 = ( GEOMETRIC_REPRESENTATION_CONTEXT(2) 
PARAMETRIC_REPRESENTATION_CONTEXT() REPRESENTATION_CONTEXT('2D SPACE',''
  ) );
#7250 = ORIENTED_EDGE('',*,*,#5064,.F.);
#7251 = ADVANCED_FACE('',(#7252),#5039,.T.);
#7252 = FACE_BOUND('',#7253,.T.);
#7253 = EDGE_LOOP('',(#7254,#7255,#7256));
#7254 = ORIENTED_EDGE('',*,*,#7201,.T.);
#7255 = ORIENTED_EDGE('',*,*,#5013,.F.);
#7256 = ORIENTED_EDGE('',*,*,#7257,.T.);
#7257 = EDGE_CURVE('',#4988,#7202,#7258,.T.);
#7258 = SURFACE_CURVE('',#7259,(#7262,#7269),.PCURVE_S1.);
#7259 = B_SPLINE_CURVE_WITH_KNOTS('',1,(#7260,#7261),.UNSPECIFIED.,.F.,
  .F.,(2,2),(0.,20.),.PIECEWISE_BEZIER_KNOTS.);
#7260 = CARTESIAN_POINT('',(2.625139356453,-19.33057534992,0.));
#7261 = CARTESIAN_POINT('',(18.261769005814,-6.860779312752,0.));
#7262 = PCURVE('',#5039,#7263);
#7263 = DEFINITIONAL_REPRESENTATION('',(#7264),#7268);
#7264 = LINE('',#7265,#7266);
#7265 = CARTESIAN_POINT('',(0.,0.));
#7266 = VECTOR('',#7267,1.);
#7267 = DIRECTION('',(1.,0.));
#7268 = ( GEOMETRIC_REPRESENTATION_CONTEXT(2) 
PARAMETRIC_REPRESENTATION_CONTEXT() REPRESENTATION_CONTEXT('2D SPACE',''
  ) );
#7269 = PCURVE('',#7240,#7270);
#7270 = DEFINITIONAL_REPRESENTATION('',(#7271),#7274);
#7271 = B_SPLINE_CURVE_WITH_KNOTS('',1,(#7272,#7273),.UNSPECIFIED.,.F.,
  .F.,(2,2),(0.,20.),.PIECEWISE_BEZIER_KNOTS.);
#7272 = CARTESIAN_POINT('',(1.75,-10.));
#7273 = CARTESIAN_POINT('',(1.75,10.));
#7274 = ( GEOMETRIC_REPRESENTATION_CONTEXT(2) 
PARAMETRIC_REPRESENTATION_CONTEXT() REPRESENTATION_CONTEXT('2D SPACE',''
  ) );
#7275 = ADVANCED_FACE('',(#7276),#5002,.F.);
#7276 = FACE_BOUND('',#7277,.F.);
#7277 = EDGE_LOOP('',(#7278,#7296,#7297));
#7278 = ORIENTED_EDGE('',*,*,#7279,.F.);
#7279 = EDGE_CURVE('',#5171,#4988,#7280,.T.);
#7280 = SURFACE_CURVE('',#7281,(#7284,#7290),.PCURVE_S1.);
#7281 = B_SPLINE_CURVE_WITH_KNOTS('',1,(#7282,#7283),.UNSPECIFIED.,.F.,
  .F.,(2,2),(0.,20.),.PIECEWISE_BEZIER_KNOTS.);
#7282 = CARTESIAN_POINT('',(2.625139356453,-19.33057534992,0.));
#7283 = CARTESIAN_POINT('',(18.261769005814,-6.860779312752,0.));
#7284 = PCURVE('',#5002,#7285);
#7285 = DEFINITIONAL_REPRESENTATION('',(#7286),#7289);
#7286 = B_SPLINE_CURVE_WITH_KNOTS('',1,(#7287,#7288),.UNSPECIFIED.,.F.,
  .F.,(2,2),(0.,20.),.PIECEWISE_BEZIER_KNOTS.);
#7287 = CARTESIAN_POINT('',(-12.37486064354,-19.33057534992));
#7288 = CARTESIAN_POINT('',(3.261769005814,-6.860779312752));
#7289 = ( GEOMETRIC_REPRESENTATION_CONTEXT(2) 
PARAMETRIC_REPRESENTATION_CONTEXT() REPRESENTATION_CONTEXT('2D SPACE',''
  ) );
#7290 = PCURVE('',#5443,#7291);
#7291 = DEFINITIONAL_REPRESENTATION('',(#7292),#7295);
#7292 = B_SPLINE_CURVE_WITH_KNOTS('',1,(#7293,#7294),.UNSPECIFIED.,.F.,
  .F.,(2,2),(0.,20.),.PIECEWISE_BEZIER_KNOTS.);
#7293 = CARTESIAN_POINT('',(-12.37486064354,-19.33057534992));
#7294 = CARTESIAN_POINT('',(3.261769005814,-6.860779312752));
#7295 = ( GEOMETRIC_REPRESENTATION_CONTEXT(2) 
PARAMETRIC_REPRESENTATION_CONTEXT() REPRESENTATION_CONTEXT('2D SPACE',''
  ) );
#7296 = ORIENTED_EDGE('',*,*,#5199,.T.);
#7297 = ORIENTED_EDGE('',*,*,#4987,.T.);
#7298 = ADVANCED_FACE('',(#7299),#5352,.T.);
#7299 = FACE_BOUND('',#7300,.T.);
#7300 = EDGE_LOOP('',(#7301,#7327,#7351));
#7301 = ORIENTED_EDGE('',*,*,#7302,.F.);
#7302 = EDGE_CURVE('',#7303,#5276,#7305,.T.);
#7303 = VERTEX_POINT('',#7304);
#7304 = CARTESIAN_POINT('',(6.02205347805,-18.5552518686,0.));
#7305 = SURFACE_CURVE('',#7306,(#7313,#7320),.PCURVE_S1.);
#7306 = B_SPLINE_CURVE_WITH_KNOTS('',5,(#7307,#7308,#7309,#7310,#7311,
    #7312),.UNSPECIFIED.,.F.,.F.,(6,6),(0.,26.),
  .PIECEWISE_BEZIER_KNOTS.);
#7307 = CARTESIAN_POINT('',(6.02205347805,-18.5552518686,0.));
#7308 = CARTESIAN_POINT('',(6.598417025977,-17.18302362488,5.2));
#7309 = CARTESIAN_POINT('',(6.923356050736,-15.70517227543,10.4));
#7310 = CARTESIAN_POINT('',(6.970746587006,-14.1831253468,15.6));
#7311 = CARTESIAN_POINT('',(6.738376768085,-12.68792159877,20.8));
#7312 = CARTESIAN_POINT('',(6.248498439534,-11.28249478976,26.));
#7313 = PCURVE('',#5352,#7314);
#7314 = DEFINITIONAL_REPRESENTATION('',(#7315),#7319);
#7315 = LINE('',#7316,#7317);
#7316 = CARTESIAN_POINT('',(0.,0.));
#7317 = VECTOR('',#7318,1.);
#7318 = DIRECTION('',(0.,1.));
#7319 = ( GEOMETRIC_REPRESENTATION_CONTEXT(2) 
PARAMETRIC_REPRESENTATION_CONTEXT() REPRESENTATION_CONTEXT('2D SPACE',''
  ) );
#7320 = PCURVE('',#5301,#7321);
#7321 = DEFINITIONAL_REPRESENTATION('',(#7322),#7326);
#7322 = LINE('',#7323,#7324);
#7323 = CARTESIAN_POINT('',(20.,0.));
#7324 = VECTOR('',#7325,1.);
#7325 = DIRECTION('',(0.,1.));
#7326 = ( GEOMETRIC_REPRESENTATION_CONTEXT(2) 
PARAMETRIC_REPRESENTATION_CONTEXT() REPRESENTATION_CONTEXT('2D SPACE',''
  ) );
#7327 = ORIENTED_EDGE('',*,*,#7328,.T.);
#7328 = EDGE_CURVE('',#7303,#5327,#7329,.T.);
#7329 = SURFACE_CURVE('',#7330,(#7333,#7340),.PCURVE_S1.);
#7330 = B_SPLINE_CURVE_WITH_KNOTS('',1,(#7331,#7332),.UNSPECIFIED.,.F.,
  .F.,(2,2),(0.,3.5),.PIECEWISE_BEZIER_KNOTS.);
#7331 = CARTESIAN_POINT('',(6.02205347805,-18.5552518686,0.));
#7332 = CARTESIAN_POINT('',(6.800876746897,-15.14300417597,0.));
#7333 = PCURVE('',#5352,#7334);
#7334 = DEFINITIONAL_REPRESENTATION('',(#7335),#7339);
#7335 = LINE('',#7336,#7337);
#7336 = CARTESIAN_POINT('',(0.,0.));
#7337 = VECTOR('',#7338,1.);
#7338 = DIRECTION('',(1.,0.));
#7339 = ( GEOMETRIC_REPRESENTATION_CONTEXT(2) 
PARAMETRIC_REPRESENTATION_CONTEXT() REPRESENTATION_CONTEXT('2D SPACE',''
  ) );
#7340 = PCURVE('',#7341,#7346);
#7341 = PLANE('',#7342);
#7342 = AXIS2_PLACEMENT_3D('',#7343,#7344,#7345);
#7343 = CARTESIAN_POINT('',(-3.337814009345,-14.62391868272,0.));
#7344 = DIRECTION('',(0.,0.,1.));
#7345 = DIRECTION('',(-0.222520933956,-0.974927912182,0.));
#7346 = DEFINITIONAL_REPRESENTATION('',(#7347),#7350);
#7347 = B_SPLINE_CURVE_WITH_KNOTS('',1,(#7348,#7349),.UNSPECIFIED.,.F.,
  .F.,(2,2),(0.,3.5),.PIECEWISE_BEZIER_KNOTS.);
#7348 = CARTESIAN_POINT('',(1.75,10.));
#7349 = CARTESIAN_POINT('',(-1.75,10.));
#7350 = ( GEOMETRIC_REPRESENTATION_CONTEXT(2) 
PARAMETRIC_REPRESENTATION_CONTEXT() REPRESENTATION_CONTEXT('2D SPACE',''
  ) );
#7351 = ORIENTED_EDGE('',*,*,#5326,.T.);
#7352 = ADVANCED_FACE('',(#7353),#5301,.T.);
#7353 = FACE_BOUND('',#7354,.T.);
#7354 = EDGE_LOOP('',(#7355,#7356,#7357));
#7355 = ORIENTED_EDGE('',*,*,#7302,.T.);
#7356 = ORIENTED_EDGE('',*,*,#5275,.T.);
#7357 = ORIENTED_EDGE('',*,*,#7358,.T.);
#7358 = EDGE_CURVE('',#5250,#7303,#7359,.T.);
#7359 = SURFACE_CURVE('',#7360,(#7363,#7370),.PCURVE_S1.);
#7360 = B_SPLINE_CURVE_WITH_KNOTS('',1,(#7361,#7362),.UNSPECIFIED.,.F.,
  .F.,(2,2),(0.,20.),.PIECEWISE_BEZIER_KNOTS.);
#7361 = CARTESIAN_POINT('',(-13.47650476558,-14.10483318948,0.));
#7362 = CARTESIAN_POINT('',(6.02205347805,-18.5552518686,0.));
#7363 = PCURVE('',#5301,#7364);
#7364 = DEFINITIONAL_REPRESENTATION('',(#7365),#7369);
#7365 = LINE('',#7366,#7367);
#7366 = CARTESIAN_POINT('',(0.,0.));
#7367 = VECTOR('',#7368,1.);
#7368 = DIRECTION('',(1.,0.));
#7369 = ( GEOMETRIC_REPRESENTATION_CONTEXT(2) 
PARAMETRIC_REPRESENTATION_CONTEXT() REPRESENTATION_CONTEXT('2D SPACE',''
  ) );
#7370 = PCURVE('',#7341,#7371);
#7371 = DEFINITIONAL_REPRESENTATION('',(#7372),#7375);
#7372 = B_SPLINE_CURVE_WITH_KNOTS('',1,(#7373,#7374),.UNSPECIFIED.,.F.,
  .F.,(2,2),(0.,20.),.PIECEWISE_BEZIER_KNOTS.);
#7373 = CARTESIAN_POINT('',(1.75,-10.));
#7374 = CARTESIAN_POINT('',(1.75,10.));
#7375 = ( GEOMETRIC_REPRESENTATION_CONTEXT(2) 
PARAMETRIC_REPRESENTATION_CONTEXT() REPRESENTATION_CONTEXT('2D SPACE',''
  ) );
#7376 = ADVANCED_FACE('',(#7377),#5264,.F.);
#7377 = FACE_BOUND('',#7378,.F.);
#7378 = EDGE_LOOP('',(#7379,#7397,#7398));
#7379 = ORIENTED_EDGE('',*,*,#7380,.F.);
#7380 = EDGE_CURVE('',#6929,#5250,#7381,.T.);
#7381 = SURFACE_CURVE('',#7382,(#7385,#7391),.PCURVE_S1.);
#7382 = B_SPLINE_CURVE_WITH_KNOTS('',1,(#7383,#7384),.UNSPECIFIED.,.F.,
  .F.,(2,2),(0.,20.),.PIECEWISE_BEZIER_KNOTS.);
#7383 = CARTESIAN_POINT('',(-13.47650476558,-14.10483318948,0.));
#7384 = CARTESIAN_POINT('',(6.02205347805,-18.5552518686,0.));
#7385 = PCURVE('',#5264,#7386);
#7386 = DEFINITIONAL_REPRESENTATION('',(#7387),#7390);
#7387 = B_SPLINE_CURVE_WITH_KNOTS('',1,(#7388,#7389),.UNSPECIFIED.,.F.,
  .F.,(2,2),(0.,20.),.PIECEWISE_BEZIER_KNOTS.);
#7388 = CARTESIAN_POINT('',(-12.37486064354,-19.33057534992));
#7389 = CARTESIAN_POINT('',(3.261769005814,-6.860779312752));
#7390 = ( GEOMETRIC_REPRESENTATION_CONTEXT(2) 
PARAMETRIC_REPRESENTATION_CONTEXT() REPRESENTATION_CONTEXT('2D SPACE',''
  ) );
#7391 = PCURVE('',#7022,#7392);
#7392 = DEFINITIONAL_REPRESENTATION('',(#7393),#7396);
#7393 = B_SPLINE_CURVE_WITH_KNOTS('',1,(#7394,#7395),.UNSPECIFIED.,.F.,
  .F.,(2,2),(0.,20.),.PIECEWISE_BEZIER_KNOTS.);
#7394 = CARTESIAN_POINT('',(1.75,-10.));
#7395 = CARTESIAN_POINT('',(1.75,10.));
#7396 = ( GEOMETRIC_REPRESENTATION_CONTEXT(2) 
PARAMETRIC_REPRESENTATION_CONTEXT() REPRESENTATION_CONTEXT('2D SPACE',''
  ) );
#7397 = ORIENTED_EDGE('',*,*,#7096,.T.);
#7398 = ORIENTED_EDGE('',*,*,#5249,.T.);
#7399 = ADVANCED_FACE('',(#7400),#5417,.F.);
#7400 = FACE_BOUND('',#7401,.F.);
#7401 = EDGE_LOOP('',(#7402,#7403,#7404,#7405,#7423,#7446));
#7402 = ORIENTED_EDGE('',*,*,#5754,.T.);
#7403 = ORIENTED_EDGE('',*,*,#5403,.T.);
#7404 = ORIENTED_EDGE('',*,*,#5473,.T.);
#7405 = ORIENTED_EDGE('',*,*,#7406,.T.);
#7406 = EDGE_CURVE('',#5116,#5521,#7407,.T.);
#7407 = SURFACE_CURVE('',#7408,(#7411,#7417),.PCURVE_S1.);
#7408 = B_SPLINE_CURVE_WITH_KNOTS('',1,(#7409,#7410),.UNSPECIFIED.,.F.,
  .F.,(2,2),(0.,20.),.PIECEWISE_BEZIER_KNOTS.);
#7409 = CARTESIAN_POINT('',(16.75,-10.,0.));
#7410 = CARTESIAN_POINT('',(16.75,10.,0.));
#7411 = PCURVE('',#5417,#7412);
#7412 = DEFINITIONAL_REPRESENTATION('',(#7413),#7416);
#7413 = B_SPLINE_CURVE_WITH_KNOTS('',1,(#7414,#7415),.UNSPECIFIED.,.F.,
  .F.,(2,2),(0.,20.),.PIECEWISE_BEZIER_KNOTS.);
#7414 = CARTESIAN_POINT('',(1.75,-10.));
#7415 = CARTESIAN_POINT('',(1.75,10.));
#7416 = ( GEOMETRIC_REPRESENTATION_CONTEXT(2) 
PARAMETRIC_REPRESENTATION_CONTEXT() REPRESENTATION_CONTEXT('2D SPACE',''
  ) );
#7417 = PCURVE('',#5535,#7418);
#7418 = DEFINITIONAL_REPRESENTATION('',(#7419),#7422);
#7419 = B_SPLINE_CURVE_WITH_KNOTS('',1,(#7420,#7421),.UNSPECIFIED.,.F.,
  .F.,(2,2),(0.,20.),.PIECEWISE_BEZIER_KNOTS.);
#7420 = CARTESIAN_POINT('',(-12.37486064354,-19.33057534992));
#7421 = CARTESIAN_POINT('',(3.261769005814,-6.860779312752));
#7422 = ( GEOMETRIC_REPRESENTATION_CONTEXT(2) 
PARAMETRIC_REPRESENTATION_CONTEXT() REPRESENTATION_CONTEXT('2D SPACE',''
  ) );
#7423 = ORIENTED_EDGE('',*,*,#7424,.T.);
#7424 = EDGE_CURVE('',#5521,#5598,#7425,.T.);
#7425 = SURFACE_CURVE('',#7426,(#7429,#7435),.PCURVE_S1.);
#7426 = B_SPLINE_CURVE_WITH_KNOTS('',1,(#7427,#7428),.UNSPECIFIED.,.F.,
  .F.,(2,2),(0.,20.),.PIECEWISE_BEZIER_KNOTS.);
#7427 = CARTESIAN_POINT('',(18.261769005814,6.860779312752,0.));
#7428 = CARTESIAN_POINT('',(2.625139356453,19.330575349927,0.));
#7429 = PCURVE('',#5417,#7430);
#7430 = DEFINITIONAL_REPRESENTATION('',(#7431),#7434);
#7431 = B_SPLINE_CURVE_WITH_KNOTS('',1,(#7432,#7433),.UNSPECIFIED.,.F.,
  .F.,(2,2),(0.,20.),.PIECEWISE_BEZIER_KNOTS.);
#7432 = CARTESIAN_POINT('',(3.261769005814,6.860779312752));
#7433 = CARTESIAN_POINT('',(-12.37486064354,19.330575349927));
#7434 = ( GEOMETRIC_REPRESENTATION_CONTEXT(2) 
PARAMETRIC_REPRESENTATION_CONTEXT() REPRESENTATION_CONTEXT('2D SPACE',''
  ) );
#7435 = PCURVE('',#7436,#7441);
#7436 = PLANE('',#7437);
#7437 = AXIS2_PLACEMENT_3D('',#7438,#7439,#7440);
#7438 = CARTESIAN_POINT('',(15.,0.,0.));
#7439 = DIRECTION('',(0.,0.,1.));
#7440 = DIRECTION('',(1.,0.,0.));
#7441 = DEFINITIONAL_REPRESENTATION('',(#7442),#7445);
#7442 = B_SPLINE_CURVE_WITH_KNOTS('',1,(#7443,#7444),.UNSPECIFIED.,.F.,
  .F.,(2,2),(0.,20.),.PIECEWISE_BEZIER_KNOTS.);
#7443 = CARTESIAN_POINT('',(3.261769005814,6.860779312752));
#7444 = CARTESIAN_POINT('',(-12.37486064354,19.330575349927));
#7445 = ( GEOMETRIC_REPRESENTATION_CONTEXT(2) 
PARAMETRIC_REPRESENTATION_CONTEXT() REPRESENTATION_CONTEXT('2D SPACE',''
  ) );
#7446 = ORIENTED_EDGE('',*,*,#5774,.T.);
#7447 = ADVANCED_FACE('',(#7448),#5443,.F.);
#7448 = FACE_BOUND('',#7449,.F.);
#7449 = EDGE_LOOP('',(#7450,#7451,#7452,#7453,#7454,#7472));
#7450 = ORIENTED_EDGE('',*,*,#5429,.T.);
#7451 = ORIENTED_EDGE('',*,*,#7180,.T.);
#7452 = ORIENTED_EDGE('',*,*,#7160,.T.);
#7453 = ORIENTED_EDGE('',*,*,#7279,.T.);
#7454 = ORIENTED_EDGE('',*,*,#7455,.T.);
#7455 = EDGE_CURVE('',#4988,#5065,#7456,.T.);
#7456 = SURFACE_CURVE('',#7457,(#7460,#7466),.PCURVE_S1.);
#7457 = B_SPLINE_CURVE_WITH_KNOTS('',1,(#7458,#7459),.UNSPECIFIED.,.F.,
  .F.,(2,2),(0.,20.),.PIECEWISE_BEZIER_KNOTS.);
#7458 = CARTESIAN_POINT('',(16.75,-10.,0.));
#7459 = CARTESIAN_POINT('',(16.75,10.,0.));
#7460 = PCURVE('',#5443,#7461);
#7461 = DEFINITIONAL_REPRESENTATION('',(#7462),#7465);
#7462 = B_SPLINE_CURVE_WITH_KNOTS('',1,(#7463,#7464),.UNSPECIFIED.,.F.,
  .F.,(2,2),(0.,20.),.PIECEWISE_BEZIER_KNOTS.);
#7463 = CARTESIAN_POINT('',(1.75,-10.));
#7464 = CARTESIAN_POINT('',(1.75,10.));
#7465 = ( GEOMETRIC_REPRESENTATION_CONTEXT(2) 
PARAMETRIC_REPRESENTATION_CONTEXT() REPRESENTATION_CONTEXT('2D SPACE',''
  ) );
#7466 = PCURVE('',#7240,#7467);
#7467 = DEFINITIONAL_REPRESENTATION('',(#7468),#7471);
#7468 = B_SPLINE_CURVE_WITH_KNOTS('',1,(#7469,#7470),.UNSPECIFIED.,.F.,
  .F.,(2,2),(0.,20.),.PIECEWISE_BEZIER_KNOTS.);
#7469 = CARTESIAN_POINT('',(3.261769005814,6.860779312752));
#7470 = CARTESIAN_POINT('',(-12.37486064354,19.330575349927));
#7471 = ( GEOMETRIC_REPRESENTATION_CONTEXT(2) 
PARAMETRIC_REPRESENTATION_CONTEXT() REPRESENTATION_CONTEXT('2D SPACE',''
  ) );
#7472 = ORIENTED_EDGE('',*,*,#5454,.T.);
#7473 = ADVANCED_FACE('',(#7474),#5623,.T.);
#7474 = FACE_BOUND('',#7475,.T.);
#7475 = EDGE_LOOP('',(#7476,#7502,#7521));
#7476 = ORIENTED_EDGE('',*,*,#7477,.F.);
#7477 = EDGE_CURVE('',#7478,#5547,#7480,.T.);
#7478 = VERTEX_POINT('',#7479);
#7479 = CARTESIAN_POINT('',(16.75,10.,0.));
#7480 = SURFACE_CURVE('',#7481,(#7488,#7495),.PCURVE_S1.);
#7481 = B_SPLINE_CURVE_WITH_KNOTS('',5,(#7482,#7483,#7484,#7485,#7486,
    #7487),.UNSPECIFIED.,.F.,.F.,(6,6),(0.,26.),
  .PIECEWISE_BEZIER_KNOTS.);
#7482 = CARTESIAN_POINT('',(16.75,10.,0.));
#7483 = CARTESIAN_POINT('',(15.283923428325,10.256563400043,5.2));
#7484 = CARTESIAN_POINT('',(13.770819162425,10.24450266251,10.4));
#7485 = CARTESIAN_POINT('',(12.276387741657,9.952017715008,15.6));
#7486 = CARTESIAN_POINT('',(10.870379022431,9.392759758127,20.8));
#7487 = CARTESIAN_POINT('',(9.609197380997,8.602426815902,26.));
#7488 = PCURVE('',#5623,#7489);
#7489 = DEFINITIONAL_REPRESENTATION('',(#7490),#7494);
#7490 = LINE('',#7491,#7492);
#7491 = CARTESIAN_POINT('',(0.,0.));
#7492 = VECTOR('',#7493,1.);
#7493 = DIRECTION('',(0.,1.));
#7494 = ( GEOMETRIC_REPRESENTATION_CONTEXT(2) 
PARAMETRIC_REPRESENTATION_CONTEXT() REPRESENTATION_CONTEXT('2D SPACE',''
  ) );
#7495 = PCURVE('',#5572,#7496);
#7496 = DEFINITIONAL_REPRESENTATION('',(#7497),#7501);
#7497 = LINE('',#7498,#7499);
#7498 = CARTESIAN_POINT('',(20.,0.));
#7499 = VECTOR('',#7500,1.);
#7500 = DIRECTION('',(0.,1.));
#7501 = ( GEOMETRIC_REPRESENTATION_CONTEXT(2) 
PARAMETRIC_REPRESENTATION_CONTEXT() REPRESENTATION_CONTEXT('2D SPACE',''
  ) );
#7502 = ORIENTED_EDGE('',*,*,#7503,.T.);
#7503 = EDGE_CURVE('',#7478,#5598,#7504,.T.);
#7504 = SURFACE_CURVE('',#7505,(#7508,#7515),.PCURVE_S1.);
#7505 = B_SPLINE_CURVE_WITH_KNOTS('',1,(#7506,#7507),.UNSPECIFIED.,.F.,
  .F.,(2,2),(0.,3.5),.PIECEWISE_BEZIER_KNOTS.);
#7506 = CARTESIAN_POINT('',(16.75,10.,0.));
#7507 = CARTESIAN_POINT('',(13.25,10.,0.));
#7508 = PCURVE('',#5623,#7509);
#7509 = DEFINITIONAL_REPRESENTATION('',(#7510),#7514);
#7510 = LINE('',#7511,#7512);
#7511 = CARTESIAN_POINT('',(0.,0.));
#7512 = VECTOR('',#7513,1.);
#7513 = DIRECTION('',(1.,0.));
#7514 = ( GEOMETRIC_REPRESENTATION_CONTEXT(2) 
PARAMETRIC_REPRESENTATION_CONTEXT() REPRESENTATION_CONTEXT('2D SPACE',''
  ) );
#7515 = PCURVE('',#7436,#7516);
#7516 = DEFINITIONAL_REPRESENTATION('',(#7517),#7520);
#7517 = B_SPLINE_CURVE_WITH_KNOTS('',1,(#7518,#7519),.UNSPECIFIED.,.F.,
  .F.,(2,2),(0.,3.5),.PIECEWISE_BEZIER_KNOTS.);
#7518 = CARTESIAN_POINT('',(1.75,10.));
#7519 = CARTESIAN_POINT('',(-1.75,10.));
#7520 = ( GEOMETRIC_REPRESENTATION_CONTEXT(2) 
PARAMETRIC_REPRESENTATION_CONTEXT() REPRESENTATION_CONTEXT('2D SPACE',''
  ) );
#7521 = ORIENTED_EDGE('',*,*,#5597,.T.);
#7522 = ADVANCED_FACE('',(#7523),#5572,.T.);
#7523 = FACE_BOUND('',#7524,.T.);
#7524 = EDGE_LOOP('',(#7525,#7526,#7545));
#7525 = ORIENTED_EDGE('',*,*,#5546,.T.);
#7526 = ORIENTED_EDGE('',*,*,#7527,.T.);
#7527 = EDGE_CURVE('',#5521,#7478,#7528,.T.);
#7528 = SURFACE_CURVE('',#7529,(#7532,#7539),.PCURVE_S1.);
#7529 = B_SPLINE_CURVE_WITH_KNOTS('',1,(#7530,#7531),.UNSPECIFIED.,.F.,
  .F.,(2,2),(0.,20.),.PIECEWISE_BEZIER_KNOTS.);
#7530 = CARTESIAN_POINT('',(16.75,-10.,0.));
#7531 = CARTESIAN_POINT('',(16.75,10.,0.));
#7532 = PCURVE('',#5572,#7533);
#7533 = DEFINITIONAL_REPRESENTATION('',(#7534),#7538);
#7534 = LINE('',#7535,#7536);
#7535 = CARTESIAN_POINT('',(0.,0.));
#7536 = VECTOR('',#7537,1.);
#7537 = DIRECTION('',(1.,0.));
#7538 = ( GEOMETRIC_REPRESENTATION_CONTEXT(2) 
PARAMETRIC_REPRESENTATION_CONTEXT() REPRESENTATION_CONTEXT('2D SPACE',''
  ) );
#7539 = PCURVE('',#7436,#7540);
#7540 = DEFINITIONAL_REPRESENTATION('',(#7541),#7544);
#7541 = B_SPLINE_CURVE_WITH_KNOTS('',1,(#7542,#7543),.UNSPECIFIED.,.F.,
  .F.,(2,2),(0.,20.),.PIECEWISE_BEZIER_KNOTS.);
#7542 = CARTESIAN_POINT('',(1.75,-10.));
#7543 = CARTESIAN_POINT('',(1.75,10.));
#7544 = ( GEOMETRIC_REPRESENTATION_CONTEXT(2) 
PARAMETRIC_REPRESENTATION_CONTEXT() REPRESENTATION_CONTEXT('2D SPACE',''
  ) );
#7545 = ORIENTED_EDGE('',*,*,#7477,.T.);
#7546 = ADVANCED_FACE('',(#7547),#5535,.F.);
#7547 = FACE_BOUND('',#7548,.F.);
#7548 = EDGE_LOOP('',(#7549,#7550,#7551));
#7549 = ORIENTED_EDGE('',*,*,#7406,.F.);
#7550 = ORIENTED_EDGE('',*,*,#5704,.T.);
#7551 = ORIENTED_EDGE('',*,*,#5520,.T.);
#7552 = ADVANCED_FACE('',(#7553),#5742,.F.);
#7553 = FACE_BOUND('',#7554,.F.);
#7554 = EDGE_LOOP('',(#7555,#7556,#7557,#7558,#7559,#7577));
#7555 = ORIENTED_EDGE('',*,*,#6094,.T.);
#7556 = ORIENTED_EDGE('',*,*,#6074,.T.);
#7557 = ORIENTED_EDGE('',*,*,#5728,.T.);
#7558 = ORIENTED_EDGE('',*,*,#5793,.T.);
#7559 = ORIENTED_EDGE('',*,*,#7560,.T.);
#7560 = EDGE_CURVE('',#5649,#5841,#7561,.T.);
#7561 = SURFACE_CURVE('',#7562,(#7565,#7571),.PCURVE_S1.);
#7562 = B_SPLINE_CURVE_WITH_KNOTS('',1,(#7563,#7564),.UNSPECIFIED.,.F.,
  .F.,(2,2),(0.,20.),.PIECEWISE_BEZIER_KNOTS.);
#7563 = CARTESIAN_POINT('',(18.261769005814,6.860779312752,0.));
#7564 = CARTESIAN_POINT('',(2.625139356453,19.330575349927,0.));
#7565 = PCURVE('',#5742,#7566);
#7566 = DEFINITIONAL_REPRESENTATION('',(#7567),#7570);
#7567 = B_SPLINE_CURVE_WITH_KNOTS('',1,(#7568,#7569),.UNSPECIFIED.,.F.,
  .F.,(2,2),(0.,20.),.PIECEWISE_BEZIER_KNOTS.);
#7568 = CARTESIAN_POINT('',(1.75,-10.));
#7569 = CARTESIAN_POINT('',(1.75,10.));
#7570 = ( GEOMETRIC_REPRESENTATION_CONTEXT(2) 
PARAMETRIC_REPRESENTATION_CONTEXT() REPRESENTATION_CONTEXT('2D SPACE',''
  ) );
#7571 = PCURVE('',#5855,#7572);
#7572 = DEFINITIONAL_REPRESENTATION('',(#7573),#7576);
#7573 = B_SPLINE_CURVE_WITH_KNOTS('',1,(#7574,#7575),.UNSPECIFIED.,.F.,
  .F.,(2,2),(0.,20.),.PIECEWISE_BEZIER_KNOTS.);
#7574 = CARTESIAN_POINT('',(-12.37486064354,-19.33057534992));
#7575 = CARTESIAN_POINT('',(3.261769005814,-6.860779312752));
#7576 = ( GEOMETRIC_REPRESENTATION_CONTEXT(2) 
PARAMETRIC_REPRESENTATION_CONTEXT() REPRESENTATION_CONTEXT('2D SPACE',''
  ) );
#7577 = ORIENTED_EDGE('',*,*,#7578,.T.);
#7578 = EDGE_CURVE('',#5841,#5918,#7579,.T.);
#7579 = SURFACE_CURVE('',#7580,(#7583,#7589),.PCURVE_S1.);
#7580 = B_SPLINE_CURVE_WITH_KNOTS('',1,(#7581,#7582),.UNSPECIFIED.,.F.,
  .F.,(2,2),(0.,20.),.PIECEWISE_BEZIER_KNOTS.);
#7581 = CARTESIAN_POINT('',(6.02205347805,18.555251868609,0.));
#7582 = CARTESIAN_POINT('',(-13.47650476558,14.104833189482,0.));
#7583 = PCURVE('',#5742,#7584);
#7584 = DEFINITIONAL_REPRESENTATION('',(#7585),#7588);
#7585 = B_SPLINE_CURVE_WITH_KNOTS('',1,(#7586,#7587),.UNSPECIFIED.,.F.,
  .F.,(2,2),(0.,20.),.PIECEWISE_BEZIER_KNOTS.);
#7586 = CARTESIAN_POINT('',(3.261769005814,6.860779312752));
#7587 = CARTESIAN_POINT('',(-12.37486064354,19.330575349927));
#7588 = ( GEOMETRIC_REPRESENTATION_CONTEXT(2) 
PARAMETRIC_REPRESENTATION_CONTEXT() REPRESENTATION_CONTEXT('2D SPACE',''
  ) );
#7589 = PCURVE('',#7590,#7595);
#7590 = PLANE('',#7591);
#7591 = AXIS2_PLACEMENT_3D('',#7592,#7593,#7594);
#7592 = CARTESIAN_POINT('',(9.352347027881,11.72747223702,0.));
#7593 = DIRECTION('',(0.,0.,1.));
#7594 = DIRECTION('',(0.623489801859,0.781831482468,0.));
#7595 = DEFINITIONAL_REPRESENTATION('',(#7596),#7599);
#7596 = B_SPLINE_CURVE_WITH_KNOTS('',1,(#7597,#7598),.UNSPECIFIED.,.F.,
  .F.,(2,2),(0.,20.),.PIECEWISE_BEZIER_KNOTS.);
#7597 = CARTESIAN_POINT('',(3.261769005814,6.860779312752));
#7598 = CARTESIAN_POINT('',(-12.37486064354,19.330575349927));
#7599 = ( GEOMETRIC_REPRESENTATION_CONTEXT(2) 
PARAMETRIC_REPRESENTATION_CONTEXT() REPRESENTATION_CONTEXT('2D SPACE',''
  ) );
#7600 = ADVANCED_FACE('',(#7601),#5943,.T.);
#7601 = FACE_BOUND('',#7602,.T.);
#7602 = EDGE_LOOP('',(#7603,#7629,#7648));
#7603 = ORIENTED_EDGE('',*,*,#7604,.F.);
#7604 = EDGE_CURVE('',#7605,#5867,#7607,.T.);
#7605 = VERTEX_POINT('',#7606);
#7606 = CARTESIAN_POINT('',(2.625139356453,19.330575349927,0.));
#7607 = SURFACE_CURVE('',#7608,(#7615,#7622),.PCURVE_S1.);
#7608 = B_SPLINE_CURVE_WITH_KNOTS('',5,(#7609,#7610,#7611,#7612,#7613,
    #7614),.UNSPECIFIED.,.F.,.F.,(6,6),(0.,26.),
  .PIECEWISE_BEZIER_KNOTS.);
#7609 = CARTESIAN_POINT('',(2.625139356453,19.330575349927,0.));
#7610 = CARTESIAN_POINT('',(1.510466221867,18.344315193939,5.2));
#7611 = CARTESIAN_POINT('',(0.576490607235,17.153802895747,10.4));
#7612 = CARTESIAN_POINT('',(-0.126598203086,15.803047980637,15.6));
#7613 = CARTESIAN_POINT('',(-0.565984823337,14.355094466598,20.8));
#7614 = CARTESIAN_POINT('',(-0.7344115392,12.876298424664,26.));
#7615 = PCURVE('',#5943,#7616);
#7616 = DEFINITIONAL_REPRESENTATION('',(#7617),#7621);
#7617 = LINE('',#7618,#7619);
#7618 = CARTESIAN_POINT('',(0.,0.));
#7619 = VECTOR('',#7620,1.);
#7620 = DIRECTION('',(0.,1.));
#7621 = ( GEOMETRIC_REPRESENTATION_CONTEXT(2) 
PARAMETRIC_REPRESENTATION_CONTEXT() REPRESENTATION_CONTEXT('2D SPACE',''
  ) );
#7622 = PCURVE('',#5892,#7623);
#7623 = DEFINITIONAL_REPRESENTATION('',(#7624),#7628);
#7624 = LINE('',#7625,#7626);
#7625 = CARTESIAN_POINT('',(20.,0.));
#7626 = VECTOR('',#7627,1.);
#7627 = DIRECTION('',(0.,1.));
#7628 = ( GEOMETRIC_REPRESENTATION_CONTEXT(2) 
PARAMETRIC_REPRESENTATION_CONTEXT() REPRESENTATION_CONTEXT('2D SPACE',''
  ) );
#7629 = ORIENTED_EDGE('',*,*,#7630,.T.);
#7630 = EDGE_CURVE('',#7605,#5918,#7631,.T.);
#7631 = SURFACE_CURVE('',#7632,(#7635,#7642),.PCURVE_S1.);
#7632 = B_SPLINE_CURVE_WITH_KNOTS('',1,(#7633,#7634),.UNSPECIFIED.,.F.,
  .F.,(2,2),(0.,3.5),.PIECEWISE_BEZIER_KNOTS.);
#7633 = CARTESIAN_POINT('',(2.625139356453,19.330575349927,0.));
#7634 = CARTESIAN_POINT('',(0.442925049948,16.594165161289,0.));
#7635 = PCURVE('',#5943,#7636);
#7636 = DEFINITIONAL_REPRESENTATION('',(#7637),#7641);
#7637 = LINE('',#7638,#7639);
#7638 = CARTESIAN_POINT('',(0.,0.));
#7639 = VECTOR('',#7640,1.);
#7640 = DIRECTION('',(1.,0.));
#7641 = ( GEOMETRIC_REPRESENTATION_CONTEXT(2) 
PARAMETRIC_REPRESENTATION_CONTEXT() REPRESENTATION_CONTEXT('2D SPACE',''
  ) );
#7642 = PCURVE('',#7590,#7643);
#7643 = DEFINITIONAL_REPRESENTATION('',(#7644),#7647);
#7644 = B_SPLINE_CURVE_WITH_KNOTS('',1,(#7645,#7646),.UNSPECIFIED.,.F.,
  .F.,(2,2),(0.,3.5),.PIECEWISE_BEZIER_KNOTS.);
#7645 = CARTESIAN_POINT('',(1.75,10.));
#7646 = CARTESIAN_POINT('',(-1.75,10.));
#7647 = ( GEOMETRIC_REPRESENTATION_CONTEXT(2) 
PARAMETRIC_REPRESENTATION_CONTEXT() REPRESENTATION_CONTEXT('2D SPACE',''
  ) );
#7648 = ORIENTED_EDGE('',*,*,#5917,.T.);
#7649 = ADVANCED_FACE('',(#7650),#5892,.T.);
#7650 = FACE_BOUND('',#7651,.T.);
#7651 = EDGE_LOOP('',(#7652,#7653,#7654));
#7652 = ORIENTED_EDGE('',*,*,#7604,.T.);
#7653 = ORIENTED_EDGE('',*,*,#5866,.T.);
#7654 = ORIENTED_EDGE('',*,*,#7655,.T.);
#7655 = EDGE_CURVE('',#5841,#7605,#7656,.T.);
#7656 = SURFACE_CURVE('',#7657,(#7660,#7667),.PCURVE_S1.);
#7657 = B_SPLINE_CURVE_WITH_KNOTS('',1,(#7658,#7659),.UNSPECIFIED.,.F.,
  .F.,(2,2),(0.,20.),.PIECEWISE_BEZIER_KNOTS.);
#7658 = CARTESIAN_POINT('',(18.261769005814,6.860779312752,0.));
#7659 = CARTESIAN_POINT('',(2.625139356453,19.330575349927,0.));
#7660 = PCURVE('',#5892,#7661);
#7661 = DEFINITIONAL_REPRESENTATION('',(#7662),#7666);
#7662 = LINE('',#7663,#7664);
#7663 = CARTESIAN_POINT('',(0.,0.));
#7664 = VECTOR('',#7665,1.);
#7665 = DIRECTION('',(1.,0.));
#7666 = ( GEOMETRIC_REPRESENTATION_CONTEXT(2) 
PARAMETRIC_REPRESENTATION_CONTEXT() REPRESENTATION_CONTEXT('2D SPACE',''
  ) );
#7667 = PCURVE('',#7590,#7668);
#7668 = DEFINITIONAL_REPRESENTATION('',(#7669),#7672);
#7669 = B_SPLINE_CURVE_WITH_KNOTS('',1,(#7670,#7671),.UNSPECIFIED.,.F.,
  .F.,(2,2),(0.,20.),.PIECEWISE_BEZIER_KNOTS.);
#7670 = CARTESIAN_POINT('',(1.75,-10.));
#7671 = CARTESIAN_POINT('',(1.75,10.));
#7672 = ( GEOMETRIC_REPRESENTATION_CONTEXT(2) 
PARAMETRIC_REPRESENTATION_CONTEXT() REPRESENTATION_CONTEXT('2D SPACE',''
  ) );
#7673 = ADVANCED_FACE('',(#7674),#5855,.F.);
#7674 = FACE_BOUND('',#7675,.F.);
#7675 = EDGE_LOOP('',(#7676,#7677,#7678));
#7676 = ORIENTED_EDGE('',*,*,#7560,.F.);
#7677 = ORIENTED_EDGE('',*,*,#6024,.T.);
#7678 = ORIENTED_EDGE('',*,*,#5840,.T.);
#7679 = ADVANCED_FACE('',(#7680),#6062,.F.);
#7680 = FACE_BOUND('',#7681,.F.);
#7681 = EDGE_LOOP('',(#7682,#7683,#7684,#7685,#7686,#7704));
#7682 = ORIENTED_EDGE('',*,*,#6414,.T.);
#7683 = ORIENTED_EDGE('',*,*,#6394,.T.);
#7684 = ORIENTED_EDGE('',*,*,#6048,.T.);
#7685 = ORIENTED_EDGE('',*,*,#6113,.T.);
#7686 = ORIENTED_EDGE('',*,*,#7687,.T.);
#7687 = EDGE_CURVE('',#5969,#6161,#7688,.T.);
#7688 = SURFACE_CURVE('',#7689,(#7692,#7698),.PCURVE_S1.);
#7689 = B_SPLINE_CURVE_WITH_KNOTS('',1,(#7690,#7691),.UNSPECIFIED.,.F.,
  .F.,(2,2),(0.,20.),.PIECEWISE_BEZIER_KNOTS.);
#7690 = CARTESIAN_POINT('',(6.02205347805,18.555251868609,0.));
#7691 = CARTESIAN_POINT('',(-13.47650476558,14.104833189482,0.));
#7692 = PCURVE('',#6062,#7693);
#7693 = DEFINITIONAL_REPRESENTATION('',(#7694),#7697);
#7694 = B_SPLINE_CURVE_WITH_KNOTS('',1,(#7695,#7696),.UNSPECIFIED.,.F.,
  .F.,(2,2),(0.,20.),.PIECEWISE_BEZIER_KNOTS.);
#7695 = CARTESIAN_POINT('',(1.75,-10.));
#7696 = CARTESIAN_POINT('',(1.75,10.));
#7697 = ( GEOMETRIC_REPRESENTATION_CONTEXT(2) 
PARAMETRIC_REPRESENTATION_CONTEXT() REPRESENTATION_CONTEXT('2D SPACE',''
  ) );
#7698 = PCURVE('',#6175,#7699);
#7699 = DEFINITIONAL_REPRESENTATION('',(#7700),#7703);
#7700 = B_SPLINE_CURVE_WITH_KNOTS('',1,(#7701,#7702),.UNSPECIFIED.,.F.,
  .F.,(2,2),(0.,20.),.PIECEWISE_BEZIER_KNOTS.);
#7701 = CARTESIAN_POINT('',(-12.37486064354,-19.33057534992));
#7702 = CARTESIAN_POINT('',(3.261769005814,-6.860779312752));
#7703 = ( GEOMETRIC_REPRESENTATION_CONTEXT(2) 
PARAMETRIC_REPRESENTATION_CONTEXT() REPRESENTATION_CONTEXT('2D SPACE',''
  ) );
#7704 = ORIENTED_EDGE('',*,*,#7705,.T.);
#7705 = EDGE_CURVE('',#6161,#6238,#7706,.T.);
#7706 = SURFACE_CURVE('',#7707,(#7710,#7716),.PCURVE_S1.);
#7707 = B_SPLINE_CURVE_WITH_KNOTS('',1,(#7708,#7709),.UNSPECIFIED.,.F.,
  .F.,(2,2),(0.,20.),.PIECEWISE_BEZIER_KNOTS.);
#7708 = CARTESIAN_POINT('',(-10.75239114619,16.277241309243,0.));
#7709 = CARTESIAN_POINT('',(-19.43006592854,-1.742136048805,0.));
#7710 = PCURVE('',#6062,#7711);
#7711 = DEFINITIONAL_REPRESENTATION('',(#7712),#7715);
#7712 = B_SPLINE_CURVE_WITH_KNOTS('',1,(#7713,#7714),.UNSPECIFIED.,.F.,
  .F.,(2,2),(0.,20.),.PIECEWISE_BEZIER_KNOTS.);
#7713 = CARTESIAN_POINT('',(3.261769005814,6.860779312752));
#7714 = CARTESIAN_POINT('',(-12.37486064354,19.330575349927));
#7715 = ( GEOMETRIC_REPRESENTATION_CONTEXT(2) 
PARAMETRIC_REPRESENTATION_CONTEXT() REPRESENTATION_CONTEXT('2D SPACE',''
  ) );
#7716 = PCURVE('',#7717,#7722);
#7717 = PLANE('',#7718);
#7718 = AXIS2_PLACEMENT_3D('',#7719,#7720,#7721);
#7719 = CARTESIAN_POINT('',(-3.337814009345,14.623918682727,0.));
#7720 = DIRECTION('',(0.,0.,1.));
#7721 = DIRECTION('',(-0.222520933956,0.974927912182,0.));
#7722 = DEFINITIONAL_REPRESENTATION('',(#7723),#7726);
#7723 = B_SPLINE_CURVE_WITH_KNOTS('',1,(#7724,#7725),.UNSPECIFIED.,.F.,
  .F.,(2,2),(0.,20.),.PIECEWISE_BEZIER_KNOTS.);
#7724 = CARTESIAN_POINT('',(3.261769005814,6.860779312752));
#7725 = CARTESIAN_POINT('',(-12.37486064354,19.330575349927));
#7726 = ( GEOMETRIC_REPRESENTATION_CONTEXT(2) 
PARAMETRIC_REPRESENTATION_CONTEXT() REPRESENTATION_CONTEXT('2D SPACE',''
  ) );
#7727 = ADVANCED_FACE('',(#7728),#6263,.T.);
#7728 = FACE_BOUND('',#7729,.T.);
#7729 = EDGE_LOOP('',(#7730,#7756,#7775));
#7730 = ORIENTED_EDGE('',*,*,#7731,.F.);
#7731 = EDGE_CURVE('',#7732,#6187,#7734,.T.);
#7732 = VERTEX_POINT('',#7733);
#7733 = CARTESIAN_POINT('',(-13.47650476558,14.104833189482,0.));
#7734 = SURFACE_CURVE('',#7735,(#7742,#7749),.PCURVE_S1.);
#7735 = B_SPLINE_CURVE_WITH_KNOTS('',5,(#7736,#7737,#7738,#7739,#7740,
    #7741),.UNSPECIFIED.,.F.,.F.,(6,6),(0.,26.),
  .PIECEWISE_BEZIER_KNOTS.);
#7736 = CARTESIAN_POINT('',(-13.47650476558,14.104833189482,0.));
#7737 = CARTESIAN_POINT('',(-13.40040285755,12.618423490964,5.2));
#7738 = CARTESIAN_POINT('',(-13.05194713346,11.145939674676,10.4));
#7739 = CARTESIAN_POINT('',(-12.43425311877,9.754060793415,15.6));
#7740 = CARTESIAN_POINT('',(-11.57615055314,8.507750251159,20.8));
#7741 = CARTESIAN_POINT('',(-10.52499359111,7.454054691033,26.));
#7742 = PCURVE('',#6263,#7743);
#7743 = DEFINITIONAL_REPRESENTATION('',(#7744),#7748);
#7744 = LINE('',#7745,#7746);
#7745 = CARTESIAN_POINT('',(0.,0.));
#7746 = VECTOR('',#7747,1.);
#7747 = DIRECTION('',(0.,1.));
#7748 = ( GEOMETRIC_REPRESENTATION_CONTEXT(2) 
PARAMETRIC_REPRESENTATION_CONTEXT() REPRESENTATION_CONTEXT('2D SPACE',''
  ) );
#7749 = PCURVE('',#6212,#7750);
#7750 = DEFINITIONAL_REPRESENTATION('',(#7751),#7755);
#7751 = LINE('',#7752,#7753);
#7752 = CARTESIAN_POINT('',(20.,0.));
#7753 = VECTOR('',#7754,1.);
#7754 = DIRECTION('',(0.,1.));
#7755 = ( GEOMETRIC_REPRESENTATION_CONTEXT(2) 
PARAMETRIC_REPRESENTATION_CONTEXT() REPRESENTATION_CONTEXT('2D SPACE',''
  ) );
#7756 = ORIENTED_EDGE('',*,*,#7757,.T.);
#7757 = EDGE_CURVE('',#7732,#6238,#7758,.T.);
#7758 = SURFACE_CURVE('',#7759,(#7762,#7769),.PCURVE_S1.);
#7759 = B_SPLINE_CURVE_WITH_KNOTS('',1,(#7760,#7761),.UNSPECIFIED.,.F.,
  .F.,(2,2),(0.,3.5),.PIECEWISE_BEZIER_KNOTS.);
#7760 = CARTESIAN_POINT('',(-13.47650476558,14.104833189482,0.));
#7761 = CARTESIAN_POINT('',(-12.69768149673,10.692585496846,0.));
#7762 = PCURVE('',#6263,#7763);
#7763 = DEFINITIONAL_REPRESENTATION('',(#7764),#7768);
#7764 = LINE('',#7765,#7766);
#7765 = CARTESIAN_POINT('',(0.,0.));
#7766 = VECTOR('',#7767,1.);
#7767 = DIRECTION('',(1.,0.));
#7768 = ( GEOMETRIC_REPRESENTATION_CONTEXT(2) 
PARAMETRIC_REPRESENTATION_CONTEXT() REPRESENTATION_CONTEXT('2D SPACE',''
  ) );
#7769 = PCURVE('',#7717,#7770);
#7770 = DEFINITIONAL_REPRESENTATION('',(#7771),#7774);
#7771 = B_SPLINE_CURVE_WITH_KNOTS('',1,(#7772,#7773),.UNSPECIFIED.,.F.,
  .F.,(2,2),(0.,3.5),.PIECEWISE_BEZIER_KNOTS.);
#7772 = CARTESIAN_POINT('',(1.75,10.));
#7773 = CARTESIAN_POINT('',(-1.75,10.));
#7774 = ( GEOMETRIC_REPRESENTATION_CONTEXT(2) 
PARAMETRIC_REPRESENTATION_CONTEXT() REPRESENTATION_CONTEXT('2D SPACE',''
  ) );
#7775 = ORIENTED_EDGE('',*,*,#6237,.T.);
#7776 = ADVANCED_FACE('',(#7777),#6212,.T.);
#7777 = FACE_BOUND('',#7778,.T.);
#7778 = EDGE_LOOP('',(#7779,#7780,#7781));
#7779 = ORIENTED_EDGE('',*,*,#7731,.T.);
#7780 = ORIENTED_EDGE('',*,*,#6186,.T.);
#7781 = ORIENTED_EDGE('',*,*,#7782,.T.);
#7782 = EDGE_CURVE('',#6161,#7732,#7783,.T.);
#7783 = SURFACE_CURVE('',#7784,(#7787,#7794),.PCURVE_S1.);
#7784 = B_SPLINE_CURVE_WITH_KNOTS('',1,(#7785,#7786),.UNSPECIFIED.,.F.,
  .F.,(2,2),(0.,20.),.PIECEWISE_BEZIER_KNOTS.);
#7785 = CARTESIAN_POINT('',(6.02205347805,18.555251868609,0.));
#7786 = CARTESIAN_POINT('',(-13.47650476558,14.104833189482,0.));
#7787 = PCURVE('',#6212,#7788);
#7788 = DEFINITIONAL_REPRESENTATION('',(#7789),#7793);
#7789 = LINE('',#7790,#7791);
#7790 = CARTESIAN_POINT('',(0.,0.));
#7791 = VECTOR('',#7792,1.);
#7792 = DIRECTION('',(1.,0.));
#7793 = ( GEOMETRIC_REPRESENTATION_CONTEXT(2) 
PARAMETRIC_REPRESENTATION_CONTEXT() REPRESENTATION_CONTEXT('2D SPACE',''
  ) );
#7794 = PCURVE('',#7717,#7795);
#7795 = DEFINITIONAL_REPRESENTATION('',(#7796),#7799);
#7796 = B_SPLINE_CURVE_WITH_KNOTS('',1,(#7797,#7798),.UNSPECIFIED.,.F.,
  .F.,(2,2),(0.,20.),.PIECEWISE_BEZIER_KNOTS.);
#7797 = CARTESIAN_POINT('',(1.75,-10.));
#7798 = CARTESIAN_POINT('',(1.75,10.));
#7799 = ( GEOMETRIC_REPRESENTATION_CONTEXT(2) 
PARAMETRIC_REPRESENTATION_CONTEXT() REPRESENTATION_CONTEXT('2D SPACE',''
  ) );
#7800 = ADVANCED_FACE('',(#7801),#6175,.F.);
#7801 = FACE_BOUND('',#7802,.F.);
#7802 = EDGE_LOOP('',(#7803,#7804,#7805));
#7803 = ORIENTED_EDGE('',*,*,#7687,.F.);
#7804 = ORIENTED_EDGE('',*,*,#6344,.T.);
#7805 = ORIENTED_EDGE('',*,*,#6160,.T.);
#7806 = ADVANCED_FACE('',(#7807),#6382,.F.);
#7807 = FACE_BOUND('',#7808,.F.);
#7808 = EDGE_LOOP('',(#7809,#7810,#7811,#7812,#7813,#7831));
#7809 = ORIENTED_EDGE('',*,*,#6734,.T.);
#7810 = ORIENTED_EDGE('',*,*,#6714,.T.);
#7811 = ORIENTED_EDGE('',*,*,#6368,.T.);
#7812 = ORIENTED_EDGE('',*,*,#6433,.T.);
#7813 = ORIENTED_EDGE('',*,*,#7814,.T.);
#7814 = EDGE_CURVE('',#6289,#6481,#7815,.T.);
#7815 = SURFACE_CURVE('',#7816,(#7819,#7825),.PCURVE_S1.);
#7816 = B_SPLINE_CURVE_WITH_KNOTS('',1,(#7817,#7818),.UNSPECIFIED.,.F.,
  .F.,(2,2),(0.,20.),.PIECEWISE_BEZIER_KNOTS.);
#7817 = CARTESIAN_POINT('',(-10.75239114619,16.277241309243,0.));
#7818 = CARTESIAN_POINT('',(-19.43006592854,-1.742136048805,0.));
#7819 = PCURVE('',#6382,#7820);
#7820 = DEFINITIONAL_REPRESENTATION('',(#7821),#7824);
#7821 = B_SPLINE_CURVE_WITH_KNOTS('',1,(#7822,#7823),.UNSPECIFIED.,.F.,
  .F.,(2,2),(0.,20.),.PIECEWISE_BEZIER_KNOTS.);
#7822 = CARTESIAN_POINT('',(1.75,-10.));
#7823 = CARTESIAN_POINT('',(1.75,10.));
#7824 = ( GEOMETRIC_REPRESENTATION_CONTEXT(2) 
PARAMETRIC_REPRESENTATION_CONTEXT() REPRESENTATION_CONTEXT('2D SPACE',''
  ) );
#7825 = PCURVE('',#6495,#7826);
#7826 = DEFINITIONAL_REPRESENTATION('',(#7827),#7830);
#7827 = B_SPLINE_CURVE_WITH_KNOTS('',1,(#7828,#7829),.UNSPECIFIED.,.F.,
  .F.,(2,2),(0.,20.),.PIECEWISE_BEZIER_KNOTS.);
#7828 = CARTESIAN_POINT('',(-12.37486064354,-19.33057534992));
#7829 = CARTESIAN_POINT('',(3.261769005814,-6.860779312752));
#7830 = ( GEOMETRIC_REPRESENTATION_CONTEXT(2) 
PARAMETRIC_REPRESENTATION_CONTEXT() REPRESENTATION_CONTEXT('2D SPACE',''
  ) );
#7831 = ORIENTED_EDGE('',*,*,#7832,.T.);
#7832 = EDGE_CURVE('',#6481,#6558,#7833,.T.);
#7833 = SURFACE_CURVE('',#7834,(#7837,#7843),.PCURVE_S1.);
#7834 = B_SPLINE_CURVE_WITH_KNOTS('',1,(#7835,#7836),.UNSPECIFIED.,.F.,
  .F.,(2,2),(0.,20.),.PIECEWISE_BEZIER_KNOTS.);
#7835 = CARTESIAN_POINT('',(-19.43006592854,1.742136048805,0.));
#7836 = CARTESIAN_POINT('',(-10.75239114619,-16.27724130924,0.));
#7837 = PCURVE('',#6382,#7838);
#7838 = DEFINITIONAL_REPRESENTATION('',(#7839),#7842);
#7839 = B_SPLINE_CURVE_WITH_KNOTS('',1,(#7840,#7841),.UNSPECIFIED.,.F.,
  .F.,(2,2),(0.,20.),.PIECEWISE_BEZIER_KNOTS.);
#7840 = CARTESIAN_POINT('',(3.261769005814,6.860779312752));
#7841 = CARTESIAN_POINT('',(-12.37486064354,19.330575349927));
#7842 = ( GEOMETRIC_REPRESENTATION_CONTEXT(2) 
PARAMETRIC_REPRESENTATION_CONTEXT() REPRESENTATION_CONTEXT('2D SPACE',''
  ) );
#7843 = PCURVE('',#7844,#7849);
#7844 = PLANE('',#7845);
#7845 = AXIS2_PLACEMENT_3D('',#7846,#7847,#7848);
#7846 = CARTESIAN_POINT('',(-13.51453301853,6.508256086763,0.));
#7847 = DIRECTION('',(0.,0.,1.));
#7848 = DIRECTION('',(-0.900968867902,0.433883739118,0.));
#7849 = DEFINITIONAL_REPRESENTATION('',(#7850),#7853);
#7850 = B_SPLINE_CURVE_WITH_KNOTS('',1,(#7851,#7852),.UNSPECIFIED.,.F.,
  .F.,(2,2),(0.,20.),.PIECEWISE_BEZIER_KNOTS.);
#7851 = CARTESIAN_POINT('',(3.261769005814,6.860779312752));
#7852 = CARTESIAN_POINT('',(-12.37486064354,19.330575349927));
#7853 = ( GEOMETRIC_REPRESENTATION_CONTEXT(2) 
PARAMETRIC_REPRESENTATION_CONTEXT() REPRESENTATION_CONTEXT('2D SPACE',''
  ) );
#7854 = ADVANCED_FACE('',(#7855),#6583,.T.);
#7855 = FACE_BOUND('',#7856,.T.);
#7856 = EDGE_LOOP('',(#7857,#7883,#7902));
#7857 = ORIENTED_EDGE('',*,*,#7858,.F.);
#7858 = EDGE_CURVE('',#7859,#6507,#7861,.T.);
#7859 = VERTEX_POINT('',#7860);
#7860 = CARTESIAN_POINT('',(-19.43006592854,-1.742136048805,0.));
#7861 = SURFACE_CURVE('',#7862,(#7869,#7876),.PCURVE_S1.);
#7862 = B_SPLINE_CURVE_WITH_KNOTS('',5,(#7863,#7864,#7865,#7866,#7867,
    #7868),.UNSPECIFIED.,.F.,.F.,(6,6),(0.,26.),
  .PIECEWISE_BEZIER_KNOTS.);
#7863 = CARTESIAN_POINT('',(-19.43006592854,-1.742136048805,0.));
#7864 = CARTESIAN_POINT('',(-18.22049526683,-2.609398469638,5.2));
#7865 = CARTESIAN_POINT('',(-16.85200247146,-3.255043457161,10.4));
#7866 = CARTESIAN_POINT('',(-15.37866182348,-3.639933117829,15.6));
#7867 = CARTESIAN_POINT('',(-13.86923880599,-3.746103429881,20.8));
#7868 = CARTESIAN_POINT('',(-12.39004079817,-3.581244259951,26.));
#7869 = PCURVE('',#6583,#7870);
#7870 = DEFINITIONAL_REPRESENTATION('',(#7871),#7875);
#7871 = LINE('',#7872,#7873);
#7872 = CARTESIAN_POINT('',(0.,0.));
#7873 = VECTOR('',#7874,1.);
#7874 = DIRECTION('',(0.,1.));
#7875 = ( GEOMETRIC_REPRESENTATION_CONTEXT(2) 
PARAMETRIC_REPRESENTATION_CONTEXT() REPRESENTATION_CONTEXT('2D SPACE',''
  ) );
#7876 = PCURVE('',#6532,#7877);
#7877 = DEFINITIONAL_REPRESENTATION('',(#7878),#7882);
#7878 = LINE('',#7879,#7880);
#7879 = CARTESIAN_POINT('',(20.,0.));
#7880 = VECTOR('',#7881,1.);
#7881 = DIRECTION('',(0.,1.));
#7882 = ( GEOMETRIC_REPRESENTATION_CONTEXT(2) 
PARAMETRIC_REPRESENTATION_CONTEXT() REPRESENTATION_CONTEXT('2D SPACE',''
  ) );
#7883 = ORIENTED_EDGE('',*,*,#7884,.T.);
#7884 = EDGE_CURVE('',#7859,#6558,#7885,.T.);
#7885 = SURFACE_CURVE('',#7886,(#7889,#7896),.PCURVE_S1.);
#7886 = B_SPLINE_CURVE_WITH_KNOTS('',1,(#7887,#7888),.UNSPECIFIED.,.F.,
  .F.,(2,2),(0.,3.5),.PIECEWISE_BEZIER_KNOTS.);
#7887 = CARTESIAN_POINT('',(-19.43006592854,-1.742136048805,0.));
#7888 = CARTESIAN_POINT('',(-16.27667489088,-3.260729135717,0.));
#7889 = PCURVE('',#6583,#7890);
#7890 = DEFINITIONAL_REPRESENTATION('',(#7891),#7895);
#7891 = LINE('',#7892,#7893);
#7892 = CARTESIAN_POINT('',(0.,0.));
#7893 = VECTOR('',#7894,1.);
#7894 = DIRECTION('',(1.,0.));
#7895 = ( GEOMETRIC_REPRESENTATION_CONTEXT(2) 
PARAMETRIC_REPRESENTATION_CONTEXT() REPRESENTATION_CONTEXT('2D SPACE',''
  ) );
#7896 = PCURVE('',#7844,#7897);
#7897 = DEFINITIONAL_REPRESENTATION('',(#7898),#7901);
#7898 = B_SPLINE_CURVE_WITH_KNOTS('',1,(#7899,#7900),.UNSPECIFIED.,.F.,
  .F.,(2,2),(0.,3.5),.PIECEWISE_BEZIER_KNOTS.);
#7899 = CARTESIAN_POINT('',(1.75,10.));
#7900 = CARTESIAN_POINT('',(-1.75,10.));
#7901 = ( GEOMETRIC_REPRESENTATION_CONTEXT(2) 
PARAMETRIC_REPRESENTATION_CONTEXT() REPRESENTATION_CONTEXT('2D SPACE',''
  ) );
#7902 = ORIENTED_EDGE('',*,*,#6557,.T.);
#7903 = ADVANCED_FACE('',(#7904),#6532,.T.);
#7904 = FACE_BOUND('',#7905,.T.);
#7905 = EDGE_LOOP('',(#7906,#7907,#7908));
#7906 = ORIENTED_EDGE('',*,*,#7858,.T.);
#7907 = ORIENTED_EDGE('',*,*,#6506,.T.);
#7908 = ORIENTED_EDGE('',*,*,#7909,.T.);
#7909 = EDGE_CURVE('',#6481,#7859,#7910,.T.);
#7910 = SURFACE_CURVE('',#7911,(#7914,#7921),.PCURVE_S1.);
#7911 = B_SPLINE_CURVE_WITH_KNOTS('',1,(#7912,#7913),.UNSPECIFIED.,.F.,
  .F.,(2,2),(0.,20.),.PIECEWISE_BEZIER_KNOTS.);
#7912 = CARTESIAN_POINT('',(-10.75239114619,16.277241309243,0.));
#7913 = CARTESIAN_POINT('',(-19.43006592854,-1.742136048805,0.));
#7914 = PCURVE('',#6532,#7915);
#7915 = DEFINITIONAL_REPRESENTATION('',(#7916),#7920);
#7916 = LINE('',#7917,#7918);
#7917 = CARTESIAN_POINT('',(0.,0.));
#7918 = VECTOR('',#7919,1.);
#7919 = DIRECTION('',(1.,0.));
#7920 = ( GEOMETRIC_REPRESENTATION_CONTEXT(2) 
PARAMETRIC_REPRESENTATION_CONTEXT() REPRESENTATION_CONTEXT('2D SPACE',''
  ) );
#7921 = PCURVE('',#7844,#7922);
#7922 = DEFINITIONAL_REPRESENTATION('',(#7923),#7926);
#7923 = B_SPLINE_CURVE_WITH_KNOTS('',1,(#7924,#7925),.UNSPECIFIED.,.F.,
  .F.,(2,2),(0.,20.),.PIECEWISE_BEZIER_KNOTS.);
#7924 = CARTESIAN_POINT('',(1.75,-10.));
#7925 = CARTESIAN_POINT('',(1.75,10.));
#7926 = ( GEOMETRIC_REPRESENTATION_CONTEXT(2) 
PARAMETRIC_REPRESENTATION_CONTEXT() REPRESENTATION_CONTEXT('2D SPACE',''
  ) );
#7927 = ADVANCED_FACE('',(#7928),#6495,.F.);
#7928 = FACE_BOUND('',#7929,.F.);
#7929 = EDGE_LOOP('',(#7930,#7931,#7932));
#7930 = ORIENTED_EDGE('',*,*,#7814,.F.);
#7931 = ORIENTED_EDGE('',*,*,#6664,.T.);
#7932 = ORIENTED_EDGE('',*,*,#6480,.T.);
#7933 = ADVANCED_FACE('',(#7934),#6702,.F.);
#7934 = FACE_BOUND('',#7935,.F.);
#7935 = EDGE_LOOP('',(#7936,#7937,#7938,#7939,#7940,#7958));
#7936 = ORIENTED_EDGE('',*,*,#7054,.T.);
#7937 = ORIENTED_EDGE('',*,*,#7034,.T.);
#7938 = ORIENTED_EDGE('',*,*,#6688,.T.);
#7939 = ORIENTED_EDGE('',*,*,#6753,.T.);
#7940 = ORIENTED_EDGE('',*,*,#7941,.T.);
#7941 = EDGE_CURVE('',#6609,#6801,#7942,.T.);
#7942 = SURFACE_CURVE('',#7943,(#7946,#7952),.PCURVE_S1.);
#7943 = B_SPLINE_CURVE_WITH_KNOTS('',1,(#7944,#7945),.UNSPECIFIED.,.F.,
  .F.,(2,2),(0.,20.),.PIECEWISE_BEZIER_KNOTS.);
#7944 = CARTESIAN_POINT('',(-19.43006592854,1.742136048805,0.));
#7945 = CARTESIAN_POINT('',(-10.75239114619,-16.27724130924,0.));
#7946 = PCURVE('',#6702,#7947);
#7947 = DEFINITIONAL_REPRESENTATION('',(#7948),#7951);
#7948 = B_SPLINE_CURVE_WITH_KNOTS('',1,(#7949,#7950),.UNSPECIFIED.,.F.,
  .F.,(2,2),(0.,20.),.PIECEWISE_BEZIER_KNOTS.);
#7949 = CARTESIAN_POINT('',(1.75,-10.));
#7950 = CARTESIAN_POINT('',(1.75,10.));
#7951 = ( GEOMETRIC_REPRESENTATION_CONTEXT(2) 
PARAMETRIC_REPRESENTATION_CONTEXT() REPRESENTATION_CONTEXT('2D SPACE',''
  ) );
#7952 = PCURVE('',#6815,#7953);
#7953 = DEFINITIONAL_REPRESENTATION('',(#7954),#7957);
#7954 = B_SPLINE_CURVE_WITH_KNOTS('',1,(#7955,#7956),.UNSPECIFIED.,.F.,
  .F.,(2,2),(0.,20.),.PIECEWISE_BEZIER_KNOTS.);
#7955 = CARTESIAN_POINT('',(-12.37486064354,-19.33057534992));
#7956 = CARTESIAN_POINT('',(3.261769005814,-6.860779312752));
#7957 = ( GEOMETRIC_REPRESENTATION_CONTEXT(2) 
PARAMETRIC_REPRESENTATION_CONTEXT() REPRESENTATION_CONTEXT('2D SPACE',''
  ) );
#7958 = ORIENTED_EDGE('',*,*,#7959,.T.);
#7959 = EDGE_CURVE('',#6801,#6878,#7960,.T.);
#7960 = SURFACE_CURVE('',#7961,(#7964,#7970),.PCURVE_S1.);
#7961 = B_SPLINE_CURVE_WITH_KNOTS('',1,(#7962,#7963),.UNSPECIFIED.,.F.,
  .F.,(2,2),(0.,20.),.PIECEWISE_BEZIER_KNOTS.);
#7962 = CARTESIAN_POINT('',(-13.47650476558,-14.10483318948,0.));
#7963 = CARTESIAN_POINT('',(6.02205347805,-18.5552518686,0.));
#7964 = PCURVE('',#6702,#7965);
#7965 = DEFINITIONAL_REPRESENTATION('',(#7966),#7969);
#7966 = B_SPLINE_CURVE_WITH_KNOTS('',1,(#7967,#7968),.UNSPECIFIED.,.F.,
  .F.,(2,2),(0.,20.),.PIECEWISE_BEZIER_KNOTS.);
#7967 = CARTESIAN_POINT('',(3.261769005814,6.860779312752));
#7968 = CARTESIAN_POINT('',(-12.37486064354,19.330575349927));
#7969 = ( GEOMETRIC_REPRESENTATION_CONTEXT(2) 
PARAMETRIC_REPRESENTATION_CONTEXT() REPRESENTATION_CONTEXT('2D SPACE',''
  ) );
#7970 = PCURVE('',#7971,#7976);
#7971 = PLANE('',#7972);
#7972 = AXIS2_PLACEMENT_3D('',#7973,#7974,#7975);
#7973 = CARTESIAN_POINT('',(-13.51453301853,-6.508256086763,0.));
#7974 = DIRECTION('',(0.,0.,1.));
#7975 = DIRECTION('',(-0.900968867902,-0.433883739118,0.));
#7976 = DEFINITIONAL_REPRESENTATION('',(#7977),#7980);
#7977 = B_SPLINE_CURVE_WITH_KNOTS('',1,(#7978,#7979),.UNSPECIFIED.,.F.,
  .F.,(2,2),(0.,20.),.PIECEWISE_BEZIER_KNOTS.);
#7978 = CARTESIAN_POINT('',(3.261769005814,6.860779312752));
#7979 = CARTESIAN_POINT('',(-12.37486064354,19.330575349927));
#7980 = ( GEOMETRIC_REPRESENTATION_CONTEXT(2) 
PARAMETRIC_REPRESENTATION_CONTEXT() REPRESENTATION_CONTEXT('2D SPACE',''
  ) );
#7981 = ADVANCED_FACE('',(#7982),#6903,.T.);
#7982 = FACE_BOUND('',#7983,.T.);
#7983 = EDGE_LOOP('',(#7984,#8010,#8029));
#7984 = ORIENTED_EDGE('',*,*,#7985,.F.);
#7985 = EDGE_CURVE('',#7986,#6827,#7988,.T.);
#7986 = VERTEX_POINT('',#7987);
#7987 = CARTESIAN_POINT('',(-10.75239114619,-16.27724130924,0.));
#7988 = SURFACE_CURVE('',#7989,(#7996,#8003),.PCURVE_S1.);
#7989 = B_SPLINE_CURVE_WITH_KNOTS('',5,(#7990,#7991,#7992,#7993,#7994,
    #7995),.UNSPECIFIED.,.F.,.F.,(6,6),(0.,26.),
  .PIECEWISE_BEZIER_KNOTS.);
#7990 = CARTESIAN_POINT('',(-10.75239114619,-16.27724130924,0.));
#7991 = CARTESIAN_POINT('',(-9.320183109818,-15.87229016057,5.2));
#7992 = CARTESIAN_POINT('',(-7.962156230249,-15.20491247497,10.4));
#7993 = CARTESIAN_POINT('',(-6.74262450758,-14.29298315024,15.6));
#7994 = CARTESIAN_POINT('',(-5.718507357021,-13.17906482163,20.8));
#7995 = CARTESIAN_POINT('',(-4.925134573439,-11.91979323912,26.));
#7996 = PCURVE('',#6903,#7997);
#7997 = DEFINITIONAL_REPRESENTATION('',(#7998),#8002);
#7998 = LINE('',#7999,#8000);
#7999 = CARTESIAN_POINT('',(0.,0.));
#8000 = VECTOR('',#8001,1.);
#8001 = DIRECTION('',(0.,1.));
#8002 = ( GEOMETRIC_REPRESENTATION_CONTEXT(2) 
PARAMETRIC_REPRESENTATION_CONTEXT() REPRESENTATION_CONTEXT('2D SPACE',''
  ) );
#8003 = PCURVE('',#6852,#8004);
#8004 = DEFINITIONAL_REPRESENTATION('',(#8005),#8009);
#8005 = LINE('',#8006,#8007);
#8006 = CARTESIAN_POINT('',(20.,0.));
#8007 = VECTOR('',#8008,1.);
#8008 = DIRECTION('',(0.,1.));
#8009 = ( GEOMETRIC_REPRESENTATION_CONTEXT(2) 
PARAMETRIC_REPRESENTATION_CONTEXT() REPRESENTATION_CONTEXT('2D SPACE',''
  ) );
#8010 = ORIENTED_EDGE('',*,*,#8011,.T.);
#8011 = EDGE_CURVE('',#7986,#6878,#8012,.T.);
#8012 = SURFACE_CURVE('',#8013,(#8016,#8023),.PCURVE_S1.);
#8013 = B_SPLINE_CURVE_WITH_KNOTS('',1,(#8014,#8015),.UNSPECIFIED.,.F.,
  .F.,(2,2),(0.,3.5),.PIECEWISE_BEZIER_KNOTS.);
#8014 = CARTESIAN_POINT('',(-10.75239114619,-16.27724130924,0.));
#8015 = CARTESIAN_POINT('',(-7.599000108531,-14.75864822233,0.));
#8016 = PCURVE('',#6903,#8017);
#8017 = DEFINITIONAL_REPRESENTATION('',(#8018),#8022);
#8018 = LINE('',#8019,#8020);
#8019 = CARTESIAN_POINT('',(0.,0.));
#8020 = VECTOR('',#8021,1.);
#8021 = DIRECTION('',(1.,0.));
#8022 = ( GEOMETRIC_REPRESENTATION_CONTEXT(2) 
PARAMETRIC_REPRESENTATION_CONTEXT() REPRESENTATION_CONTEXT('2D SPACE',''
  ) );
#8023 = PCURVE('',#7971,#8024);
#8024 = DEFINITIONAL_REPRESENTATION('',(#8025),#8028);
#8025 = B_SPLINE_CURVE_WITH_KNOTS('',1,(#8026,#8027),.UNSPECIFIED.,.F.,
  .F.,(2,2),(0.,3.5),.PIECEWISE_BEZIER_KNOTS.);
#8026 = CARTESIAN_POINT('',(1.75,10.));
#8027 = CARTESIAN_POINT('',(-1.75,10.));
#8028 = ( GEOMETRIC_REPRESENTATION_CONTEXT(2) 
PARAMETRIC_REPRESENTATION_CONTEXT() REPRESENTATION_CONTEXT('2D SPACE',''
  ) );
#8029 = ORIENTED_EDGE('',*,*,#6877,.T.);
#8030 = ADVANCED_FACE('',(#8031),#6852,.T.);
#8031 = FACE_BOUND('',#8032,.T.);
#8032 = EDGE_LOOP('',(#8033,#8034,#8035));
#8033 = ORIENTED_EDGE('',*,*,#7985,.T.);
#8034 = ORIENTED_EDGE('',*,*,#6826,.T.);
#8035 = ORIENTED_EDGE('',*,*,#8036,.T.);
#8036 = EDGE_CURVE('',#6801,#7986,#8037,.T.);
#8037 = SURFACE_CURVE('',#8038,(#8041,#8048),.PCURVE_S1.);
#8038 = B_SPLINE_CURVE_WITH_KNOTS('',1,(#8039,#8040),.UNSPECIFIED.,.F.,
  .F.,(2,2),(0.,20.),.PIECEWISE_BEZIER_KNOTS.);
#8039 = CARTESIAN_POINT('',(-19.43006592854,1.742136048805,0.));
#8040 = CARTESIAN_POINT('',(-10.75239114619,-16.27724130924,0.));
#8041 = PCURVE('',#6852,#8042);
#8042 = DEFINITIONAL_REPRESENTATION('',(#8043),#8047);
#8043 = LINE('',#8044,#8045);
#8044 = CARTESIAN_POINT('',(0.,0.));
#8045 = VECTOR('',#8046,1.);
#8046 = DIRECTION('',(1.,0.));
#8047 = ( GEOMETRIC_REPRESENTATION_CONTEXT(2) 
PARAMETRIC_REPRESENTATION_CONTEXT() REPRESENTATION_CONTEXT('2D SPACE',''
  ) );
#8048 = PCURVE('',#7971,#8049);
#8049 = DEFINITIONAL_REPRESENTATION('',(#8050),#8053);
#8050 = B_SPLINE_CURVE_WITH_KNOTS('',1,(#8051,#8052),.UNSPECIFIED.,.F.,
  .F.,(2,2),(0.,20.),.PIECEWISE_BEZIER_KNOTS.);
#8051 = CARTESIAN_POINT('',(1.75,-10.));
#8052 = CARTESIAN_POINT('',(1.75,10.));
#8053 = ( GEOMETRIC_REPRESENTATION_CONTEXT(2) 
PARAMETRIC_REPRESENTATION_CONTEXT() REPRESENTATION_CONTEXT('2D SPACE',''
  ) );
#8054 = ADVANCED_FACE('',(#8055),#6815,.F.);
#8055 = FACE_BOUND('',#8056,.F.);
#8056 = EDGE_LOOP('',(#8057,#8058,#8059));
#8057 = ORIENTED_EDGE('',*,*,#7941,.F.);
#8058 = ORIENTED_EDGE('',*,*,#6984,.T.);
#8059 = ORIENTED_EDGE('',*,*,#6800,.T.);
#8060 = ADVANCED_FACE('',(#8061),#7022,.F.);
#8061 = FACE_BOUND('',#8062,.F.);
#8062 = EDGE_LOOP('',(#8063,#8064,#8065,#8066,#8067,#8068));
#8063 = ORIENTED_EDGE('',*,*,#7141,.T.);
#8064 = ORIENTED_EDGE('',*,*,#7121,.T.);
#8065 = ORIENTED_EDGE('',*,*,#7008,.T.);
#8066 = ORIENTED_EDGE('',*,*,#7073,.T.);
#8067 = ORIENTED_EDGE('',*,*,#7380,.T.);
#8068 = ORIENTED_EDGE('',*,*,#8069,.T.);
#8069 = EDGE_CURVE('',#5250,#5327,#8070,.T.);
#8070 = SURFACE_CURVE('',#8071,(#8074,#8080),.PCURVE_S1.);
#8071 = B_SPLINE_CURVE_WITH_KNOTS('',1,(#8072,#8073),.UNSPECIFIED.,.F.,
  .F.,(2,2),(0.,20.),.PIECEWISE_BEZIER_KNOTS.);
#8072 = CARTESIAN_POINT('',(2.625139356453,-19.33057534992,0.));
#8073 = CARTESIAN_POINT('',(18.261769005814,-6.860779312752,0.));
#8074 = PCURVE('',#7022,#8075);
#8075 = DEFINITIONAL_REPRESENTATION('',(#8076),#8079);
#8076 = B_SPLINE_CURVE_WITH_KNOTS('',1,(#8077,#8078),.UNSPECIFIED.,.F.,
  .F.,(2,2),(0.,20.),.PIECEWISE_BEZIER_KNOTS.);
#8077 = CARTESIAN_POINT('',(3.261769005814,6.860779312752));
#8078 = CARTESIAN_POINT('',(-12.37486064354,19.330575349927));
#8079 = ( GEOMETRIC_REPRESENTATION_CONTEXT(2) 
PARAMETRIC_REPRESENTATION_CONTEXT() REPRESENTATION_CONTEXT('2D SPACE',''
  ) );
#8080 = PCURVE('',#7341,#8081);
#8081 = DEFINITIONAL_REPRESENTATION('',(#8082),#8085);
#8082 = B_SPLINE_CURVE_WITH_KNOTS('',1,(#8083,#8084),.UNSPECIFIED.,.F.,
  .F.,(2,2),(0.,20.),.PIECEWISE_BEZIER_KNOTS.);
#8083 = CARTESIAN_POINT('',(3.261769005814,6.860779312752));
#8084 = CARTESIAN_POINT('',(-12.37486064354,19.330575349927));
#8085 = ( GEOMETRIC_REPRESENTATION_CONTEXT(2) 
PARAMETRIC_REPRESENTATION_CONTEXT() REPRESENTATION_CONTEXT('2D SPACE',''
  ) );
#8086 = ADVANCED_FACE('',(#8087),#7240,.F.);
#8087 = FACE_BOUND('',#8088,.F.);
#8088 = EDGE_LOOP('',(#8089,#8090,#8091));
#8089 = ORIENTED_EDGE('',*,*,#7455,.F.);
#8090 = ORIENTED_EDGE('',*,*,#7257,.T.);
#8091 = ORIENTED_EDGE('',*,*,#7227,.T.);
#8092 = ADVANCED_FACE('',(#8093),#7341,.F.);
#8093 = FACE_BOUND('',#8094,.F.);
#8094 = EDGE_LOOP('',(#8095,#8096,#8097));
#8095 = ORIENTED_EDGE('',*,*,#7328,.T.);
#8096 = ORIENTED_EDGE('',*,*,#8069,.F.);
#8097 = ORIENTED_EDGE('',*,*,#7358,.T.);
#8098 = ADVANCED_FACE('',(#8099),#7436,.F.);
#8099 = FACE_BOUND('',#8100,.F.);
#8100 = EDGE_LOOP('',(#8101,#8102,#8103));
#8101 = ORIENTED_EDGE('',*,*,#7424,.F.);
#8102 = ORIENTED_EDGE('',*,*,#7527,.T.);
#8103 = ORIENTED_EDGE('',*,*,#7503,.T.);
#8104 = ADVANCED_FACE('',(#8105),#7590,.F.);
#8105 = FACE_BOUND('',#8106,.F.);
#8106 = EDGE_LOOP('',(#8107,#8108,#8109));
#8107 = ORIENTED_EDGE('',*,*,#7630,.T.);
#8108 = ORIENTED_EDGE('',*,*,#7578,.F.);
#8109 = ORIENTED_EDGE('',*,*,#7655,.T.);
#8110 = ADVANCED_FACE('',(#8111),#7717,.F.);
#8111 = FACE_BOUND('',#8112,.F.);
#8112 = EDGE_LOOP('',(#8113,#8114,#8115));
#8113 = ORIENTED_EDGE('',*,*,#7757,.T.);
#8114 = ORIENTED_EDGE('',*,*,#7705,.F.);
#8115 = ORIENTED_EDGE('',*,*,#7782,.T.);
#8116 = ADVANCED_FACE('',(#8117),#7844,.F.);
#8117 = FACE_BOUND('',#8118,.F.);
#8118 = EDGE_LOOP('',(#8119,#8120,#8121));
#8119 = ORIENTED_EDGE('',*,*,#7884,.T.);
#8120 = ORIENTED_EDGE('',*,*,#7832,.F.);
#8121 = ORIENTED_EDGE('',*,*,#7909,.T.);
#8122 = ADVANCED_FACE('',(#8123),#7971,.F.);
#8123 = FACE_BOUND('',#8124,.F.);
#8124 = EDGE_LOOP('',(#8125,#8126,#8127));
#8125 = ORIENTED_EDGE('',*,*,#8011,.T.);
#8126 = ORIENTED_EDGE('',*,*,#7959,.F.);
#8127 = ORIENTED_EDGE('',*,*,#8036,.T.);
#8128 = ( GEOMETRIC_REPRESENTATION_CONTEXT(3) 
GLOBAL_UNCERTAINTY_ASSIGNED_CONTEXT((#8132)) 
GLOBAL_UNIT_ASSIGNED_CONTEXT((#8129,#8130,#8131)) REPRESENTATION_CONTEXT
('Context #1','3D Context with UNIT and UNCERTAINTY') );
#8129 = ( LENGTH_UNIT() NAMED_UNIT(*) SI_UNIT(.MILLI.,.METRE.) );
#8130 = ( NAMED_UNIT(*) PLANE_ANGLE_UNIT() SI_UNIT($,.RADIAN.) );
#8131 = ( NAMED_UNIT(*) SI_UNIT($,.STERADIAN.) SOLID_ANGLE_UNIT() );
#8132 = UNCERTAINTY_MEASURE_WITH_UNIT(LENGTH_MEASURE(5.E-06),#8129,
  'distance_accuracy_value','confusion accuracy');
#8133 = PRODUCT_RELATED_PRODUCT_CATEGORY('part',$,(#7));
ENDSEC;
END-ISO-10303-21;
