ISO-10303-21;
HEADER;
FILE_DESCRIPTION(('Open CASCADE Model'),'2;1');
FILE_NAME('Open CASCADE Shape Model','2026-05-26T15:58:01',('Author'),(
    'Open CASCADE'),'Open CASCADE STEP processor 7.8','Open CASCADE 7.8'
  ,'Unknown');
FILE_SCHEMA(('AUTOMOTIVE_DESIGN { 1 0 10303 214 1 1 1 1 }'));
ENDSEC;
DATA;
#1 = APPLICATION_PROTOCOL_DEFINITION('international standard',
  'automotive_design',2000,#2);
#2 = APPLICATION_CONTEXT(
  'core data for automotive mechanical design processes');
#3 = SHAPE_DEFINITION_REPRESENTATION(#4,#10);
#4 = PRODUCT_DEFINITION_SHAPE('','',#5);
#5 = PRODUCT_DEFINITION('design','',#6,#9);
#6 = PRODUCT_DEFINITION_FORMATION('','',#7);
#7 = PRODUCT('Open CASCADE STEP translator 7.8 2',
  'Open CASCADE STEP translator 7.8 2','',(#8));
#8 = PRODUCT_CONTEXT('',#2,'mechanical');
#9 = PRODUCT_DEFINITION_CONTEXT('part definition',#2,'design');
#10 = ADVANCED_BREP_SHAPE_REPRESENTATION('',(#11,#15),#2052);
#11 = AXIS2_PLACEMENT_3D('',#12,#13,#14);
#12 = CARTESIAN_POINT('',(0.,0.,0.));
#13 = DIRECTION('',(0.,0.,1.));
#14 = DIRECTION('',(1.,0.,-0.));
#15 = MANIFOLD_SOLID_BREP('',#16);
#16 = CLOSED_SHELL('',(#17,#2039,#2043));
#17 = ADVANCED_FACE('',(#18),#272,.T.);
#18 = FACE_BOUND('',#19,.T.);
#19 = EDGE_LOOP('',(#20,#1986,#2004,#2005));
#20 = ORIENTED_EDGE('',*,*,#21,.T.);
#21 = EDGE_CURVE('',#22,#24,#26,.T.);
#22 = VERTEX_POINT('',#23);
#23 = CARTESIAN_POINT('',(1.1832119897,-7.,1.972310672138));
#24 = VERTEX_POINT('',#25);
#25 = CARTESIAN_POINT('',(1.180829550324,-6.85509889633,1.968411858131)
  );
#26 = SEAM_CURVE('',#27,(#271,#1979),.PCURVE_S1.);
#27 = ( BOUNDED_CURVE() B_SPLINE_CURVE(11,(#28,#29,#30,#31,#32,#33,#34,
    #35,#36,#37,#38,#39,#40,#41,#42,#43,#44,#45,#46,#47,#48,#49,#50,#51,
    #52,#53,#54,#55,#56,#57,#58,#59,#60,#61,#62,#63,#64,#65,#66,#67,#68,
    #69,#70,#71,#72,#73,#74,#75,#76,#77,#78,#79,#80,#81,#82,#83,#84,#85,
    #86,#87,#88,#89,#90,#91,#92,#93,#94,#95,#96,#97,#98,#99,#100,#101,
    #102,#103,#104,#105,#106,#107,#108,#109,#110,#111,#112,#113,#114,
    #115,#116,#117,#118,#119,#120,#121,#122,#123,#124,#125,#126,#127,
    #128,#129,#130,#131,#132,#133,#134,#135,#136,#137,#138,#139,#140,
    #141,#142,#143,#144,#145,#146,#147,#148,#149,#150,#151,#152,#153,
    #154,#155,#156,#157,#158,#159,#160,#161,#162,#163,#164,#165,#166,
    #167,#168,#169,#170,#171,#172,#173,#174,#175,#176,#177,#178,#179,
    #180,#181,#182,#183,#184,#185,#186,#187,#188,#189,#190,#191,#192,
    #193,#194,#195,#196,#197,#198,#199,#200,#201,#202,#203,#204,#205,
    #206,#207,#208,#209,#210,#211,#212,#213,#214,#215,#216,#217,#218,
    #219,#220,#221,#222,#223,#224,#225,#226,#227,#228,#229,#230,#231,
    #232,#233,#234,#235,#236,#237,#238,#239,#240,#241,#242,#243,#244,
    #245,#246,#247,#248,#249,#250,#251,#252,#253,#254,#255,#256,#257,
    #258,#259,#260,#261,#262,#263,#264,#265,#266,#267,#268,#269,#270),
.UNSPECIFIED.,.F.,.F.) B_SPLINE_CURVE_WITH_KNOTS((12,11,11,11,11,11,11,
    11,11,11,11,11,11,11,11,11,11,11,11,11,11,11,12),(0.,
    1.635404342302E-02,3.375093949924E-02,4.956534555675E-02,
    6.728708138929E-02,0.126708523221,0.185853279366,0.245102841507,
    0.309733728755,0.379614339034,0.441296425497,0.5,0.570734785556,
    0.632637907894,0.687387762547,0.754897158493,0.812038979065,
    0.872383915259,0.931422818519,0.94735019658,0.964665815763,
0.981945121127,1.),.UNSPECIFIED.) CURVE() GEOMETRIC_REPRESENTATION_ITEM(
) RATIONAL_B_SPLINE_CURVE((1.669078461068,1.669078461068,1.669078461068,
    1.669078461069,1.669078461067,1.66907846107,1.669078461066,
    1.66907846107,1.669078461067,1.669078461069,1.669078461068,
    1.669078461068,1.669078461068,1.669078461068,1.669078461069,
    1.669078461067,1.66907846107,1.669078461066,1.66907846107,
    1.669078461068,1.669078461069,1.669078461068,1.669078461068,
    1.669078461068,1.669078461068,1.669078461069,1.669078461067,
    1.66907846107,1.669078461067,1.669078461069,1.669078461068,
    1.669078461068,1.669078461068,1.669078461068,1.669078461068,
    1.669078461068,1.669078461068,1.669078461068,1.669078461068,
    1.669078461068,1.669078461068,1.669078461068,1.669078461068,
    1.669078461068,1.669078461068,1.669078461068,1.669078461068,
    1.669078461068,1.669078461068,1.669078461068,1.669078461068,
    1.669078461068,1.669078461068,1.669078461068,1.669078461068,
    1.669078461068,1.669078461068,1.669078461069,1.669078461068,
    1.669078461069,1.669078461067,1.66907846107,1.669078461067,
    1.669078461069,1.669078461068,1.669078461068,1.669078461068,
    1.669078461068,1.669078461068,1.669078461068,1.669078461069,
    1.669078461067,1.669078461069,1.669078461068,1.669078461068,
    1.669078461068,1.669078461068,1.669078461068,1.669078461068,
    1.669078461068,1.669078461069,1.669078461067,1.66907846107,
    1.669078461067,1.669078461069,1.669078461068,1.669078461068,
    1.669078461068,1.669078461068,1.669078461068,1.669078461068,
    1.669078461068,1.669078461069,1.669078461067,1.669078461069,
    1.669078461068,1.669078461068,1.669078461068,1.669078461068,
    1.669078461068,1.669078461068,1.669078461068,1.669078461068,
    1.669078461069,1.669078461067,1.66907846107,1.669078461067,
    1.669078461069,1.669078461068,1.669078461068,1.669078461068,
    1.669078461068,1.669078461068,1.669078461068,1.669078461069,
    1.669078461067,1.669078461069,1.669078461068,1.669078461069,
    1.669078461068,1.669078461068,1.669078461068,1.669078461068,
    1.669078461069,1.669078461067,1.669078461071,1.669078461065,
    1.669078461072,1.669078461066,1.66907846107,1.669078461068,
    1.669078461068,1.669078461068,1.669078461068,1.669078461068,
    1.669078461068,1.669078461068,1.669078461068,1.669078461068,
    1.669078461068,1.669078461068,1.669078461068,1.669078461068,
    1.669078461068,1.669078461068,1.669078461069,1.669078461066,
    1.669078461072,1.669078461064,1.669078461072,1.669078461065,
    1.66907846107,1.669078461068,1.669078461068,1.669078461068,
    1.669078461068,1.669078461069,1.669078461067,1.66907846107,
    1.669078461065,1.669078461071,1.669078461066,1.669078461069,
    1.669078461068,1.669078461068,1.669078461068,1.669078461068,
    1.669078461068,1.669078461068,1.669078461069,1.669078461068,
    1.669078461068,1.669078461068,1.669078461068,1.669078461068,
    1.669078461068,1.669078461068,1.669078461068,1.669078461068,
    1.669078461069,1.669078461067,1.66907846107,1.669078461066,
    1.66907846107,1.669078461067,1.669078461069,1.669078461068,
    1.669078461068,1.669078461068,1.669078461069,1.669078461068,
    1.669078461069,1.669078461067,1.669078461069,1.669078461068,
    1.669078461069,1.669078461068,1.669078461068,1.669078461068,
    1.669078461068,1.669078461068,1.669078461069,1.669078461067,
    1.669078461069,1.669078461067,1.669078461069,1.669078461068,
    1.669078461068,1.669078461068,1.669078461068,1.669078461068,
    1.669078461069,1.669078461067,1.66907846107,1.669078461066,
    1.66907846107,1.669078461067,1.669078461069,1.669078461068,
    1.669078461068,1.669078461068,1.669078461068,1.669078461068,
    1.669078461069,1.669078461067,1.66907846107,1.669078461067,
    1.669078461069,1.669078461068,1.669078461068,1.669078461068,
    1.669078461068,1.669078461068,1.669078461068,1.669078461068,
    1.669078461068,1.669078461068,1.669078461068,1.669078461068,
    1.669078461068,1.669078461068,1.669078461068,1.669078461068)) 
REPRESENTATION_ITEM('') );
#28 = CARTESIAN_POINT('',(1.1832119897,-7.,1.972310672138));
#29 = CARTESIAN_POINT('',(1.439877768029,-6.987086422102,1.818231786817)
  );
#30 = CARTESIAN_POINT('',(1.696396198761,-6.991245646383,1.664256220315)
  );
#31 = CARTESIAN_POINT('',(1.953345620551,-7.007558542554,1.510491869077)
  );
#32 = CARTESIAN_POINT('',(2.210670217352,-7.031524372123,1.356372197987)
  );
#33 = CARTESIAN_POINT('',(2.468130597232,-7.059036456387,1.201363756122)
  );
#34 = CARTESIAN_POINT('',(2.725536972091,-7.086435392191,1.045293603808)
  );
#35 = CARTESIAN_POINT('',(2.982822578606,-7.11059979873,0.888399532522)
  );
#36 = CARTESIAN_POINT('',(3.240014980938,-7.12903457872,0.731205959195)
  );
#37 = CARTESIAN_POINT('',(3.49716289546,-7.13991667716,0.574328376459));
#38 = CARTESIAN_POINT('',(3.754276178088,-7.142058321048,0.418309240383)
  );
#39 = CARTESIAN_POINT('',(4.011336614476,-7.134747723262,0.26358817725)
  );
#40 = CARTESIAN_POINT('',(4.285081837354,-7.142808774872,
    9.642320066933E-02));
#41 = CARTESIAN_POINT('',(4.558744025694,-7.144375116835,
    -7.047064516297E-02));
#42 = CARTESIAN_POINT('',(4.832374385538,-7.140299398773,-0.236944023441
    ));
#43 = CARTESIAN_POINT('',(5.106002880234,-7.131258583022,-0.402924341206
    ));
#44 = CARTESIAN_POINT('',(5.379645382481,-7.117752921418,-0.568377572398
    ));
#45 = CARTESIAN_POINT('',(5.653309000422,-7.100110515305,-0.733276825055
    ));
#46 = CARTESIAN_POINT('',(5.926995577874,-7.078497458902,-0.897577652706
    ));
#47 = CARTESIAN_POINT('',(6.200703368579,-7.052933565858,-1.061200109923
    ));
#48 = CARTESIAN_POINT('',(6.474426884597,-7.02331367917,-1.224017552039)
  );
#49 = CARTESIAN_POINT('',(6.748154918734,-6.989434564316,-1.385852179052
    ));
#50 = CARTESIAN_POINT('',(7.021866741083,-6.951027385708,-1.546477323685
    ));
#51 = CARTESIAN_POINT('',(7.270624312753,-6.914668851251,-1.69195289738)
  );
#52 = CARTESIAN_POINT('',(7.519399781048,-6.875253305554,-1.836638671958
    ));
#53 = CARTESIAN_POINT('',(7.768171213674,-6.832386876464,-1.980327438564
    ));
#54 = CARTESIAN_POINT('',(8.016916311605,-6.78577644018,-2.122824896554)
  );
#55 = CARTESIAN_POINT('',(8.265612371438,-6.735217291989,-2.263951282025
    ));
#56 = CARTESIAN_POINT('',(8.514236247695,-6.680580816998,-2.403542996309
    ));
#57 = CARTESIAN_POINT('',(8.762764315185,-6.621802160872,-2.541454234495
    ));
#58 = CARTESIAN_POINT('',(9.011172431314,-6.558867900559,-2.677558613936
    ));
#59 = CARTESIAN_POINT('',(9.259435898426,-6.491803715041,-2.811750802762
    ));
#60 = CARTESIAN_POINT('',(9.507529426141,-6.42066205605,-2.943948148393)
  );
#61 = CARTESIAN_POINT('',(9.755427093672,-6.345509818816,-3.074092306045
    ));
#62 = CARTESIAN_POINT('',(10.033205342021,-6.261118304546,
    -3.219832223655));
#63 = CARTESIAN_POINT('',(10.310707215088,-6.171395062012,
    -3.362818008382));
#64 = CARTESIAN_POINT('',(10.58787708089,-6.076286763916,-3.502855677412
    ));
#65 = CARTESIAN_POINT('',(10.864649574769,-5.975726538186,
    -3.639735972264));
#66 = CARTESIAN_POINT('',(11.140948220904,-5.869637535742,
    -3.773235264496));
#67 = CARTESIAN_POINT('',(11.416684054081,-5.757936498283,
    -3.903116461434));
#68 = CARTESIAN_POINT('',(11.69175424109,-5.640537326042,-4.029129911847
    ));
#69 = CARTESIAN_POINT('',(11.966040702566,-5.517354645582,
    -4.151014311708));
#70 = CARTESIAN_POINT('',(12.239408734392,-5.388307377544,
    -4.268497609852));
#71 = CARTESIAN_POINT('',(12.511705629456,-5.253322304445,
    -4.381297913731));
#72 = CARTESIAN_POINT('',(12.782759299179,-5.112337638435,
    -4.489124395096));
#73 = CARTESIAN_POINT('',(13.691617413466,-4.639643286612,
    -4.850695482141));
#74 = CARTESIAN_POINT('',(14.586447867661,-4.099297049326,
    -5.156182751932));
#75 = CARTESIAN_POINT('',(15.460740395116,-3.48934632957,-5.394906723067
    ));
#76 = CARTESIAN_POINT('',(16.305559008689,-2.80609409265,-5.552969282558
    ));
#77 = CARTESIAN_POINT('',(17.106619109205,-2.052710374031,
    -5.617620097865));
#78 = CARTESIAN_POINT('',(17.849566793931,-1.228608738403,
    -5.572839773129));
#79 = CARTESIAN_POINT('',(18.508720201412,-0.345790643138,
    -5.404096395604));
#80 = CARTESIAN_POINT('',(19.058991765031,0.569641148779,-5.111190193977
    ));
#81 = CARTESIAN_POINT('',(19.496007986495,1.496034351499,-4.710641493215
    ));
#82 = CARTESIAN_POINT('',(19.81445936108,2.41503509502,-4.216885229845)
  );
#83 = CARTESIAN_POINT('',(20.018326978836,3.313648761677,-3.648296223592
    ));
#84 = CARTESIAN_POINT('',(20.221110187651,4.208060218919,-3.082267756567
    ));
#85 = CARTESIAN_POINT('',(20.310078944654,5.082227405163,-2.441925794541
    ));
#86 = CARTESIAN_POINT('',(20.287255876026,5.923052534177,-1.744191733214
    ));
#87 = CARTESIAN_POINT('',(20.159786997086,6.722279554044,-1.007016832231
    ));
#88 = CARTESIAN_POINT('',(19.935298863889,7.476058602482,-0.245408816052
    ));
#89 = CARTESIAN_POINT('',(19.621098169315,8.183102645376,0.528225239066)
  );
#90 = CARTESIAN_POINT('',(19.223933761867,8.843070142168,1.303412775979)
  );
#91 = CARTESIAN_POINT('',(18.749449120664,9.455551238373,2.071402041772)
  );
#92 = CARTESIAN_POINT('',(18.201732894385,10.019371382062,2.824633059197
    ));
#93 = CARTESIAN_POINT('',(17.58352620137,10.53185539522,3.555256176339)
  );
#94 = CARTESIAN_POINT('',(16.896667996501,10.98821690516,4.253865710061)
  );
#95 = CARTESIAN_POINT('',(16.208592150567,11.445386731549,4.953712998292
    ));
#96 = CARTESIAN_POINT('',(15.451797652196,11.846361959753,5.621501922366
    ));
#97 = CARTESIAN_POINT('',(14.628035589499,12.186321790599,6.247851961536
    ));
#98 = CARTESIAN_POINT('',(13.739338658106,12.458786732692,6.821688440444
    ));
#99 = CARTESIAN_POINT('',(12.788710627512,12.656475609487,7.331420537342
    ));
#100 = CARTESIAN_POINT('',(11.779628588658,12.768335117735,7.7601219344)
  );
#101 = CARTESIAN_POINT('',(10.726466566813,12.785309803022,
    8.090127354598));
#102 = CARTESIAN_POINT('',(9.653738416929,12.706790337657,8.312435943431
    ));
#103 = CARTESIAN_POINT('',(8.582405001771,12.540502807518,8.430740005946
    ));
#104 = CARTESIAN_POINT('',(7.525577348467,12.297453147387,8.455421949354
    ));
#105 = CARTESIAN_POINT('',(6.492955647436,11.986990714903,8.396130350892
    ));
#106 = CARTESIAN_POINT('',(5.366507155028,11.648424613221,8.331580228134
    ));
#107 = CARTESIAN_POINT('',(4.268739007655,11.229869735145,8.167416314306
    ));
#108 = CARTESIAN_POINT('',(3.211519331916,10.744868910466,7.918074952074
    ));
#109 = CARTESIAN_POINT('',(2.19944958856,10.206823529568,7.600289681179)
  );
#110 = CARTESIAN_POINT('',(1.231279096212,9.626092089324,7.228367046385)
  );
#111 = CARTESIAN_POINT('',(0.304003303077,9.010017596484,6.813060461933)
  );
#112 = CARTESIAN_POINT('',(-0.585241157522,8.363955808981,6.362198524612
    ));
#113 = CARTESIAN_POINT('',(-1.439184094261,7.692063614907,5.88161603864)
  );
#114 = CARTESIAN_POINT('',(-2.260128305207,6.997372432437,5.375606869781
    ));
#115 = CARTESIAN_POINT('',(-3.048532325063,6.28151535823,4.847067583415)
  );
#116 = CARTESIAN_POINT('',(-3.804311962281,5.545398900241,4.298729641611
    ));
#117 = CARTESIAN_POINT('',(-4.621384465259,4.749436382364,3.705818106952
    ));
#118 = CARTESIAN_POINT('',(-5.400324894857,3.9297899952,3.089778853694)
  );
#119 = CARTESIAN_POINT('',(-6.140280736718,3.087179143219,2.453837773134
    ));
#120 = CARTESIAN_POINT('',(-6.839463305943,2.221335111153,1.800755905737
    ));
#121 = CARTESIAN_POINT('',(-7.493951010196,1.330279607124,1.133868797413
    ));
#122 = CARTESIAN_POINT('',(-8.098746936786,0.410930477367,0.45806392677)
  );
#123 = CARTESIAN_POINT('',(-8.649157637551,-0.53997856823,
    -0.219858209324));
#124 = CARTESIAN_POINT('',(-9.141373194656,-1.525247968845,
    -0.891534310639));
#125 = CARTESIAN_POINT('',(-9.571941861357,-2.546986401381,
    -1.547735293953));
#126 = CARTESIAN_POINT('',(-9.936645780813,-3.60653387095,
    -2.178586169899));
#127 = CARTESIAN_POINT('',(-10.23009749692,-4.703829317714,
    -2.772025373598));
#128 = CARTESIAN_POINT('',(-10.48915341512,-5.672372683437,
    -3.295860152751));
#129 = CARTESIAN_POINT('',(-10.69258963165,-6.670376014081,
    -3.790489385715));
#130 = CARTESIAN_POINT('',(-10.83722011374,-7.697591450715,
    -4.247968666743));
#131 = CARTESIAN_POINT('',(-10.91776824859,-8.75311980667,
    -4.658430074113));
#132 = CARTESIAN_POINT('',(-10.92967971846,-9.835270711942,
    -5.011725220838));
#133 = CARTESIAN_POINT('',(-10.86591630276,-10.93821288652,
    -5.294490068312));
#134 = CARTESIAN_POINT('',(-10.71833080415,-12.05557672881,
    -5.491752252133));
#135 = CARTESIAN_POINT('',(-10.4785475626,-13.17427398039,
    -5.585449179514));
#136 = CARTESIAN_POINT('',(-10.14072876734,-14.26680544737,
    -5.556761680974));
#137 = CARTESIAN_POINT('',(-9.711259977636,-15.30557347081,
    -5.402752123567));
#138 = CARTESIAN_POINT('',(-9.200304890643,-16.26653688272,
    -5.128186197185));
#139 = CARTESIAN_POINT('',(-8.714062007222,-17.18113293304,
    -4.866932382403));
#140 = CARTESIAN_POINT('',(-8.154019060777,-18.02526904883,
    -4.496494263138));
#141 = CARTESIAN_POINT('',(-7.52962604904,-18.77889582275,
    -4.021943414465));
#142 = CARTESIAN_POINT('',(-6.854433922857,-19.42444805052,
    -3.455558371724));
#143 = CARTESIAN_POINT('',(-6.144421414509,-19.95543192823,
    -2.817904471128));
#144 = CARTESIAN_POINT('',(-5.411956152429,-20.37328177202,
    -2.128603906928));
#145 = CARTESIAN_POINT('',(-4.664630824536,-20.68235865251,
    -1.402834402842));
#146 = CARTESIAN_POINT('',(-3.907954968575,-20.88733860446,
    -0.653570024814));
#147 = CARTESIAN_POINT('',(-3.147063595149,-20.99317112242,0.10687890765
    ));
#148 = CARTESIAN_POINT('',(-2.385225283906,-21.00527948773,
    0.869358124816));
#149 = CARTESIAN_POINT('',(-1.625994639096,-20.92672308868,
    1.625045207954));
#150 = CARTESIAN_POINT('',(-0.711161303561,-20.83208932739,
    2.535609755386));
#151 = CARTESIAN_POINT('',(0.199880497167,-20.60606259146,3.436321208397
    ));
#152 = CARTESIAN_POINT('',(1.101117995844,-20.25430414684,4.311997111045
    ));
#153 = CARTESIAN_POINT('',(1.986127821604,-19.78205774573,5.14883954758)
  );
#154 = CARTESIAN_POINT('',(2.850559474039,-19.18418441617,5.935959806914
    ));
#155 = CARTESIAN_POINT('',(3.677947692411,-18.46247891383,6.650223450226
    ));
#156 = CARTESIAN_POINT('',(4.466492380351,-17.60247195316,7.28194467515)
  );
#157 = CARTESIAN_POINT('',(5.179050301881,-16.60204380943,7.779153594591
    ));
#158 = CARTESIAN_POINT('',(5.795632896801,-15.49716948786,8.128902998596
    ));
#159 = CARTESIAN_POINT('',(6.306953533325,-14.32029778174,8.331381167988
    ));
#160 = CARTESIAN_POINT('',(6.714227782478,-13.10021249207,8.399442905564
    ));
#161 = CARTESIAN_POINT('',(7.070594232034,-12.03243995172,8.458928159281
    ));
#162 = CARTESIAN_POINT('',(7.347266599179,-10.931588847,8.41546623212));
#163 = CARTESIAN_POINT('',(7.544354431598,-9.816632511962,8.276678169796
    ));
#164 = CARTESIAN_POINT('',(7.668420181192,-8.704086035005,8.057821215258
    ));
#165 = CARTESIAN_POINT('',(7.728316394089,-7.602356776484,7.774147924254
    ));
#166 = CARTESIAN_POINT('',(7.732428450033,-6.514895194976,7.438182958888
    ));
#167 = CARTESIAN_POINT('',(7.687660349412,-5.443264106267,7.059538585019
    ));
#168 = CARTESIAN_POINT('',(7.599594110133,-4.388035484999,6.645585949092
    ));
#169 = CARTESIAN_POINT('',(7.472885733773,-3.348921530655,6.202012096549
    ));
#170 = CARTESIAN_POINT('',(7.311132429567,-2.325750956881,5.733022419859
    ));
#171 = CARTESIAN_POINT('',(7.116156847139,-1.318812326038,5.241694787008
    ));
#172 = CARTESIAN_POINT('',(6.943786346942,-0.42818879626,4.807180636902)
  );
#173 = CARTESIAN_POINT('',(6.745465014712,0.449757238811,4.355201454357)
  );
#174 = CARTESIAN_POINT('',(6.522739243896,1.314985807579,3.888051008935)
  );
#175 = CARTESIAN_POINT('',(6.276358181991,2.167270056109,3.407313520789)
  );
#176 = CARTESIAN_POINT('',(6.006167057091,3.00604275026,2.914263983257)
  );
#177 = CARTESIAN_POINT('',(5.711170026206,3.830407380975,2.410224665542)
  );
#178 = CARTESIAN_POINT('',(5.389709496257,4.63924925227,1.896856245999)
  );
#179 = CARTESIAN_POINT('',(5.039708868477,5.431381931022,1.376362026801)
  );
#180 = CARTESIAN_POINT('',(4.658925657034,6.205664438475,0.851583680328)
  );
#181 = CARTESIAN_POINT('',(4.245161932726,6.961024562278,0.325966978183)
  );
#182 = CARTESIAN_POINT('',(3.796379042468,7.696323669016,-0.196624046845
    ));
#183 = CARTESIAN_POINT('',(3.243020041578,8.602993540412,-0.841009150365
    ));
#184 = CARTESIAN_POINT('',(2.636433487668,9.479171751422,-1.480800254504
    ));
#185 = CARTESIAN_POINT('',(1.97286782654,10.322813626965,-2.108756382362
    ));
#186 = CARTESIAN_POINT('',(1.249018598448,11.131660256456,
    -2.716512393428));
#187 = CARTESIAN_POINT('',(0.461801358193,11.903324488935,
    -3.294841955783));
#188 = CARTESIAN_POINT('',(-0.390955553041,12.634223258568,
    -3.833462195523));
#189 = CARTESIAN_POINT('',(-1.311150113747,13.319144844881,
    -4.320719565046));
#190 = CARTESIAN_POINT('',(-2.300780631213,13.950603320966,
    -4.742520044482));
#191 = CARTESIAN_POINT('',(-3.359623663401,14.517058379946,
    -5.080591050435));
#192 = CARTESIAN_POINT('',(-4.479965536628,15.001566953381,
    -5.312587371419));
#193 = CARTESIAN_POINT('',(-5.643332505036,15.387483547251,
    -5.420679082384));
#194 = CARTESIAN_POINT('',(-6.628058806454,15.714083818665,
    -5.512111664997));
#195 = CARTESIAN_POINT('',(-7.643548980963,15.970187471586,
    -5.514936269388));
#196 = CARTESIAN_POINT('',(-8.679051816524,16.144935155395,
    -5.417388446806));
#197 = CARTESIAN_POINT('',(-9.717398111324,16.229636775419,
    -5.212541600426));
#198 = CARTESIAN_POINT('',(-10.73808351303,16.21384002059,
    -4.893258275181));
#199 = CARTESIAN_POINT('',(-11.71169303155,16.096878721001,
    -4.468519613223));
#200 = CARTESIAN_POINT('',(-12.6188351405,15.887064126458,
    -3.956773884016));
#201 = CARTESIAN_POINT('',(-13.45325102995,15.594205530855,
    -3.375349892326));
#202 = CARTESIAN_POINT('',(-14.20793647739,15.226359915379,
    -2.740025312147));
#203 = CARTESIAN_POINT('',(-14.88246757818,14.79204737318,
    -2.065291111172));
#204 = CARTESIAN_POINT('',(-15.47676484007,14.298063944518,-1.3634787451
    ));
#205 = CARTESIAN_POINT('',(-16.10438514719,13.77639771387,
    -0.622329556824));
#206 = CARTESIAN_POINT('',(-16.64262675388,13.188266043977,
    0.148981222271));
#207 = CARTESIAN_POINT('',(-17.09174489885,12.541914284547,0.93584859311
    ));
#208 = CARTESIAN_POINT('',(-17.45419856902,11.844213041594,
    1.725942294892));
#209 = CARTESIAN_POINT('',(-17.73304917998,11.101169172873,2.50897618679
    ));
#210 = CARTESIAN_POINT('',(-17.93050625258,10.317720761383,
    3.276538767624));
#211 = CARTESIAN_POINT('',(-18.0467079318,9.497652703273,4.021214698605)
  );
#212 = CARTESIAN_POINT('',(-18.07898660164,8.644116909248,4.734924714128
    ));
#213 = CARTESIAN_POINT('',(-18.02203226307,7.760888480397,5.407108825429
    ));
#214 = CARTESIAN_POINT('',(-17.86952874946,6.854136582058,6.024075241963
    ));
#215 = CARTESIAN_POINT('',(-17.61800026658,5.934136101342,6.571534955062
    ));
#216 = CARTESIAN_POINT('',(-17.3719599549,5.034055744351,7.107177395904)
  );
#217 = CARTESIAN_POINT('',(-17.03101519649,4.121265858703,7.576211988455
    ));
#218 = CARTESIAN_POINT('',(-16.59260404055,3.205497376021,7.965733957487
    ));
#219 = CARTESIAN_POINT('',(-16.05543939827,2.299199018719,8.262036982466
    ));
#220 = CARTESIAN_POINT('',(-15.42377725798,1.419526180815,8.452458763625
    ));
#221 = CARTESIAN_POINT('',(-14.71438664218,0.586436575115,8.534645115096
    ));
#222 = CARTESIAN_POINT('',(-13.9475630842,-0.189485407998,8.519055868067
    ));
#223 = CARTESIAN_POINT('',(-13.13846557646,-0.908043013406,
    8.420832819782));
#224 = CARTESIAN_POINT('',(-12.29788226184,-1.569939610309,
    8.251459972992));
#225 = CARTESIAN_POINT('',(-11.43428321303,-2.177787118159,
    8.022130708924));
#226 = CARTESIAN_POINT('',(-10.55374010036,-2.735535863924,
    7.742556657406));
#227 = CARTESIAN_POINT('',(-10.31619395448,-2.886023355341,7.66715253347
    ));
#228 = CARTESIAN_POINT('',(-10.07740652157,-3.032833225432,
    7.588060297819));
#229 = CARTESIAN_POINT('',(-9.837500959591,-3.176052847989,
    7.505483497305));
#230 = CARTESIAN_POINT('',(-9.596586745329,-3.31576890938,7.419610109561
    ));
#231 = CARTESIAN_POINT('',(-9.354760956996,-3.452065809305,
    7.330613098822));
#232 = CARTESIAN_POINT('',(-9.112109556583,-3.58502406147,7.238650971699
    ));
#233 = CARTESIAN_POINT('',(-8.86870867256,-3.714718694386,7.143868333018
    ));
#234 = CARTESIAN_POINT('',(-8.62462588218,-3.841217652018,7.046396441592
    ));
#235 = CARTESIAN_POINT('',(-8.37992149417,-3.96458019458,6.946353766049)
  );
#236 = CARTESIAN_POINT('',(-8.1346498311,-4.084855299214,6.843846540618)
  );
#237 = CARTESIAN_POINT('',(-7.888860511977,-4.202080060743,
    6.738969320946));
#238 = CARTESIAN_POINT('',(-7.621669372934,-4.329778779273,
    6.625128845816));
#239 = CARTESIAN_POINT('',(-7.353862757757,-4.453846206783,
    6.508459116983));
#240 = CARTESIAN_POINT('',(-7.085511183441,-4.574412962341,6.38914405731
    ));
#241 = CARTESIAN_POINT('',(-6.816676136756,-4.691604496664,
    6.267347390639));
#242 = CARTESIAN_POINT('',(-6.547411115875,-4.805536993597,
    6.143213494445));
#243 = CARTESIAN_POINT('',(-6.277762672124,-4.916313271539,
    6.016868252442));
#244 = CARTESIAN_POINT('',(-6.007771451535,-5.024018684954,
    5.888419907254));
#245 = CARTESIAN_POINT('',(-5.737473236652,-5.128717025775,
    5.757959913017));
#246 = CARTESIAN_POINT('',(-5.466899988069,-5.230446424916,
    5.625563788043));
#247 = CARTESIAN_POINT('',(-5.196080886207,-5.329215253695,
    5.491291967435));
#248 = CARTESIAN_POINT('',(-4.925043372913,-5.42499802532,5.355190655734
    ));
#249 = CARTESIAN_POINT('',(-4.654565573593,-5.519489774579,
    5.218877659594));
#250 = CARTESIAN_POINT('',(-4.383878674967,-5.612458784714,
    5.081443484206));
#251 = CARTESIAN_POINT('',(-4.112998041515,-5.703184234119,
    4.942522687424));
#252 = CARTESIAN_POINT('',(-3.841951996504,-5.791036039994,
    4.801870096269));
#253 = CARTESIAN_POINT('',(-3.570769894709,-5.87555841033,4.659377938214
    ));
#254 = CARTESIAN_POINT('',(-3.299474563314,-5.956544249401,
    4.515077974299));
#255 = CARTESIAN_POINT('',(-3.028079110733,-6.034100416338,
    4.369128633915));
#256 = CARTESIAN_POINT('',(-2.75658810369,-6.108703837396,4.22178715147)
  );
#257 = CARTESIAN_POINT('',(-2.485003112199,-6.181248471189,
    4.073366704694));
#258 = CARTESIAN_POINT('',(-2.213332622752,-6.253083127603,
    3.924178554812));
#259 = CARTESIAN_POINT('',(-1.941606319503,-6.326040139818,
    3.774459188412));
#260 = CARTESIAN_POINT('',(-1.657789232979,-6.395014113687,
    3.616274153409));
#261 = CARTESIAN_POINT('',(-1.373950633897,-6.457912249683,
    3.456036297402));
#262 = CARTESIAN_POINT('',(-1.090027406563,-6.518586161505,
    3.294915422111));
#263 = CARTESIAN_POINT('',(-0.806001437626,-6.579576032683,
    3.133381228298));
#264 = CARTESIAN_POINT('',(-0.521847150101,-6.641930215941,
    2.971424784906));
#265 = CARTESIAN_POINT('',(-0.237652117882,-6.704839969779,
    2.808537238465));
#266 = CARTESIAN_POINT('',(4.639952039701E-02,-6.765379596717,
    2.643952796676));
#267 = CARTESIAN_POINT('',(0.330230720464,-6.818489134136,2.47722316747)
  );
#268 = CARTESIAN_POINT('',(0.614051727864,-6.857183634713,2.30875078187)
  );
#269 = CARTESIAN_POINT('',(0.898045864275,-6.872819959939,2.139468276437
    ));
#270 = CARTESIAN_POINT('',(1.180829550324,-6.85509889633,1.968411858131)
  );
#271 = PCURVE('',#272,#1974);
#272 = ( BOUNDED_SURFACE() B_SPLINE_SURFACE(6,11,(
    (#273,#274,#275,#276,#277,#278,#279,#280,#281,#282,#283,#284,#285
      ,#286,#287,#288,#289,#290,#291,#292,#293,#294,#295,#296,#297,#298
      ,#299,#300,#301,#302,#303,#304,#305,#306,#307,#308,#309,#310,#311
      ,#312,#313,#314,#315,#316,#317,#318,#319,#320,#321,#322,#323,#324
      ,#325,#326,#327,#328,#329,#330,#331,#332,#333,#334,#335,#336,#337
      ,#338,#339,#340,#341,#342,#343,#344,#345,#346,#347,#348,#349,#350
      ,#351,#352,#353,#354,#355,#356,#357,#358,#359,#360,#361,#362,#363
      ,#364,#365,#366,#367,#368,#369,#370,#371,#372,#373,#374,#375,#376
      ,#377,#378,#379,#380,#381,#382,#383,#384,#385,#386,#387,#388,#389
      ,#390,#391,#392,#393,#394,#395,#396,#397,#398,#399,#400,#401,#402
      ,#403,#404,#405,#406,#407,#408,#409,#410,#411,#412,#413,#414,#415
      ,#416,#417,#418,#419,#420,#421,#422,#423,#424,#425,#426,#427,#428
      ,#429,#430,#431,#432,#433,#434,#435,#436,#437,#438,#439,#440,#441
      ,#442,#443,#444,#445,#446,#447,#448,#449,#450,#451,#452,#453,#454
      ,#455,#456,#457,#458,#459,#460,#461,#462,#463,#464,#465,#466,#467
      ,#468,#469,#470,#471,#472,#473,#474,#475,#476,#477,#478,#479,#480
      ,#481,#482,#483,#484,#485,#486,#487,#488,#489,#490,#491,#492,#493
      ,#494,#495,#496,#497,#498,#499,#500,#501,#502,#503,#504,#505,#506
      ,#507,#508,#509,#510,#511,#512,#513,#514,#515)
    ,(#516,#517,#518,#519,#520,#521,#522,#523,#524,#525,#526,#527,#528
      ,#529,#530,#531,#532,#533,#534,#535,#536,#537,#538,#539,#540,#541
      ,#542,#543,#544,#545,#546,#547,#548,#549,#550,#551,#552,#553,#554
      ,#555,#556,#557,#558,#559,#560,#561,#562,#563,#564,#565,#566,#567
      ,#568,#569,#570,#571,#572,#573,#574,#575,#576,#577,#578,#579,#580
      ,#581,#582,#583,#584,#585,#586,#587,#588,#589,#590,#591,#592,#593
      ,#594,#595,#596,#597,#598,#599,#600,#601,#602,#603,#604,#605,#606
      ,#607,#608,#609,#610,#611,#612,#613,#614,#615,#616,#617,#618,#619
      ,#620,#621,#622,#623,#624,#625,#626,#627,#628,#629,#630,#631,#632
      ,#633,#634,#635,#636,#637,#638,#639,#640,#641,#642,#643,#644,#645
      ,#646,#647,#648,#649,#650,#651,#652,#653,#654,#655,#656,#657,#658
      ,#659,#660,#661,#662,#663,#664,#665,#666,#667,#668,#669,#670,#671
      ,#672,#673,#674,#675,#676,#677,#678,#679,#680,#681,#682,#683,#684
      ,#685,#686,#687,#688,#689,#690,#691,#692,#693,#694,#695,#696,#697
      ,#698,#699,#700,#701,#702,#703,#704,#705,#706,#707,#708,#709,#710
      ,#711,#712,#713,#714,#715,#716,#717,#718,#719,#720,#721,#722,#723
      ,#724,#725,#726,#727,#728,#729,#730,#731,#732,#733,#734,#735,#736
      ,#737,#738,#739,#740,#741,#742,#743,#744,#745,#746,#747,#748,#749
      ,#750,#751,#752,#753,#754,#755,#756,#757,#758)
    ,(#759,#760,#761,#762,#763,#764,#765,#766,#767,#768,#769,#770,#771
      ,#772,#773,#774,#775,#776,#777,#778,#779,#780,#781,#782,#783,#784
      ,#785,#786,#787,#788,#789,#790,#791,#792,#793,#794,#795,#796,#797
      ,#798,#799,#800,#801,#802,#803,#804,#805,#806,#807,#808,#809,#810
      ,#811,#812,#813,#814,#815,#816,#817,#818,#819,#820,#821,#822,#823
      ,#824,#825,#826,#827,#828,#829,#830,#831,#832,#833,#834,#835,#836
      ,#837,#838,#839,#840,#841,#842,#843,#844,#845,#846,#847,#848,#849
      ,#850,#851,#852,#853,#854,#855,#856,#857,#858,#859,#860,#861,#862
      ,#863,#864,#865,#866,#867,#868,#869,#870,#871,#872,#873,#874,#875
      ,#876,#877,#878,#879,#880,#881,#882,#883,#884,#885,#886,#887,#888
      ,#889,#890,#891,#892,#893,#894,#895,#896,#897,#898,#899,#900,#901
      ,#902,#903,#904,#905,#906,#907,#908,#909,#910,#911,#912,#913,#914
      ,#915,#916,#917,#918,#919,#920,#921,#922,#923,#924,#925,#926,#927
      ,#928,#929,#930,#931,#932,#933,#934,#935,#936,#937,#938,#939,#940
      ,#941,#942,#943,#944,#945,#946,#947,#948,#949,#950,#951,#952,#953
      ,#954,#955,#956,#957,#958,#959,#960,#961,#962,#963,#964,#965,#966
      ,#967,#968,#969,#970,#971,#972,#973,#974,#975,#976,#977,#978,#979
      ,#980,#981,#982,#983,#984,#985,#986,#987,#988,#989,#990,#991,#992
      ,#993,#994,#995,#996,#997,#998,#999,#1000,#1001)
    ,(#1002,#1003,#1004,#1005,#1006,#1007,#1008,#1009,#1010,#1011,#1012
      ,#1013,#1014,#1015,#1016,#1017,#1018,#1019,#1020,#1021,#1022,#1023
      ,#1024,#1025,#1026,#1027,#1028,#1029,#1030,#1031,#1032,#1033,#1034
      ,#1035,#1036,#1037,#1038,#1039,#1040,#1041,#1042,#1043,#1044,#1045
      ,#1046,#1047,#1048,#1049,#1050,#1051,#1052,#1053,#1054,#1055,#1056
      ,#1057,#1058,#1059,#1060,#1061,#1062,#1063,#1064,#1065,#1066,#1067
      ,#1068,#1069,#1070,#1071,#1072,#1073,#1074,#1075,#1076,#1077,#1078
      ,#1079,#1080,#1081,#1082,#1083,#1084,#1085,#1086,#1087,#1088,#1089
      ,#1090,#1091,#1092,#1093,#1094,#1095,#1096,#1097,#1098,#1099,#1100
      ,#1101,#1102,#1103,#1104,#1105,#1106,#1107,#1108,#1109,#1110,#1111
      ,#1112,#1113,#1114,#1115,#1116,#1117,#1118,#1119,#1120,#1121,#1122
      ,#1123,#1124,#1125,#1126,#1127,#1128,#1129,#1130,#1131,#1132,#1133
      ,#1134,#1135,#1136,#1137,#1138,#1139,#1140,#1141,#1142,#1143,#1144
      ,#1145,#1146,#1147,#1148,#1149,#1150,#1151,#1152,#1153,#1154,#1155
      ,#1156,#1157,#1158,#1159,#1160,#1161,#1162,#1163,#1164,#1165,#1166
      ,#1167,#1168,#1169,#1170,#1171,#1172,#1173,#1174,#1175,#1176,#1177
      ,#1178,#1179,#1180,#1181,#1182,#1183,#1184,#1185,#1186,#1187,#1188
      ,#1189,#1190,#1191,#1192,#1193,#1194,#1195,#1196,#1197,#1198,#1199
      ,#1200,#1201,#1202,#1203,#1204,#1205,#1206,#1207,#1208,#1209,#1210
      ,#1211,#1212,#1213,#1214,#1215,#1216,#1217,#1218,#1219,#1220,#1221
      ,#1222,#1223,#1224,#1225,#1226,#1227,#1228,#1229,#1230,#1231,#1232
      ,#1233,#1234,#1235,#1236,#1237,#1238,#1239,#1240,#1241,#1242,#1243
      ,#1244)
    ,(#1245,#1246,#1247,#1248,#1249,#1250,#1251,#1252,#1253,#1254,#1255
      ,#1256,#1257,#1258,#1259,#1260,#1261,#1262,#1263,#1264,#1265,#1266
      ,#1267,#1268,#1269,#1270,#1271,#1272,#1273,#1274,#1275,#1276,#1277
      ,#1278,#1279,#1280,#1281,#1282,#1283,#1284,#1285,#1286,#1287,#1288
      ,#1289,#1290,#1291,#1292,#1293,#1294,#1295,#1296,#1297,#1298,#1299
      ,#1300,#1301,#1302,#1303,#1304,#1305,#1306,#1307,#1308,#1309,#1310
      ,#1311,#1312,#1313,#1314,#1315,#1316,#1317,#1318,#1319,#1320,#1321
      ,#1322,#1323,#1324,#1325,#1326,#1327,#1328,#1329,#1330,#1331,#1332
      ,#1333,#1334,#1335,#1336,#1337,#1338,#1339,#1340,#1341,#1342,#1343
      ,#1344,#1345,#1346,#1347,#1348,#1349,#1350,#1351,#1352,#1353,#1354
      ,#1355,#1356,#1357,#1358,#1359,#1360,#1361,#1362,#1363,#1364,#1365
      ,#1366,#1367,#1368,#1369,#1370,#1371,#1372,#1373,#1374,#1375,#1376
      ,#1377,#1378,#1379,#1380,#1381,#1382,#1383,#1384,#1385,#1386,#1387
      ,#1388,#1389,#1390,#1391,#1392,#1393,#1394,#1395,#1396,#1397,#1398
      ,#1399,#1400,#1401,#1402,#1403,#1404,#1405,#1406,#1407,#1408,#1409
      ,#1410,#1411,#1412,#1413,#1414,#1415,#1416,#1417,#1418,#1419,#1420
      ,#1421,#1422,#1423,#1424,#1425,#1426,#1427,#1428,#1429,#1430,#1431
      ,#1432,#1433,#1434,#1435,#1436,#1437,#1438,#1439,#1440,#1441,#1442
      ,#1443,#1444,#1445,#1446,#1447,#1448,#1449,#1450,#1451,#1452,#1453
      ,#1454,#1455,#1456,#1457,#1458,#1459,#1460,#1461,#1462,#1463,#1464
      ,#1465,#1466,#1467,#1468,#1469,#1470,#1471,#1472,#1473,#1474,#1475
      ,#1476,#1477,#1478,#1479,#1480,#1481,#1482,#1483,#1484,#1485,#1486
      ,#1487)
    ,(#1488,#1489,#1490,#1491,#1492,#1493,#1494,#1495,#1496,#1497,#1498
      ,#1499,#1500,#1501,#1502,#1503,#1504,#1505,#1506,#1507,#1508,#1509
      ,#1510,#1511,#1512,#1513,#1514,#1515,#1516,#1517,#1518,#1519,#1520
      ,#1521,#1522,#1523,#1524,#1525,#1526,#1527,#1528,#1529,#1530,#1531
      ,#1532,#1533,#1534,#1535,#1536,#1537,#1538,#1539,#1540,#1541,#1542
      ,#1543,#1544,#1545,#1546,#1547,#1548,#1549,#1550,#1551,#1552,#1553
      ,#1554,#1555,#1556,#1557,#1558,#1559,#1560,#1561,#1562,#1563,#1564
      ,#1565,#1566,#1567,#1568,#1569,#1570,#1571,#1572,#1573,#1574,#1575
      ,#1576,#1577,#1578,#1579,#1580,#1581,#1582,#1583,#1584,#1585,#1586
      ,#1587,#1588,#1589,#1590,#1591,#1592,#1593,#1594,#1595,#1596,#1597
      ,#1598,#1599,#1600,#1601,#1602,#1603,#1604,#1605,#1606,#1607,#1608
      ,#1609,#1610,#1611,#1612,#1613,#1614,#1615,#1616,#1617,#1618,#1619
      ,#1620,#1621,#1622,#1623,#1624,#1625,#1626,#1627,#1628,#1629,#1630
      ,#1631,#1632,#1633,#1634,#1635,#1636,#1637,#1638,#1639,#1640,#1641
      ,#1642,#1643,#1644,#1645,#1646,#1647,#1648,#1649,#1650,#1651,#1652
      ,#1653,#1654,#1655,#1656,#1657,#1658,#1659,#1660,#1661,#1662,#1663
      ,#1664,#1665,#1666,#1667,#1668,#1669,#1670,#1671,#1672,#1673,#1674
      ,#1675,#1676,#1677,#1678,#1679,#1680,#1681,#1682,#1683,#1684,#1685
      ,#1686,#1687,#1688,#1689,#1690,#1691,#1692,#1693,#1694,#1695,#1696
      ,#1697,#1698,#1699,#1700,#1701,#1702,#1703,#1704,#1705,#1706,#1707
      ,#1708,#1709,#1710,#1711,#1712,#1713,#1714,#1715,#1716,#1717,#1718
      ,#1719,#1720,#1721,#1722,#1723,#1724,#1725,#1726,#1727,#1728,#1729
      ,#1730)
    ,(#1731,#1732,#1733,#1734,#1735,#1736,#1737,#1738,#1739,#1740,#1741
      ,#1742,#1743,#1744,#1745,#1746,#1747,#1748,#1749,#1750,#1751,#1752
      ,#1753,#1754,#1755,#1756,#1757,#1758,#1759,#1760,#1761,#1762,#1763
      ,#1764,#1765,#1766,#1767,#1768,#1769,#1770,#1771,#1772,#1773,#1774
      ,#1775,#1776,#1777,#1778,#1779,#1780,#1781,#1782,#1783,#1784,#1785
      ,#1786,#1787,#1788,#1789,#1790,#1791,#1792,#1793,#1794,#1795,#1796
      ,#1797,#1798,#1799,#1800,#1801,#1802,#1803,#1804,#1805,#1806,#1807
      ,#1808,#1809,#1810,#1811,#1812,#1813,#1814,#1815,#1816,#1817,#1818
      ,#1819,#1820,#1821,#1822,#1823,#1824,#1825,#1826,#1827,#1828,#1829
      ,#1830,#1831,#1832,#1833,#1834,#1835,#1836,#1837,#1838,#1839,#1840
      ,#1841,#1842,#1843,#1844,#1845,#1846,#1847,#1848,#1849,#1850,#1851
      ,#1852,#1853,#1854,#1855,#1856,#1857,#1858,#1859,#1860,#1861,#1862
      ,#1863,#1864,#1865,#1866,#1867,#1868,#1869,#1870,#1871,#1872,#1873
      ,#1874,#1875,#1876,#1877,#1878,#1879,#1880,#1881,#1882,#1883,#1884
      ,#1885,#1886,#1887,#1888,#1889,#1890,#1891,#1892,#1893,#1894,#1895
      ,#1896,#1897,#1898,#1899,#1900,#1901,#1902,#1903,#1904,#1905,#1906
      ,#1907,#1908,#1909,#1910,#1911,#1912,#1913,#1914,#1915,#1916,#1917
      ,#1918,#1919,#1920,#1921,#1922,#1923,#1924,#1925,#1926,#1927,#1928
      ,#1929,#1930,#1931,#1932,#1933,#1934,#1935,#1936,#1937,#1938,#1939
      ,#1940,#1941,#1942,#1943,#1944,#1945,#1946,#1947,#1948,#1949,#1950
      ,#1951,#1952,#1953,#1954,#1955,#1956,#1957,#1958,#1959,#1960,#1961
      ,#1962,#1963,#1964,#1965,#1966,#1967,#1968,#1969,#1970,#1971,#1972
,#1973
    )),.UNSPECIFIED.,.T.,.F.,.F.) B_SPLINE_SURFACE_WITH_KNOTS((1,6,6,1),
  (12,11,11,11,11,11,11,11,11,11,11,11,11,11,11,11,11,11,11,11,11,11,12)
  ,(-6.28318530718,0.,6.28318530718,12.566370614359),(0.,
    1.635404342302E-02,3.375093949924E-02,4.956534555675E-02,
    6.728708138929E-02,0.126708523221,0.185853279366,0.245102841507,
    0.309733728755,0.379614339034,0.441296425497,0.5,0.570734785556,
    0.632637907894,0.687387762547,0.754897158493,0.812038979065,
    0.872383915259,0.931422818519,0.94735019658,0.964665815763,
0.981945121127,1.),.UNSPECIFIED.) GEOMETRIC_REPRESENTATION_ITEM() 
RATIONAL_B_SPLINE_SURFACE((
    (1.669078461068,1.669078461068,1.669078461068,1.669078461069
      ,1.669078461067,1.66907846107,1.669078461066,1.66907846107
      ,1.669078461067,1.669078461069,1.669078461068,1.669078461068
      ,1.669078461068,1.669078461068,1.669078461069,1.669078461067
      ,1.66907846107,1.669078461066,1.66907846107,1.669078461068
      ,1.669078461069,1.669078461068,1.669078461068,1.669078461068
      ,1.669078461068,1.669078461069,1.669078461067,1.66907846107
      ,1.669078461067,1.669078461069,1.669078461068,1.669078461068
      ,1.669078461068,1.669078461068,1.669078461068,1.669078461068
      ,1.669078461068,1.669078461068,1.669078461068,1.669078461068
      ,1.669078461068,1.669078461068,1.669078461068,1.669078461068
      ,1.669078461068,1.669078461068,1.669078461068,1.669078461068
      ,1.669078461068,1.669078461068,1.669078461068,1.669078461068
      ,1.669078461068,1.669078461068,1.669078461068,1.669078461068
      ,1.669078461068,1.669078461069,1.669078461068,1.669078461069
      ,1.669078461067,1.66907846107,1.669078461067,1.669078461069
      ,1.669078461068,1.669078461068,1.669078461068,1.669078461068
      ,1.669078461068,1.669078461068,1.669078461069,1.669078461067
      ,1.669078461069,1.669078461068,1.669078461068,1.669078461068
      ,1.669078461068,1.669078461068,1.669078461068,1.669078461068
      ,1.669078461069,1.669078461067,1.66907846107,1.669078461067
      ,1.669078461069,1.669078461068,1.669078461068,1.669078461068
      ,1.669078461068,1.669078461068,1.669078461068,1.669078461068
      ,1.669078461069,1.669078461067,1.669078461069,1.669078461068
      ,1.669078461068,1.669078461068,1.669078461068,1.669078461068
      ,1.669078461068,1.669078461068,1.669078461068,1.669078461069
      ,1.669078461067,1.66907846107,1.669078461067,1.669078461069
      ,1.669078461068,1.669078461068,1.669078461068,1.669078461068
      ,1.669078461068,1.669078461068,1.669078461069,1.669078461067
      ,1.669078461069,1.669078461068,1.669078461069,1.669078461068
      ,1.669078461068,1.669078461068,1.669078461068,1.669078461069
      ,1.669078461067,1.669078461071,1.669078461065,1.669078461072
      ,1.669078461066,1.66907846107,1.669078461068,1.669078461068
      ,1.669078461068,1.669078461068,1.669078461068,1.669078461068
      ,1.669078461068,1.669078461068,1.669078461068,1.669078461068
      ,1.669078461068,1.669078461068,1.669078461068,1.669078461068
      ,1.669078461068,1.669078461069,1.669078461066,1.669078461072
      ,1.669078461064,1.669078461072,1.669078461065,1.66907846107
      ,1.669078461068,1.669078461068,1.669078461068,1.669078461068
      ,1.669078461069,1.669078461067,1.66907846107,1.669078461065
      ,1.669078461071,1.669078461066,1.669078461069,1.669078461068
      ,1.669078461068,1.669078461068,1.669078461068,1.669078461068
      ,1.669078461068,1.669078461069,1.669078461068,1.669078461068
      ,1.669078461068,1.669078461068,1.669078461068,1.669078461068
      ,1.669078461068,1.669078461068,1.669078461068,1.669078461069
      ,1.669078461067,1.66907846107,1.669078461066,1.66907846107
      ,1.669078461067,1.669078461069,1.669078461068,1.669078461068
      ,1.669078461068,1.669078461069,1.669078461068,1.669078461069
      ,1.669078461067,1.669078461069,1.669078461068,1.669078461069
      ,1.669078461068,1.669078461068,1.669078461068,1.669078461068
      ,1.669078461068,1.669078461069,1.669078461067,1.669078461069
      ,1.669078461067,1.669078461069,1.669078461068,1.669078461068
      ,1.669078461068,1.669078461068,1.669078461068,1.669078461069
      ,1.669078461067,1.66907846107,1.669078461066,1.66907846107
      ,1.669078461067,1.669078461069,1.669078461068,1.669078461068
      ,1.669078461068,1.669078461068,1.669078461068,1.669078461069
      ,1.669078461067,1.66907846107,1.669078461067,1.669078461069
      ,1.669078461068,1.669078461068,1.669078461068,1.669078461068
      ,1.669078461068,1.669078461068,1.669078461068,1.669078461068
      ,1.669078461068,1.669078461068,1.669078461068,1.669078461068
      ,1.669078461068,1.669078461068,1.669078461068)
    ,(1.03672962321,1.03672962321,1.036729623209,1.03672962321
      ,1.036729623209,1.036729623211,1.036729623208,1.036729623211
      ,1.036729623209,1.03672962321,1.03672962321,1.03672962321
      ,1.03672962321,1.036729623209,1.03672962321,1.036729623209
      ,1.036729623211,1.036729623208,1.036729623211,1.036729623209
      ,1.03672962321,1.03672962321,1.03672962321,1.03672962321
      ,1.036729623209,1.03672962321,1.036729623208,1.036729623211
      ,1.036729623208,1.036729623211,1.036729623209,1.03672962321
      ,1.03672962321,1.03672962321,1.03672962321,1.03672962321
      ,1.03672962321,1.036729623209,1.03672962321,1.036729623209
      ,1.03672962321,1.03672962321,1.03672962321,1.03672962321
      ,1.03672962321,1.03672962321,1.036729623209,1.03672962321
      ,1.036729623209,1.03672962321,1.036729623209,1.03672962321
      ,1.036729623209,1.03672962321,1.03672962321,1.03672962321
      ,1.03672962321,1.03672962321,1.036729623209,1.03672962321
      ,1.036729623209,1.03672962321,1.036729623209,1.03672962321
      ,1.03672962321,1.03672962321,1.03672962321,1.03672962321
      ,1.03672962321,1.036729623209,1.03672962321,1.036729623209
      ,1.03672962321,1.036729623209,1.03672962321,1.03672962321
      ,1.03672962321,1.03672962321,1.03672962321,1.036729623209
      ,1.03672962321,1.036729623209,1.036729623211,1.036729623209
      ,1.03672962321,1.036729623209,1.03672962321,1.03672962321
      ,1.03672962321,1.03672962321,1.03672962321,1.03672962321
      ,1.03672962321,1.03672962321,1.03672962321,1.03672962321
      ,1.03672962321,1.03672962321,1.03672962321,1.03672962321
      ,1.03672962321,1.03672962321,1.036729623209,1.036729623211
      ,1.036729623208,1.036729623211,1.036729623208,1.03672962321
      ,1.036729623209,1.03672962321,1.03672962321,1.03672962321
      ,1.03672962321,1.036729623209,1.03672962321,1.036729623208
      ,1.036729623211,1.036729623209,1.03672962321,1.036729623209
      ,1.03672962321,1.03672962321,1.03672962321,1.03672962321
      ,1.036729623209,1.036729623211,1.036729623208,1.036729623211
      ,1.036729623208,1.03672962321,1.036729623209,1.03672962321
      ,1.03672962321,1.03672962321,1.03672962321,1.03672962321
      ,1.036729623209,1.03672962321,1.036729623209,1.03672962321
      ,1.036729623209,1.03672962321,1.03672962321,1.03672962321
      ,1.036729623209,1.03672962321,1.036729623208,1.036729623212
      ,1.036729623207,1.036729623212,1.036729623208,1.036729623211
      ,1.036729623209,1.03672962321,1.03672962321,1.03672962321
      ,1.03672962321,1.036729623209,1.036729623211,1.036729623208
      ,1.036729623211,1.036729623208,1.03672962321,1.036729623209
      ,1.03672962321,1.03672962321,1.03672962321,1.03672962321
      ,1.036729623209,1.03672962321,1.036729623209,1.03672962321
      ,1.036729623209,1.03672962321,1.03672962321,1.03672962321
      ,1.03672962321,1.03672962321,1.036729623209,1.03672962321
      ,1.036729623209,1.036729623211,1.036729623209,1.03672962321
      ,1.036729623209,1.03672962321,1.03672962321,1.03672962321
      ,1.03672962321,1.03672962321,1.036729623209,1.03672962321
      ,1.036729623209,1.03672962321,1.036729623209,1.03672962321
      ,1.03672962321,1.03672962321,1.03672962321,1.03672962321
      ,1.036729623209,1.03672962321,1.036729623208,1.036729623211
      ,1.036729623208,1.036729623211,1.036729623209,1.03672962321
      ,1.03672962321,1.03672962321,1.03672962321,1.03672962321
      ,1.036729623209,1.036729623211,1.036729623208,1.036729623211
      ,1.036729623208,1.03672962321,1.036729623209,1.03672962321
      ,1.03672962321,1.03672962321,1.036729623209,1.03672962321
      ,1.036729623209,1.036729623211,1.036729623209,1.03672962321
      ,1.036729623209,1.03672962321,1.03672962321,1.03672962321
      ,1.03672962321,1.03672962321,1.03672962321,1.03672962321
      ,1.036729623209,1.03672962321,1.03672962321,1.03672962321
      ,1.03672962321,1.03672962321,1.03672962321)
    ,(1.038346699848,1.038346699848,1.038346699847,1.038346699848
      ,1.038346699847,1.038346699849,1.038346699846,1.038346699848
      ,1.038346699847,1.038346699848,1.038346699847,1.038346699848
      ,1.038346699848,1.038346699847,1.038346699848,1.038346699846
      ,1.038346699849,1.038346699846,1.038346699848,1.038346699847
      ,1.038346699848,1.038346699847,1.038346699848,1.038346699848
      ,1.038346699847,1.038346699848,1.038346699846,1.038346699849
      ,1.038346699847,1.038346699848,1.038346699847,1.038346699848
      ,1.038346699847,1.038346699848,1.038346699847,1.038346699848
      ,1.038346699847,1.038346699848,1.038346699847,1.038346699848
      ,1.038346699847,1.038346699848,1.038346699847,1.038346699848
      ,1.038346699848,1.038346699848,1.038346699847,1.038346699848
      ,1.038346699847,1.038346699848,1.038346699847,1.038346699848
      ,1.038346699847,1.038346699848,1.038346699847,1.038346699848
      ,1.038346699848,1.038346699848,1.038346699847,1.038346699848
      ,1.038346699847,1.038346699848,1.038346699847,1.038346699848
      ,1.038346699847,1.038346699848,1.038346699848,1.038346699847
      ,1.038346699848,1.038346699847,1.038346699848,1.038346699847
      ,1.038346699848,1.038346699847,1.038346699848,1.038346699847
      ,1.038346699848,1.038346699848,1.038346699848,1.038346699847
      ,1.038346699848,1.038346699847,1.038346699849,1.038346699847
      ,1.038346699848,1.038346699847,1.038346699848,1.038346699847
      ,1.038346699848,1.038346699847,1.038346699848,1.038346699847
      ,1.038346699848,1.038346699847,1.038346699848,1.038346699847
      ,1.038346699848,1.038346699848,1.038346699848,1.038346699848
      ,1.038346699847,1.038346699848,1.038346699847,1.038346699848
      ,1.038346699847,1.038346699849,1.038346699847,1.038346699848
      ,1.038346699847,1.038346699848,1.038346699848,1.038346699847
      ,1.038346699848,1.038346699847,1.038346699848,1.038346699847
      ,1.038346699849,1.038346699847,1.038346699848,1.038346699847
      ,1.038346699848,1.038346699848,1.038346699847,1.038346699848
      ,1.038346699847,1.038346699848,1.038346699846,1.038346699849
      ,1.038346699847,1.038346699848,1.038346699847,1.038346699848
      ,1.038346699848,1.038346699847,1.038346699848,1.038346699847
      ,1.038346699848,1.038346699847,1.038346699848,1.038346699847
      ,1.038346699848,1.038346699847,1.038346699848,1.038346699848
      ,1.038346699847,1.038346699848,1.038346699846,1.03834669985
      ,1.038346699844,1.038346699851,1.038346699845,1.038346699849
      ,1.038346699847,1.038346699848,1.038346699848,1.038346699847
      ,1.038346699848,1.038346699847,1.038346699849,1.038346699846
      ,1.038346699849,1.038346699846,1.038346699848,1.038346699847
      ,1.038346699848,1.038346699848,1.038346699847,1.038346699848
      ,1.038346699847,1.038346699848,1.038346699847,1.038346699848
      ,1.038346699847,1.038346699848,1.038346699847,1.038346699848
      ,1.038346699848,1.038346699848,1.038346699847,1.038346699848
      ,1.038346699846,1.038346699849,1.038346699846,1.038346699849
      ,1.038346699847,1.038346699848,1.038346699847,1.038346699848
      ,1.038346699847,1.038346699848,1.038346699847,1.038346699848
      ,1.038346699847,1.038346699847,1.038346699848,1.038346699847
      ,1.038346699848,1.038346699847,1.038346699848,1.038346699848
      ,1.038346699847,1.038346699848,1.038346699847,1.038346699849
      ,1.038346699847,1.038346699848,1.038346699847,1.038346699848
      ,1.038346699847,1.038346699848,1.038346699847,1.038346699848
      ,1.038346699847,1.038346699848,1.038346699846,1.038346699849
      ,1.038346699847,1.038346699848,1.038346699847,1.038346699848
      ,1.038346699848,1.038346699848,1.038346699847,1.038346699848
      ,1.038346699847,1.038346699848,1.038346699847,1.038346699848
      ,1.038346699848,1.038346699847,1.038346699848,1.038346699848
      ,1.038346699847,1.038346699848,1.038346699847,1.038346699848
      ,1.038346699847,1.038346699848,1.038346699847,1.038346699848
      ,1.038346699847,1.038346699848,1.038346699848)
    ,(0.853534330196,0.853534330196,0.853534330196,0.853534330196
      ,0.853534330195,0.853534330197,0.853534330195,0.853534330197
      ,0.853534330196,0.853534330196,0.853534330196,0.853534330196
      ,0.853534330196,0.853534330196,0.853534330197,0.853534330195
      ,0.853534330198,0.853534330195,0.853534330197,0.853534330196
      ,0.853534330196,0.853534330196,0.853534330196,0.853534330196
      ,0.853534330196,0.853534330197,0.853534330196,0.853534330197
      ,0.853534330196,0.853534330196,0.853534330196,0.853534330196
      ,0.853534330196,0.853534330196,0.853534330196,0.853534330196
      ,0.853534330196,0.853534330196,0.853534330196,0.853534330196
      ,0.853534330196,0.853534330196,0.853534330196,0.853534330196
      ,0.853534330196,0.853534330196,0.853534330196,0.853534330196
      ,0.853534330196,0.853534330197,0.853534330196,0.853534330197
      ,0.853534330196,0.853534330196,0.853534330196,0.853534330196
      ,0.853534330196,0.853534330196,0.853534330196,0.853534330196
      ,0.853534330196,0.853534330196,0.853534330196,0.853534330196
      ,0.853534330196,0.853534330196,0.853534330196,0.853534330196
      ,0.853534330196,0.853534330196,0.853534330197,0.853534330196
      ,0.853534330197,0.853534330196,0.853534330196,0.853534330196
      ,0.853534330196,0.853534330196,0.853534330196,0.853534330196
      ,0.853534330197,0.853534330195,0.853534330197,0.853534330195
      ,0.853534330197,0.853534330196,0.853534330196,0.853534330196
      ,0.853534330196,0.853534330196,0.853534330196,0.853534330196
      ,0.853534330196,0.853534330196,0.853534330196,0.853534330196
      ,0.853534330196,0.853534330196,0.853534330196,0.853534330196
      ,0.853534330196,0.853534330196,0.853534330196,0.853534330197
      ,0.853534330195,0.853534330197,0.853534330195,0.853534330197
      ,0.853534330196,0.853534330196,0.853534330196,0.853534330196
      ,0.853534330196,0.853534330196,0.853534330196,0.853534330196
      ,0.853534330196,0.853534330196,0.853534330196,0.853534330196
      ,0.853534330196,0.853534330196,0.853534330196,0.853534330196
      ,0.853534330195,0.853534330197,0.853534330195,0.853534330197
      ,0.853534330195,0.853534330197,0.853534330196,0.853534330196
      ,0.853534330196,0.853534330196,0.853534330196,0.853534330196
      ,0.853534330196,0.853534330196,0.853534330196,0.853534330196
      ,0.853534330196,0.853534330196,0.853534330196,0.853534330196
      ,0.853534330196,0.853534330197,0.853534330195,0.853534330198
      ,0.853534330194,0.853534330198,0.853534330195,0.853534330197
      ,0.853534330196,0.853534330196,0.853534330196,0.853534330196
      ,0.853534330196,0.853534330196,0.853534330197,0.853534330195
      ,0.853534330197,0.853534330196,0.853534330197,0.853534330196
      ,0.853534330196,0.853534330196,0.853534330196,0.853534330196
      ,0.853534330196,0.853534330196,0.853534330196,0.853534330196
      ,0.853534330196,0.853534330196,0.853534330196,0.853534330196
      ,0.853534330196,0.853534330196,0.853534330196,0.853534330196
      ,0.853534330196,0.853534330197,0.853534330196,0.853534330197
      ,0.853534330196,0.853534330196,0.853534330196,0.853534330196
      ,0.853534330196,0.853534330196,0.853534330196,0.853534330197
      ,0.853534330196,0.853534330197,0.853534330196,0.853534330196
      ,0.853534330196,0.853534330196,0.853534330196,0.853534330196
      ,0.853534330196,0.853534330197,0.853534330195,0.853534330197
      ,0.853534330195,0.853534330197,0.853534330196,0.853534330196
      ,0.853534330196,0.853534330196,0.853534330196,0.853534330196
      ,0.853534330195,0.853534330197,0.853534330195,0.853534330198
      ,0.853534330195,0.853534330197,0.853534330196,0.853534330196
      ,0.853534330196,0.853534330196,0.853534330196,0.853534330196
      ,0.853534330196,0.853534330196,0.853534330196,0.853534330196
      ,0.853534330196,0.853534330196,0.853534330196,0.853534330196
      ,0.853534330196,0.853534330196,0.853534330196,0.853534330196
      ,0.853534330197,0.853534330196,0.853534330196,0.853534330196
      ,0.853534330196,0.853534330196,0.853534330196)
    ,(1.038346699848,1.038346699848,1.038346699847,1.038346699848
      ,1.038346699847,1.038346699849,1.038346699847,1.038346699848
      ,1.038346699847,1.038346699848,1.038346699847,1.038346699848
      ,1.038346699848,1.038346699847,1.038346699848,1.038346699846
      ,1.038346699849,1.038346699846,1.038346699849,1.038346699847
      ,1.038346699848,1.038346699847,1.038346699848,1.038346699848
      ,1.038346699847,1.038346699848,1.038346699847,1.038346699848
      ,1.038346699847,1.038346699848,1.038346699847,1.038346699848
      ,1.038346699847,1.038346699848,1.038346699847,1.038346699848
      ,1.038346699847,1.038346699848,1.038346699847,1.038346699848
      ,1.038346699847,1.038346699848,1.038346699847,1.038346699848
      ,1.038346699848,1.038346699848,1.038346699847,1.038346699848
      ,1.038346699847,1.038346699848,1.038346699847,1.038346699848
      ,1.038346699848,1.038346699847,1.038346699848,1.038346699848
      ,1.038346699848,1.038346699847,1.038346699848,1.038346699847
      ,1.038346699848,1.038346699847,1.038346699848,1.038346699847
      ,1.038346699848,1.038346699847,1.038346699848,1.038346699847
      ,1.038346699848,1.038346699847,1.038346699848,1.038346699847
      ,1.038346699848,1.038346699847,1.038346699848,1.038346699847
      ,1.038346699848,1.038346699848,1.038346699848,1.038346699847
      ,1.038346699848,1.038346699847,1.038346699849,1.038346699847
      ,1.038346699848,1.038346699847,1.038346699848,1.038346699847
      ,1.038346699848,1.038346699847,1.038346699848,1.038346699847
      ,1.038346699848,1.038346699847,1.038346699848,1.038346699847
      ,1.038346699848,1.038346699847,1.038346699848,1.038346699848
      ,1.038346699847,1.038346699848,1.038346699847,1.038346699848
      ,1.038346699846,1.038346699849,1.038346699846,1.038346699848
      ,1.038346699847,1.038346699848,1.038346699848,1.038346699847
      ,1.038346699848,1.038346699847,1.038346699848,1.038346699847
      ,1.038346699848,1.038346699847,1.038346699848,1.038346699847
      ,1.038346699848,1.038346699848,1.038346699847,1.038346699848
      ,1.038346699847,1.038346699849,1.038346699846,1.038346699849
      ,1.038346699846,1.038346699848,1.038346699847,1.038346699848
      ,1.038346699848,1.038346699847,1.038346699848,1.038346699847
      ,1.038346699848,1.038346699847,1.038346699848,1.038346699847
      ,1.038346699848,1.038346699847,1.038346699848,1.038346699848
      ,1.038346699847,1.038346699848,1.038346699846,1.03834669985
      ,1.038346699845,1.03834669985,1.038346699845,1.038346699849
      ,1.038346699847,1.038346699848,1.038346699848,1.038346699847
      ,1.038346699848,1.038346699847,1.038346699849,1.038346699846
      ,1.038346699849,1.038346699846,1.038346699848,1.038346699847
      ,1.038346699848,1.038346699848,1.038346699847,1.038346699848
      ,1.038346699847,1.038346699848,1.038346699847,1.038346699848
      ,1.038346699847,1.038346699848,1.038346699847,1.038346699848
      ,1.038346699848,1.038346699848,1.038346699847,1.038346699848
      ,1.038346699847,1.038346699848,1.038346699847,1.038346699848
      ,1.038346699847,1.038346699848,1.038346699847,1.038346699848
      ,1.038346699847,1.038346699848,1.038346699847,1.038346699848
      ,1.038346699847,1.038346699847,1.038346699848,1.038346699847
      ,1.038346699848,1.038346699847,1.038346699848,1.038346699848
      ,1.038346699847,1.038346699848,1.038346699847,1.038346699849
      ,1.038346699847,1.038346699848,1.038346699847,1.038346699848
      ,1.038346699847,1.038346699848,1.038346699847,1.038346699848
      ,1.038346699847,1.038346699848,1.038346699846,1.038346699849
      ,1.038346699847,1.038346699848,1.038346699847,1.038346699848
      ,1.038346699848,1.038346699848,1.038346699847,1.038346699848
      ,1.038346699848,1.038346699847,1.038346699848,1.038346699847
      ,1.038346699848,1.038346699847,1.038346699848,1.038346699848
      ,1.038346699847,1.038346699848,1.038346699847,1.038346699848
      ,1.038346699847,1.038346699848,1.038346699847,1.038346699848
      ,1.038346699847,1.038346699848,1.038346699848)
    ,(1.03672962321,1.03672962321,1.036729623209,1.03672962321
      ,1.036729623209,1.036729623211,1.036729623208,1.036729623211
      ,1.036729623209,1.03672962321,1.03672962321,1.03672962321
      ,1.03672962321,1.036729623209,1.03672962321,1.036729623209
      ,1.036729623211,1.036729623208,1.036729623211,1.036729623209
      ,1.03672962321,1.03672962321,1.03672962321,1.03672962321
      ,1.036729623209,1.03672962321,1.036729623208,1.036729623211
      ,1.036729623208,1.03672962321,1.036729623209,1.03672962321
      ,1.03672962321,1.03672962321,1.03672962321,1.03672962321
      ,1.03672962321,1.03672962321,1.03672962321,1.03672962321
      ,1.03672962321,1.03672962321,1.03672962321,1.03672962321
      ,1.03672962321,1.03672962321,1.036729623209,1.03672962321
      ,1.036729623209,1.03672962321,1.036729623209,1.03672962321
      ,1.036729623209,1.03672962321,1.03672962321,1.03672962321
      ,1.03672962321,1.03672962321,1.036729623209,1.03672962321
      ,1.036729623209,1.03672962321,1.036729623209,1.03672962321
      ,1.03672962321,1.03672962321,1.03672962321,1.03672962321
      ,1.03672962321,1.036729623209,1.03672962321,1.036729623209
      ,1.03672962321,1.036729623209,1.03672962321,1.03672962321
      ,1.03672962321,1.03672962321,1.03672962321,1.036729623209
      ,1.03672962321,1.036729623208,1.036729623211,1.036729623208
      ,1.036729623211,1.036729623209,1.03672962321,1.03672962321
      ,1.03672962321,1.03672962321,1.03672962321,1.036729623209
      ,1.03672962321,1.036729623209,1.03672962321,1.036729623209
      ,1.03672962321,1.03672962321,1.03672962321,1.03672962321
      ,1.03672962321,1.03672962321,1.036729623209,1.03672962321
      ,1.036729623208,1.036729623211,1.036729623209,1.03672962321
      ,1.036729623209,1.03672962321,1.03672962321,1.03672962321
      ,1.03672962321,1.036729623209,1.03672962321,1.036729623209
      ,1.03672962321,1.036729623209,1.03672962321,1.036729623209
      ,1.03672962321,1.03672962321,1.03672962321,1.03672962321
      ,1.036729623209,1.036729623211,1.036729623208,1.036729623211
      ,1.036729623208,1.03672962321,1.036729623209,1.03672962321
      ,1.03672962321,1.03672962321,1.03672962321,1.036729623209
      ,1.03672962321,1.036729623209,1.03672962321,1.03672962321
      ,1.03672962321,1.03672962321,1.03672962321,1.03672962321
      ,1.03672962321,1.03672962321,1.036729623209,1.036729623211
      ,1.036729623208,1.036729623212,1.036729623208,1.03672962321
      ,1.036729623209,1.03672962321,1.03672962321,1.03672962321
      ,1.03672962321,1.036729623209,1.03672962321,1.036729623209
      ,1.036729623211,1.036729623209,1.03672962321,1.036729623209
      ,1.03672962321,1.03672962321,1.03672962321,1.03672962321
      ,1.03672962321,1.03672962321,1.03672962321,1.03672962321
      ,1.03672962321,1.03672962321,1.03672962321,1.03672962321
      ,1.03672962321,1.03672962321,1.036729623209,1.03672962321
      ,1.036729623208,1.036729623211,1.036729623208,1.036729623211
      ,1.036729623209,1.03672962321,1.03672962321,1.03672962321
      ,1.03672962321,1.03672962321,1.036729623209,1.03672962321
      ,1.036729623209,1.03672962321,1.036729623209,1.03672962321
      ,1.03672962321,1.03672962321,1.03672962321,1.03672962321
      ,1.036729623209,1.03672962321,1.036729623208,1.036729623211
      ,1.036729623208,1.03672962321,1.036729623209,1.03672962321
      ,1.03672962321,1.03672962321,1.03672962321,1.03672962321
      ,1.036729623209,1.036729623211,1.036729623208,1.036729623211
      ,1.036729623208,1.03672962321,1.036729623209,1.03672962321
      ,1.03672962321,1.03672962321,1.036729623209,1.03672962321
      ,1.036729623209,1.03672962321,1.036729623209,1.03672962321
      ,1.036729623209,1.03672962321,1.03672962321,1.03672962321
      ,1.03672962321,1.03672962321,1.03672962321,1.036729623209
      ,1.03672962321,1.036729623209,1.03672962321,1.036729623209
      ,1.03672962321,1.03672962321,1.03672962321)
    ,(1.669078461068,1.669078461068,1.669078461068,1.669078461069
      ,1.669078461067,1.66907846107,1.669078461066,1.66907846107
      ,1.669078461067,1.669078461069,1.669078461068,1.669078461068
      ,1.669078461068,1.669078461068,1.669078461069,1.669078461067
      ,1.66907846107,1.669078461066,1.66907846107,1.669078461068
      ,1.669078461069,1.669078461068,1.669078461068,1.669078461068
      ,1.669078461068,1.669078461069,1.669078461067,1.66907846107
      ,1.669078461067,1.669078461069,1.669078461068,1.669078461068
      ,1.669078461068,1.669078461068,1.669078461068,1.669078461068
      ,1.669078461068,1.669078461068,1.669078461068,1.669078461068
      ,1.669078461068,1.669078461068,1.669078461068,1.669078461068
      ,1.669078461068,1.669078461068,1.669078461068,1.669078461068
      ,1.669078461068,1.669078461068,1.669078461068,1.669078461068
      ,1.669078461068,1.669078461068,1.669078461068,1.669078461068
      ,1.669078461068,1.669078461069,1.669078461068,1.669078461069
      ,1.669078461067,1.66907846107,1.669078461067,1.669078461069
      ,1.669078461068,1.669078461068,1.669078461068,1.669078461068
      ,1.669078461068,1.669078461068,1.669078461069,1.669078461067
      ,1.669078461069,1.669078461068,1.669078461068,1.669078461068
      ,1.669078461068,1.669078461068,1.669078461068,1.669078461068
      ,1.669078461069,1.669078461067,1.66907846107,1.669078461067
      ,1.669078461069,1.669078461068,1.669078461068,1.669078461068
      ,1.669078461068,1.669078461068,1.669078461068,1.669078461068
      ,1.669078461069,1.669078461067,1.669078461069,1.669078461068
      ,1.669078461068,1.669078461068,1.669078461068,1.669078461068
      ,1.669078461068,1.669078461068,1.669078461068,1.669078461069
      ,1.669078461067,1.66907846107,1.669078461067,1.669078461069
      ,1.669078461068,1.669078461068,1.669078461068,1.669078461068
      ,1.669078461068,1.669078461068,1.669078461069,1.669078461067
      ,1.669078461069,1.669078461068,1.669078461069,1.669078461068
      ,1.669078461068,1.669078461068,1.669078461068,1.669078461069
      ,1.669078461067,1.669078461071,1.669078461065,1.669078461072
      ,1.669078461066,1.66907846107,1.669078461068,1.669078461068
      ,1.669078461068,1.669078461068,1.669078461068,1.669078461068
      ,1.669078461068,1.669078461068,1.669078461068,1.669078461068
      ,1.669078461068,1.669078461068,1.669078461068,1.669078461068
      ,1.669078461068,1.669078461069,1.669078461066,1.669078461072
      ,1.669078461064,1.669078461072,1.669078461065,1.66907846107
      ,1.669078461068,1.669078461068,1.669078461068,1.669078461068
      ,1.669078461069,1.669078461067,1.66907846107,1.669078461065
      ,1.669078461071,1.669078461066,1.669078461069,1.669078461068
      ,1.669078461068,1.669078461068,1.669078461068,1.669078461068
      ,1.669078461068,1.669078461069,1.669078461068,1.669078461068
      ,1.669078461068,1.669078461068,1.669078461068,1.669078461068
      ,1.669078461068,1.669078461068,1.669078461068,1.669078461069
      ,1.669078461067,1.66907846107,1.669078461066,1.66907846107
      ,1.669078461067,1.669078461069,1.669078461068,1.669078461068
      ,1.669078461068,1.669078461069,1.669078461068,1.669078461069
      ,1.669078461067,1.669078461069,1.669078461068,1.669078461069
      ,1.669078461068,1.669078461068,1.669078461068,1.669078461068
      ,1.669078461068,1.669078461069,1.669078461067,1.669078461069
      ,1.669078461067,1.669078461069,1.669078461068,1.669078461068
      ,1.669078461068,1.669078461068,1.669078461068,1.669078461069
      ,1.669078461067,1.66907846107,1.669078461066,1.66907846107
      ,1.669078461067,1.669078461069,1.669078461068,1.669078461068
      ,1.669078461068,1.669078461068,1.669078461068,1.669078461069
      ,1.669078461067,1.66907846107,1.669078461067,1.669078461069
      ,1.669078461068,1.669078461068,1.669078461068,1.669078461068
      ,1.669078461068,1.669078461068,1.669078461068,1.669078461068
      ,1.669078461068,1.669078461068,1.669078461068,1.669078461068
      ,1.669078461068,1.669078461068,1.669078461068
))) REPRESENTATION_ITEM('') SURFACE() );
#273 = CARTESIAN_POINT('',(1.1832119897,-7.,1.972310672138));
#274 = CARTESIAN_POINT('',(1.439877768029,-6.987086422102,1.818231786817
    ));
#275 = CARTESIAN_POINT('',(1.696396198761,-6.991245646383,1.664256220315
    ));
#276 = CARTESIAN_POINT('',(1.953345620551,-7.007558542554,1.510491869077
    ));
#277 = CARTESIAN_POINT('',(2.210670217352,-7.031524372123,1.356372197987
    ));
#278 = CARTESIAN_POINT('',(2.468130597232,-7.059036456387,1.201363756122
    ));
#279 = CARTESIAN_POINT('',(2.725536972091,-7.086435392191,1.045293603808
    ));
#280 = CARTESIAN_POINT('',(2.982822578606,-7.11059979873,0.888399532522)
  );
#281 = CARTESIAN_POINT('',(3.240014980938,-7.12903457872,0.731205959195)
  );
#282 = CARTESIAN_POINT('',(3.49716289546,-7.13991667716,0.574328376459)
  );
#283 = CARTESIAN_POINT('',(3.754276178088,-7.142058321048,0.418309240383
    ));
#284 = CARTESIAN_POINT('',(4.011336614476,-7.134747723262,0.26358817725)
  );
#285 = CARTESIAN_POINT('',(4.285081837354,-7.142808774872,
    9.642320066933E-02));
#286 = CARTESIAN_POINT('',(4.558744025694,-7.144375116835,
    -7.047064516297E-02));
#287 = CARTESIAN_POINT('',(4.832374385538,-7.140299398773,
    -0.236944023441));
#288 = CARTESIAN_POINT('',(5.106002880234,-7.131258583022,
    -0.402924341206));
#289 = CARTESIAN_POINT('',(5.379645382481,-7.117752921418,
    -0.568377572398));
#290 = CARTESIAN_POINT('',(5.653309000422,-7.100110515305,
    -0.733276825055));
#291 = CARTESIAN_POINT('',(5.926995577874,-7.078497458902,
    -0.897577652706));
#292 = CARTESIAN_POINT('',(6.200703368579,-7.052933565858,
    -1.061200109923));
#293 = CARTESIAN_POINT('',(6.474426884597,-7.02331367917,-1.224017552039
    ));
#294 = CARTESIAN_POINT('',(6.748154918734,-6.989434564316,
    -1.385852179052));
#295 = CARTESIAN_POINT('',(7.021866741083,-6.951027385708,
    -1.546477323685));
#296 = CARTESIAN_POINT('',(7.270624312753,-6.914668851251,-1.69195289738
    ));
#297 = CARTESIAN_POINT('',(7.519399781048,-6.875253305554,
    -1.836638671958));
#298 = CARTESIAN_POINT('',(7.768171213674,-6.832386876464,
    -1.980327438564));
#299 = CARTESIAN_POINT('',(8.016916311605,-6.78577644018,-2.122824896554
    ));
#300 = CARTESIAN_POINT('',(8.265612371438,-6.735217291989,
    -2.263951282025));
#301 = CARTESIAN_POINT('',(8.514236247695,-6.680580816998,
    -2.403542996309));
#302 = CARTESIAN_POINT('',(8.762764315185,-6.621802160872,
    -2.541454234495));
#303 = CARTESIAN_POINT('',(9.011172431314,-6.558867900559,
    -2.677558613936));
#304 = CARTESIAN_POINT('',(9.259435898426,-6.491803715041,
    -2.811750802762));
#305 = CARTESIAN_POINT('',(9.507529426141,-6.42066205605,-2.943948148393
    ));
#306 = CARTESIAN_POINT('',(9.755427093672,-6.345509818816,
    -3.074092306045));
#307 = CARTESIAN_POINT('',(10.033205342021,-6.261118304546,
    -3.219832223655));
#308 = CARTESIAN_POINT('',(10.310707215088,-6.171395062012,
    -3.362818008382));
#309 = CARTESIAN_POINT('',(10.58787708089,-6.076286763916,
    -3.502855677412));
#310 = CARTESIAN_POINT('',(10.864649574769,-5.975726538186,
    -3.639735972264));
#311 = CARTESIAN_POINT('',(11.140948220904,-5.869637535742,
    -3.773235264496));
#312 = CARTESIAN_POINT('',(11.416684054081,-5.757936498283,
    -3.903116461434));
#313 = CARTESIAN_POINT('',(11.69175424109,-5.640537326042,
    -4.029129911847));
#314 = CARTESIAN_POINT('',(11.966040702566,-5.517354645582,
    -4.151014311708));
#315 = CARTESIAN_POINT('',(12.239408734392,-5.388307377544,
    -4.268497609852));
#316 = CARTESIAN_POINT('',(12.511705629456,-5.253322304445,
    -4.381297913731));
#317 = CARTESIAN_POINT('',(12.782759299179,-5.112337638435,
    -4.489124395096));
#318 = CARTESIAN_POINT('',(13.691617413466,-4.639643286612,
    -4.850695482141));
#319 = CARTESIAN_POINT('',(14.586447867661,-4.099297049326,
    -5.156182751932));
#320 = CARTESIAN_POINT('',(15.460740395116,-3.48934632957,
    -5.394906723067));
#321 = CARTESIAN_POINT('',(16.305559008689,-2.80609409265,
    -5.552969282558));
#322 = CARTESIAN_POINT('',(17.106619109205,-2.052710374031,
    -5.617620097865));
#323 = CARTESIAN_POINT('',(17.849566793931,-1.228608738403,
    -5.572839773129));
#324 = CARTESIAN_POINT('',(18.508720201412,-0.345790643138,
    -5.404096395604));
#325 = CARTESIAN_POINT('',(19.058991765031,0.569641148779,
    -5.111190193977));
#326 = CARTESIAN_POINT('',(19.496007986495,1.496034351499,
    -4.710641493215));
#327 = CARTESIAN_POINT('',(19.81445936108,2.41503509502,-4.216885229845)
  );
#328 = CARTESIAN_POINT('',(20.018326978836,3.313648761677,
    -3.648296223592));
#329 = CARTESIAN_POINT('',(20.221110187651,4.208060218919,
    -3.082267756567));
#330 = CARTESIAN_POINT('',(20.310078944654,5.082227405163,
    -2.441925794541));
#331 = CARTESIAN_POINT('',(20.287255876026,5.923052534177,
    -1.744191733214));
#332 = CARTESIAN_POINT('',(20.159786997086,6.722279554044,
    -1.007016832231));
#333 = CARTESIAN_POINT('',(19.935298863889,7.476058602482,
    -0.245408816052));
#334 = CARTESIAN_POINT('',(19.621098169315,8.183102645376,0.528225239066
    ));
#335 = CARTESIAN_POINT('',(19.223933761867,8.843070142168,1.303412775979
    ));
#336 = CARTESIAN_POINT('',(18.749449120664,9.455551238373,2.071402041772
    ));
#337 = CARTESIAN_POINT('',(18.201732894385,10.019371382062,
    2.824633059197));
#338 = CARTESIAN_POINT('',(17.58352620137,10.53185539522,3.555256176339)
  );
#339 = CARTESIAN_POINT('',(16.896667996501,10.98821690516,4.253865710061
    ));
#340 = CARTESIAN_POINT('',(16.208592150567,11.445386731549,
    4.953712998292));
#341 = CARTESIAN_POINT('',(15.451797652196,11.846361959753,
    5.621501922366));
#342 = CARTESIAN_POINT('',(14.628035589499,12.186321790599,
    6.247851961536));
#343 = CARTESIAN_POINT('',(13.739338658106,12.458786732692,
    6.821688440444));
#344 = CARTESIAN_POINT('',(12.788710627512,12.656475609487,
    7.331420537342));
#345 = CARTESIAN_POINT('',(11.779628588658,12.768335117735,7.7601219344)
  );
#346 = CARTESIAN_POINT('',(10.726466566813,12.785309803022,
    8.090127354598));
#347 = CARTESIAN_POINT('',(9.653738416929,12.706790337657,8.312435943431
    ));
#348 = CARTESIAN_POINT('',(8.582405001771,12.540502807518,8.430740005946
    ));
#349 = CARTESIAN_POINT('',(7.525577348467,12.297453147387,8.455421949354
    ));
#350 = CARTESIAN_POINT('',(6.492955647436,11.986990714903,8.396130350892
    ));
#351 = CARTESIAN_POINT('',(5.366507155028,11.648424613221,8.331580228134
    ));
#352 = CARTESIAN_POINT('',(4.268739007655,11.229869735145,8.167416314306
    ));
#353 = CARTESIAN_POINT('',(3.211519331916,10.744868910466,7.918074952074
    ));
#354 = CARTESIAN_POINT('',(2.19944958856,10.206823529568,7.600289681179)
  );
#355 = CARTESIAN_POINT('',(1.231279096212,9.626092089324,7.228367046385)
  );
#356 = CARTESIAN_POINT('',(0.304003303077,9.010017596484,6.813060461933)
  );
#357 = CARTESIAN_POINT('',(-0.585241157522,8.363955808981,6.362198524612
    ));
#358 = CARTESIAN_POINT('',(-1.439184094261,7.692063614907,5.88161603864)
  );
#359 = CARTESIAN_POINT('',(-2.260128305207,6.997372432437,5.375606869781
    ));
#360 = CARTESIAN_POINT('',(-3.048532325063,6.28151535823,4.847067583415)
  );
#361 = CARTESIAN_POINT('',(-3.804311962281,5.545398900241,4.298729641611
    ));
#362 = CARTESIAN_POINT('',(-4.621384465259,4.749436382364,3.705818106952
    ));
#363 = CARTESIAN_POINT('',(-5.400324894857,3.9297899952,3.089778853694)
  );
#364 = CARTESIAN_POINT('',(-6.140280736718,3.087179143219,2.453837773134
    ));
#365 = CARTESIAN_POINT('',(-6.839463305943,2.221335111153,1.800755905737
    ));
#366 = CARTESIAN_POINT('',(-7.493951010196,1.330279607124,1.133868797413
    ));
#367 = CARTESIAN_POINT('',(-8.098746936786,0.410930477367,0.45806392677)
  );
#368 = CARTESIAN_POINT('',(-8.649157637551,-0.53997856823,
    -0.219858209324));
#369 = CARTESIAN_POINT('',(-9.141373194656,-1.525247968845,
    -0.891534310639));
#370 = CARTESIAN_POINT('',(-9.571941861357,-2.546986401381,
    -1.547735293953));
#371 = CARTESIAN_POINT('',(-9.936645780813,-3.60653387095,
    -2.178586169899));
#372 = CARTESIAN_POINT('',(-10.23009749692,-4.703829317714,
    -2.772025373598));
#373 = CARTESIAN_POINT('',(-10.48915341512,-5.672372683437,
    -3.295860152751));
#374 = CARTESIAN_POINT('',(-10.69258963165,-6.670376014081,
    -3.790489385715));
#375 = CARTESIAN_POINT('',(-10.83722011374,-7.697591450715,
    -4.247968666743));
#376 = CARTESIAN_POINT('',(-10.91776824859,-8.75311980667,
    -4.658430074113));
#377 = CARTESIAN_POINT('',(-10.92967971846,-9.835270711942,
    -5.011725220838));
#378 = CARTESIAN_POINT('',(-10.86591630276,-10.93821288652,
    -5.294490068312));
#379 = CARTESIAN_POINT('',(-10.71833080415,-12.05557672881,
    -5.491752252133));
#380 = CARTESIAN_POINT('',(-10.4785475626,-13.17427398039,
    -5.585449179514));
#381 = CARTESIAN_POINT('',(-10.14072876734,-14.26680544737,
    -5.556761680974));
#382 = CARTESIAN_POINT('',(-9.711259977636,-15.30557347081,
    -5.402752123567));
#383 = CARTESIAN_POINT('',(-9.200304890643,-16.26653688272,
    -5.128186197185));
#384 = CARTESIAN_POINT('',(-8.714062007222,-17.18113293304,
    -4.866932382403));
#385 = CARTESIAN_POINT('',(-8.154019060777,-18.02526904883,
    -4.496494263138));
#386 = CARTESIAN_POINT('',(-7.52962604904,-18.77889582275,
    -4.021943414465));
#387 = CARTESIAN_POINT('',(-6.854433922857,-19.42444805052,
    -3.455558371724));
#388 = CARTESIAN_POINT('',(-6.144421414509,-19.95543192823,
    -2.817904471128));
#389 = CARTESIAN_POINT('',(-5.411956152429,-20.37328177202,
    -2.128603906928));
#390 = CARTESIAN_POINT('',(-4.664630824536,-20.68235865251,
    -1.402834402842));
#391 = CARTESIAN_POINT('',(-3.907954968575,-20.88733860446,
    -0.653570024814));
#392 = CARTESIAN_POINT('',(-3.147063595149,-20.99317112242,0.10687890765
    ));
#393 = CARTESIAN_POINT('',(-2.385225283906,-21.00527948773,
    0.869358124816));
#394 = CARTESIAN_POINT('',(-1.625994639096,-20.92672308868,
    1.625045207954));
#395 = CARTESIAN_POINT('',(-0.711161303561,-20.83208932739,
    2.535609755386));
#396 = CARTESIAN_POINT('',(0.199880497167,-20.60606259146,3.436321208397
    ));
#397 = CARTESIAN_POINT('',(1.101117995844,-20.25430414684,4.311997111045
    ));
#398 = CARTESIAN_POINT('',(1.986127821604,-19.78205774573,5.14883954758)
  );
#399 = CARTESIAN_POINT('',(2.850559474039,-19.18418441617,5.935959806914
    ));
#400 = CARTESIAN_POINT('',(3.677947692411,-18.46247891383,6.650223450226
    ));
#401 = CARTESIAN_POINT('',(4.466492380351,-17.60247195316,7.28194467515)
  );
#402 = CARTESIAN_POINT('',(5.179050301881,-16.60204380943,7.779153594591
    ));
#403 = CARTESIAN_POINT('',(5.795632896801,-15.49716948786,8.128902998596
    ));
#404 = CARTESIAN_POINT('',(6.306953533325,-14.32029778174,8.331381167988
    ));
#405 = CARTESIAN_POINT('',(6.714227782478,-13.10021249207,8.399442905564
    ));
#406 = CARTESIAN_POINT('',(7.070594232034,-12.03243995172,8.458928159281
    ));
#407 = CARTESIAN_POINT('',(7.347266599179,-10.931588847,8.41546623212));
#408 = CARTESIAN_POINT('',(7.544354431598,-9.816632511962,8.276678169796
    ));
#409 = CARTESIAN_POINT('',(7.668420181192,-8.704086035005,8.057821215258
    ));
#410 = CARTESIAN_POINT('',(7.728316394089,-7.602356776484,7.774147924254
    ));
#411 = CARTESIAN_POINT('',(7.732428450033,-6.514895194976,7.438182958888
    ));
#412 = CARTESIAN_POINT('',(7.687660349412,-5.443264106267,7.059538585019
    ));
#413 = CARTESIAN_POINT('',(7.599594110133,-4.388035484999,6.645585949092
    ));
#414 = CARTESIAN_POINT('',(7.472885733773,-3.348921530655,6.202012096549
    ));
#415 = CARTESIAN_POINT('',(7.311132429567,-2.325750956881,5.733022419859
    ));
#416 = CARTESIAN_POINT('',(7.116156847139,-1.318812326038,5.241694787008
    ));
#417 = CARTESIAN_POINT('',(6.943786346942,-0.42818879626,4.807180636902)
  );
#418 = CARTESIAN_POINT('',(6.745465014712,0.449757238811,4.355201454357)
  );
#419 = CARTESIAN_POINT('',(6.522739243896,1.314985807579,3.888051008935)
  );
#420 = CARTESIAN_POINT('',(6.276358181991,2.167270056109,3.407313520789)
  );
#421 = CARTESIAN_POINT('',(6.006167057091,3.00604275026,2.914263983257)
  );
#422 = CARTESIAN_POINT('',(5.711170026206,3.830407380975,2.410224665542)
  );
#423 = CARTESIAN_POINT('',(5.389709496257,4.63924925227,1.896856245999)
  );
#424 = CARTESIAN_POINT('',(5.039708868477,5.431381931022,1.376362026801)
  );
#425 = CARTESIAN_POINT('',(4.658925657034,6.205664438475,0.851583680328)
  );
#426 = CARTESIAN_POINT('',(4.245161932726,6.961024562278,0.325966978183)
  );
#427 = CARTESIAN_POINT('',(3.796379042468,7.696323669016,-0.196624046845
    ));
#428 = CARTESIAN_POINT('',(3.243020041578,8.602993540412,-0.841009150365
    ));
#429 = CARTESIAN_POINT('',(2.636433487668,9.479171751422,-1.480800254504
    ));
#430 = CARTESIAN_POINT('',(1.97286782654,10.322813626965,-2.108756382362
    ));
#431 = CARTESIAN_POINT('',(1.249018598448,11.131660256456,
    -2.716512393428));
#432 = CARTESIAN_POINT('',(0.461801358193,11.903324488935,
    -3.294841955783));
#433 = CARTESIAN_POINT('',(-0.390955553041,12.634223258568,
    -3.833462195523));
#434 = CARTESIAN_POINT('',(-1.311150113747,13.319144844881,
    -4.320719565046));
#435 = CARTESIAN_POINT('',(-2.300780631213,13.950603320966,
    -4.742520044482));
#436 = CARTESIAN_POINT('',(-3.359623663401,14.517058379946,
    -5.080591050435));
#437 = CARTESIAN_POINT('',(-4.479965536628,15.001566953381,
    -5.312587371419));
#438 = CARTESIAN_POINT('',(-5.643332505036,15.387483547251,
    -5.420679082384));
#439 = CARTESIAN_POINT('',(-6.628058806454,15.714083818665,
    -5.512111664997));
#440 = CARTESIAN_POINT('',(-7.643548980963,15.970187471586,
    -5.514936269388));
#441 = CARTESIAN_POINT('',(-8.679051816524,16.144935155395,
    -5.417388446806));
#442 = CARTESIAN_POINT('',(-9.717398111324,16.229636775419,
    -5.212541600426));
#443 = CARTESIAN_POINT('',(-10.73808351303,16.21384002059,
    -4.893258275181));
#444 = CARTESIAN_POINT('',(-11.71169303155,16.096878721001,
    -4.468519613223));
#445 = CARTESIAN_POINT('',(-12.6188351405,15.887064126458,
    -3.956773884016));
#446 = CARTESIAN_POINT('',(-13.45325102995,15.594205530855,
    -3.375349892326));
#447 = CARTESIAN_POINT('',(-14.20793647739,15.226359915379,
    -2.740025312147));
#448 = CARTESIAN_POINT('',(-14.88246757818,14.79204737318,
    -2.065291111172));
#449 = CARTESIAN_POINT('',(-15.47676484007,14.298063944518,-1.3634787451
    ));
#450 = CARTESIAN_POINT('',(-16.10438514719,13.77639771387,
    -0.622329556824));
#451 = CARTESIAN_POINT('',(-16.64262675388,13.188266043977,
    0.148981222271));
#452 = CARTESIAN_POINT('',(-17.09174489885,12.541914284547,0.93584859311
    ));
#453 = CARTESIAN_POINT('',(-17.45419856902,11.844213041594,
    1.725942294892));
#454 = CARTESIAN_POINT('',(-17.73304917998,11.101169172873,2.50897618679
    ));
#455 = CARTESIAN_POINT('',(-17.93050625258,10.317720761383,
    3.276538767624));
#456 = CARTESIAN_POINT('',(-18.0467079318,9.497652703273,4.021214698605)
  );
#457 = CARTESIAN_POINT('',(-18.07898660164,8.644116909248,4.734924714128
    ));
#458 = CARTESIAN_POINT('',(-18.02203226307,7.760888480397,5.407108825429
    ));
#459 = CARTESIAN_POINT('',(-17.86952874946,6.854136582058,6.024075241963
    ));
#460 = CARTESIAN_POINT('',(-17.61800026658,5.934136101342,6.571534955062
    ));
#461 = CARTESIAN_POINT('',(-17.3719599549,5.034055744351,7.107177395904)
  );
#462 = CARTESIAN_POINT('',(-17.03101519649,4.121265858703,7.576211988455
    ));
#463 = CARTESIAN_POINT('',(-16.59260404055,3.205497376021,7.965733957487
    ));
#464 = CARTESIAN_POINT('',(-16.05543939827,2.299199018719,8.262036982466
    ));
#465 = CARTESIAN_POINT('',(-15.42377725798,1.419526180815,8.452458763625
    ));
#466 = CARTESIAN_POINT('',(-14.71438664218,0.586436575115,8.534645115096
    ));
#467 = CARTESIAN_POINT('',(-13.9475630842,-0.189485407998,8.519055868067
    ));
#468 = CARTESIAN_POINT('',(-13.13846557646,-0.908043013406,
    8.420832819782));
#469 = CARTESIAN_POINT('',(-12.29788226184,-1.569939610309,
    8.251459972992));
#470 = CARTESIAN_POINT('',(-11.43428321303,-2.177787118159,
    8.022130708924));
#471 = CARTESIAN_POINT('',(-10.55374010036,-2.735535863924,
    7.742556657406));
#472 = CARTESIAN_POINT('',(-10.31619395448,-2.886023355341,7.66715253347
    ));
#473 = CARTESIAN_POINT('',(-10.07740652157,-3.032833225432,
    7.588060297819));
#474 = CARTESIAN_POINT('',(-9.837500959591,-3.176052847989,
    7.505483497305));
#475 = CARTESIAN_POINT('',(-9.596586745329,-3.31576890938,7.419610109561
    ));
#476 = CARTESIAN_POINT('',(-9.354760956996,-3.452065809305,
    7.330613098822));
#477 = CARTESIAN_POINT('',(-9.112109556583,-3.58502406147,7.238650971699
    ));
#478 = CARTESIAN_POINT('',(-8.86870867256,-3.714718694386,7.143868333018
    ));
#479 = CARTESIAN_POINT('',(-8.62462588218,-3.841217652018,7.046396441592
    ));
#480 = CARTESIAN_POINT('',(-8.37992149417,-3.96458019458,6.946353766049)
  );
#481 = CARTESIAN_POINT('',(-8.1346498311,-4.084855299214,6.843846540618)
  );
#482 = CARTESIAN_POINT('',(-7.888860511977,-4.202080060743,
    6.738969320946));
#483 = CARTESIAN_POINT('',(-7.621669372934,-4.329778779273,
    6.625128845816));
#484 = CARTESIAN_POINT('',(-7.353862757757,-4.453846206783,
    6.508459116983));
#485 = CARTESIAN_POINT('',(-7.085511183441,-4.574412962341,6.38914405731
    ));
#486 = CARTESIAN_POINT('',(-6.816676136756,-4.691604496664,
    6.267347390639));
#487 = CARTESIAN_POINT('',(-6.547411115875,-4.805536993597,
    6.143213494445));
#488 = CARTESIAN_POINT('',(-6.277762672124,-4.916313271539,
    6.016868252442));
#489 = CARTESIAN_POINT('',(-6.007771451535,-5.024018684954,
    5.888419907254));
#490 = CARTESIAN_POINT('',(-5.737473236652,-5.128717025775,
    5.757959913017));
#491 = CARTESIAN_POINT('',(-5.466899988069,-5.230446424916,
    5.625563788043));
#492 = CARTESIAN_POINT('',(-5.196080886207,-5.329215253695,
    5.491291967435));
#493 = CARTESIAN_POINT('',(-4.925043372913,-5.42499802532,5.355190655734
    ));
#494 = CARTESIAN_POINT('',(-4.654565573593,-5.519489774579,
    5.218877659594));
#495 = CARTESIAN_POINT('',(-4.383878674967,-5.612458784714,
    5.081443484206));
#496 = CARTESIAN_POINT('',(-4.112998041515,-5.703184234119,
    4.942522687424));
#497 = CARTESIAN_POINT('',(-3.841951996504,-5.791036039994,
    4.801870096269));
#498 = CARTESIAN_POINT('',(-3.570769894709,-5.87555841033,4.659377938214
    ));
#499 = CARTESIAN_POINT('',(-3.299474563314,-5.956544249401,
    4.515077974299));
#500 = CARTESIAN_POINT('',(-3.028079110733,-6.034100416338,
    4.369128633915));
#501 = CARTESIAN_POINT('',(-2.75658810369,-6.108703837396,4.22178715147)
  );
#502 = CARTESIAN_POINT('',(-2.485003112199,-6.181248471189,
    4.073366704694));
#503 = CARTESIAN_POINT('',(-2.213332622752,-6.253083127603,
    3.924178554812));
#504 = CARTESIAN_POINT('',(-1.941606319503,-6.326040139818,
    3.774459188412));
#505 = CARTESIAN_POINT('',(-1.657789232979,-6.395014113687,
    3.616274153409));
#506 = CARTESIAN_POINT('',(-1.373950633897,-6.457912249683,
    3.456036297402));
#507 = CARTESIAN_POINT('',(-1.090027406563,-6.518586161505,
    3.294915422111));
#508 = CARTESIAN_POINT('',(-0.806001437626,-6.579576032683,
    3.133381228298));
#509 = CARTESIAN_POINT('',(-0.521847150101,-6.641930215941,
    2.971424784906));
#510 = CARTESIAN_POINT('',(-0.237652117882,-6.704839969779,
    2.808537238465));
#511 = CARTESIAN_POINT('',(4.639952039701E-02,-6.765379596717,
    2.643952796676));
#512 = CARTESIAN_POINT('',(0.330230720464,-6.818489134136,2.47722316747)
  );
#513 = CARTESIAN_POINT('',(0.614051727864,-6.857183634713,2.30875078187)
  );
#514 = CARTESIAN_POINT('',(0.898045864275,-6.872819959939,2.139468276437
    ));
#515 = CARTESIAN_POINT('',(1.180829550324,-6.85509889633,1.968411858131)
  );
#516 = CARTESIAN_POINT('',(1.207931708123,-10.82144034896,1.957481027076
    ));
#517 = CARTESIAN_POINT('',(1.504523831914,-10.80827266531,1.804475534866
    ));
#518 = CARTESIAN_POINT('',(1.783902346826,-10.81171854581,1.623119467693
    ));
#519 = CARTESIAN_POINT('',(2.05089053503,-10.82753950253,1.420505436976)
  );
#520 = CARTESIAN_POINT('',(2.30929914771,-10.85034675508,1.202452435804)
  );
#521 = CARTESIAN_POINT('',(2.562399892191,-10.87499048064,0.97425596135)
  );
#522 = CARTESIAN_POINT('',(2.813124712595,-10.89729621667,0.740939428393
    ));
#523 = CARTESIAN_POINT('',(3.064076536357,-10.91430445409,0.50717043326)
  );
#524 = CARTESIAN_POINT('',(3.317437159228,-10.92416946033,0.277005427646
    ));
#525 = CARTESIAN_POINT('',(3.574857940966,-10.92587336981,
    5.362636165352E-02));
#526 = CARTESIAN_POINT('',(3.837418984423,-10.91891158145,
    -0.160767144536));
#527 = CARTESIAN_POINT('',(4.105742470247,-10.90310550084,
    -0.364746540972));
#528 = CARTESIAN_POINT('',(4.377760746676,-10.89870218388,-0.60692445688
    ));
#529 = CARTESIAN_POINT('',(4.65260062202,-10.88676123984,-0.844521531661
    ));
#530 = CARTESIAN_POINT('',(4.929606973362,-10.86824436452,
    -1.078654416069));
#531 = CARTESIAN_POINT('',(5.208242336416,-10.84381532807,
    -1.310269336928));
#532 = CARTESIAN_POINT('',(5.48809852758,-10.81389448092,-1.540103620463
    ));
#533 = CARTESIAN_POINT('',(5.768901442601,-10.77870864181,-1.76866143317
    ));
#534 = CARTESIAN_POINT('',(6.050509031821,-10.73833636781,
    -1.996203740328));
#535 = CARTESIAN_POINT('',(6.332902452049,-10.6927486064,-2.222752482016
    ));
#536 = CARTESIAN_POINT('',(6.616170394994,-10.64184472957,
    -2.448108966773));
#537 = CARTESIAN_POINT('',(6.900486592332,-10.58548394997,
    -2.671886482788));
#538 = CARTESIAN_POINT('',(7.186080497351,-10.52351211907,
    -2.893557126703));
#539 = CARTESIAN_POINT('',(7.446959010209,-10.46645465708,
    -3.092449118003));
#540 = CARTESIAN_POINT('',(7.708305568784,-10.40517370666,
    -3.290790165501));
#541 = CARTESIAN_POINT('',(7.970453346137,-10.33941165278,
    -3.487874088477));
#542 = CARTESIAN_POINT('',(8.23364881478,-10.26898629293,-3.683153032385
    ));
#543 = CARTESIAN_POINT('',(8.498060994686,-10.19377553894,
    -3.876221683693));
#544 = CARTESIAN_POINT('',(8.763790701206,-10.11370211898,
    -4.066801484756));
#545 = CARTESIAN_POINT('',(9.030879793112,-10.02871827933,
    -4.254724848623));
#546 = CARTESIAN_POINT('',(9.299320420501,-9.938790486396,
    -4.439919373939));
#547 = CARTESIAN_POINT('',(9.56906427283,-9.84388412846,-4.622392059743)
  );
#548 = CARTESIAN_POINT('',(9.840031826845,-9.743948217711,
    -4.802213520357));
#549 = CARTESIAN_POINT('',(10.112121594581,-9.638900092045,
    -4.979502200212));
#550 = CARTESIAN_POINT('',(10.417184273574,-9.52113708078,-5.17781514032
    ));
#551 = CARTESIAN_POINT('',(10.723924102696,-9.396886301714,
    -5.372338084326));
#552 = CARTESIAN_POINT('',(11.032330645505,-9.266031836364,
    -5.562902542291));
#553 = CARTESIAN_POINT('',(11.34239783152,-9.128438955273,
    -5.749306344031));
#554 = CARTESIAN_POINT('',(11.654118053286,-8.983955765992,
    -5.931316115997));
#555 = CARTESIAN_POINT('',(11.967476263504,-8.832414861251,
    -6.108669758307));
#556 = CARTESIAN_POINT('',(12.282444072042,-8.673634966849,
    -6.281078921558));
#557 = CARTESIAN_POINT('',(12.598973843113,-8.507422589886,
    -6.448231483892));
#558 = CARTESIAN_POINT('',(12.916992792266,-8.333573666652,
    -6.609794027821));
#559 = CARTESIAN_POINT('',(13.23639708355,-8.151875210799,
    -6.765414317244));
#560 = CARTESIAN_POINT('',(13.557045926545,-7.962106961323,
    -6.914723774336));
#561 = CARTESIAN_POINT('',(14.632161956513,-7.325808164219,
    -7.415437232266));
#562 = CARTESIAN_POINT('',(15.721451659708,-6.598781799735,
    -7.844721748598));
#563 = CARTESIAN_POINT('',(16.819143795696,-5.773474724906,
    -8.189487811816));
#564 = CARTESIAN_POINT('',(17.918106324448,-4.836527713806,
    -8.427233729347));
#565 = CARTESIAN_POINT('',(18.996642601277,-3.792949417502,
    -8.540026347421));
#566 = CARTESIAN_POINT('',(20.038605748393,-2.622292572032,
    -8.495870845207));
#567 = CARTESIAN_POINT('',(20.989575627705,-1.345155799911,
    -8.25718867603));
#568 = CARTESIAN_POINT('',(21.785864062981,-2.921228908985E-02,
    -7.821416184335));
#569 = CARTESIAN_POINT('',(22.422631144236,1.281476058093,
    -7.231033489298));
#570 = CARTESIAN_POINT('',(22.897133618914,2.550969494923,
    -6.509860145366));
#571 = CARTESIAN_POINT('',(23.217810531117,3.762298039384,
    -5.689437117273));
#572 = CARTESIAN_POINT('',(23.536994846988,4.967823071038,-4.87256643278
    ));
#573 = CARTESIAN_POINT('',(23.7037057825,6.115107719515,-3.956957958518)
  );
#574 = CARTESIAN_POINT('',(23.725765624146,7.184928323487,
    -2.969963630946));
#575 = CARTESIAN_POINT('',(23.6183993023,8.171591365251,-1.93780220087)
  );
#576 = CARTESIAN_POINT('',(23.394063370672,9.077985832347,
    -0.876834874707));
#577 = CARTESIAN_POINT('',(23.060391332228,9.909793728066,0.199982063072
    ));
#578 = CARTESIAN_POINT('',(22.621766193836,10.672905147765,
    1.279833465774));
#579 = CARTESIAN_POINT('',(22.080881583558,11.373165672702,
    2.351622254299));
#580 = CARTESIAN_POINT('',(21.438437608917,12.015704345731,
    3.406712092595));
#581 = CARTESIAN_POINT('',(20.691836867542,12.602250184691,
    4.435221096827));
#582 = CARTESIAN_POINT('',(19.837399647063,13.129044058813,5.42569922261
    ));
#583 = CARTESIAN_POINT('',(18.981448086875,13.656770296702,
    6.417933049536));
#584 = CARTESIAN_POINT('',(18.01736981192,14.124918954376,7.371806875035
    ));
#585 = CARTESIAN_POINT('',(16.941961280752,14.529727538344,8.27603907018
    ));
#586 = CARTESIAN_POINT('',(15.747302388588,14.862513788952,9.11478087236
    ));
#587 = CARTESIAN_POINT('',(14.440982594,15.113613423103,9.870491983295)
  );
#588 = CARTESIAN_POINT('',(13.008701321115,15.258321157694,
    10.518237174002));
#589 = CARTESIAN_POINT('',(11.480729733247,15.270739256036,
    11.012657783981));
#590 = CARTESIAN_POINT('',(9.933302162607,15.147470668626,
    11.324568427173));
#591 = CARTESIAN_POINT('',(8.412116806207,14.91085219648,11.476426406999
    ));
#592 = CARTESIAN_POINT('',(6.944252723323,14.585674398198,
    11.484652437202));
#593 = CARTESIAN_POINT('',(5.543439641837,14.188846608899,
    11.371779406266));
#594 = CARTESIAN_POINT('',(4.015306969447,13.756275829835,
    11.248613229704));
#595 = CARTESIAN_POINT('',(2.567067883412,13.239287638595,
    10.981269478124));
#596 = CARTESIAN_POINT('',(1.215721361234,12.66434484448,10.597814610362
    ));
#597 = CARTESIAN_POINT('',(-4.182647044127E-02,12.053280003094,
    10.128670303269));
#598 = CARTESIAN_POINT('',(-1.218336360215,11.418245239222,
    9.592706496735));
#599 = CARTESIAN_POINT('',(-2.325179933693,10.765720695126,
    9.001227728417));
#600 = CARTESIAN_POINT('',(-3.369542017876,10.099845876488,
    8.362062432629));
#601 = CARTESIAN_POINT('',(-4.356794269219,9.422875263589,7.680320028114
    ));
#602 = CARTESIAN_POINT('',(-5.2912628946,8.734567275259,6.959088254914)
  );
#603 = CARTESIAN_POINT('',(-6.173208237678,8.032794012012,6.202403339487
    ));
#604 = CARTESIAN_POINT('',(-7.002714158425,7.314608168472,5.414238171596
    ));
#605 = CARTESIAN_POINT('',(-7.89950778831,6.537922262827,4.562176141333)
  );
#606 = CARTESIAN_POINT('',(-8.73501473539,5.742083913984,3.673329916752)
  );
#607 = CARTESIAN_POINT('',(-9.508583768306,4.922204690309,2.753726858372
    ));
#608 = CARTESIAN_POINT('',(-10.21811897285,4.072572459346,1.809487165207
    ));
#609 = CARTESIAN_POINT('',(-10.86074845131,3.18542996764,0.850031306062)
  );
#610 = CARTESIAN_POINT('',(-11.43465732339,2.252667569429,-0.11259273379
    ));
#611 = CARTESIAN_POINT('',(-11.94012513906,1.267605989847,
    -1.065781379097));
#612 = CARTESIAN_POINT('',(-12.37889294904,0.225394262247,
    -1.998092076438));
#613 = CARTESIAN_POINT('',(-12.75207041585,-0.878102766075,
    -2.899576627632));
#614 = CARTESIAN_POINT('',(-13.05787848337,-2.047703711499,
    -3.760429804568));
#615 = CARTESIAN_POINT('',(-13.29160826,-3.288023812216,-4.568378329371)
  );
#616 = CARTESIAN_POINT('',(-13.49791003131,-4.382794068465,
    -5.281608023357));
#617 = CARTESIAN_POINT('',(-13.64807168353,-5.532789547564,
    -5.953399903393));
#618 = CARTESIAN_POINT('',(-13.73851235902,-6.740849426519,
    -6.576487086583));
#619 = CARTESIAN_POINT('',(-13.76501909507,-8.009418538404,
    -7.139148765232));
#620 = CARTESIAN_POINT('',(-13.71665704709,-9.345176308863,
    -7.632136150152));
#621 = CARTESIAN_POINT('',(-13.58491610613,-10.74258638753,
    -8.036482414717));
#622 = CARTESIAN_POINT('',(-13.35428894471,-12.20451786482,
    -8.33227795168));
#623 = CARTESIAN_POINT('',(-13.00050785873,-13.72495755551,
    -8.488877314688));
#624 = CARTESIAN_POINT('',(-12.50879905019,-15.25232130287,
    -8.461045620844));
#625 = CARTESIAN_POINT('',(-11.88967915341,-16.72708967578,
    -8.243115259281));
#626 = CARTESIAN_POINT('',(-11.16695579149,-18.099548859,-7.84417379888)
  );
#627 = CARTESIAN_POINT('',(-10.47907940882,-19.40574551204,
    -7.464633033321));
#628 = CARTESIAN_POINT('',(-9.6972301564,-20.61950819909,-6.92110386121)
  );
#629 = CARTESIAN_POINT('',(-8.840835513719,-21.69853812268,
    -6.223692155674));
#630 = CARTESIAN_POINT('',(-7.941551608126,-22.60735169474,
    -5.39805257836));
#631 = CARTESIAN_POINT('',(-7.02940657266,-23.34290473216,
    -4.483536125138));
#632 = CARTESIAN_POINT('',(-6.12055952774,-23.91835522615,
    -3.509941203479));
#633 = CARTESIAN_POINT('',(-5.219280387106,-24.34669791302,
    -2.493331079827));
#634 = CARTESIAN_POINT('',(-4.326721178741,-24.63660589842,
    -1.447020749671));
#635 = CARTESIAN_POINT('',(-3.443928880248,-24.79565231208,
    -0.387252751142));
#636 = CARTESIAN_POINT('',(-2.566342890972,-24.83115838517,
    0.675725839987));
#637 = CARTESIAN_POINT('',(-1.691727203779,-24.7462234583,1.731504025982
    ));
#638 = CARTESIAN_POINT('',(-0.63783421408,-24.6439050993,3.003636287953)
  );
#639 = CARTESIAN_POINT('',(0.412034864694,-24.36697783355,4.265045222891
    ));
#640 = CARTESIAN_POINT('',(1.46302474469,-23.92117785362,5.498217122495)
  );
#641 = CARTESIAN_POINT('',(2.518426728869,-23.31051363267,6.681989218073
    ));
#642 = CARTESIAN_POINT('',(3.591764439141,-22.52052575766,7.817369038658
    ));
#643 = CARTESIAN_POINT('',(4.648654094018,-21.54663128304,8.844339552989
    ));
#644 = CARTESIAN_POINT('',(5.725560563378,-20.36425470702,9.80394256617)
  );
#645 = CARTESIAN_POINT('',(6.732222195057,-18.90753302811,
    10.553306122827));
#646 = CARTESIAN_POINT('',(7.607954635263,-17.30318818393,
    11.063515179458));
#647 = CARTESIAN_POINT('',(8.334170777616,-15.62169668898,
    11.341013196717));
#648 = CARTESIAN_POINT('',(8.914705287408,-13.9253108613,11.412970531945
    ));
#649 = CARTESIAN_POINT('',(9.422573802637,-12.4406705097,11.475966642401
    ));
#650 = CARTESIAN_POINT('',(9.818962994361,-10.94432239378,
    11.381558239555));
#651 = CARTESIAN_POINT('',(10.104512349945,-9.476498128287,
    11.147905289964));
#652 = CARTESIAN_POINT('',(10.29733676711,-8.06358523111,10.806322343193
    ));
#653 = CARTESIAN_POINT('',(10.416415323472,-6.708490166146,
    10.383207643715));
#654 = CARTESIAN_POINT('',(10.476362738524,-5.406250404101,
    9.895522593041));
#655 = CARTESIAN_POINT('',(10.487347857408,-4.153114029207,
    9.353546387045));
#656 = CARTESIAN_POINT('',(10.45640847958,-2.945630204663,8.764757363128
    ));
#657 = CARTESIAN_POINT('',(10.388321572778,-1.779004235794,
    8.134959772106));
#658 = CARTESIAN_POINT('',(10.285522358123,-0.651067039433,
    7.467182339278));
#659 = CARTESIAN_POINT('',(10.147324921104,0.440309461091,6.765423099073
    ));
#660 = CARTESIAN_POINT('',(10.025257888302,1.405570642382,6.144671690626
    ));
#661 = CARTESIAN_POINT('',(9.875563988548,2.342232156379,5.497283861818)
  );
#662 = CARTESIAN_POINT('',(9.698408058188,3.251715517122,4.82564691862)
  );
#663 = CARTESIAN_POINT('',(9.492418010472,4.134938435401,4.131896534602)
  );
#664 = CARTESIAN_POINT('',(9.254947290596,4.992511697766,3.418709508602)
  );
#665 = CARTESIAN_POINT('',(8.982537792327,5.824984824808,2.689654238237)
  );
#666 = CARTESIAN_POINT('',(8.671458832078,6.633079901688,1.94920721404)
  );
#667 = CARTESIAN_POINT('',(8.318197775722,7.417852974489,1.202543839136)
  );
#668 = CARTESIAN_POINT('',(7.919777914044,8.18072240555,0.455211878992)
  );
#669 = CARTESIAN_POINT('',(7.47377918222,8.923303581071,-0.287204153608)
  );
#670 = CARTESIAN_POINT('',(6.977937319039,9.646989364403,-1.019319373918
    ));
#671 = CARTESIAN_POINT('',(6.366555072483,10.539325210498,
    -1.922081086516));
#672 = CARTESIAN_POINT('',(5.679412595175,11.402916149421,
    -2.809209474816));
#673 = CARTESIAN_POINT('',(4.912274632777,12.240437988426,
    -3.670866191491));
#674 = CARTESIAN_POINT('',(4.06220970934,13.05381798653,-4.496929871044)
  );
#675 = CARTESIAN_POINT('',(3.12433603874,13.844829268552,-5.279099825863
    ));
#676 = CARTESIAN_POINT('',(2.09397843436,14.612234287855,-6.007642230791
    ));
#677 = CARTESIAN_POINT('',(0.964882986582,15.352197951621,
    -6.670978109736));
#678 = CARTESIAN_POINT('',(-0.273828434714,16.0585884453,-7.254735235565
    ));
#679 = CARTESIAN_POINT('',(-1.634824077385,16.718397519849,
    -7.735808055197));
#680 = CARTESIAN_POINT('',(-3.119828680048,17.304842029891,
    -8.076390954365));
#681 = CARTESIAN_POINT('',(-4.703667818526,17.786754840092,
    -8.242870582591));
#682 = CARTESIAN_POINT('',(-6.044269855018,18.1947049998,-8.383634831522
    ));
#683 = CARTESIAN_POINT('',(-7.455501751381,18.527582725595,
    -8.400063700483));
#684 = CARTESIAN_POINT('',(-8.922646981056,18.767025856905,
    -8.269245287092));
#685 = CARTESIAN_POINT('',(-10.41564499283,18.892795362806,
    -7.978170843421));
#686 = CARTESIAN_POINT('',(-11.89298061617,18.881767626915,
    -7.504516044103));
#687 = CARTESIAN_POINT('',(-13.27983255909,18.733438052898,
    -6.872060192594));
#688 = CARTESIAN_POINT('',(-14.53896157932,18.470199512728,
    -6.123245490532));
#689 = CARTESIAN_POINT('',(-15.67604257934,18.115336042168,
    -5.285797410841));
#690 = CARTESIAN_POINT('',(-16.68130920909,17.679553287542,
    -4.38115561893));
#691 = CARTESIAN_POINT('',(-17.5622790992,17.174626471078,
    -3.429023163264));
#692 = CARTESIAN_POINT('',(-18.32375713113,16.607058024037,
    -2.443950197255));
#693 = CARTESIAN_POINT('',(-19.1279353655,16.007667960724,
    -1.403676781609));
#694 = CARTESIAN_POINT('',(-19.79898793031,15.338369353248,
    -0.32689222613));
#695 = CARTESIAN_POINT('',(-20.34344861115,14.607156460794,
    0.768637263128));
#696 = CARTESIAN_POINT('',(-20.76979724955,13.816839738113,
    1.869511457252));
#697 = CARTESIAN_POINT('',(-21.08555049871,12.96749380473,2.963095073104
    ));
#698 = CARTESIAN_POINT('',(-21.29658486139,12.057502200718,
    4.038382257274));
#699 = CARTESIAN_POINT('',(-21.40596472654,11.083867007156,
    5.086549241543));
#700 = CARTESIAN_POINT('',(-21.41161391105,10.0426775872,6.098965898416)
  );
#701 = CARTESIAN_POINT('',(-21.30423500407,8.930858883649,7.062984997128
    ));
#702 = CARTESIAN_POINT('',(-21.06894660086,7.750545886246,7.958376033238
    ));
#703 = CARTESIAN_POINT('',(-20.69617430388,6.51765706193,8.759818576584)
  );
#704 = CARTESIAN_POINT('',(-20.33156498046,5.311411503077,9.543888534271
    ));
#705 = CARTESIAN_POINT('',(-19.83511926207,4.0549869238,10.238083105954)
  );
#706 = CARTESIAN_POINT('',(-19.19906777288,2.762295360753,
    10.817977809721));
#707 = CARTESIAN_POINT('',(-18.42002038708,1.459960497047,
    11.259937354641));
#708 = CARTESIAN_POINT('',(-17.49944170004,0.186046463194,
    11.527435456032));
#709 = CARTESIAN_POINT('',(-16.48986621368,-0.997552642299,
    11.616051944915));
#710 = CARTESIAN_POINT('',(-15.4417735804,-2.068918391973,
    11.557186965886));
#711 = CARTESIAN_POINT('',(-14.37456280522,-3.045637918073,
    11.384476228201));
#712 = CARTESIAN_POINT('',(-13.30573575493,-3.927850120084,
    11.113831989989));
#713 = CARTESIAN_POINT('',(-12.24291337701,-4.727286014117,
    10.765495471956));
#714 = CARTESIAN_POINT('',(-11.1913513986,-5.453722583307,
    10.351991484047));
#715 = CARTESIAN_POINT('',(-10.90769259843,-5.649741644499,
    10.240425752262));
#716 = CARTESIAN_POINT('',(-10.6248063605,-5.840376515032,
    10.124135991793));
#717 = CARTESIAN_POINT('',(-10.34280872637,-6.025852199792,
    10.003372056259));
#718 = CARTESIAN_POINT('',(-10.06178944856,-6.206377761018,
    9.878361439904));
#719 = CARTESIAN_POINT('',(-9.781814124942,-6.382144982169,
    9.749311958657));
#720 = CARTESIAN_POINT('',(-9.502926333343,-6.553327031888,
    9.616414431254));
#721 = CARTESIAN_POINT('',(-9.225149765871,-6.720077127819,
    9.479845360281));
#722 = CARTESIAN_POINT('',(-8.948490363583,-6.882527200602,
    9.339769613304));
#723 = CARTESIAN_POINT('',(-8.672938450809,-7.040786557695,
    9.196343103918));
#724 = CARTESIAN_POINT('',(-8.398470869744,-7.194940547331,
    9.049715472857));
#725 = CARTESIAN_POINT('',(-8.125053114879,-7.345049222393,
    8.900032769069));
#726 = CARTESIAN_POINT('',(-7.828098005873,-7.508734820054,
    8.737107376103));
#727 = CARTESIAN_POINT('',(-7.532351028969,-7.667574103273,
    8.570584011592));
#728 = CARTESIAN_POINT('',(-7.237860929628,-7.821810165496,
    8.400591589053));
#729 = CARTESIAN_POINT('',(-6.944664078188,-7.971657803804,
    8.227237128641));
#730 = CARTESIAN_POINT('',(-6.652782667089,-8.117300097118,
    8.050612710157));
#731 = CARTESIAN_POINT('',(-6.362222907924,-8.258884984416,
    7.870802425768));
#732 = CARTESIAN_POINT('',(-6.072973228738,-8.396521842948,
    7.687889333155));
#733 = CARTESIAN_POINT('',(-5.78500247103,-8.530278066439,7.501962408141
    ));
#734 = CARTESIAN_POINT('',(-5.498258087053,-8.660175643312,
    7.313123497838));
#735 = CARTESIAN_POINT('',(-5.212664336867,-8.786187734889,
    7.121494273367));
#736 = CARTESIAN_POINT('',(-4.928120485558,-8.908235253615,
    6.927223182866));
#737 = CARTESIAN_POINT('',(-4.643136664301,-9.028236137499,6.73441661602
    ));
#738 = CARTESIAN_POINT('',(-4.360580432728,-9.146732450014,
    6.537607678549));
#739 = CARTESIAN_POINT('',(-4.079660326816,-9.262375696157,
    6.337532597098));
#740 = CARTESIAN_POINT('',(-3.799715121154,-9.374063881077,
    6.134902605709));
#741 = CARTESIAN_POINT('',(-3.520270292232,-9.481064114727,5.93030832948
    ));
#742 = CARTESIAN_POINT('',(-3.241089290174,-9.583099060722,
    5.724120384307));
#743 = CARTESIAN_POINT('',(-2.962219618735,-9.680397229388,
    5.516386192605));
#744 = CARTESIAN_POINT('',(-2.684033723774,-9.773707115036,
    5.306723015112));
#745 = CARTESIAN_POINT('',(-2.407264689984,-9.864275177408,
    5.094207198689));
#746 = CARTESIAN_POINT('',(-2.133036746076,-9.95378766736,4.877259640174
    ));
#747 = CARTESIAN_POINT('',(-1.862890578265,-10.04427629672,
    4.653527466266));
#748 = CARTESIAN_POINT('',(-1.574346010419,-10.12899352038,
    4.428329152238));
#749 = CARTESIAN_POINT('',(-1.283918350815,-10.20534555338,
    4.204637174527));
#750 = CARTESIAN_POINT('',(-0.994883827006,-10.27880090996,3.97816359853
    ));
#751 = CARTESIAN_POINT('',(-0.709382150449,-10.35249057434,
    3.745797545472));
#752 = CARTESIAN_POINT('',(-0.428193266225,-10.42737043439,
    3.506048644116));
#753 = CARTESIAN_POINT('',(-0.150599680781,-10.50171148568,
    3.259555599019));
#754 = CARTESIAN_POINT('',(0.125797114424,-10.57120007404,3.00971627362)
  );
#755 = CARTESIAN_POINT('',(0.405275654054,-10.62992635327,2.763291707431
    ));
#756 = CARTESIAN_POINT('',(0.694016523957,-10.67153504139,2.530632507342
    ));
#757 = CARTESIAN_POINT('',(0.999593027884,-10.68880846736,2.324972074099
    ));
#758 = CARTESIAN_POINT('',(1.329414172094,-10.66894780724,2.160027145731
    ));
#759 = CARTESIAN_POINT('',(-1.219485013492,-11.37013414558,
    -2.096855580208));
#760 = CARTESIAN_POINT('',(-0.916021604996,-11.38345686683,
    -2.250389975357));
#761 = CARTESIAN_POINT('',(-0.631916712057,-11.37227474122,
    -2.436352227869));
#762 = CARTESIAN_POINT('',(-0.362926313275,-11.34255037989,
    -2.646915965621));
#763 = CARTESIAN_POINT('',(-0.10456927679,-11.29800677326,
    -2.874136765946));
#764 = CARTESIAN_POINT('',(0.147423181356,-11.24177002473,
    -3.110678554833));
#765 = CARTESIAN_POINT('',(0.396822349046,-11.17709468312,
    -3.350270848944));
#766 = CARTESIAN_POINT('',(0.646752452472,-11.10743807902,-3.58793594375
    ));
#767 = CARTESIAN_POINT('',(0.899647945439,-11.03615006979,
    -3.820025151321));
#768 = CARTESIAN_POINT('',(1.157288925932,-10.96604459854,
    -4.044103191022));
#769 = CARTESIAN_POINT('',(1.420885952342,-10.89911947175,
    -4.258719836657));
#770 = CARTESIAN_POINT('',(1.691185531662,-10.83669076093,
    -4.463107923358));
#771 = CARTESIAN_POINT('',(1.962736187313,-10.74966015811,
    -4.703671348479));
#772 = CARTESIAN_POINT('',(2.237692202345,-10.6613076694,-4.938265386483
    ));
#773 = CARTESIAN_POINT('',(2.515186755788,-10.57081018162,
    -5.168304670288));
#774 = CARTESIAN_POINT('',(2.794532011343,-10.47738243628,
    -5.394849541127));
#775 = CARTESIAN_POINT('',(3.075216390466,-10.38034177197,-5.61863940204
    ));
#776 = CARTESIAN_POINT('',(3.356897968603,-10.27915525732,
    -5.840128726023));
#777 = CARTESIAN_POINT('',(3.639393994746,-10.17346921413,
    -6.059525719118));
#778 = CARTESIAN_POINT('',(3.922666534099,-10.06312113104,
    -6.276833638067));
#779 = CARTESIAN_POINT('',(4.206804234069,-9.948133967466,
    -6.491894762955));
#780 = CARTESIAN_POINT('',(4.4920002134,-9.828692847958,-6.704437024446)
  );
#781 = CARTESIAN_POINT('',(4.778526074578,-9.705104146974,
    -6.914123285912));
#782 = CARTESIAN_POINT('',(5.040557025092,-9.595107292757,-7.10292926876
    ));
#783 = CARTESIAN_POINT('',(5.302945953023,-9.480650464076,
    -7.290275297542));
#784 = CARTESIAN_POINT('',(5.566094256242,-9.362223288258,
    -7.475640073232));
#785 = CARTESIAN_POINT('',(5.830301158729,-9.240174697323,
    -7.658646614224));
#786 = CARTESIAN_POINT('',(6.095773495114,-9.11472262237,-7.839040065504
    ));
#787 = CARTESIAN_POINT('',(6.362635495268,-8.98596368809,-8.016665507705
    ));
#788 = CARTESIAN_POINT('',(6.630938568816,-8.8538829071,-8.191445766333)
  );
#789 = CARTESIAN_POINT('',(6.900671089744,-8.718363374486,
    -8.363359220784));
#790 = CARTESIAN_POINT('',(7.171768180919,-8.579195962141,
    -8.532417613576));
#791 = CARTESIAN_POINT('',(7.444121498669,-8.436089013274,
    -8.698643859392));
#792 = CARTESIAN_POINT('',(7.717589017333,-8.288678036797,
    -8.862049854266));
#793 = CARTESIAN_POINT('',(8.024256924108,-8.123821919456,-9.04497537725
    ));
#794 = CARTESIAN_POINT('',(8.332697258618,-7.954132488175,
    -9.224048884139));
#795 = CARTESIAN_POINT('',(8.642901987106,-7.77942323104,-9.399149117818
    ));
#796 = CARTESIAN_POINT('',(8.954874449137,-7.599506484359,
    -9.570128197485));
#797 = CARTESIAN_POINT('',(9.268622249666,-7.414189720137,
    -9.736811201403));
#798 = CARTESIAN_POINT('',(9.584150151111,-7.223271833515,
    -9.898995749581));
#799 = CARTESIAN_POINT('',(9.901452965423,-7.026539430261,
    -10.05645158656));
#800 = CARTESIAN_POINT('',(10.220508446147,-6.823763114194,
    -10.20892016409));
#801 = CARTESIAN_POINT('',(10.541270180511,-6.614693774682,
    -10.35611422388));
#802 = CARTESIAN_POINT('',(10.863660481476,-6.39905887407,
    -10.49771738033));
#803 = CARTESIAN_POINT('',(11.187563279819,-6.176558735165,
    -10.63338370325));
#804 = CARTESIAN_POINT('',(12.273568097604,-5.43044099485,
    -11.08830479814));
#805 = CARTESIAN_POINT('',(13.376895764846,-4.607577251877,
    -11.47629410893));
#806 = CARTESIAN_POINT('',(14.492642048455,-3.696996146569,
    -11.78483663843));
#807 = CARTESIAN_POINT('',(15.614757923673,-2.684526329621,
    -11.99274319408));
#808 = CARTESIAN_POINT('',(16.724337627383,-1.570849511536,
    -12.08231856464));
#809 = CARTESIAN_POINT('',(17.804200992252,-0.332073376962,
    -12.01915236658));
#810 = CARTESIAN_POINT('',(18.800300129775,1.012531497172,
    -11.76427587787));
#811 = CARTESIAN_POINT('',(19.649233934619,2.394762895563,
    -11.31529917819));
#812 = CARTESIAN_POINT('',(20.343562906174,3.76953203354,-10.71443268445
    ));
#813 = CARTESIAN_POINT('',(20.888497898435,5.103496109914,
    -9.987239477014));
#814 = CARTESIAN_POINT('',(21.290706070129,6.381472001833,
    -9.161793420829));
#815 = CARTESIAN_POINT('',(21.691339136097,7.653350120981,
    -8.340075875022));
#816 = CARTESIAN_POINT('',(21.951132473893,8.869158363201,
    -7.420936128537));
#817 = CARTESIAN_POINT('',(22.080128985171,10.01174628198,
    -6.430214479759));
#818 = CARTESIAN_POINT('',(22.093350114051,11.077560744749,
    -5.390717967763));
#819 = CARTESIAN_POINT('',(22.002111175871,12.071245300531,
    -4.314268898518));
#820 = CARTESIAN_POINT('',(21.80969918487,12.99806115981,-3.209336529023
    ));
#821 = CARTESIAN_POINT('',(21.51315534008,13.861474680937,
    -2.085646596925));
#822 = CARTESIAN_POINT('',(21.107124959527,14.664357916644,
    -0.953621494815));
#823 = CARTESIAN_POINT('',(20.585084720491,15.409051800671,
    0.176153962885));
#824 = CARTESIAN_POINT('',(19.937730570443,16.094045949686,1.29002004758
    ));
#825 = CARTESIAN_POINT('',(19.157909617058,16.713234818188,2.37235154383
    ));
#826 = CARTESIAN_POINT('',(18.376707632533,17.333520422813,3.45660202431
    ));
#827 = CARTESIAN_POINT('',(17.462286785456,17.887930006974,4.50883276818
    ));
#828 = CARTESIAN_POINT('',(16.408428168494,18.370480016705,5.51355879789
    ));
#829 = CARTESIAN_POINT('',(15.202463463677,18.769115278292,
    6.449437516174));
#830 = CARTESIAN_POINT('',(13.857429798537,19.072142583587,
    7.291743850209));
#831 = CARTESIAN_POINT('',(12.356893358383,19.252564395572,
    8.012343222774));
#832 = CARTESIAN_POINT('',(10.739857085344,19.279603180093,
    8.556179031081));
#833 = CARTESIAN_POINT('',(9.101221647723,19.149180546653,8.886930769159
    ));
#834 = CARTESIAN_POINT('',(7.493699756393,18.891018294177,9.03547196982)
  );
#835 = CARTESIAN_POINT('',(5.953406398551,18.53043673169,9.015776037619)
  );
#836 = CARTESIAN_POINT('',(4.497076215184,18.088915391593,8.856695070184
    ));
#837 = CARTESIAN_POINT('',(2.908457221159,17.607428068414,8.682839853078
    ));
#838 = CARTESIAN_POINT('',(1.420140128937,17.03009400146,8.342363753182)
  );
#839 = CARTESIAN_POINT('',(5.453035701803E-02,16.386676462464,
    7.866902460953));
#840 = CARTESIAN_POINT('',(-1.190169390305,15.70222189897,7.292320069768
    ));
#841 = CARTESIAN_POINT('',(-2.326810332674,14.98929317864,6.640356543936
    ));
#842 = CARTESIAN_POINT('',(-3.366756833025,14.2538633584,5.924512013532)
  );
#843 = CARTESIAN_POINT('',(-4.316692771515,13.49948479325,5.155505533638
    ));
#844 = CARTESIAN_POINT('',(-5.18153069843,12.727327894679,4.341892818817
    ));
#845 = CARTESIAN_POINT('',(-5.966248350448,11.935795974474,
    3.490670485052));
#846 = CARTESIAN_POINT('',(-6.673598557991,11.12266736772,2.610933497013
    ));
#847 = CARTESIAN_POINT('',(-7.306812494816,10.285093417823,
    1.710887832623));
#848 = CARTESIAN_POINT('',(-7.991568767542,9.379417251225,0.737950423564
    ));
#849 = CARTESIAN_POINT('',(-8.589659773808,8.445202113809,
    -0.258747843464));
#850 = CARTESIAN_POINT('',(-9.105869064181,7.478458512246,
    -1.267205878837));
#851 = CARTESIAN_POINT('',(-9.544194169282,6.474745338021,
    -2.276039730416));
#852 = CARTESIAN_POINT('',(-9.911085244487,5.429818013359,
    -3.272181991038));
#853 = CARTESIAN_POINT('',(-10.21518041635,4.340615721373,
    -4.243149125763));
#854 = CARTESIAN_POINT('',(-10.46538516146,3.205486961408,
    -5.179659123594));
#855 = CARTESIAN_POINT('',(-10.66865479332,2.023305714149,
    -6.076228002884));
#856 = CARTESIAN_POINT('',(-10.82835087665,0.791883544321,
    -6.929219823168));
#857 = CARTESIAN_POINT('',(-10.94355413352,-0.493163987506,
    -7.733670980665));
#858 = CARTESIAN_POINT('',(-11.00922814969,-1.837185189241,
    -8.482055688346));
#859 = CARTESIAN_POINT('',(-11.06711840652,-3.023519069999,
    -9.142678223637));
#860 = CARTESIAN_POINT('',(-11.08667170072,-4.255835857021,
    -9.759494158352));
#861 = CARTESIAN_POINT('',(-11.06282509157,-5.537943806813,
    -10.32783780881));
#862 = CARTESIAN_POINT('',(-10.99287366686,-6.87289411983,
    -10.83985891619));
#863 = CARTESIAN_POINT('',(-10.86099315655,-8.270132253765,-11.286334608
    ));
#864 = CARTESIAN_POINT('',(-10.65959836399,-9.726390565153,
    -11.65121185016));
#865 = CARTESIAN_POINT('',(-10.37146998818,-11.24746793943,
    -11.91516896999));
#866 = CARTESIAN_POINT('',(-9.967200319192,-12.83120312169,
    -12.04533446764));
#867 = CARTESIAN_POINT('',(-9.432395974952,-14.4278874002,
    -11.99658936356));
#868 = CARTESIAN_POINT('',(-8.774747941738,-15.9767807452,
    -11.76065877706));
#869 = CARTESIAN_POINT('',(-8.019050303003,-17.42999508763,
    -11.34752233003));
#870 = CARTESIAN_POINT('',(-7.299698404833,-18.81297036334,
    -10.95437328908));
#871 = CARTESIAN_POINT('',(-6.491370407186,-20.10952405449,
    -10.40065458166));
#872 = CARTESIAN_POINT('',(-5.612633994681,-21.27770776661,
    -9.695471685004));
#873 = CARTESIAN_POINT('',(-4.696662204647,-22.28396412793,
    -8.865865499245));
#874 = CARTESIAN_POINT('',(-3.772693699799,-23.12921842252,
    -7.950308035706));
#875 = CARTESIAN_POINT('',(-2.854872400235,-23.82983784779,
    -6.975662893149));
#876 = CARTESIAN_POINT('',(-1.945517475044,-24.39954614775,
    -5.953806661364));
#877 = CARTESIAN_POINT('',(-1.044018970805,-24.84491567888,
    -4.893345705891));
#878 = CARTESIAN_POINT('',(-0.149607847384,-25.16846247061,
    -3.806637676608));
#879 = CARTESIAN_POINT('',(0.743788103665,-25.36964254379,
    -2.702638542798));
#880 = CARTESIAN_POINT('',(1.639519062239,-25.44518965246,
    -1.591943991146));
#881 = CARTESIAN_POINT('',(2.718859738037,-25.53619751016,-0.25364520631
    ));
#882 = CARTESIAN_POINT('',(3.801932740527,-25.4445607344,1.094048489369)
  );
#883 = CARTESIAN_POINT('',(4.89594044893,-25.16418575199,2.433206351179)
  );
#884 = CARTESIAN_POINT('',(6.00514092054,-24.68419209335,3.737145715409)
  );
#885 = CARTESIAN_POINT('',(7.14532975291,-23.98276929081,5.001255029148)
  );
#886 = CARTESIAN_POINT('',(8.275632165002,-23.0472878617,6.1477814296));
#887 = CARTESIAN_POINT('',(9.436586033321,-21.85786014609,7.221215463898
    ));
#888 = CARTESIAN_POINT('',(10.521942648527,-20.33910587663,
    8.053575266821));
#889 = CARTESIAN_POINT('',(11.457503541161,-18.64699006002,
    8.608969683897));
#890 = CARTESIAN_POINT('',(12.221460210571,-16.86772848823,
    8.896216055032));
#891 = CARTESIAN_POINT('',(12.815307318697,-15.07710022867,
    8.945229217565));
#892 = CARTESIAN_POINT('',(13.334925679238,-13.51002465399,
    8.988321887305));
#893 = CARTESIAN_POINT('',(13.724385702326,-11.93386094238,
    8.848975251237));
#894 = CARTESIAN_POINT('',(13.983874460128,-10.39810962907,
    8.549045064324));
#895 = CARTESIAN_POINT('',(14.132169841812,-8.934615930026,
    8.123501228686));
#896 = CARTESIAN_POINT('',(14.190267806449,-7.547894230425,
    7.603330989315));
#897 = CARTESIAN_POINT('',(14.173533410353,-6.233212339585,7.00852684944
    ));
#898 = CARTESIAN_POINT('',(14.091425004752,-4.986977813636,
    6.351030342654));
#899 = CARTESIAN_POINT('',(13.95025899875,-3.805747809301,5.640609920445
    ));
#900 = CARTESIAN_POINT('',(13.754461921192,-2.684335183408,
    4.886560324991));
#901 = CARTESIAN_POINT('',(13.505297188181,-1.620006894245,
    4.094821913453));
#902 = CARTESIAN_POINT('',(13.203155996212,-0.608666191873,3.27363148618
    ));
#903 = CARTESIAN_POINT('',(12.93594917664,0.285714222084,2.547154847714)
  );
#904 = CARTESIAN_POINT('',(12.62729276734,1.138601587801,1.797558364306)
  );
#905 = CARTESIAN_POINT('',(12.277515728455,1.95241293869,1.029693795619)
  );
#906 = CARTESIAN_POINT('',(11.885963631542,2.729548027217,0.24861897328)
  );
#907 = CARTESIAN_POINT('',(11.451706253745,3.472753133725,
    -0.540023955347));
#908 = CARTESIAN_POINT('',(10.974050606217,4.18525811684,-1.330125692342
    ));
#909 = CARTESIAN_POINT('',(10.452844348536,4.870730313707,
    -2.115523396462));
#910 = CARTESIAN_POINT('',(9.88855454022,5.5330888979,-2.890511765701));
#911 = CARTESIAN_POINT('',(9.282106681124,6.17622330365,-3.650252628555)
  );
#912 = CARTESIAN_POINT('',(8.634468991908,6.803659323915,-4.390884076954
    ));
#913 = CARTESIAN_POINT('',(7.945966886189,7.418216491018,-5.109130174428
    ));
#914 = CARTESIAN_POINT('',(7.096997379622,8.175972379059,-5.994786776116
    ));
#915 = CARTESIAN_POINT('',(6.185886683052,8.914107958214,-6.846426748676
    ));
#916 = CARTESIAN_POINT('',(5.21303147086,9.637802761901,-7.658185884322)
  );
#917 = CARTESIAN_POINT('',(4.178695156648,10.350424211337,
    -8.425114404887));
#918 = CARTESIAN_POINT('',(3.078424939067,11.053854984733,
    -9.144142709936));
#919 = CARTESIAN_POINT('',(1.906276995283,11.74644313935,-9.80989050227)
  );
#920 = CARTESIAN_POINT('',(0.65372042208,12.424001180041,-10.41408058813
    ));
#921 = CARTESIAN_POINT('',(-0.693491003911,13.080226644241,
    -10.94479520024));
#922 = CARTESIAN_POINT('',(-2.152530034744,13.702006789061,
    -11.38048341873));
#923 = CARTESIAN_POINT('',(-3.729939106325,14.262303617992,
    -11.68349316447));
#924 = CARTESIAN_POINT('',(-5.404310939793,14.728692776379,
    -11.81896031567));
#925 = CARTESIAN_POINT('',(-6.821497242954,15.123620237856,
    -11.93358359331));
#926 = CARTESIAN_POINT('',(-8.3080807961,15.450755985061,-11.92827255842
    ));
#927 = CARTESIAN_POINT('',(-9.850956915298,15.692668446536,
    -11.78091547351));
#928 = CARTESIAN_POINT('',(-11.42286795884,15.826021106233,
    -11.47532366639));
#929 = CARTESIAN_POINT('',(-12.9814506607,15.82894165901,-10.98987429645
    ));
#930 = CARTESIAN_POINT('',(-14.45103816904,15.700974858163,
    -10.34852962771));
#931 = CARTESIAN_POINT('',(-15.79648323238,15.465944904299,
    -9.594503161929));
#932 = CARTESIAN_POINT('',(-17.0276728446,15.14967306012,-8.755502892184
    ));
#933 = CARTESIAN_POINT('',(-18.13795308415,14.76189142997,
    -7.848935228128));
#934 = CARTESIAN_POINT('',(-19.13481844104,14.312705528644,
    -6.891305286518));
#935 = CARTESIAN_POINT('',(-20.02238519496,13.806427408054,
    -5.893905704444));
#936 = CARTESIAN_POINT('',(-20.95970165357,13.271745495934,
    -4.840609310781));
#937 = CARTESIAN_POINT('',(-21.7750553351,12.673155437103,
    -3.743135739832));
#938 = CARTESIAN_POINT('',(-22.47375714901,12.015827931228,
    -2.615539798001));
#939 = CARTESIAN_POINT('',(-23.06060259389,11.298196757968,
    -1.467285497512));
#940 = CARTESIAN_POINT('',(-23.53655341688,10.514758178652,
    -0.309226485365));
#941 = CARTESIAN_POINT('',(-23.8999361709,9.658082697051,0.846657090799)
  );
#942 = CARTESIAN_POINT('',(-24.14715975205,8.72015626274,1.988196731464)
  );
#943 = CARTESIAN_POINT('',(-24.27114271532,7.693638472621,3.101822461191
    ));
#944 = CARTESIAN_POINT('',(-24.25882988311,6.574095798694,4.169114405507
    ));
#945 = CARTESIAN_POINT('',(-24.0923664773,5.364738341963,5.163777303837)
  );
#946 = CARTESIAN_POINT('',(-23.76168672165,4.085659085065,6.054438454489
    ));
#947 = CARTESIAN_POINT('',(-23.43817501955,2.834197834939,6.92572341619)
  );
#948 = CARTESIAN_POINT('',(-22.95746729333,1.516228663489,7.69768719137)
  );
#949 = CARTESIAN_POINT('',(-22.30968728482,0.149029118158,8.338954448805
    ));
#950 = CARTESIAN_POINT('',(-21.49576551206,-1.233107259235,8.82244149674
    ));
#951 = CARTESIAN_POINT('',(-20.5164002995,-2.584760577438,9.103545917655
    ));
#952 = CARTESIAN_POINT('',(-19.43677307754,-3.829581645803,
    9.177216493924));
#953 = CARTESIAN_POINT('',(-18.31793897316,-4.940546560922,
    9.080910832793));
#954 = CARTESIAN_POINT('',(-17.18089997058,-5.938196827737,8.85291797394
    ));
#955 = CARTESIAN_POINT('',(-16.04757071892,-6.818375892441,
    8.510621279919));
#956 = CARTESIAN_POINT('',(-14.92661641932,-7.594991199106,
    8.078777772916));
#957 = CARTESIAN_POINT('',(-13.82392815433,-8.276814819979,7.57156849529
    ));
#958 = CARTESIAN_POINT('',(-13.52647041576,-8.460761940429,
    7.434680369404));
#959 = CARTESIAN_POINT('',(-13.2303061663,-8.637797680266,7.292397484015
    ));
#960 = CARTESIAN_POINT('',(-12.935556988,-8.808115678174,7.144979276293)
  );
#961 = CARTESIAN_POINT('',(-12.64231756724,-8.971898879644,
    6.992674248057));
#962 = CARTESIAN_POINT('',(-12.35065744123,-9.129319894864,
    6.835722337653));
#963 = CARTESIAN_POINT('',(-12.06062274457,-9.280541356696,
    6.674357291752));
#964 = CARTESIAN_POINT('',(-11.77223795573,-9.425716278532,
    6.508809037259));
#965 = CARTESIAN_POINT('',(-11.48550764355,-9.564988412277,
    6.339306053087));
#966 = CARTESIAN_POINT('',(-11.20041821379,-9.698492606231,
    6.166077742077));
#967 = CARTESIAN_POINT('',(-10.91693965564,-9.826355163029,
    5.989356802782));
#968 = CARTESIAN_POINT('',(-10.6350272882,-9.948694197561,5.809381601353
    ));
#969 = CARTESIAN_POINT('',(-10.32883245466,-10.08169660254,
    5.613104139589));
#970 = CARTESIAN_POINT('',(-10.02445938295,-10.20815345483,
    5.413056927613));
#971 = CARTESIAN_POINT('',(-9.721940996774,-10.32822574986,
    5.209343742933));
#972 = CARTESIAN_POINT('',(-9.421299131504,-10.44204721604,
    5.002066682112));
#973 = CARTESIAN_POINT('',(-9.122541733419,-10.54972913575,
    4.791333727248));
#974 = CARTESIAN_POINT('',(-8.825660058846,-10.65136516634,
    4.577266312438));
#975 = CARTESIAN_POINT('',(-8.530625873362,-10.74703616116,
    4.360006890263));
#976 = CARTESIAN_POINT('',(-8.237388650976,-10.83681499055,
    4.139726498257));
#977 = CARTESIAN_POINT('',(-7.945872773304,-10.92077136286,
    3.916632325374));
#978 = CARTESIAN_POINT('',(-7.655974728773,-10.99897664544,
    3.690975278476));
#979 = CARTESIAN_POINT('',(-7.367560311783,-11.07150868569,
    3.463057548796));
#980 = CARTESIAN_POINT('',(-7.078584308181,-11.14423711389,
    3.237919405492));
#981 = CARTESIAN_POINT('',(-6.792647792518,-11.21092122645,3.00742143037
    ));
#982 = CARTESIAN_POINT('',(-6.508852533292,-11.27171565338,
    2.773434083266));
#983 = CARTESIAN_POINT('',(-6.226413888514,-11.32684923304,
    2.537534399937));
#984 = CARTESIAN_POINT('',(-5.944752612209,-11.37658217736,
    2.300851219506));
#985 = CARTESIAN_POINT('',(-5.66357098669,-11.42114180011,2.063942438677
    ));
#986 = CARTESIAN_POINT('',(-5.382913280956,-11.46063680824,
    1.826704292778));
#987 = CARTESIAN_POINT('',(-5.103210534786,-11.49495015644,1.58831266354
    ));
#988 = CARTESIAN_POINT('',(-4.825309668954,-11.52361046461,
    1.347196413722));
#989 = CARTESIAN_POINT('',(-4.550486921226,-11.54564199862,
    1.101042748471));
#990 = CARTESIAN_POINT('',(-4.28044560835,-11.55939321405,0.846834603517
    ));
#991 = CARTESIAN_POINT('',(-3.990877947224,-11.57847018911,0.5948608077)
  );
#992 = CARTESIAN_POINT('',(-3.69919416564,-11.59377081564,0.347524294141
    ));
#993 = CARTESIAN_POINT('',(-3.409287598134,-11.60314559842,
    9.753508016458E-02));
#994 = CARTESIAN_POINT('',(-3.123650559867,-11.60464580374,
    -0.15953613461));
#995 = CARTESIAN_POINT('',(-2.843234387684,-11.59710580673,
    -0.425204232711));
#996 = CARTESIAN_POINT('',(-2.567027102151,-11.5803632435,
    -0.697425826431));
#997 = CARTESIAN_POINT('',(-2.291880368689,-11.55594530955,
    -0.970415319621));
#998 = CARTESIAN_POINT('',(-2.012730227706,-11.52823784571,
    -1.235237327636));
#999 = CARTESIAN_POINT('',(-1.722968855979,-11.50534215565,
    -1.48075831241));
#1000 = CARTESIAN_POINT('',(-1.414337413337,-11.49801279855,
    -1.693806702563));
#1001 = CARTESIAN_POINT('',(-1.075322820961,-11.5142579029,
    -1.85665718147));
#1002 = CARTESIAN_POINT('',(-3.252788102025,-7.,-5.422112642261));
#1003 = CARTESIAN_POINT('',(-2.994044726599,-7.035492399267,
    -5.577437902115));
#1004 = CARTESIAN_POINT('',(-2.734891192906,-7.013145501272,
    -5.732644857092));
#1005 = CARTESIAN_POINT('',(-2.476918402859,-6.946476694802,
    -5.888116707991));
#1006 = CARTESIAN_POINT('',(-2.21997194326,-6.847844975187,
    -6.042214592996));
#1007 = CARTESIAN_POINT('',(-1.96339168993,-6.728518795427,
    -6.193275575678));
#1008 = CARTESIAN_POINT('',(-1.706653726532,-6.598530080671,
    -6.340558448492));
#1009 = CARTESIAN_POINT('',(-1.449573038219,-6.466424416539,
    -6.484420185104));
#1010 = CARTESIAN_POINT('',(-1.192225440476,-6.339017422095,
    -6.626005875032));
#1011 = CARTESIAN_POINT('',(-0.934747203259,-6.221267317881,
    -6.766734973914));
#1012 = CARTESIAN_POINT('',(-0.677170830765,-6.116373699847,
    -6.907866702898));
#1013 = CARTESIAN_POINT('',(-0.419455457018,-6.026212529616,
    -7.050427430468));
#1014 = CARTESIAN_POINT('',(-0.146111068492,-5.886761991877,
    -7.194992263598));
#1015 = CARTESIAN_POINT('',(0.1274544861,-5.752432413965,-7.337881343912
    ));
#1016 = CARTESIAN_POINT('',(0.401091172809,-5.620790974679,
    -7.479157389487));
#1017 = CARTESIAN_POINT('',(0.67470322875,-5.489873921315,
    -7.618689102505));
#1018 = CARTESIAN_POINT('',(0.948228959057,-5.358189676721,
    -7.756244145678));
#1019 = CARTESIAN_POINT('',(1.221625394252,-5.224706495524,
    -7.891565804999));
#1020 = CARTESIAN_POINT('',(1.494857808064,-5.088824669246,
    -8.024433338986));
#1021 = CARTESIAN_POINT('',(1.767894095675,-4.95033328068,
    -8.154706014198));
#1022 = CARTESIAN_POINT('',(2.040704012387,-4.809351507137,
    -8.282350827267));
#1023 = CARTESIAN_POINT('',(2.313263272749,-4.666254472899,
    -8.40745391322));
#1024 = CARTESIAN_POINT('',(2.585562510084,-4.521583650637,
    -8.530215640263));
#1025 = CARTESIAN_POINT('',(2.83324724595,-4.394045193919,
    -8.643290813677));
#1026 = CARTESIAN_POINT('',(3.080631084065,-4.263323815966,
    -8.753854853897));
#1027 = CARTESIAN_POINT('',(3.327723547352,-4.130353503697,
    -8.862168657082));
#1028 = CARTESIAN_POINT('',(3.574528176598,-3.995781279431,
    -8.968442363837));
#1029 = CARTESIAN_POINT('',(3.821041039023,-3.860001255595,
    -9.072829861238));
#1030 = CARTESIAN_POINT('',(4.067249236852,-3.723188689449,
    -9.175423284663));
#1031 = CARTESIAN_POINT('',(4.313129415872,-3.585334037786,
    -9.276247519903));
#1032 = CARTESIAN_POINT('',(4.558646274012,-3.446277011666,
    -9.375254704939));
#1033 = CARTESIAN_POINT('',(4.803751069897,-3.30574063111,
    -9.472318732047));
#1034 = CARTESIAN_POINT('',(5.048380131429,-3.16336527983,
    -9.567229749639));
#1035 = CARTESIAN_POINT('',(5.292453364343,-3.018742759937,
    -9.659688664278));
#1036 = CARTESIAN_POINT('',(5.566012058032,-2.857159884754,
    -9.76357520623));
#1037 = CARTESIAN_POINT('',(5.838956397422,-2.693567202855,
    -9.864865847019));
#1038 = CARTESIAN_POINT('',(6.111223293309,-2.527798968239,
    -9.963446114395));
#1039 = CARTESIAN_POINT('',(6.382749016779,-2.359709494287,
    -10.05920395939));
#1040 = CARTESIAN_POINT('',(6.653466807363,-2.189167442562,
    -10.15202496902));
#1041 = CARTESIAN_POINT('',(6.923304481252,-2.016050111633,
    -10.24178757901));
#1042 = CARTESIAN_POINT('',(7.192182039417,-1.840237725862,
    -10.32835828648));
#1043 = CARTESIAN_POINT('',(7.46000927585,-1.661607724237,
    -10.41158686271));
#1044 = CARTESIAN_POINT('',(7.726683385677,-1.480029049161,
    -10.49130156581));
#1045 = CARTESIAN_POINT('',(7.992086573384,-1.295356435275,
    -10.56730435344));
#1046 = CARTESIAN_POINT('',(8.256083660959,-1.107424698258,
    -10.63936609557));
#1047 = CARTESIAN_POINT('',(9.141250504521,-0.47719972647,
    -10.88091927887));
#1048 = CARTESIAN_POINT('',(10.010747277049,0.189117697286,
    -11.07861556361));
#1049 = CARTESIAN_POINT('',(10.85945218605,0.898250302799,
    -11.22345528455));
#1050 = CARTESIAN_POINT('',(11.679932869094,1.652845500949,
    -11.30618957646));
#1051 = CARTESIAN_POINT('',(12.464939516786,2.458110742966,
    -11.31586024566));
#1052 = CARTESIAN_POINT('',(13.198702466196,3.315715247242,
    -11.23622570352));
#1053 = CARTESIAN_POINT('',(13.863748809446,4.21833349094,
    -11.05625567787));
#1054 = CARTESIAN_POINT('',(14.445628517264,5.149789158434,
    -10.77668678564));
#1055 = CARTESIAN_POINT('',(14.935346590778,6.092427633485,
    -10.40674551165));
#1056 = CARTESIAN_POINT('',(15.341435711148,7.037241575405,
    -9.961589508278));
#1057 = CARTESIAN_POINT('',(15.66347562898,7.975538587272,
    -9.449817225965));
#1058 = CARTESIAN_POINT('',(15.984387524263,8.909515982709,
    -8.940667088757));
#1059 = CARTESIAN_POINT('',(16.222842901584,9.837165132846,
    -8.366003505368));
#1060 = CARTESIAN_POINT('',(16.383396980101,10.750776463239,
    -7.737256559145));
#1061 = CARTESIAN_POINT('',(16.470707710074,11.64532826711,
    -7.063985701594));
#1062 = CARTESIAN_POINT('',(16.489053627223,12.51840674972,
    -6.352561497624));
#1063 = CARTESIAN_POINT('',(16.437724372572,13.366131070891,
    -5.60705924786));
#1064 = CARTESIAN_POINT('',(16.310691415461,14.182104138928,
    -4.831700211117));
#1065 = CARTESIAN_POINT('',(16.099684653936,14.958851059058,
    -4.033390484068));
#1066 = CARTESIAN_POINT('',(15.79649932774,15.688457972165,
    -3.22296359053));
#1067 = CARTESIAN_POINT('',(15.393037072413,16.361184539295,
    -2.414630489621));
#1068 = CARTESIAN_POINT('',(14.8862449608,16.967693529709,
    -1.624880030341));
#1069 = CARTESIAN_POINT('',(14.37855620574,17.575278279967,
    -0.833729565866));
#1070 = CARTESIAN_POINT('',(13.766686176129,18.116061478139,
    -6.141673667902E-02));
#1071 = CARTESIAN_POINT('',(13.04818170933,18.580892073124,
    0.675505818959));
#1072 = CARTESIAN_POINT('',(12.219018733633,18.957712861361,
    1.357189188801));
#1073 = CARTESIAN_POINT('',(11.290940374564,19.236164700804,
    1.960490667891));
#1074 = CARTESIAN_POINT('',(10.268188914901,19.404588345082,
    2.464744206885));
#1075 = CARTESIAN_POINT('',(9.17690684601,19.449436562759,2.841843736262
    ));
#1076 = CARTESIAN_POINT('',(8.06211893556,19.369587129663,3.075056834968
    ));
#1077 = CARTESIAN_POINT('',(6.951104658514,19.182414061026,
    3.178517059037));
#1078 = CARTESIAN_POINT('',(5.869803958704,18.896278283727,
    3.156558904311));
#1079 = CARTESIAN_POINT('',(4.83234458524,18.526888021683,3.026986370406
    ));
#1080 = CARTESIAN_POINT('',(3.700766045848,18.123689586739,
    2.885297357174));
#1081 = CARTESIAN_POINT('',(2.621690409001,17.620806597768,2.61471634847
    ));
#1082 = CARTESIAN_POINT('',(1.615507088034,17.034419385777,
    2.232621573285));
#1083 = CARTESIAN_POINT('',(0.69119976836,16.381584977617,1.762091422909
    ));
#1084 = CARTESIAN_POINT('',(-0.149631584869,15.672941443249,
    1.221473982086));
#1085 = CARTESIAN_POINT('',(-0.907786024941,14.915132543601,
    0.625384758859));
#1086 = CARTESIAN_POINT('',(-1.584080536304,14.112761279151,
    -1.307283447931E-02));
#1087 = CARTESIAN_POINT('',(-2.179714968791,13.268504788441,
    -0.681585173757));
#1088 = CARTESIAN_POINT('',(-2.697650874285,12.383779259375,
    -1.368409504068));
#1089 = CARTESIAN_POINT('',(-3.142946977659,11.461032099972,
    -2.06171673128));
#1090 = CARTESIAN_POINT('',(-3.521218239964,10.502359563805,
    -2.751376165437));
#1091 = CARTESIAN_POINT('',(-3.930479683497,9.465966398695,
    -3.496960091019));
#1092 = CARTESIAN_POINT('',(-4.261365201364,8.387573659225,
    -4.238328779725));
#1093 = CARTESIAN_POINT('',(-4.522886871561,7.271010424122,
    -4.962089554307));
#1094 = CARTESIAN_POINT('',(-4.724455756943,6.11975355095,
    -5.656756264086));
#1095 = CARTESIAN_POINT('',(-4.878886015999,4.939748777647,
    -6.313932772619));
#1096 = CARTESIAN_POINT('',(-4.999421547851,3.738444244124,
    -6.929812929635));
#1097 = CARTESIAN_POINT('',(-5.095806431836,2.522642518841,
    -7.505177848911));
#1098 = CARTESIAN_POINT('',(-5.172291277628,1.296877661391,
    -8.043344157288));
#1099 = CARTESIAN_POINT('',(-5.228338456208,6.312429760861E-02,
    -8.546789724313));
#1100 = CARTESIAN_POINT('',(-5.260660037684,-1.178253870099,
    -9.014456225324));
#1101 = CARTESIAN_POINT('',(-5.263093116438,-2.427308248939,
    -9.443000735118));
#1102 = CARTESIAN_POINT('',(-5.265151379209,-3.529863372417,
    -9.821215445586));
#1103 = CARTESIAN_POINT('',(-5.244213298076,-4.638262462988,
    -10.16910703398));
#1104 = CARTESIAN_POINT('',(-5.194491798985,-5.753217197229,
    -10.48330021741));
#1105 = CARTESIAN_POINT('',(-5.11318345745,-6.874058718907,
    -10.76147548128));
#1106 = CARTESIAN_POINT('',(-4.98848353932,-8.001951124081,
    -10.99329602865));
#1107 = CARTESIAN_POINT('',(-4.81542724108,-9.135125769956,
    -11.17218285645));
#1108 = CARTESIAN_POINT('',(-4.584671792861,-10.27013869555,
    -11.28553005702));
#1109 = CARTESIAN_POINT('',(-4.282625961319,-11.3990768721,
    -11.31450977611));
#1110 = CARTESIAN_POINT('',(-3.906487420469,-12.50417386551,
    -11.24743548855));
#1111 = CARTESIAN_POINT('',(-3.456403140716,-13.56396846216,
    -11.07732712199));
#1112 = CARTESIAN_POINT('',(-2.940762074719,-14.56447755099,
    -10.80944580515));
#1113 = CARTESIAN_POINT('',(-2.449912736618,-15.51657564427,
    -10.55435196268));
#1114 = CARTESIAN_POINT('',(-1.899666836593,-16.41494251663,
    -10.21067144342));
#1115 = CARTESIAN_POINT('',(-1.295291241705,-17.24599770479,
    -9.780331281408));
#1116 = CARTESIAN_POINT('',(-0.648361230718,-18.00038571413,
    -9.27463494401));
#1117 = CARTESIAN_POINT('',(3.026614528559E-02,-18.67795235043,
    -8.707621800947));
#1118 = CARTESIAN_POINT('',(0.732893976882,-19.2829163496,
    -8.090892383999));
#1119 = CARTESIAN_POINT('',(1.454618677992,-19.81870697262,
    -7.431752595586));
#1120 = CARTESIAN_POINT('',(2.192004249892,-20.28511956303,
    -6.734494919059));
#1121 = CARTESIAN_POINT('',(2.942158431197,-20.67718805945,
    -6.003310297342));
#1122 = CARTESIAN_POINT('',(3.702519694596,-20.98548611465,
    -5.244710678631));
#1123 = CARTESIAN_POINT('',(4.470049375811,-21.20144679682,
    -4.467439278592));
#1124 = CARTESIAN_POINT('',(5.394884537529,-21.46160601859,
    -3.530868654834));
#1125 = CARTESIAN_POINT('',(6.330142546013,-21.58703170782,
    -2.567211578019));
#1126 = CARTESIAN_POINT('',(7.270642086209,-21.56177867266,
    -1.591800699279));
#1127 = CARTESIAN_POINT('',(8.209178581407,-21.36424514033,
    -0.626576922904));
#1128 = CARTESIAN_POINT('',(9.140864232821,-20.97832005141,
    0.304200483412));
#1129 = CARTESIAN_POINT('',(10.042083882468,-20.39278594204,
    1.154696488695));
#1130 = CARTESIAN_POINT('',(10.908444059798,-19.60437576489,
    1.908227445491));
#1131 = CARTESIAN_POINT('',(11.687546006983,-18.61030408275,
    2.490820307158));
#1132 = CARTESIAN_POINT('',(12.345403404009,-17.47613185071,
    2.880981643663));
#1133 = CARTESIAN_POINT('',(12.869288058992,-16.2530651307,
    3.081592653361));
#1134 = CARTESIAN_POINT('',(13.255459305275,-14.98580214639,
    3.106765436927));
#1135 = CARTESIAN_POINT('',(13.59357189258,-13.87682568793,
    3.129011236318));
#1136 = CARTESIAN_POINT('',(13.826233146338,-12.73395159802,
    3.016894932823));
#1137 = CARTESIAN_POINT('',(13.952588203156,-11.58749718148,
    2.782020317809));
#1138 = CARTESIAN_POINT('',(13.977382493844,-10.46135001224,
    2.442107728212));
#1139 = CARTESIAN_POINT('',(13.910495708708,-9.368292850087,
    2.017863410628));
#1140 = CARTESIAN_POINT('',(13.760050293202,-8.31440074855,
    1.526180684152));
#1141 = CARTESIAN_POINT('',(13.530798328462,-7.302920031522,
    0.979530488759));
#1142 = CARTESIAN_POINT('',(13.226624020099,-6.335491271558,
    0.389434860945));
#1143 = CARTESIAN_POINT('',(12.851512198308,-5.412291377635,
    -0.232080452488));
#1144 = CARTESIAN_POINT('',(12.407226226456,-4.5326433981,
    -0.875188648307));
#1145 = CARTESIAN_POINT('',(11.898211519908,-3.693876662311,
    -1.529318096712));
#1146 = CARTESIAN_POINT('',(11.44781159133,-2.952151286272,
    -2.107962711379));
#1147 = CARTESIAN_POINT('',(10.946676413998,-2.24245935772,
    -2.69525236747));
#1148 = CARTESIAN_POINT('',(10.397013852554,-1.563407157342,
    -3.284420694803));
#1149 = CARTESIAN_POINT('',(9.801438411187,-0.912817011554,
    -3.868695636927));
#1150 = CARTESIAN_POINT('',(9.163580130281,-0.287667980601,
    -4.441758350318));
#1151 = CARTESIAN_POINT('',(8.488134056879,0.315655605636,
    -4.998238463932));
#1152 = CARTESIAN_POINT('',(7.780515486728,0.900932261913,
    -5.534135832321));
#1153 = CARTESIAN_POINT('',(7.046286175915,1.471612609821,
    -6.047058915815));
#1154 = CARTESIAN_POINT('',(6.290516719611,2.030394285812,
    -6.536169921051));
#1155 = CARTESIAN_POINT('',(5.517250296132,2.578986992758,
    -7.001726835235));
#1156 = CARTESIAN_POINT('',(4.729232973788,3.118192193028,
    -7.444112487518));
#1157 = CARTESIAN_POINT('',(3.757529948118,3.783037676982,-7.98958746824
    ));
#1158 = CARTESIAN_POINT('',(2.763355001382,4.433584302615,
    -8.499815195838));
#1159 = CARTESIAN_POINT('',(1.751535605528,5.071119359623,
    -8.975487192988));
#1160 = CARTESIAN_POINT('',(0.72449957512,5.694915116926,-9.418135520959
    ));
#1161 = CARTESIAN_POINT('',(-0.319583809488,6.301694307185,
    -9.827836951276));
#1162 = CARTESIAN_POINT('',(-1.384545254604,6.88650313281,
    -10.20210902447));
#1163 = CARTESIAN_POINT('',(-2.475296479954,7.443126125101,
    -10.53530371055));
#1164 = CARTESIAN_POINT('',(-3.597655261997,7.963411171382,
    -10.81787875374));
#1165 = CARTESIAN_POINT('',(-4.75624019418,8.436011899095,
    -11.03566472799));
#1166 = CARTESIAN_POINT('',(-5.949655938205,8.846098375465,
    -11.17064735024));
#1167 = CARTESIAN_POINT('',(-7.168058629148,9.178535742027,
    -11.20684969555));
#1168 = CARTESIAN_POINT('',(-8.199292538922,9.46005796323,
    -11.23765519857));
#1169 = CARTESIAN_POINT('',(-9.248595835742,9.685568246187,
    -11.19724463084));
#1170 = CARTESIAN_POINT('',(-10.30919752691,9.847871170088,
    -11.07823440488));
#1171 = CARTESIAN_POINT('',(-11.37242077401,9.935650304648,
    -10.86948880924));
#1172 = CARTESIAN_POINT('',(-12.42171864534,9.944056709233,
    -10.56912954179));
#1173 = CARTESIAN_POINT('',(-13.43803002608,9.872471933001,
    -10.18259436294));
#1174 = CARTESIAN_POINT('',(-14.41045708731,9.728129591695,
    -9.723452384537));
#1175 = CARTESIAN_POINT('',(-15.33730046147,9.521938384241,
    -9.20627649737));
#1176 = CARTESIAN_POINT('',(-16.21795915252,9.259484809922,
    -8.638001044069));
#1177 = CARTESIAN_POINT('',(-17.04988627823,8.945389226227,
    -8.025915831522));
#1178 = CARTESIAN_POINT('',(-17.8304660453,8.582527621377,
    -7.375826717535));
#1179 = CARTESIAN_POINT('',(-18.65477581548,8.199304428618,
    -6.689286475215));
#1180 = CARTESIAN_POINT('',(-19.42153889255,7.761467379074,
    -5.960259378041));
#1181 = CARTESIAN_POINT('',(-20.12713399075,7.27217521003,
    -5.195749640321));
#1182 = CARTESIAN_POINT('',(-20.76571943268,6.731375813655,
    -4.400624417056));
#1183 = CARTESIAN_POINT('',(-21.3272280027,6.136451018837,
    -3.581303243514));
#1184 = CARTESIAN_POINT('',(-21.79913137538,5.483448690716,
    -2.747295759499));
#1185 = CARTESIAN_POINT('',(-22.1686561244,4.76877750018,-1.911751712028
    ));
#1186 = CARTESIAN_POINT('',(-22.42384612638,3.991181206624,
    -1.091620216228));
#1187 = CARTESIAN_POINT('',(-22.55357898724,3.15375078933,
    -0.307448242144));
#1188 = CARTESIAN_POINT('',(-22.54835692782,2.265674253658,
    0.417718719021));
#1189 = CARTESIAN_POINT('',(-22.4054053782,1.343365430341,1.061437867907
    ));
#1190 = CARTESIAN_POINT('',(-22.26542565935,0.440993906716,
    1.691139131428));
#1191 = CARTESIAN_POINT('',(-21.99394201131,-0.494066613487,
    2.243092249837));
#1192 = CARTESIAN_POINT('',(-21.58591225793,-1.447039337252,
    2.694726877324));
#1193 = CARTESIAN_POINT('',(-21.04848458761,-2.395193630668,
    3.028645565515));
#1194 = CARTESIAN_POINT('',(-20.38524807501,-3.313429658125,
    3.223701346721));
#1195 = CARTESIAN_POINT('',(-19.62667885383,-4.166399909359,
    3.276929809775));
#1196 = CARTESIAN_POINT('',(-18.80446196682,-4.937173193313,
    3.204357834047));
#1197 = CARTESIAN_POINT('',(-17.93557058535,-5.626284329471,
    3.024772998009));
#1198 = CARTESIAN_POINT('',(-17.03708619517,-6.226746287087,
    2.751183518478));
#1199 = CARTESIAN_POINT('',(-16.1196068897,-6.742753225259,
    2.400652549315));
#1200 = CARTESIAN_POINT('',(-15.19057751302,-7.174895086354,
    1.985176917539));
#1201 = CARTESIAN_POINT('',(-14.93993313022,-7.291424168388,
    1.873039421402));
#1202 = CARTESIAN_POINT('',(-14.68847039612,-7.401935965598,
    1.756261290539));
#1203 = CARTESIAN_POINT('',(-14.4363244434,-7.506424554531,
    1.635051426969));
#1204 = CARTESIAN_POINT('',(-14.1836189201,-7.604896900483,
    1.509625789063));
#1205 = CARTESIAN_POINT('',(-13.93046634092,-7.697374280471,
    1.38020682618));
#1206 = CARTESIAN_POINT('',(-13.6769684386,-7.783893706285,
    1.247022913378));
#1207 = CARTESIAN_POINT('',(-13.42321651512,-7.864509347423,
    1.11030778602));
#1208 = CARTESIAN_POINT('',(-13.16929179313,-7.93929395417,
    0.970299974496));
#1209 = CARTESIAN_POINT('',(-12.91526576722,-8.008340280523,
    0.82724223884));
#1210 = CARTESIAN_POINT('',(-12.66120055521,-8.071762507257,
    0.681381003426));
#1211 = CARTESIAN_POINT('',(-12.40714924953,-8.129697664884,
    0.532965791617));
#1212 = CARTESIAN_POINT('',(-12.13089598025,-8.191977157825,
    0.371125501207));
#1213 = CARTESIAN_POINT('',(-11.85466917849,-8.247842955114,
    0.206343907985));
#1214 = CARTESIAN_POINT('',(-11.5785161942,-8.297246395037,
    3.877347984757E-02));
#1215 = CARTESIAN_POINT('',(-11.30247857161,-8.340141585556,
    -0.13141618707));
#1216 = CARTESIAN_POINT('',(-11.02659201512,-8.376496169908,
    -0.30403799443));
#1217 = CARTESIAN_POINT('',(-10.75088635506,-8.406302091966,
    -0.478886967748));
#1218 = CARTESIAN_POINT('',(-10.47538551369,-8.429586361951,
    -0.655739882431));
#1219 = CARTESIAN_POINT('',(-10.20010747097,-8.446421821724,
    -0.834354889826));
#1220 = CARTESIAN_POINT('',(-9.925064230484,-8.45693791049,
    -1.014471143263));
#1221 = CARTESIAN_POINT('',(-9.650261785235,-8.461331430174,
    -1.195808424104));
#1222 = CARTESIAN_POINT('',(-9.375700083589,-8.459877311004,
    -1.378066767783));
#1223 = CARTESIAN_POINT('',(-9.101738096996,-8.461423189771,
    -1.558576264932));
#1224 = CARTESIAN_POINT('',(-8.827992760994,-8.453157493945,
    -1.741929124528));
#1225 = CARTESIAN_POINT('',(-8.554496007974,-8.437266743737,
    -1.926709699224));
#1226 = CARTESIAN_POINT('',(-8.281231619724,-8.41567299117,
    -2.111833843455));
#1227 = CARTESIAN_POINT('',(-8.008169875061,-8.38980524791,
    -2.296610188953));
#1228 = CARTESIAN_POINT('',(-7.735289941872,-8.360395701858,
    -2.480754009602));
#1229 = CARTESIAN_POINT('',(-7.462590013929,-8.327300722714,
    -2.664353675771));
#1230 = CARTESIAN_POINT('',(-7.190085191997,-8.289346656262,
    -2.847789697962));
#1231 = CARTESIAN_POINT('',(-6.917793109742,-8.244200407634,
    -3.031606359936));
#1232 = CARTESIAN_POINT('',(-6.645707304005,-8.188264813323,
    -3.216335941178));
#1233 = CARTESIAN_POINT('',(-6.373758329746,-8.116598802123,
    -3.402275528801));
#1234 = CARTESIAN_POINT('',(-6.089312954831,-8.061668305421,
    -3.591762109922));
#1235 = CARTESIAN_POINT('',(-5.804908588996,-8.009635469673,
    -3.778520726342));
#1236 = CARTESIAN_POINT('',(-5.520733269771,-7.95002700683,
    -3.965429706526));
#1237 = CARTESIAN_POINT('',(-5.236846942435,-7.875958892248,
    -4.153487048162));
#1238 = CARTESIAN_POINT('',(-4.953325730033,-7.784632392014,
    -4.342358260104));
#1239 = CARTESIAN_POINT('',(-4.669930766527,-7.678338670077,
    -4.530289615605));
#1240 = CARTESIAN_POINT('',(-4.386154592105,-7.565174003575,
    -4.714780712373));
#1241 = CARTESIAN_POINT('',(-4.101782215624,-7.459088563256,
    -4.894201028613));
#1242 = CARTESIAN_POINT('',(-3.817388054224,-7.379312642281,
    -5.069325957162));
#1243 = CARTESIAN_POINT('',(-3.533474066102,-7.349625145247,
    -5.242558593537));
#1244 = CARTESIAN_POINT('',(-3.246238497624,-7.398350075972,
    -5.411394346707));
#1245 = CARTESIAN_POINT('',(-1.276023112054,-2.629865854419,
    -2.062937720796));
#1246 = CARTESIAN_POINT('',(-1.063877881878,-2.643769757706,
    -2.218927144132));
#1247 = CARTESIAN_POINT('',(-0.83205779536,-2.634219167723,
    -2.342265647491));
#1248 = CARTESIAN_POINT('',(-0.586027721417,-2.605619953529,
    -2.4411020611));
#1249 = CARTESIAN_POINT('',(-0.330150009153,-2.563726204854,
    -2.522096725032));
#1250 = CARTESIAN_POINT('',(-6.818634131784E-02,-2.514049868694,
    -2.591245336976));
#1251 = CARTESIAN_POINT('',(0.196494650298,-2.461023520281,
    -2.654162338604));
#1252 = CARTESIAN_POINT('',(0.460911166042,-2.407734262556,
    -2.716001724277));
#1253 = CARTESIAN_POINT('',(0.722570574568,-2.356046748186,
    -2.781193155736));
#1254 = CARTESIAN_POINT('',(0.979587462452,-2.30693331829,
    -2.853171266524));
#1255 = CARTESIAN_POINT('',(1.230724555725,-2.260829251884,
    -2.934276039793));
#1256 = CARTESIAN_POINT('',(1.47526367175,-2.217831120215,-3.02600214323
    ));
#1257 = CARTESIAN_POINT('',(1.750764140537,-2.159308596926,
    -3.094998526829));
#1258 = CARTESIAN_POINT('',(2.023026589939,-2.101849513002,
    -3.167882546195));
#1259 = CARTESIAN_POINT('',(2.292799690538,-2.044381348541,
    -3.243173310583));
#1260 = CARTESIAN_POINT('',(2.560693407215,-1.986149017792,
    -3.319600951315));
#1261 = CARTESIAN_POINT('',(2.827166048543,-1.926652607117,
    -3.396140660721));
#1262 = CARTESIAN_POINT('',(3.092518869416,-1.865590835281,
    -3.472032292986));
#1263 = CARTESIAN_POINT('',(3.356898227051,-1.80281023605,
    -3.546785526774));
#1264 = CARTESIAN_POINT('',(3.620305290208,-1.73826006311,
    -3.620170589781));
#1265 = CARTESIAN_POINT('',(3.882613301784,-1.671952917302,
    -3.692194545058));
#1266 = CARTESIAN_POINT('',(4.143592394644,-1.603931096166,
    -3.76306313925));
#1267 = CARTESIAN_POINT('',(4.402941960785,-1.534238665816,
    -3.833128212636));
#1268 = CARTESIAN_POINT('',(4.637250307189,-1.471583694085,
    -3.899761983336));
#1269 = CARTESIAN_POINT('',(4.870887065329,-1.407136674827,
    -3.964389498229));
#1270 = CARTESIAN_POINT('',(5.103441448197,-1.3410755927,-4.027630689739
    ));
#1271 = CARTESIAN_POINT('',(5.334597954649,-1.273495684345,
    -4.089917212739));
#1272 = CARTESIAN_POINT('',(5.564124916162,-1.204425923068,
    -4.151510081601));
#1273 = CARTESIAN_POINT('',(5.791863043578,-1.133845503498,
    -4.212517307282));
#1274 = CARTESIAN_POINT('',(6.017713973878,-1.06170032627,
    -4.272911534359));
#1275 = CARTESIAN_POINT('',(6.241628816913,-0.987919482685,
    -4.332547678118));
#1276 = CARTESIAN_POINT('',(6.463596702181,-0.91243173939,
    -4.391180561599));
#1277 = CARTESIAN_POINT('',(6.683633325564,-0.835182023043,
    -4.448482552666));
#1278 = CARTESIAN_POINT('',(6.901769496095,-0.756147904984,
    -4.504061201072));
#1279 = CARTESIAN_POINT('',(7.146033381816,-0.667617939663,
    -4.566743496491));
#1280 = CARTESIAN_POINT('',(7.387601658441,-0.576898714685,
    -4.627942966912));
#1281 = CARTESIAN_POINT('',(7.626362922532,-0.483946874549,
    -4.687480048772));
#1282 = CARTESIAN_POINT('',(7.862184897982,-0.3887299567,-4.745190649191
    ));
#1283 = CARTESIAN_POINT('',(8.094917676438,-0.291227069717,
    -4.800922135053));
#1284 = CARTESIAN_POINT('',(8.324396957689,-0.191429571493,
    -4.854529322069));
#1285 = CARTESIAN_POINT('',(8.550447290102,-8.934174741594E-02,
    -4.905870463866));
#1286 = CARTESIAN_POINT('',(8.772885310998,1.501851144743E-02,
    -4.954803241039));
#1287 = CARTESIAN_POINT('',(8.991522987091,0.121619030171,
    -5.001180750251));
#1288 = CARTESIAN_POINT('',(9.206170854874,0.230412671784,
    -5.044847493281));
#1289 = CARTESIAN_POINT('',(9.41664126104,0.341336659093,-5.085635366117
    ));
#1290 = CARTESIAN_POINT('',(10.122386633199,0.713263880964,
    -5.22231476648));
#1291 = CARTESIAN_POINT('',(10.780953725185,1.109159191267,
    -5.32715922882));
#1292 = CARTESIAN_POINT('',(11.385748028249,1.5271845716,-5.393165894791
    ));
#1293 = CARTESIAN_POINT('',(11.926594591332,1.959412336355,
    -5.418823386221));
#1294 = CARTESIAN_POINT('',(12.401540229293,2.409365994071,
    -5.398290464133));
#1295 = CARTESIAN_POINT('',(12.797505606618,2.855512848809,
    -5.333695193283));
#1296 = CARTESIAN_POINT('',(13.126172042613,3.298245467139,
    -5.238780328238));
#1297 = CARTESIAN_POINT('',(13.412424432618,3.764440094757,
    -5.116562544291));
#1298 = CARTESIAN_POINT('',(13.649890036803,4.260262459035,
    -4.949877900649));
#1299 = CARTESIAN_POINT('',(13.837910264638,4.79259157742,-4.742825299)
  );
#1300 = CARTESIAN_POINT('',(13.972956194049,5.355336645081,
    -4.493365445588));
#1301 = CARTESIAN_POINT('',(14.107360610045,5.915646386584,
    -4.245365681353));
#1302 = CARTESIAN_POINT('',(14.189344683362,6.506789665616,
    -3.955806132076));
#1303 = CARTESIAN_POINT('',(14.215686529993,7.125626928657,
    -3.626670718347));
#1304 = CARTESIAN_POINT('',(14.182929774549,7.762744102153,
    -3.261857354883));
#1305 = CARTESIAN_POINT('',(14.091342726108,8.407371867105,
    -2.870092709775));
#1306 = CARTESIAN_POINT('',(13.943464930053,9.048832088978,
    -2.458589909702));
#1307 = CARTESIAN_POINT('',(13.741748657813,9.676338340431,
    -2.031716801221));
#1308 = CARTESIAN_POINT('',(13.487586026406,10.278455454622,
    -1.594531626711));
#1309 = CARTESIAN_POINT('',(13.182203869053,10.843106997766,
    -1.155157389374));
#1310 = CARTESIAN_POINT('',(12.828508216112,11.358709459746,
    -0.722605766128));
#1311 = CARTESIAN_POINT('',(12.431968283139,11.816807822282,
    -0.307826178956));
#1312 = CARTESIAN_POINT('',(12.034725918064,12.275719204136,
    0.107687762539));
#1313 = CARTESIAN_POINT('',(11.594397469229,12.676492006875,
    0.505594857684));
#1314 = CARTESIAN_POINT('',(11.116096089336,13.010722155812,
    0.874758278865));
#1315 = CARTESIAN_POINT('',(10.609917166841,13.271392573768,
    1.204754558654));
#1316 = CARTESIAN_POINT('',(10.078409597137,13.452260612884,
    1.484466064484));
#1317 = CARTESIAN_POINT('',(9.545800040174,13.557553079627,1.70407592806
    ));
#1318 = CARTESIAN_POINT('',(9.014732044827,13.595013534751,
    1.871866910711));
#1319 = CARTESIAN_POINT('',(8.461812964467,13.566939570042,
    1.997683879943));
#1320 = CARTESIAN_POINT('',(7.883177120978,13.469635854202,
    2.069481703053));
#1321 = CARTESIAN_POINT('',(7.28299229393,13.296894973793,2.087423175402
    ));
#1322 = CARTESIAN_POINT('',(6.668776903364,13.052905538081,
    2.050891836506));
#1323 = CARTESIAN_POINT('',(5.998876293183,12.78642251326,2.011101262474
    ));
#1324 = CARTESIAN_POINT('',(5.312144402463,12.434221769683,
    1.906614575427));
#1325 = CARTESIAN_POINT('',(4.619251542169,11.996516441716,
    1.737893128061));
#1326 = CARTESIAN_POINT('',(3.936000922814,11.479069502797,
    1.509493972479));
#1327 = CARTESIAN_POINT('',(3.275866758737,10.890341495884,
    1.232719830982));
#1328 = CARTESIAN_POINT('',(2.646621573419,10.238278992175,
    0.919810322928));
#1329 = CARTESIAN_POINT('',(2.051465383666,9.529216117445,0.581484875014
    ));
#1330 = CARTESIAN_POINT('',(1.491527983501,8.768674405546,0.227958278757
    ));
#1331 = CARTESIAN_POINT('',(0.966459508011,7.962543060978,-0.13101424015
    ));
#1332 = CARTESIAN_POINT('',(0.473053830961,7.117202441184,-0.48894431107
    ));
#1333 = CARTESIAN_POINT('',(8.46414031305E-03,6.238618200244,
    -0.840465307245));
#1334 = CARTESIAN_POINT('',(-0.493956684516,5.288853222291,
    -1.220682523775));
#1335 = CARTESIAN_POINT('',(-0.962670677419,4.300185150009,
    -1.593425971854));
#1336 = CARTESIAN_POINT('',(-1.402001021349,3.281450541932,
    -1.953101986908));
#1337 = CARTESIAN_POINT('',(-1.81664793132,2.240658288037,
    -2.296009569876));
#1338 = CARTESIAN_POINT('',(-2.210660736925,1.186781254793,
    -2.622998542143));
#1339 = CARTESIAN_POINT('',(-2.58539972851,0.128257333839,
    -2.937962635859));
#1340 = CARTESIAN_POINT('',(-2.938396310658,-0.928758912875,
    -3.244892443402));
#1341 = CARTESIAN_POINT('',(-3.26390981047,-1.980703608079,
    -3.545346746195));
#1342 = CARTESIAN_POINT('',(-3.554869092685,-3.025130300536,
    -3.837334339039));
#1343 = CARTESIAN_POINT('',(-3.804776937407,-4.058467268412,
    -4.115732062579));
#1344 = CARTESIAN_POINT('',(-4.007044940732,-5.075367349928,
    -4.373498352545));
#1345 = CARTESIAN_POINT('',(-4.185592686683,-5.972999383213,
    -4.600943285294));
#1346 = CARTESIAN_POINT('',(-4.326993750966,-6.85768490183,
    -4.812558843923));
#1347 = CARTESIAN_POINT('',(-4.427088222986,-7.726171598771,
    -5.002129737557));
#1348 = CARTESIAN_POINT('',(-4.480738446111,-8.573862346338,
    -5.166043565097));
#1349 = CARTESIAN_POINT('',(-4.486713474272,-9.39105949056,
    -5.293019924581));
#1350 = CARTESIAN_POINT('',(-4.440794563593,-10.17382083485,
    -5.379820287976));
#1351 = CARTESIAN_POINT('',(-4.342596252412,-10.90681484286,
    -5.418415276412));
#1352 = CARTESIAN_POINT('',(-4.199058572894,-11.57169839297,
    -5.404712464374));
#1353 = CARTESIAN_POINT('',(-4.016226228897,-12.1738490807,
    -5.354009992923));
#1354 = CARTESIAN_POINT('',(-3.792341752386,-12.72553726708,
    -5.26427689394));
#1355 = CARTESIAN_POINT('',(-3.520993303859,-13.23759248792,
    -5.135607934801));
#1356 = CARTESIAN_POINT('',(-3.262810681933,-13.72491219449,
    -5.013000781388));
#1357 = CARTESIAN_POINT('',(-2.961790517423,-14.17606857327,
    -4.85517003833));
#1358 = CARTESIAN_POINT('',(-2.613680338293,-14.60000127764,
    -4.659706907706));
#1359 = CARTESIAN_POINT('',(-2.210243638442,-15.00413525318,
    -4.423058868848));
#1360 = CARTESIAN_POINT('',(-1.748585769386,-15.38150592894,
    -4.140732011784));
#1361 = CARTESIAN_POINT('',(-1.234178879819,-15.72166651142,
    -3.816315246722));
#1362 = CARTESIAN_POINT('',(-0.676941874808,-16.01859411872,
    -3.459659780324));
#1363 = CARTESIAN_POINT('',(-8.623114896706E-02,-16.26971914247,
    -3.078592215641));
#1364 = CARTESIAN_POINT('',(0.529372327934,-16.47155692331,
    -2.676476565978));
#1365 = CARTESIAN_POINT('',(1.158034129627,-16.61922255564,
    -2.259769371834));
#1366 = CARTESIAN_POINT('',(1.789860346763,-16.70935841601,
    -1.83543297607));
#1367 = CARTESIAN_POINT('',(2.551148514899,-16.81794222404,
    -1.324099560812));
#1368 = CARTESIAN_POINT('',(3.316700492476,-16.84272340753,
    -0.801380868297));
#1369 = CARTESIAN_POINT('',(4.068199651626,-16.77743702365,
    -0.279875682204));
#1370 = CARTESIAN_POINT('',(4.78768497835,-16.61402789108,0.230577974735
    ));
#1371 = CARTESIAN_POINT('',(5.450070986017,-16.35200293767,
    0.698159874103));
#1372 = CARTESIAN_POINT('',(6.055465524359,-15.99331954187,
    1.129473763153));
#1373 = CARTESIAN_POINT('',(6.556888141528,-15.54120463761,
    1.452987731852));
#1374 = CARTESIAN_POINT('',(6.96958076165,-15.0660694104,1.708628031432)
  );
#1375 = CARTESIAN_POINT('',(7.31242294914,-14.51632557203,1.89702459278)
  );
#1376 = CARTESIAN_POINT('',(7.584877932278,-13.89121320488,
    2.012688121415));
#1377 = CARTESIAN_POINT('',(7.782450069742,-13.18996332344,
    2.052791405599));
#1378 = CARTESIAN_POINT('',(7.955558062533,-12.57633361721,
    2.087854163307));
#1379 = CARTESIAN_POINT('',(8.071205839393,-11.90473720761,
    2.065030572297));
#1380 = CARTESIAN_POINT('',(8.128368412476,-11.17605341384,
    1.982072126515));
#1381 = CARTESIAN_POINT('',(8.119401310128,-10.39954756719,
    1.837223002929));
#1382 = CARTESIAN_POINT('',(8.04213943323,-9.59231551597,1.635978406697)
  );
#1383 = CARTESIAN_POINT('',(7.897700304348,-8.768866968988,
    1.388183281647));
#1384 = CARTESIAN_POINT('',(7.688075032807,-7.937765155487,
    1.104253781786));
#1385 = CARTESIAN_POINT('',(7.41625041381,-7.104768069587,0.793713195066
    ));
#1386 = CARTESIAN_POINT('',(7.086376306438,-6.274996583038,
    0.465588195537));
#1387 = CARTESIAN_POINT('',(6.702373786504,-5.450286946988,
    0.128510373461));
#1388 = CARTESIAN_POINT('',(6.27037155298,-4.632069666035,
    -0.211388044188));
#1389 = CARTESIAN_POINT('',(5.888112355021,-3.908397948087,
    -0.511909164559));
#1390 = CARTESIAN_POINT('',(5.468236937353,-3.189802627195,
    -0.814573643596));
#1391 = CARTESIAN_POINT('',(5.014234110496,-2.477209330168,
    -1.114743654926));
#1392 = CARTESIAN_POINT('',(4.530301060761,-1.770836113975,
    -1.408622632404));
#1393 = CARTESIAN_POINT('',(4.021206686346,-1.070631027176,
    -1.693774590492));
#1394 = CARTESIAN_POINT('',(3.491889603048,-0.376671520828,
    -1.969227499727));
#1395 = CARTESIAN_POINT('',(2.946938972527,0.310508718774,
    -2.235258748633));
#1396 = CARTESIAN_POINT('',(2.390106305468,0.989699943212,
    -2.492960723334));
#1397 = CARTESIAN_POINT('',(1.823996392472,1.658937948795,
    -2.743684536325));
#1398 = CARTESIAN_POINT('',(1.250085515222,2.3156015446,-2.988459935572)
  );
#1399 = CARTESIAN_POINT('',(0.669215090571,2.9567203097,-3.227489425423)
  );
#1400 = CARTESIAN_POINT('',(-4.704562351765E-02,3.747260492505,
    -3.522195841508));
#1401 = CARTESIAN_POINT('',(-0.77391155407,4.514185251927,
    -3.808134396655));
#1402 = CARTESIAN_POINT('',(-1.509879724216,5.251877594874,
    -4.085381500308));
#1403 = CARTESIAN_POINT('',(-2.255539796189,5.954130477916,
    -4.353004152311));
#1404 = CARTESIAN_POINT('',(-3.011233754361,6.613311338152,
    -4.605815650075));
#1405 = CARTESIAN_POINT('',(-3.777179437991,7.222403641114,
    -4.837179930808));
#1406 = CARTESIAN_POINT('',(-4.551945012896,7.774071315805,
    -5.038649243312));
#1407 = CARTESIAN_POINT('',(-5.329467073915,8.258914819904,
    -5.198942126514));
#1408 = CARTESIAN_POINT('',(-6.097432938788,8.667178837924,
    -5.307561464279));
#1409 = CARTESIAN_POINT('',(-6.840797828069,8.994331262364,
    -5.362215684498));
#1410 = CARTESIAN_POINT('',(-7.553480026273,9.241161142298,
    -5.364139978756));
#1411 = CARTESIAN_POINT('',(-8.156719461546,9.450027908271,
    -5.365933548348));
#1412 = CARTESIAN_POINT('',(-8.738176018809,9.601568609253,
    -5.329507302604));
#1413 = CARTESIAN_POINT('',(-9.29381434652,9.695511845319,
    -5.258245580522));
#1414 = CARTESIAN_POINT('',(-9.825861458524,9.734935434322,
    -5.149870598892));
#1415 = CARTESIAN_POINT('',(-10.34000931702,9.726948449303,
    -5.017494409916));
#1416 = CARTESIAN_POINT('',(-10.86444281833,9.670726098017,
    -4.851233426801));
#1417 = CARTESIAN_POINT('',(-11.40483539917,9.557885574128,
    -4.639423046324));
#1418 = CARTESIAN_POINT('',(-11.94377967269,9.383429169422,
    -4.385992356055));
#1419 = CARTESIAN_POINT('',(-12.4809391614,9.151031051474,
    -4.095397851594));
#1420 = CARTESIAN_POINT('',(-13.00564474615,8.863351714664,
    -3.772223755974));
#1421 = CARTESIAN_POINT('',(-13.51084133336,8.525374743409,
    -3.422688176391));
#1422 = CARTESIAN_POINT('',(-14.0443405105,8.16846013578,-3.053538533915
    ));
#1423 = CARTESIAN_POINT('',(-14.55593348927,7.755512333807,
    -2.65473418653));
#1424 = CARTESIAN_POINT('',(-15.0365711004,7.292276322875,
    -2.233099735643));
#1425 = CARTESIAN_POINT('',(-15.47727814883,6.786472122358,
    -1.795651998822));
#1426 = CARTESIAN_POINT('',(-15.86882651382,6.246164007042,
    -1.347871744752));
#1427 = CARTESIAN_POINT('',(-16.20115575211,5.678913808031,
    -0.895805406933));
#1428 = CARTESIAN_POINT('',(-16.46398195423,5.092220898814,
    -0.448400173064));
#1429 = CARTESIAN_POINT('',(-16.64887096993,4.494898094503,
    -1.796610598794E-02));
#1430 = CARTESIAN_POINT('',(-16.7518874942,3.898179316081,0.381850788659
    ));
#1431 = CARTESIAN_POINT('',(-16.77476687003,3.314501493592,
    0.739710374171));
#1432 = CARTESIAN_POINT('',(-16.72139183908,2.751049806017,
    1.049470640606));
#1433 = CARTESIAN_POINT('',(-16.66906714475,2.199839184275,
    1.352560641806));
#1434 = CARTESIAN_POINT('',(-16.54401592123,1.667819587383,
    1.609546176756));
#1435 = CARTESIAN_POINT('',(-16.3482721556,1.162705681678,1.815399395263
    ));
#1436 = CARTESIAN_POINT('',(-16.0875763606,0.686370521352,1.965745808655
    ));
#1437 = CARTESIAN_POINT('',(-15.7690112395,0.236412247263,2.070563893509
    ));
#1438 = CARTESIAN_POINT('',(-15.3759566358,-0.206735423894,
    2.129527678323));
#1439 = CARTESIAN_POINT('',(-14.90043158649,-0.641971412513,
    2.132200798426));
#1440 = CARTESIAN_POINT('',(-14.35374046352,-1.049162521691,
    2.074573647317));
#1441 = CARTESIAN_POINT('',(-13.74244251505,-1.425443233542,
    1.963901432672));
#1442 = CARTESIAN_POINT('',(-13.07714503258,-1.763864104655,
    1.804247266141));
#1443 = CARTESIAN_POINT('',(-12.36560529614,-2.059870677621,
    1.603357980291));
#1444 = CARTESIAN_POINT('',(-12.17361485087,-2.139679541494,1.549177453)
  );
#1445 = CARTESIAN_POINT('',(-11.97831188722,-2.216480232047,
    1.491971480241));
#1446 = CARTESIAN_POINT('',(-11.77983426358,-2.290151602799,
    1.431893587907));
#1447 = CARTESIAN_POINT('',(-11.5783217791,-2.360596705344,
    1.369101896802));
#1448 = CARTESIAN_POINT('',(-11.3739159716,-2.427742545332,
    1.303756633614));
#1449 = CARTESIAN_POINT('',(-11.1667599155,-2.491539838494,
    1.236017641881));
#1450 = CARTESIAN_POINT('',(-10.9569980197,-2.551962766601,
    1.166041892978));
#1451 = CARTESIAN_POINT('',(-10.74477582546,-2.6090087335,1.093980997072
    ));
#1452 = CARTESIAN_POINT('',(-10.53023980434,-2.662698121077,
    1.019978714115));
#1453 = CARTESIAN_POINT('',(-10.31353715605,-2.713074045276,
    0.944168464799));
#1454 = CARTESIAN_POINT('',(-10.09481560642,-2.760202112084,
    0.866670841541));
#1455 = CARTESIAN_POINT('',(-9.85669591187,-2.810896552051,
    0.782658733091));
#1456 = CARTESIAN_POINT('',(-9.616227084458,-2.85782439953,
    0.696635059704));
#1457 = CARTESIAN_POINT('',(-9.373491843017,-2.900889402393,
    0.608829414415));
#1458 = CARTESIAN_POINT('',(-9.128569468323,-2.940020939103,
    0.519473584482));
#1459 = CARTESIAN_POINT('',(-8.881539508165,-2.975177291865,
    0.428795165548));
#1460 = CARTESIAN_POINT('',(-8.632485482375,-3.00634891982,
    0.337011175791));
#1461 = CARTESIAN_POINT('',(-8.381498587915,-3.033561732176,
    0.244321670079));
#1462 = CARTESIAN_POINT('',(-8.128681403903,-3.056880361407,
    0.150903354127));
#1463 = CARTESIAN_POINT('',(-7.874151596688,-3.076411436398,
    5.690319864957E-02));
#1464 = CARTESIAN_POINT('',(-7.618045624894,-3.092306855622,
    -3.756794648132E-02));
#1465 = CARTESIAN_POINT('',(-7.36052244448,-3.104767060303,
    -0.132441738085));
#1466 = CARTESIAN_POINT('',(-7.104724120496,-3.119151864072,
    -0.22836970941));
#1467 = CARTESIAN_POINT('',(-6.845934739138,-3.127450799534,
    -0.323067749707));
#1468 = CARTESIAN_POINT('',(-6.585101419596,-3.131254089928,
    -0.417185098499));
#1469 = CARTESIAN_POINT('',(-6.323016632143,-3.131869914769,
    -0.511332181612));
#1470 = CARTESIAN_POINT('',(-6.060253584084,-3.130192255252,
    -0.605977511198));
#1471 = CARTESIAN_POINT('',(-5.797107796081,-3.12660907708,
    -0.701338207855));
#1472 = CARTESIAN_POINT('',(-5.533544869319,-3.120950850877,
    -0.797264144861));
#1473 = CARTESIAN_POINT('',(-5.269154442907,-3.112479409972,
    -0.893115714507));
#1474 = CARTESIAN_POINT('',(-5.003110342167,-3.099917145795,
    -0.987635216558));
#1475 = CARTESIAN_POINT('',(-4.734136917231,-3.081516540656,
    -1.078811868793));
#1476 = CARTESIAN_POINT('',(-4.460481572367,-3.055170038089,
    -1.163740439679));
#1477 = CARTESIAN_POINT('',(-4.181726445605,-3.038239588103,
    -1.262443744721));
#1478 = CARTESIAN_POINT('',(-3.905112938967,-3.022768919354,
    -1.364650150984));
#1479 = CARTESIAN_POINT('',(-3.626896754779,-3.002910416733,
    -1.465166892395));
#1480 = CARTESIAN_POINT('',(-3.344634904751,-2.975364087331,
    -1.560233889693));
#1481 = CARTESIAN_POINT('',(-3.057436363076,-2.939175788684,
    -1.647977725856));
#1482 = CARTESIAN_POINT('',(-2.766130473177,-2.896287951048,
    -1.728979668832));
#1483 = CARTESIAN_POINT('',(-2.473475843197,-2.851402257123,
    -1.806977094154));
#1484 = CARTESIAN_POINT('',(-2.184370445419,-2.81084837261,
    -1.889523554973));
#1485 = CARTESIAN_POINT('',(-1.905861615744,-2.781287451991,
    -1.988238642454));
#1486 = CARTESIAN_POINT('',(-1.64659262946,-2.770213773786,
    -2.118084674359));
#1487 = CARTESIAN_POINT('',(-1.41516051032,-2.791352490458,
    -2.294913145027));
#1488 = CARTESIAN_POINT('',(1.158492271276,-3.178559651033,
    1.987140317201));
#1489 = CARTESIAN_POINT('',(1.375231704144,-3.165900178889,
    1.831988038769));
#1490 = CARTESIAN_POINT('',(1.608890050695,-3.170772746958,
    1.705392972938));
#1491 = CARTESIAN_POINT('',(1.855800706071,-3.187577582565,
    1.600478301176));
#1492 = CARTESIAN_POINT('',(2.112041286994,-3.212701989165,
    1.510291960171));
#1493 = CARTESIAN_POINT('',(2.373861302271,-3.243082432128,
    1.428471550894));
#1494 = CARTESIAN_POINT('',(2.637949231589,-3.275574567718,
    1.349647779224));
#1495 = CARTESIAN_POINT('',(2.901568620853,-3.306895143359,
    1.269628631783));
#1496 = CARTESIAN_POINT('',(3.162592802649,-3.333899697111,
    1.185406490744));
#1497 = CARTESIAN_POINT('',(3.419467849954,-3.353959984503,
    1.095030391265));
#1498 = CARTESIAN_POINT('',(3.671133371753,-3.365205060639,
    0.997385625303));
#1499 = CARTESIAN_POINT('',(3.916930758706,-3.366389945684,
    0.891922895472));
#1500 = CARTESIAN_POINT('',(4.192402928033,-3.386915365861,
    0.799770858218));
#1501 = CARTESIAN_POINT('',(4.464887429367,-3.40198899383,0.703580241335
    ));
#1502 = CARTESIAN_POINT('',(4.735141797713,-3.412354433021,
    0.604766369187));
#1503 = CARTESIAN_POINT('',(5.003763424052,-3.418701837973,
    0.504420654516));
#1504 = CARTESIAN_POINT('',(5.271192237382,-3.42161136191,0.403348475665
    ));
#1505 = CARTESIAN_POINT('',(5.537716558243,-3.421512388799,
    0.302107783061));
#1506 = CARTESIAN_POINT('',(5.803482123925,-3.418658549991,
    0.201048434915));
#1507 = CARTESIAN_POINT('',(6.068504285109,-3.413118525314,
    0.100352262172));
#1508 = CARTESIAN_POINT('',(6.3326833742,-3.404782628764,
    7.386269459452E-05));
#1509 = CARTESIAN_POINT('',(6.595823245135,-3.393385178656,
    -9.981787531663E-02));
#1510 = CARTESIAN_POINT('',(6.857652984815,-3.378542652344,
    -0.199397520666));
#1511 = CARTESIAN_POINT('',(7.094289615298,-3.362883045415,
    -0.291456676756));
#1512 = CARTESIAN_POINT('',(7.330493993312,-3.345332904441,
    -0.382487178416));
#1513 = CARTESIAN_POINT('',(7.565889081213,-3.325362100138,
    -0.472780788649));
#1514 = CARTESIAN_POINT('',(7.800183808426,-3.302566587431,
    -0.562496760726));
#1515 = CARTESIAN_POINT('',(8.033163748196,-3.27665904503,
    -0.651680880355));
#1516 = CARTESIAN_POINT('',(8.264681794177,-3.247459515015,
    -0.740284507864));
#1517 = CARTESIAN_POINT('',(8.494648837265,-3.214886042401,
    -0.828183620364));
#1518 = CARTESIAN_POINT('',(8.723024442121,-3.178945314726,
    -0.915197853934));
#1519 = CARTESIAN_POINT('',(8.949807524025,-3.139723301621,
    -1.001109545782));
#1520 = CARTESIAN_POINT('',(9.175027025435,-3.097375894391,
    -1.085682776429));
#1521 = CARTESIAN_POINT('',(9.398732592762,-3.052119545588,
    -1.168682411878));
#1522 = CARTESIAN_POINT('',(9.649226410467,-3.001099528312,
    -1.26184930699));
#1523 = CARTESIAN_POINT('',(9.897490327478,-2.945903822311,
    -1.353297932439));
#1524 = CARTESIAN_POINT('',(10.14342351628,-2.886541691465,
    -1.442808812531));
#1525 = CARTESIAN_POINT('',(10.386901318013,-2.823014121103,
    -1.530165600499));
#1526 = CARTESIAN_POINT('',(10.627778388529,-2.755319305485,
    -1.615154412993));
#1527 = CARTESIAN_POINT('',(10.865891844652,-2.68345813532,
    -1.697563164561));
#1528 = CARTESIAN_POINT('',(11.101064410142,-2.607439685231,
    -1.777180902136));
#1529 = CARTESIAN_POINT('',(11.333107562018,-2.527286701279,
    -1.853797139524));
#1530 = CARTESIAN_POINT('',(11.561824676518,-2.443041088435,
    -1.927201191883));
#1531 = CARTESIAN_POINT('',(11.787014175363,-2.354769398092,
    -1.997181510218));
#1532 = CARTESIAN_POINT('',(12.008472671813,-2.262568315546,
    -2.063525015855));
#1533 = CARTESIAN_POINT('',(12.751072870417,-1.953478409005,
    -2.285953732016));
#1534 = CARTESIAN_POINT('',(13.451444075622,-1.599812298918,
    -2.467643755267));
#1535 = CARTESIAN_POINT('',(14.102336994518,-1.205217934232,
    -2.600325634314));
#1536 = CARTESIAN_POINT('',(14.693011692961,-0.775660471495,
    -2.678704835779));
#1537 = CARTESIAN_POINT('',(15.216595617095,-0.312471330557,
    -2.695213848299));
#1538 = CARTESIAN_POINT('',(15.660527839506,0.165075095227,
    -2.649808701062));
#1539 = CARTESIAN_POINT('',(16.027864775093,0.653574513634,
    -2.551004115171));
#1540 = CARTESIAN_POINT('',(16.332119467096,1.168494586648,
    -2.400964203623));
#1541 = CARTESIAN_POINT('',(16.569384828749,1.710592644903,
    -2.190249497132));
#1542 = CARTESIAN_POINT('',(16.731785103248,2.279100695117,
    -1.923910314324));
#1543 = CARTESIAN_POINT('',(16.818843426554,2.86499948397,
    -1.607155329911));
#1544 = CARTESIAN_POINT('',(16.905225528314,3.448297366801,
    -1.291969080354));
#1545 = CARTESIAN_POINT('',(16.916452106809,4.049347090811,
    -0.926893630565));
#1546 = CARTESIAN_POINT('',(16.848746127905,4.661176744865,
    -0.51841983548));
#1547 = CARTESIAN_POINT('',(16.701174691876,5.272967742842,
    -7.623146359256E-02));
#1548 = CARTESIAN_POINT('',(16.476534357101,5.874131372611,
    0.386017242604));
#1549 = CARTESIAN_POINT('',(16.181805006408,6.456411562693,0.85646841506
    ));
#1550 = CARTESIAN_POINT('',(15.826101329892,7.013235136565,
    1.326992086183));
#1551 = CARTESIAN_POINT('',(15.418016657775,7.537936804048,
    1.791181829246));
#1552 = CARTESIAN_POINT('',(14.965028179852,8.02303841839,2.242554025798
    ));
#1553 = CARTESIAN_POINT('',(14.475215535199,8.46146060575,2.675291255851
    ));
#1554 = CARTESIAN_POINT('',(13.955936345939,8.847389751508,
    3.082032197511));
#1555 = CARTESIAN_POINT('',(13.435736214259,9.234003166395,
    3.489492947049));
#1556 = CARTESIAN_POINT('',(12.886225492474,9.56780496513,3.871196969696
    ));
#1557 = CARTESIAN_POINT('',(12.314109898239,9.842916042856,
    4.219664852895));
#1558 = CARTESIAN_POINT('',(11.731374927635,10.055059676428,
    4.528596008522));
#1559 = CARTESIAN_POINT('',(11.136438661011,10.199337795876,
    4.792349091396));
#1560 = CARTESIAN_POINT('',(10.550555856213,10.27834907777,5.00200669479
    ));
#1561 = CARTESIAN_POINT('',(9.972203400371,10.299880350013,
    5.167596925221));
#1562 = CARTESIAN_POINT('',(9.374174671255,10.266110006685,
    5.300303459685));
#1563 = CARTESIAN_POINT('',(8.752693197334,10.170153418558,
    5.385053604895));
#1564 = CARTESIAN_POINT('',(8.106901973611,10.009231896575,
    5.426191461506));
#1565 = CARTESIAN_POINT('',(7.442471653035,9.785134820906,5.420481295518
    ));
#1566 = CARTESIAN_POINT('',(6.71770734061,9.540573396606,5.414547226564)
  );
#1567 = CARTESIAN_POINT('',(5.970410131898,9.220451831697,5.353563150488
    ));
#1568 = CARTESIAN_POINT('',(5.207317302597,8.825392976451,5.238335293785
    ));
#1569 = CARTESIAN_POINT('',(4.440725647563,8.360367056045,5.07190905909)
  );
#1570 = CARTESIAN_POINT('',(3.680894552637,7.833938939424,4.864027596036
    ));
#1571 = CARTESIAN_POINT('',(2.933186539848,7.254314497841,4.624893195446
    ));
#1572 = CARTESIAN_POINT('',(2.199059702832,6.628065741475,4.362334616597
    ));
#1573 = CARTESIAN_POINT('',(1.478426080697,5.961251966225,4.082912049164
    ));
#1574 = CARTESIAN_POINT('',(0.771006284187,5.260177589616,3.792125484648
    ));
#1575 = CARTESIAN_POINT('',(7.614358755126E-02,4.530236704448,
    3.491731827342));
#1576 = CARTESIAN_POINT('',(-0.605909766137,3.77618963201,3.183221111625
    ));
#1577 = CARTESIAN_POINT('',(-1.343261142208,2.960950501901,
    2.849460072572));
#1578 = CARTESIAN_POINT('',(-2.065635054325,2.117496076415,
    2.506227790637));
#1579 = CARTESIAN_POINT('',(-2.77197770513,1.25215359613,2.153948687895)
  );
#1580 = CARTESIAN_POINT('',(-3.460807639037,0.370097762957,
    1.792024646268));
#1581 = CARTESIAN_POINT('',(-4.127153569072,-0.52487075339,
    1.417706288764));
#1582 = CARTESIAN_POINT('',(-4.762836550176,-1.430806614697,
    1.02872058733));
#1583 = CARTESIAN_POINT('',(-5.358190136034,-2.347563126306,
    0.62606496045));
#1584 = CARTESIAN_POINT('',(-5.903853440268,-3.275890199939,
    0.21502345516));
#1585 = CARTESIAN_POINT('',(-6.391813306854,-4.215870036687,
    -0.195893960274));
#1586 = CARTESIAN_POINT('',(-6.815413078251,-5.165364030402,
    -0.59674253523));
#1587 = CARTESIAN_POINT('',(-7.16858673384,-6.119634823212,
    -0.975672417825));
#1588 = CARTESIAN_POINT('',(-7.480396798945,-6.961951298409,
    -1.310112282146));
#1589 = CARTESIAN_POINT('',(-7.73710757976,-7.807962480596,
    -1.627578868035));
#1590 = CARTESIAN_POINT('',(-7.935927868475,-8.654333474917,
    -1.919450246906));
#1591 = CARTESIAN_POINT('',(-8.070517402112,-9.496821074926,
    -2.177711382989));
#1592 = CARTESIAN_POINT('',(-8.142702389853,-10.32536511503,
    -2.391314291533));
#1593 = CARTESIAN_POINT('',(-8.146916499386,-11.13383938549,
    -2.552497721897));
#1594 = CARTESIAN_POINT('',(-8.0823726636,-11.90663559281,
    -2.651226552595));
#1595 = CARTESIAN_POINT('',(-7.956587266473,-12.62359040528,
    -2.682021044335));
#1596 = CARTESIAN_POINT('',(-7.772658484497,-13.28128959188,
    -2.652477741106));
#1597 = CARTESIAN_POINT('',(-7.532840801856,-13.88405726585,
    -2.562388987852));
#1598 = CARTESIAN_POINT('',(-7.233653989793,-14.43352490644,
    -2.412198595491));
#1599 = CARTESIAN_POINT('',(-6.949044605623,-14.95652035405,
    -2.269231731486));
#1600 = CARTESIAN_POINT('',(-6.610807965154,-15.43102989857,
    -2.071884665065));
#1601 = CARTESIAN_POINT('',(-6.218416584362,-15.85925352283,
    -1.820194673258));
#1602 = CARTESIAN_POINT('',(-5.767316237588,-16.24154440629,
    -1.513064165085));
#1603 = CARTESIAN_POINT('',(-5.259436256357,-16.56795912432,
    -1.152272817121));
#1604 = CARTESIAN_POINT('',(-4.70335277712,-16.82820831787,
    -0.747266610373));
#1605 = CARTESIAN_POINT('',(-4.109981261963,-17.01801939203,
    -0.312337725858));
#1606 = CARTESIAN_POINT('',(-3.489188758409,-17.13807131049,
    0.139880700044));
#1607 = CARTESIAN_POINT('',(-2.850198310049,-17.19068993278,
    0.601010566442));
#1608 = CARTESIAN_POINT('',(-2.204107676839,-17.17940059028,
    1.062990409645));
#1609 = CARTESIAN_POINT('',(-1.560262074413,-17.10722271905,
    1.518586389926));
#1610 = CARTESIAN_POINT('',(-0.784488393042,-17.02027355548,
    2.067583222818));
#1611 = CARTESIAN_POINT('',(-1.227387035942E-02,-16.84514734938,
    2.607597193905));
#1612 = CARTESIAN_POINT('',(0.739211246996,-16.58743044005,
    3.125777099592));
#1613 = CARTESIAN_POINT('',(1.453828914344,-16.2536018588,3.615689877093
    ));
#1614 = CARTESIAN_POINT('',(2.109354508931,-15.84784307469,
    4.054550575162));
#1615 = CARTESIAN_POINT('',(2.707241290811,-15.37832654461,
    4.456107347472));
#1616 = CARTESIAN_POINT('',(3.207424197318,-14.8406891993,4.759946784122
    ));
#1617 = CARTESIAN_POINT('',(3.625878408709,-14.29655459075,
    5.005001066359));
#1618 = CARTESIAN_POINT('',(3.983311158336,-13.6911507918,5.194290817733
    ));
#1619 = CARTESIAN_POINT('',(4.279736289034,-13.0188988745,5.321749139259
    ));
#1620 = CARTESIAN_POINT('',(4.513750277549,-12.27511412284,
    5.385915279183));
#1621 = CARTESIAN_POINT('',(4.718614661431,-11.62420939373,
    5.441889676161));
#1622 = CARTESIAN_POINT('',(4.875570203999,-10.91885530022,
    5.449374224683));
#1623 = CARTESIAN_POINT('',(4.984196513247,-10.15676689563,
    5.405451049631));
#1624 = CARTESIAN_POINT('',(5.039503595279,-9.344586838898,
    5.309320087316));
#1625 = CARTESIAN_POINT('',(5.040217464698,-8.496223386827,5.1650882048)
  );
#1626 = CARTESIAN_POINT('',(4.988494161549,-7.623539985847,
    4.980843324728));
#1627 = CARTESIAN_POINT('',(4.88797284141,-6.73341418333,4.765530782997)
  );
#1628 = CARTESIAN_POINT('',(4.742779740689,-5.830440765332,
    4.526414535054));
#1629 = CARTESIAN_POINT('',(4.557449894766,-4.918838825517,
    4.269064420991));
#1630 = CARTESIAN_POINT('',(4.336742501012,-4.00043487433,3.99886250044)
  );
#1631 = CARTESIAN_POINT('',(4.084988773174,-3.077934113167,
    3.717966474943));
#1632 = CARTESIAN_POINT('',(3.862314805581,-2.261948234903,
    3.469689583178));
#1633 = CARTESIAN_POINT('',(3.615366040876,-1.442717678755,
    3.213119046896));
#1634 = CARTESIAN_POINT('',(3.347070429603,-0.621743901967,
    2.950455099249));
#1635 = CARTESIAN_POINT('',(3.06029835351,0.199601676822,2.682730506976)
  );
#1636 = CARTESIAN_POINT('',(2.757386823586,1.019573802746,2.409818457911
    ));
#1637 = CARTESIAN_POINT('',(2.439802260083,1.83582993715,2.130795092848)
  );
#1638 = CARTESIAN_POINT('',(2.107960160437,2.645418602845,1.844505277957
    ));
#1639 = CARTESIAN_POINT('',(1.761219961232,3.444910887558,1.550180214466
    ));
#1640 = CARTESIAN_POINT('',(1.398073400025,4.230606471399,1.247955481665
    ));
#1641 = CARTESIAN_POINT('',(1.016544683232,4.998745543485,0.939138109973
    ));
#1642 = CARTESIAN_POINT('',(0.614820765898,5.745657973629,0.626071280229
    ));
#1643 = CARTESIAN_POINT('',(0.119485010673,6.666661870325,0.240062785785
    ));
#1644 = CARTESIAN_POINT('',(-0.406545619839,7.555427353423,
    -0.152391034194));
#1645 = CARTESIAN_POINT('',(-0.966538979698,8.405189265501,
    -0.546646573233));
#1646 = CARTESIAN_POINT('',(-1.564172512444,9.209502526386,
    -0.936094915814));
#1647 = CARTESIAN_POINT('',(-2.200733322353,9.961819709313,
    -1.310584085698));
#1648 = CARTESIAN_POINT('',(-2.875889540443,10.656212229287,
    -1.65928216026));
#1649 = CARTESIAN_POINT('',(-3.587183214075,11.286091738137,
    -1.970461020352));
#1650 = CARTESIAN_POINT('',(-4.327732827712,11.842618196635,
    -2.230304853402));
#1651 = CARTESIAN_POINT('',(-5.084423249418,12.315719240041,
    -2.425374045672));
#1652 = CARTESIAN_POINT('',(-5.840102393209,12.698291876872,
    -2.548783788475));
#1653 = CARTESIAN_POINT('',(-6.582997191547,12.98821225441,
    -2.598487582177));
#1654 = CARTESIAN_POINT('',(-7.211847757889,13.233462637529,
    -2.640588498472));
#1655 = CARTESIAN_POINT('',(-7.831596210547,13.412792217577,
    -2.629808838293));
#1656 = CARTESIAN_POINT('',(-8.435456651985,13.522844453885,
    -2.56553160652));
#1657 = CARTESIAN_POINT('',(-9.019151229821,13.566478188034,
    -2.446912357434));
#1658 = CARTESIAN_POINT('',(-9.583186409876,13.545912414264,
    -2.282000506255));
#1659 = CARTESIAN_POINT('',(-10.14355350403,13.460319389105,
    -2.064979033854));
#1660 = CARTESIAN_POINT('',(-10.69870870167,13.303928740189,
    -1.790302277497));
#1661 = CARTESIAN_POINT('',(-11.23045948057,13.073075019542,
    -1.464902373813));
#1662 = CARTESIAN_POINT('',(-11.7345637457,12.773166543217,
    -1.098895005363));
#1663 = CARTESIAN_POINT('',(-12.20265605716,12.409468275282,
    -0.70155905908));
#1664 = CARTESIAN_POINT('',(-12.629772549,11.989069865,-0.283007292945)
  );
#1665 = CARTESIAN_POINT('',(-13.08083492889,11.545127467016,
    0.159017667961));
#1666 = CARTESIAN_POINT('',(-13.48626557746,11.038162734705,
    0.624854670672));
#1667 = CARTESIAN_POINT('',(-13.84004118653,10.476672108301,
    1.103059923092));
#1668 = CARTESIAN_POINT('',(-14.13859988851,9.871586345071,
    1.582373132532));
#1669 = CARTESIAN_POINT('',(-14.38054786122,9.23484454102,2.054857300475
    ));
#1670 = CARTESIAN_POINT('',(-14.56442764379,8.577939322042,
    2.514695277976));
#1671 = CARTESIAN_POINT('',(-14.68745113704,7.911438399395,
    2.955880155666));
#1672 = CARTESIAN_POINT('',(-14.74635929225,7.245556231292,
    3.370883529841));
#1673 = CARTESIAN_POINT('',(-14.73982952206,6.590918077146,3.75123265373
    ));
#1674 = CARTESIAN_POINT('',(-14.67011089805,5.957727277869,
    4.089774450687));
#1675 = CARTESIAN_POINT('',(-14.53982622929,5.350615140754,4.38325133354
    ));
#1676 = CARTESIAN_POINT('',(-14.41235492934,4.756699985625,
    4.670466257537));
#1677 = CARTESIAN_POINT('',(-14.22691113091,4.187544793607,
    4.914340870955));
#1678 = CARTESIAN_POINT('',(-13.98614030822,3.64869939129,5.113490105256
    ));
#1679 = CARTESIAN_POINT('',(-13.69085840948,3.13843754039,5.264136610284
    ));
#1680 = CARTESIAN_POINT('',(-13.3481128159,2.653005898436,5.377482071227
    ));
#1681 = CARTESIAN_POINT('',(-12.93890707071,2.17042579253,5.453238285269
    ));
#1682 = CARTESIAN_POINT('',(-12.453352588,1.689947575976,5.480924770255)
  );
#1683 = CARTESIAN_POINT('',(-11.90236834771,1.229551891261,5.45718941136
    ));
#1684 = CARTESIAN_POINT('',(-11.29002876874,0.787970899465,
    5.389087955996));
#1685 = CARTESIAN_POINT('',(-10.62565304904,0.371711777799,
    5.278765945892));
#1686 = CARTESIAN_POINT('',(-9.91612880212,-1.734914454068E-02,
    5.133121830765));
#1687 = CARTESIAN_POINT('',(-9.724695310535,-0.122305066182,
    5.093879314678));
#1688 = CARTESIAN_POINT('',(-9.530006682651,-0.225289935833,
    5.051984603846));
#1689 = CARTESIAN_POINT('',(-9.3321931928,-0.326253496182,5.007594938348
    ));
#1690 = CARTESIAN_POINT('',(-9.131384042114,-0.425160057749,
    4.960858779222));
#1691 = CARTESIAN_POINT('',(-8.927707789026,-0.521986636432,
    4.911914238983));
#1692 = CARTESIAN_POINT('',(-8.721292779845,-0.616721091061,
    4.860887512147));
#1693 = CARTESIAN_POINT('',(-8.512267579233,-0.709360260947,
    4.807891305754));
#1694 = CARTESIAN_POINT('',(-8.300761400786,-0.799908103438,
    4.753023269881));
#1695 = CARTESIAN_POINT('',(-8.086904537527,-0.888373831465,
    4.69636442818));
#1696 = CARTESIAN_POINT('',(-7.870828792457,-0.974770051097,
    4.637977608379));
#1697 = CARTESIAN_POINT('',(-7.652667909076,-1.059110899092,
    4.577905872823));
#1698 = CARTESIAN_POINT('',(-7.415240739995,-1.150822738493,
    4.51315031553));
#1699 = CARTESIAN_POINT('',(-7.175374486541,-1.240118310294,
    4.446334222373));
#1700 = CARTESIAN_POINT('',(-6.933161437261,-1.327015759184,
    4.377696525571));
#1701 = CARTESIAN_POINT('',(-6.68868819531,-1.411551189526,
    4.307457652631));
#1702 = CARTESIAN_POINT('',(-6.442039564679,-1.493773890072,
    4.235814278742));
#1703 = CARTESIAN_POINT('',(-6.193302436306,-1.573741558665,
    4.162934079106));
#1704 = CARTESIAN_POINT('',(-5.942569674347,-1.651515526958,
    4.088950481361));
#1705 = CARTESIAN_POINT('',(-5.689944002264,-1.727155985112,
    4.013957417889));
#1706 = CARTESIAN_POINT('',(-5.435541889089,-1.800717206519,
    3.93800407825));
#1707 = CARTESIAN_POINT('',(-5.179497435547,-1.872242772501,
    3.861089661502));
#1708 = CARTESIAN_POINT('',(-4.921966260268,-1.941760797024,
    3.783158128602));
#1709 = CARTESIAN_POINT('',(-4.665994482886,-2.010743411659,
    3.703338703168));
#1710 = CARTESIAN_POINT('',(-4.407176917206,-2.078185119413,
    3.625279289862));
#1711 = CARTESIAN_POINT('',(-4.146335756215,-2.143992772086,
    3.54751277775));
#1712 = CARTESIAN_POINT('',(-3.884188871851,-2.208008198903,
    3.468837586828));
#1713 = CARTESIAN_POINT('',(-3.621269497191,-2.270052705945,
    3.388447546951));
#1714 = CARTESIAN_POINT('',(-3.357859836451,-2.329989438067,
    3.306035564287));
#1715 = CARTESIAN_POINT('',(-3.093938602734,-2.387803603299,
    3.221871075227));
#1716 = CARTESIAN_POINT('',(-2.829142483605,-2.44370055975,
    3.136851287826));
#1717 = CARTESIAN_POINT('',(-2.562741534414,-2.498221764973,3.0525262107
    ));
#1718 = CARTESIAN_POINT('',(-2.293628499428,-2.552378587845,
    2.971097469451));
#1719 = CARTESIAN_POINT('',(-2.020322060741,-2.607803982913,
    2.895390910558));
#1720 = CARTESIAN_POINT('',(-1.741232455539,-2.661034706994,
    2.80421915458));
#1721 = CARTESIAN_POINT('',(-1.463982916979,-2.710478945986,
    2.707435420277));
#1722 = CARTESIAN_POINT('',(-1.185170986119,-2.758371413047,
    2.611667245692));
#1723 = CARTESIAN_POINT('',(-0.902620724804,-2.806661491027,
    2.520964911125));
#1724 = CARTESIAN_POINT('',(-0.615501033977,-2.85648999748,
    2.436800925696));
#1725 = CARTESIAN_POINT('',(-0.324704554983,-2.907968453875,
    2.35751887791));
#1726 = CARTESIAN_POINT('',(-3.29980736305E-02,-2.959559119385,
    2.278189319732));
#1727 = CARTESIAN_POINT('',(0.255185786873,-3.007051915,2.191154627509)
  );
#1728 = CARTESIAN_POINT('',(0.534086931771,-3.042832228031,
    2.086869056398));
#1729 = CARTESIAN_POINT('',(0.796498700666,-3.05683145251,1.953964478775
    ));
#1730 = CARTESIAN_POINT('',(1.032244928553,-3.041249985414,
    1.776796570531));
#1731 = CARTESIAN_POINT('',(1.1832119897,-7.,1.972310672138));
#1732 = CARTESIAN_POINT('',(1.439877768029,-6.987086422102,
    1.818231786817));
#1733 = CARTESIAN_POINT('',(1.696396198761,-6.991245646383,
    1.664256220315));
#1734 = CARTESIAN_POINT('',(1.953345620551,-7.007558542554,
    1.510491869077));
#1735 = CARTESIAN_POINT('',(2.210670217352,-7.031524372123,
    1.356372197987));
#1736 = CARTESIAN_POINT('',(2.468130597232,-7.059036456387,
    1.201363756122));
#1737 = CARTESIAN_POINT('',(2.725536972091,-7.086435392191,
    1.045293603808));
#1738 = CARTESIAN_POINT('',(2.982822578606,-7.11059979873,0.888399532522
    ));
#1739 = CARTESIAN_POINT('',(3.240014980938,-7.12903457872,0.731205959195
    ));
#1740 = CARTESIAN_POINT('',(3.49716289546,-7.13991667716,0.574328376459)
  );
#1741 = CARTESIAN_POINT('',(3.754276178088,-7.142058321048,
    0.418309240383));
#1742 = CARTESIAN_POINT('',(4.011336614476,-7.134747723262,0.26358817725
    ));
#1743 = CARTESIAN_POINT('',(4.285081837354,-7.142808774872,
    9.642320066933E-02));
#1744 = CARTESIAN_POINT('',(4.558744025694,-7.144375116835,
    -7.047064516297E-02));
#1745 = CARTESIAN_POINT('',(4.832374385538,-7.140299398773,
    -0.236944023441));
#1746 = CARTESIAN_POINT('',(5.106002880234,-7.131258583022,
    -0.402924341206));
#1747 = CARTESIAN_POINT('',(5.379645382481,-7.117752921418,
    -0.568377572398));
#1748 = CARTESIAN_POINT('',(5.653309000422,-7.100110515305,
    -0.733276825055));
#1749 = CARTESIAN_POINT('',(5.926995577874,-7.078497458902,
    -0.897577652706));
#1750 = CARTESIAN_POINT('',(6.200703368579,-7.052933565858,
    -1.061200109923));
#1751 = CARTESIAN_POINT('',(6.474426884597,-7.02331367917,
    -1.224017552039));
#1752 = CARTESIAN_POINT('',(6.748154918734,-6.989434564316,
    -1.385852179052));
#1753 = CARTESIAN_POINT('',(7.021866741083,-6.951027385708,
    -1.546477323685));
#1754 = CARTESIAN_POINT('',(7.270624312753,-6.914668851251,
    -1.69195289738));
#1755 = CARTESIAN_POINT('',(7.519399781048,-6.875253305554,
    -1.836638671958));
#1756 = CARTESIAN_POINT('',(7.768171213674,-6.832386876464,
    -1.980327438564));
#1757 = CARTESIAN_POINT('',(8.016916311605,-6.78577644018,
    -2.122824896554));
#1758 = CARTESIAN_POINT('',(8.265612371438,-6.735217291989,
    -2.263951282025));
#1759 = CARTESIAN_POINT('',(8.514236247695,-6.680580816998,
    -2.403542996309));
#1760 = CARTESIAN_POINT('',(8.762764315185,-6.621802160872,
    -2.541454234495));
#1761 = CARTESIAN_POINT('',(9.011172431314,-6.558867900559,
    -2.677558613936));
#1762 = CARTESIAN_POINT('',(9.259435898426,-6.491803715041,
    -2.811750802762));
#1763 = CARTESIAN_POINT('',(9.507529426141,-6.42066205605,
    -2.943948148393));
#1764 = CARTESIAN_POINT('',(9.755427093672,-6.345509818816,
    -3.074092306045));
#1765 = CARTESIAN_POINT('',(10.033205342021,-6.261118304546,
    -3.219832223655));
#1766 = CARTESIAN_POINT('',(10.310707215088,-6.171395062012,
    -3.362818008382));
#1767 = CARTESIAN_POINT('',(10.58787708089,-6.076286763916,
    -3.502855677412));
#1768 = CARTESIAN_POINT('',(10.864649574769,-5.975726538186,
    -3.639735972264));
#1769 = CARTESIAN_POINT('',(11.140948220904,-5.869637535742,
    -3.773235264496));
#1770 = CARTESIAN_POINT('',(11.416684054081,-5.757936498283,
    -3.903116461434));
#1771 = CARTESIAN_POINT('',(11.69175424109,-5.640537326042,
    -4.029129911847));
#1772 = CARTESIAN_POINT('',(11.966040702566,-5.517354645582,
    -4.151014311708));
#1773 = CARTESIAN_POINT('',(12.239408734392,-5.388307377544,
    -4.268497609852));
#1774 = CARTESIAN_POINT('',(12.511705629456,-5.253322304445,
    -4.381297913731));
#1775 = CARTESIAN_POINT('',(12.782759299179,-5.112337638435,
    -4.489124395096));
#1776 = CARTESIAN_POINT('',(13.691617413466,-4.639643286612,
    -4.850695482141));
#1777 = CARTESIAN_POINT('',(14.586447867661,-4.099297049326,
    -5.156182751932));
#1778 = CARTESIAN_POINT('',(15.460740395116,-3.48934632957,
    -5.394906723067));
#1779 = CARTESIAN_POINT('',(16.305559008689,-2.80609409265,
    -5.552969282558));
#1780 = CARTESIAN_POINT('',(17.106619109205,-2.052710374031,
    -5.617620097865));
#1781 = CARTESIAN_POINT('',(17.849566793931,-1.228608738403,
    -5.572839773129));
#1782 = CARTESIAN_POINT('',(18.508720201412,-0.345790643138,
    -5.404096395604));
#1783 = CARTESIAN_POINT('',(19.058991765031,0.569641148779,
    -5.111190193977));
#1784 = CARTESIAN_POINT('',(19.496007986495,1.496034351499,
    -4.710641493215));
#1785 = CARTESIAN_POINT('',(19.81445936108,2.41503509502,-4.216885229845
    ));
#1786 = CARTESIAN_POINT('',(20.018326978836,3.313648761677,
    -3.648296223592));
#1787 = CARTESIAN_POINT('',(20.221110187651,4.208060218919,
    -3.082267756567));
#1788 = CARTESIAN_POINT('',(20.310078944654,5.082227405163,
    -2.441925794541));
#1789 = CARTESIAN_POINT('',(20.287255876026,5.923052534177,
    -1.744191733214));
#1790 = CARTESIAN_POINT('',(20.159786997086,6.722279554044,
    -1.007016832231));
#1791 = CARTESIAN_POINT('',(19.935298863889,7.476058602482,
    -0.245408816052));
#1792 = CARTESIAN_POINT('',(19.621098169315,8.183102645376,
    0.528225239066));
#1793 = CARTESIAN_POINT('',(19.223933761867,8.843070142168,
    1.303412775979));
#1794 = CARTESIAN_POINT('',(18.749449120664,9.455551238373,
    2.071402041772));
#1795 = CARTESIAN_POINT('',(18.201732894385,10.019371382062,
    2.824633059197));
#1796 = CARTESIAN_POINT('',(17.58352620137,10.53185539522,3.555256176339
    ));
#1797 = CARTESIAN_POINT('',(16.896667996501,10.98821690516,
    4.253865710061));
#1798 = CARTESIAN_POINT('',(16.208592150567,11.445386731549,
    4.953712998292));
#1799 = CARTESIAN_POINT('',(15.451797652196,11.846361959753,
    5.621501922366));
#1800 = CARTESIAN_POINT('',(14.628035589499,12.186321790599,
    6.247851961536));
#1801 = CARTESIAN_POINT('',(13.739338658106,12.458786732692,
    6.821688440444));
#1802 = CARTESIAN_POINT('',(12.788710627512,12.656475609487,
    7.331420537342));
#1803 = CARTESIAN_POINT('',(11.779628588658,12.768335117735,7.7601219344
    ));
#1804 = CARTESIAN_POINT('',(10.726466566813,12.785309803022,
    8.090127354598));
#1805 = CARTESIAN_POINT('',(9.653738416929,12.706790337657,
    8.312435943431));
#1806 = CARTESIAN_POINT('',(8.582405001771,12.540502807518,
    8.430740005946));
#1807 = CARTESIAN_POINT('',(7.525577348467,12.297453147387,
    8.455421949354));
#1808 = CARTESIAN_POINT('',(6.492955647436,11.986990714903,
    8.396130350892));
#1809 = CARTESIAN_POINT('',(5.366507155028,11.648424613221,
    8.331580228134));
#1810 = CARTESIAN_POINT('',(4.268739007655,11.229869735145,
    8.167416314306));
#1811 = CARTESIAN_POINT('',(3.211519331916,10.744868910466,
    7.918074952074));
#1812 = CARTESIAN_POINT('',(2.19944958856,10.206823529568,7.600289681179
    ));
#1813 = CARTESIAN_POINT('',(1.231279096212,9.626092089324,7.228367046385
    ));
#1814 = CARTESIAN_POINT('',(0.304003303077,9.010017596484,6.813060461933
    ));
#1815 = CARTESIAN_POINT('',(-0.585241157522,8.363955808981,
    6.362198524612));
#1816 = CARTESIAN_POINT('',(-1.439184094261,7.692063614907,5.88161603864
    ));
#1817 = CARTESIAN_POINT('',(-2.260128305207,6.997372432437,
    5.375606869781));
#1818 = CARTESIAN_POINT('',(-3.048532325063,6.28151535823,4.847067583415
    ));
#1819 = CARTESIAN_POINT('',(-3.804311962281,5.545398900241,
    4.298729641611));
#1820 = CARTESIAN_POINT('',(-4.621384465259,4.749436382364,
    3.705818106952));
#1821 = CARTESIAN_POINT('',(-5.400324894857,3.9297899952,3.089778853694)
  );
#1822 = CARTESIAN_POINT('',(-6.140280736718,3.087179143219,
    2.453837773134));
#1823 = CARTESIAN_POINT('',(-6.839463305943,2.221335111153,
    1.800755905737));
#1824 = CARTESIAN_POINT('',(-7.493951010196,1.330279607124,
    1.133868797413));
#1825 = CARTESIAN_POINT('',(-8.098746936786,0.410930477367,0.45806392677
    ));
#1826 = CARTESIAN_POINT('',(-8.649157637551,-0.53997856823,
    -0.219858209324));
#1827 = CARTESIAN_POINT('',(-9.141373194656,-1.525247968845,
    -0.891534310639));
#1828 = CARTESIAN_POINT('',(-9.571941861357,-2.546986401381,
    -1.547735293953));
#1829 = CARTESIAN_POINT('',(-9.936645780813,-3.60653387095,
    -2.178586169899));
#1830 = CARTESIAN_POINT('',(-10.23009749692,-4.703829317714,
    -2.772025373598));
#1831 = CARTESIAN_POINT('',(-10.48915341512,-5.672372683437,
    -3.295860152751));
#1832 = CARTESIAN_POINT('',(-10.69258963165,-6.670376014081,
    -3.790489385715));
#1833 = CARTESIAN_POINT('',(-10.83722011374,-7.697591450715,
    -4.247968666743));
#1834 = CARTESIAN_POINT('',(-10.91776824859,-8.75311980667,
    -4.658430074113));
#1835 = CARTESIAN_POINT('',(-10.92967971846,-9.835270711942,
    -5.011725220838));
#1836 = CARTESIAN_POINT('',(-10.86591630276,-10.93821288652,
    -5.294490068312));
#1837 = CARTESIAN_POINT('',(-10.71833080415,-12.05557672881,
    -5.491752252133));
#1838 = CARTESIAN_POINT('',(-10.4785475626,-13.17427398039,
    -5.585449179514));
#1839 = CARTESIAN_POINT('',(-10.14072876734,-14.26680544737,
    -5.556761680974));
#1840 = CARTESIAN_POINT('',(-9.711259977636,-15.30557347081,
    -5.402752123567));
#1841 = CARTESIAN_POINT('',(-9.200304890643,-16.26653688272,
    -5.128186197185));
#1842 = CARTESIAN_POINT('',(-8.714062007222,-17.18113293304,
    -4.866932382403));
#1843 = CARTESIAN_POINT('',(-8.154019060777,-18.02526904883,
    -4.496494263138));
#1844 = CARTESIAN_POINT('',(-7.52962604904,-18.77889582275,
    -4.021943414465));
#1845 = CARTESIAN_POINT('',(-6.854433922857,-19.42444805052,
    -3.455558371724));
#1846 = CARTESIAN_POINT('',(-6.144421414509,-19.95543192823,
    -2.817904471128));
#1847 = CARTESIAN_POINT('',(-5.411956152429,-20.37328177202,
    -2.128603906928));
#1848 = CARTESIAN_POINT('',(-4.664630824536,-20.68235865251,
    -1.402834402842));
#1849 = CARTESIAN_POINT('',(-3.907954968575,-20.88733860446,
    -0.653570024814));
#1850 = CARTESIAN_POINT('',(-3.147063595149,-20.99317112242,
    0.10687890765));
#1851 = CARTESIAN_POINT('',(-2.385225283906,-21.00527948773,
    0.869358124816));
#1852 = CARTESIAN_POINT('',(-1.625994639096,-20.92672308868,
    1.625045207954));
#1853 = CARTESIAN_POINT('',(-0.711161303561,-20.83208932739,
    2.535609755386));
#1854 = CARTESIAN_POINT('',(0.199880497167,-20.60606259146,
    3.436321208397));
#1855 = CARTESIAN_POINT('',(1.101117995844,-20.25430414684,
    4.311997111045));
#1856 = CARTESIAN_POINT('',(1.986127821604,-19.78205774573,5.14883954758
    ));
#1857 = CARTESIAN_POINT('',(2.850559474039,-19.18418441617,
    5.935959806914));
#1858 = CARTESIAN_POINT('',(3.677947692411,-18.46247891383,
    6.650223450226));
#1859 = CARTESIAN_POINT('',(4.466492380351,-17.60247195316,7.28194467515
    ));
#1860 = CARTESIAN_POINT('',(5.179050301881,-16.60204380943,
    7.779153594591));
#1861 = CARTESIAN_POINT('',(5.795632896801,-15.49716948786,
    8.128902998596));
#1862 = CARTESIAN_POINT('',(6.306953533325,-14.32029778174,
    8.331381167988));
#1863 = CARTESIAN_POINT('',(6.714227782478,-13.10021249207,
    8.399442905564));
#1864 = CARTESIAN_POINT('',(7.070594232034,-12.03243995172,
    8.458928159281));
#1865 = CARTESIAN_POINT('',(7.347266599179,-10.931588847,8.41546623212)
  );
#1866 = CARTESIAN_POINT('',(7.544354431598,-9.816632511962,
    8.276678169796));
#1867 = CARTESIAN_POINT('',(7.668420181192,-8.704086035005,
    8.057821215258));
#1868 = CARTESIAN_POINT('',(7.728316394089,-7.602356776484,
    7.774147924254));
#1869 = CARTESIAN_POINT('',(7.732428450033,-6.514895194976,
    7.438182958888));
#1870 = CARTESIAN_POINT('',(7.687660349412,-5.443264106267,
    7.059538585019));
#1871 = CARTESIAN_POINT('',(7.599594110133,-4.388035484999,
    6.645585949092));
#1872 = CARTESIAN_POINT('',(7.472885733773,-3.348921530655,
    6.202012096549));
#1873 = CARTESIAN_POINT('',(7.311132429567,-2.325750956881,
    5.733022419859));
#1874 = CARTESIAN_POINT('',(7.116156847139,-1.318812326038,
    5.241694787008));
#1875 = CARTESIAN_POINT('',(6.943786346942,-0.42818879626,4.807180636902
    ));
#1876 = CARTESIAN_POINT('',(6.745465014712,0.449757238811,4.355201454357
    ));
#1877 = CARTESIAN_POINT('',(6.522739243896,1.314985807579,3.888051008935
    ));
#1878 = CARTESIAN_POINT('',(6.276358181991,2.167270056109,3.407313520789
    ));
#1879 = CARTESIAN_POINT('',(6.006167057091,3.00604275026,2.914263983257)
  );
#1880 = CARTESIAN_POINT('',(5.711170026206,3.830407380975,2.410224665542
    ));
#1881 = CARTESIAN_POINT('',(5.389709496257,4.63924925227,1.896856245999)
  );
#1882 = CARTESIAN_POINT('',(5.039708868477,5.431381931022,1.376362026801
    ));
#1883 = CARTESIAN_POINT('',(4.658925657034,6.205664438475,0.851583680328
    ));
#1884 = CARTESIAN_POINT('',(4.245161932726,6.961024562278,0.325966978183
    ));
#1885 = CARTESIAN_POINT('',(3.796379042468,7.696323669016,
    -0.196624046845));
#1886 = CARTESIAN_POINT('',(3.243020041578,8.602993540412,
    -0.841009150365));
#1887 = CARTESIAN_POINT('',(2.636433487668,9.479171751422,
    -1.480800254504));
#1888 = CARTESIAN_POINT('',(1.97286782654,10.322813626965,
    -2.108756382362));
#1889 = CARTESIAN_POINT('',(1.249018598448,11.131660256456,
    -2.716512393428));
#1890 = CARTESIAN_POINT('',(0.461801358193,11.903324488935,
    -3.294841955783));
#1891 = CARTESIAN_POINT('',(-0.390955553041,12.634223258568,
    -3.833462195523));
#1892 = CARTESIAN_POINT('',(-1.311150113747,13.319144844881,
    -4.320719565046));
#1893 = CARTESIAN_POINT('',(-2.300780631213,13.950603320966,
    -4.742520044482));
#1894 = CARTESIAN_POINT('',(-3.359623663401,14.517058379946,
    -5.080591050435));
#1895 = CARTESIAN_POINT('',(-4.479965536628,15.001566953381,
    -5.312587371419));
#1896 = CARTESIAN_POINT('',(-5.643332505036,15.387483547251,
    -5.420679082384));
#1897 = CARTESIAN_POINT('',(-6.628058806454,15.714083818665,
    -5.512111664997));
#1898 = CARTESIAN_POINT('',(-7.643548980963,15.970187471586,
    -5.514936269388));
#1899 = CARTESIAN_POINT('',(-8.679051816524,16.144935155395,
    -5.417388446806));
#1900 = CARTESIAN_POINT('',(-9.717398111324,16.229636775419,
    -5.212541600426));
#1901 = CARTESIAN_POINT('',(-10.73808351303,16.21384002059,
    -4.893258275181));
#1902 = CARTESIAN_POINT('',(-11.71169303155,16.096878721001,
    -4.468519613223));
#1903 = CARTESIAN_POINT('',(-12.6188351405,15.887064126458,
    -3.956773884016));
#1904 = CARTESIAN_POINT('',(-13.45325102995,15.594205530855,
    -3.375349892326));
#1905 = CARTESIAN_POINT('',(-14.20793647739,15.226359915379,
    -2.740025312147));
#1906 = CARTESIAN_POINT('',(-14.88246757818,14.79204737318,
    -2.065291111172));
#1907 = CARTESIAN_POINT('',(-15.47676484007,14.298063944518,
    -1.3634787451));
#1908 = CARTESIAN_POINT('',(-16.10438514719,13.77639771387,
    -0.622329556824));
#1909 = CARTESIAN_POINT('',(-16.64262675388,13.188266043977,
    0.148981222271));
#1910 = CARTESIAN_POINT('',(-17.09174489885,12.541914284547,
    0.93584859311));
#1911 = CARTESIAN_POINT('',(-17.45419856902,11.844213041594,
    1.725942294892));
#1912 = CARTESIAN_POINT('',(-17.73304917998,11.101169172873,
    2.50897618679));
#1913 = CARTESIAN_POINT('',(-17.93050625258,10.317720761383,
    3.276538767624));
#1914 = CARTESIAN_POINT('',(-18.0467079318,9.497652703273,4.021214698605
    ));
#1915 = CARTESIAN_POINT('',(-18.07898660164,8.644116909248,
    4.734924714128));
#1916 = CARTESIAN_POINT('',(-18.02203226307,7.760888480397,
    5.407108825429));
#1917 = CARTESIAN_POINT('',(-17.86952874946,6.854136582058,
    6.024075241963));
#1918 = CARTESIAN_POINT('',(-17.61800026658,5.934136101342,
    6.571534955062));
#1919 = CARTESIAN_POINT('',(-17.3719599549,5.034055744351,7.107177395904
    ));
#1920 = CARTESIAN_POINT('',(-17.03101519649,4.121265858703,
    7.576211988455));
#1921 = CARTESIAN_POINT('',(-16.59260404055,3.205497376021,
    7.965733957487));
#1922 = CARTESIAN_POINT('',(-16.05543939827,2.299199018719,
    8.262036982466));
#1923 = CARTESIAN_POINT('',(-15.42377725798,1.419526180815,
    8.452458763625));
#1924 = CARTESIAN_POINT('',(-14.71438664218,0.586436575115,
    8.534645115096));
#1925 = CARTESIAN_POINT('',(-13.9475630842,-0.189485407998,
    8.519055868067));
#1926 = CARTESIAN_POINT('',(-13.13846557646,-0.908043013406,
    8.420832819782));
#1927 = CARTESIAN_POINT('',(-12.29788226184,-1.569939610309,
    8.251459972992));
#1928 = CARTESIAN_POINT('',(-11.43428321303,-2.177787118159,
    8.022130708924));
#1929 = CARTESIAN_POINT('',(-10.55374010036,-2.735535863924,
    7.742556657406));
#1930 = CARTESIAN_POINT('',(-10.31619395448,-2.886023355341,
    7.66715253347));
#1931 = CARTESIAN_POINT('',(-10.07740652157,-3.032833225432,
    7.588060297819));
#1932 = CARTESIAN_POINT('',(-9.837500959591,-3.176052847989,
    7.505483497305));
#1933 = CARTESIAN_POINT('',(-9.596586745329,-3.31576890938,
    7.419610109561));
#1934 = CARTESIAN_POINT('',(-9.354760956996,-3.452065809305,
    7.330613098822));
#1935 = CARTESIAN_POINT('',(-9.112109556583,-3.58502406147,
    7.238650971699));
#1936 = CARTESIAN_POINT('',(-8.86870867256,-3.714718694386,
    7.143868333018));
#1937 = CARTESIAN_POINT('',(-8.62462588218,-3.841217652018,
    7.046396441592));
#1938 = CARTESIAN_POINT('',(-8.37992149417,-3.96458019458,6.946353766049
    ));
#1939 = CARTESIAN_POINT('',(-8.1346498311,-4.084855299214,6.843846540618
    ));
#1940 = CARTESIAN_POINT('',(-7.888860511977,-4.202080060743,
    6.738969320946));
#1941 = CARTESIAN_POINT('',(-7.621669372934,-4.329778779273,
    6.625128845816));
#1942 = CARTESIAN_POINT('',(-7.353862757757,-4.453846206783,
    6.508459116983));
#1943 = CARTESIAN_POINT('',(-7.085511183441,-4.574412962341,
    6.38914405731));
#1944 = CARTESIAN_POINT('',(-6.816676136756,-4.691604496664,
    6.267347390639));
#1945 = CARTESIAN_POINT('',(-6.547411115875,-4.805536993597,
    6.143213494445));
#1946 = CARTESIAN_POINT('',(-6.277762672124,-4.916313271539,
    6.016868252442));
#1947 = CARTESIAN_POINT('',(-6.007771451535,-5.024018684954,
    5.888419907254));
#1948 = CARTESIAN_POINT('',(-5.737473236652,-5.128717025775,
    5.757959913017));
#1949 = CARTESIAN_POINT('',(-5.466899988069,-5.230446424916,
    5.625563788043));
#1950 = CARTESIAN_POINT('',(-5.196080886207,-5.329215253695,
    5.491291967435));
#1951 = CARTESIAN_POINT('',(-4.925043372913,-5.42499802532,
    5.355190655734));
#1952 = CARTESIAN_POINT('',(-4.654565573593,-5.519489774579,
    5.218877659594));
#1953 = CARTESIAN_POINT('',(-4.383878674967,-5.612458784714,
    5.081443484206));
#1954 = CARTESIAN_POINT('',(-4.112998041515,-5.703184234119,
    4.942522687424));
#1955 = CARTESIAN_POINT('',(-3.841951996504,-5.791036039994,
    4.801870096269));
#1956 = CARTESIAN_POINT('',(-3.570769894709,-5.87555841033,
    4.659377938214));
#1957 = CARTESIAN_POINT('',(-3.299474563314,-5.956544249401,
    4.515077974299));
#1958 = CARTESIAN_POINT('',(-3.028079110733,-6.034100416338,
    4.369128633915));
#1959 = CARTESIAN_POINT('',(-2.75658810369,-6.108703837396,4.22178715147
    ));
#1960 = CARTESIAN_POINT('',(-2.485003112199,-6.181248471189,
    4.073366704694));
#1961 = CARTESIAN_POINT('',(-2.213332622752,-6.253083127603,
    3.924178554812));
#1962 = CARTESIAN_POINT('',(-1.941606319503,-6.326040139818,
    3.774459188412));
#1963 = CARTESIAN_POINT('',(-1.657789232979,-6.395014113687,
    3.616274153409));
#1964 = CARTESIAN_POINT('',(-1.373950633897,-6.457912249683,
    3.456036297402));
#1965 = CARTESIAN_POINT('',(-1.090027406563,-6.518586161505,
    3.294915422111));
#1966 = CARTESIAN_POINT('',(-0.806001437626,-6.579576032683,
    3.133381228298));
#1967 = CARTESIAN_POINT('',(-0.521847150101,-6.641930215941,
    2.971424784906));
#1968 = CARTESIAN_POINT('',(-0.237652117882,-6.704839969779,
    2.808537238465));
#1969 = CARTESIAN_POINT('',(4.639952039701E-02,-6.765379596717,
    2.643952796676));
#1970 = CARTESIAN_POINT('',(0.330230720464,-6.818489134136,2.47722316747
    ));
#1971 = CARTESIAN_POINT('',(0.614051727864,-6.857183634713,2.30875078187
    ));
#1972 = CARTESIAN_POINT('',(0.898045864275,-6.872819959939,
    2.139468276437));
#1973 = CARTESIAN_POINT('',(1.180829550324,-6.85509889633,1.968411858131
    ));
#1974 = DEFINITIONAL_REPRESENTATION('',(#1975),#1978);
#1975 = B_SPLINE_CURVE_WITH_KNOTS('',1,(#1976,#1977),.UNSPECIFIED.,.F.,
  .F.,(2,2),(0.,1.),.PIECEWISE_BEZIER_KNOTS.);
#1976 = CARTESIAN_POINT('',(6.28318530718,0.));
#1977 = CARTESIAN_POINT('',(6.28318530718,1.));
#1978 = ( GEOMETRIC_REPRESENTATION_CONTEXT(2) 
PARAMETRIC_REPRESENTATION_CONTEXT() REPRESENTATION_CONTEXT('2D SPACE',''
  ) );
#1979 = PCURVE('',#272,#1980);
#1980 = DEFINITIONAL_REPRESENTATION('',(#1981),#1985);
#1981 = LINE('',#1982,#1983);
#1982 = CARTESIAN_POINT('',(0.,0.));
#1983 = VECTOR('',#1984,1.);
#1984 = DIRECTION('',(0.,1.));
#1985 = ( GEOMETRIC_REPRESENTATION_CONTEXT(2) 
PARAMETRIC_REPRESENTATION_CONTEXT() REPRESENTATION_CONTEXT('2D SPACE',''
  ) );
#1986 = ORIENTED_EDGE('',*,*,#1987,.F.);
#1987 = EDGE_CURVE('',#24,#24,#1988,.T.);
#1988 = SURFACE_CURVE('',#1989,(#1997),.PCURVE_S1.);
#1989 = ( BOUNDED_CURVE() B_SPLINE_CURVE(6,(#1990,#1991,#1992,#1993,
#1994,#1995,#1996),.UNSPECIFIED.,.T.,.F.) B_SPLINE_CURVE_WITH_KNOTS((1,6
    ,6,1),(-6.28318530718,0.,6.28318530718,12.566370614359),
.UNSPECIFIED.) CURVE() GEOMETRIC_REPRESENTATION_ITEM() 
RATIONAL_B_SPLINE_CURVE((1.669078461068,1.03672962321,1.038346699848,
    0.853534330196,1.038346699848,1.03672962321,1.669078461068)) 
REPRESENTATION_ITEM('') );
#1990 = CARTESIAN_POINT('',(1.180829550324,-6.85509889633,1.968411858131
    ));
#1991 = CARTESIAN_POINT('',(1.329414172094,-10.66894780724,
    2.160027145731));
#1992 = CARTESIAN_POINT('',(-1.075322820961,-11.5142579029,
    -1.85665718147));
#1993 = CARTESIAN_POINT('',(-3.246238497624,-7.398350075972,
    -5.411394346707));
#1994 = CARTESIAN_POINT('',(-1.41516051032,-2.791352490458,
    -2.294913145027));
#1995 = CARTESIAN_POINT('',(1.032244928553,-3.041249985414,
    1.776796570531));
#1996 = CARTESIAN_POINT('',(1.180829550324,-6.85509889633,1.968411858131
    ));
#1997 = PCURVE('',#272,#1998);
#1998 = DEFINITIONAL_REPRESENTATION('',(#1999),#2003);
#1999 = LINE('',#2000,#2001);
#2000 = CARTESIAN_POINT('',(0.,1.));
#2001 = VECTOR('',#2002,1.);
#2002 = DIRECTION('',(1.,0.));
#2003 = ( GEOMETRIC_REPRESENTATION_CONTEXT(2) 
PARAMETRIC_REPRESENTATION_CONTEXT() REPRESENTATION_CONTEXT('2D SPACE',''
  ) );
#2004 = ORIENTED_EDGE('',*,*,#21,.F.);
#2005 = ORIENTED_EDGE('',*,*,#2006,.T.);
#2006 = EDGE_CURVE('',#22,#22,#2007,.T.);
#2007 = SURFACE_CURVE('',#2008,(#2016,#2023),.PCURVE_S1.);
#2008 = ( BOUNDED_CURVE() B_SPLINE_CURVE(6,(#2009,#2010,#2011,#2012,
#2013,#2014,#2015),.UNSPECIFIED.,.T.,.F.) B_SPLINE_CURVE_WITH_KNOTS((1,6
    ,6,1),(-6.28318530718,0.,6.28318530718,12.566370614359),
.UNSPECIFIED.) CURVE() GEOMETRIC_REPRESENTATION_ITEM() 
RATIONAL_B_SPLINE_CURVE((1.669078461068,1.03672962321,1.038346699848,
    0.853534330196,1.038346699848,1.03672962321,1.669078461068)) 
REPRESENTATION_ITEM('') );
#2009 = CARTESIAN_POINT('',(1.1832119897,-7.,1.972310672138));
#2010 = CARTESIAN_POINT('',(1.207931708123,-10.82144034896,
    1.957481027076));
#2011 = CARTESIAN_POINT('',(-1.219485013492,-11.37013414558,
    -2.096855580208));
#2012 = CARTESIAN_POINT('',(-3.252788102025,-7.,-5.422112642261));
#2013 = CARTESIAN_POINT('',(-1.276023112054,-2.629865854419,
    -2.062937720796));
#2014 = CARTESIAN_POINT('',(1.158492271276,-3.178559651033,
    1.987140317201));
#2015 = CARTESIAN_POINT('',(1.1832119897,-7.,1.972310672138));
#2016 = PCURVE('',#272,#2017);
#2017 = DEFINITIONAL_REPRESENTATION('',(#2018),#2022);
#2018 = LINE('',#2019,#2020);
#2019 = CARTESIAN_POINT('',(0.,0.));
#2020 = VECTOR('',#2021,1.);
#2021 = DIRECTION('',(1.,0.));
#2022 = ( GEOMETRIC_REPRESENTATION_CONTEXT(2) 
PARAMETRIC_REPRESENTATION_CONTEXT() REPRESENTATION_CONTEXT('2D SPACE',''
  ) );
#2023 = PCURVE('',#2024,#2029);
#2024 = PLANE('',#2025);
#2025 = AXIS2_PLACEMENT_3D('',#2026,#2027,#2028);
#2026 = CARTESIAN_POINT('',(1.874482705283E-04,-7.,3.124598370932E-04));
#2027 = DIRECTION('',(0.857501982167,7.5432167994E-03,-0.514425359465));
#2028 = DIRECTION('',(0.514439995522,0.,0.857526379191));
#2029 = DEFINITIONAL_REPRESENTATION('',(#2030),#2038);
#2030 = ( BOUNDED_CURVE() B_SPLINE_CURVE(6,(#2031,#2032,#2033,#2034,
#2035,#2036,#2037),.UNSPECIFIED.,.T.,.F.) B_SPLINE_CURVE_WITH_KNOTS((1,6
    ,6,1),(-6.28318530718,0.,6.28318530718,12.566370614359),
.UNSPECIFIED.) CURVE() GEOMETRIC_REPRESENTATION_ITEM() 
RATIONAL_B_SPLINE_CURVE((1.669078461068,1.03672962321,1.038346699848,
    0.853534330196,1.038346699848,1.03672962321,1.669078461068)) 
REPRESENTATION_ITEM('') );
#2031 = CARTESIAN_POINT('',(2.29963562656,2.48689957516E-14));
#2032 = CARTESIAN_POINT('',(2.29963562656,3.821549073813));
#2033 = CARTESIAN_POINT('',(-2.425825211701,4.370258481465));
#2034 = CARTESIAN_POINT('',(-6.32333329176,-4.440892098501E-14));
#2035 = CARTESIAN_POINT('',(-2.425825211701,-4.370258481465));
#2036 = CARTESIAN_POINT('',(2.29963562656,-3.821549073813));
#2037 = CARTESIAN_POINT('',(2.29963562656,2.48689957516E-14));
#2038 = ( GEOMETRIC_REPRESENTATION_CONTEXT(2) 
PARAMETRIC_REPRESENTATION_CONTEXT() REPRESENTATION_CONTEXT('2D SPACE',''
  ) );
#2039 = ADVANCED_FACE('',(#2040),#2024,.F.);
#2040 = FACE_BOUND('',#2041,.F.);
#2041 = EDGE_LOOP('',(#2042));
#2042 = ORIENTED_EDGE('',*,*,#2006,.T.);
#2043 = ADVANCED_FACE('',(#2044),#2047,.F.);
#2044 = FACE_BOUND('',#2045,.F.);
#2045 = EDGE_LOOP('',(#2046));
#2046 = ORIENTED_EDGE('',*,*,#2006,.T.);
#2047 = PLANE('',#2048);
#2048 = AXIS2_PLACEMENT_3D('',#2049,#2050,#2051);
#2049 = CARTESIAN_POINT('',(1.874482705283E-04,-7.,3.124598370932E-04));
#2050 = DIRECTION('',(0.857501982167,7.5432167994E-03,-0.514425359465));
#2051 = DIRECTION('',(0.514439995522,0.,0.857526379191));
#2052 = ( GEOMETRIC_REPRESENTATION_CONTEXT(3) 
GLOBAL_UNCERTAINTY_ASSIGNED_CONTEXT((#2056)) 
GLOBAL_UNIT_ASSIGNED_CONTEXT((#2053,#2054,#2055)) REPRESENTATION_CONTEXT
('Context #1','3D Context with UNIT and UNCERTAINTY') );
#2053 = ( LENGTH_UNIT() NAMED_UNIT(*) SI_UNIT(.MILLI.,.METRE.) );
#2054 = ( NAMED_UNIT(*) PLANE_ANGLE_UNIT() SI_UNIT($,.RADIAN.) );
#2055 = ( NAMED_UNIT(*) SI_UNIT($,.STERADIAN.) SOLID_ANGLE_UNIT() );
#2056 = UNCERTAINTY_MEASURE_WITH_UNIT(LENGTH_MEASURE(1.E-07),#2053,
  'distance_accuracy_value','confusion accuracy');
#2057 = PRODUCT_RELATED_PRODUCT_CATEGORY('part',$,(#7));
ENDSEC;
END-ISO-10303-21;
