ISO-10303-21;
HEADER;
FILE_DESCRIPTION(('Open CASCADE Model'),'2;1');
FILE_NAME('Open CASCADE Shape Model','2026-05-26T15:18:27',('Author'),(
    'Open CASCADE'),'Open CASCADE STEP processor 7.8','Open CASCADE 7.8'
  ,'Unknown');
FILE_SCHEMA(('AUTOMOTIVE_DESIGN { 1 0 10303 214 1 1 1 1 }'));
ENDSEC;
DATA;
#1 = APPLICATION_PROTOCOL_DEFINITION('international standard',
  'automotive_design',2000,#2);
#2 = APPLICATION_CONTEXT(
  'core data for automotive mechanical design processes');
#3 = SHAPE_DEFINITION_REPRESENTATION(#4,#10);
#4 = PRODUCT_DEFINITION_SHAPE('','',#5);
#5 = PRODUCT_DEFINITION('design','',#6,#9);
#6 = PRODUCT_DEFINITION_FORMATION('','',#7);
#7 = PRODUCT('Open CASCADE STEP translator 7.8 1',
  'Open CASCADE STEP translator 7.8 1','',(#8));
#8 = PRODUCT_CONTEXT('',#2,'mechanical');
#9 = PRODUCT_DEFINITION_CONTEXT('part definition',#2,'design');
#10 = MANIFOLD_SURFACE_SHAPE_REPRESENTATION('',(#11,#15),#5347);
#11 = AXIS2_PLACEMENT_3D('',#12,#13,#14);
#12 = CARTESIAN_POINT('',(0.,0.,0.));
#13 = DIRECTION('',(0.,0.,1.));
#14 = DIRECTION('',(1.,0.,-0.));
#15 = SHELL_BASED_SURFACE_MODEL('',(#16));
#16 = CLOSED_SHELL('',(#17,#177,#265,#353,#441,#512,#555,#564,#3995,
    #4362,#4585,#4808,#5031,#5254,#5338));
#17 = ADVANCED_FACE('',(#18),#37,.T.);
#18 = FACE_BOUND('',#19,.T.);
#19 = EDGE_LOOP('',(#20,#83,#109,#153));
#20 = ORIENTED_EDGE('',*,*,#21,.F.);
#21 = EDGE_CURVE('',#22,#24,#26,.T.);
#22 = VERTEX_POINT('',#23);
#23 = CARTESIAN_POINT('',(40.,0.,0.));
#24 = VERTEX_POINT('',#25);
#25 = CARTESIAN_POINT('',(-20.,34.641016151378,90.));
#26 = SURFACE_CURVE('',#27,(#36,#60),.PCURVE_S1.);
#27 = B_SPLINE_CURVE_WITH_KNOTS('',7,(#28,#29,#30,#31,#32,#33,#34,#35),
  .UNSPECIFIED.,.F.,.F.,(8,8),(0.,90.),.PIECEWISE_BEZIER_KNOTS.);
#28 = CARTESIAN_POINT('',(40.,0.,0.));
#29 = CARTESIAN_POINT('',(40.,11.967972013676,12.857142857143));
#30 = CARTESIAN_POINT('',(35.822092926758,23.935339678357,
    25.714285714285));
#31 = CARTESIAN_POINT('',(27.468699403938,34.156431823072,38.57142857143
    ));
#32 = CARTESIAN_POINT('',(15.845987959441,40.866807404262,
    51.428571428571));
#33 = CARTESIAN_POINT('',(2.817565746289,42.990512330479,64.285714285714
    ));
#34 = CARTESIAN_POINT('',(-9.635432204376,40.625002158215,
    77.142857142857));
#35 = CARTESIAN_POINT('',(-20.,34.641016151378,90.));
#36 = PCURVE('',#37,#54);
#37 = B_SPLINE_SURFACE_WITH_KNOTS('',1,7,(
    (#38,#39,#40,#41,#42,#43,#44,#45)
    ,(#46,#47,#48,#49,#50,#51,#52,#53
  )),.UNSPECIFIED.,.F.,.F.,.F.,(2,2),(8,8),(0.,40.),(0.,90.),
  .PIECEWISE_BEZIER_KNOTS.);
#38 = CARTESIAN_POINT('',(40.,0.,0.));
#39 = CARTESIAN_POINT('',(40.,11.967972013676,12.857142857143));
#40 = CARTESIAN_POINT('',(35.822092926758,23.935339678357,
    25.714285714285));
#41 = CARTESIAN_POINT('',(27.468699403938,34.156431823072,38.57142857143
    ));
#42 = CARTESIAN_POINT('',(15.845987959441,40.866807404262,
    51.428571428571));
#43 = CARTESIAN_POINT('',(2.817565746289,42.990512330479,64.285714285714
    ));
#44 = CARTESIAN_POINT('',(-9.635432204376,40.625002158215,
    77.142857142857));
#45 = CARTESIAN_POINT('',(-20.,34.641016151378,90.));
#46 = CARTESIAN_POINT('',(20.,34.641016151378,0.));
#47 = CARTESIAN_POINT('',(9.635432204376,40.625002158215,12.857142857143
    ));
#48 = CARTESIAN_POINT('',(-2.817565746288,42.990512330478,
    25.714285714285));
#49 = CARTESIAN_POINT('',(-15.84598795944,40.866807404264,
    38.571428571429));
#50 = CARTESIAN_POINT('',(-27.46869940393,34.15643182307,51.428571428571
    ));
#51 = CARTESIAN_POINT('',(-35.82209292675,23.935339678359,
    64.285714285714));
#52 = CARTESIAN_POINT('',(-40.,11.967972013675,77.142857142857));
#53 = CARTESIAN_POINT('',(-40.,0.,90.));
#54 = DEFINITIONAL_REPRESENTATION('',(#55),#59);
#55 = LINE('',#56,#57);
#56 = CARTESIAN_POINT('',(0.,0.));
#57 = VECTOR('',#58,1.);
#58 = DIRECTION('',(0.,1.));
#59 = ( GEOMETRIC_REPRESENTATION_CONTEXT(2) 
PARAMETRIC_REPRESENTATION_CONTEXT() REPRESENTATION_CONTEXT('2D SPACE',''
  ) );
#60 = PCURVE('',#61,#78);
#61 = B_SPLINE_SURFACE_WITH_KNOTS('',1,7,(
    (#62,#63,#64,#65,#66,#67,#68,#69)
    ,(#70,#71,#72,#73,#74,#75,#76,#77
  )),.UNSPECIFIED.,.F.,.F.,.F.,(2,2),(8,8),(0.,40.),(0.,90.),
  .PIECEWISE_BEZIER_KNOTS.);
#62 = CARTESIAN_POINT('',(20.,-34.64101615137,0.));
#63 = CARTESIAN_POINT('',(30.364567795624,-28.65703014454,
    12.857142857143));
#64 = CARTESIAN_POINT('',(38.639658673046,-19.05517265212,
    25.714285714285));
#65 = CARTESIAN_POINT('',(43.314687363381,-6.710375581192,
    38.571428571429));
#66 = CARTESIAN_POINT('',(43.314687363378,6.710375581192,51.428571428571
    ));
#67 = CARTESIAN_POINT('',(38.639658673048,19.055172652121,
    64.285714285714));
#68 = CARTESIAN_POINT('',(30.364567795624,28.65703014454,77.142857142857
    ));
#69 = CARTESIAN_POINT('',(20.,34.641016151378,90.));
#70 = CARTESIAN_POINT('',(40.,0.,0.));
#71 = CARTESIAN_POINT('',(40.,11.967972013675,12.857142857143));
#72 = CARTESIAN_POINT('',(35.822092926758,23.935339678358,
    25.714285714285));
#73 = CARTESIAN_POINT('',(27.468699403938,34.156431823072,38.57142857143
    ));
#74 = CARTESIAN_POINT('',(15.845987959441,40.866807404263,
    51.428571428571));
#75 = CARTESIAN_POINT('',(2.817565746289,42.990512330479,64.285714285714
    ));
#76 = CARTESIAN_POINT('',(-9.635432204376,40.625002158215,
    77.142857142857));
#77 = CARTESIAN_POINT('',(-20.,34.641016151378,90.));
#78 = DEFINITIONAL_REPRESENTATION('',(#79),#82);
#79 = B_SPLINE_CURVE_WITH_KNOTS('',1,(#80,#81),.UNSPECIFIED.,.F.,.F.,(2,
    2),(0.,90.),.PIECEWISE_BEZIER_KNOTS.);
#80 = CARTESIAN_POINT('',(40.,0.));
#81 = CARTESIAN_POINT('',(40.,90.));
#82 = ( GEOMETRIC_REPRESENTATION_CONTEXT(2) 
PARAMETRIC_REPRESENTATION_CONTEXT() REPRESENTATION_CONTEXT('2D SPACE',''
  ) );
#83 = ORIENTED_EDGE('',*,*,#84,.T.);
#84 = EDGE_CURVE('',#22,#85,#87,.T.);
#85 = VERTEX_POINT('',#86);
#86 = CARTESIAN_POINT('',(20.,34.641016151378,0.));
#87 = SURFACE_CURVE('',#88,(#91,#98),.PCURVE_S1.);
#88 = B_SPLINE_CURVE_WITH_KNOTS('',1,(#89,#90),.UNSPECIFIED.,.F.,.F.,(2,
    2),(0.,40.),.PIECEWISE_BEZIER_KNOTS.);
#89 = CARTESIAN_POINT('',(40.,0.,0.));
#90 = CARTESIAN_POINT('',(20.,34.641016151378,0.));
#91 = PCURVE('',#37,#92);
#92 = DEFINITIONAL_REPRESENTATION('',(#93),#97);
#93 = LINE('',#94,#95);
#94 = CARTESIAN_POINT('',(0.,0.));
#95 = VECTOR('',#96,1.);
#96 = DIRECTION('',(1.,0.));
#97 = ( GEOMETRIC_REPRESENTATION_CONTEXT(2) 
PARAMETRIC_REPRESENTATION_CONTEXT() REPRESENTATION_CONTEXT('2D SPACE',''
  ) );
#98 = PCURVE('',#99,#104);
#99 = PLANE('',#100);
#100 = AXIS2_PLACEMENT_3D('',#101,#102,#103);
#101 = CARTESIAN_POINT('',(-2.84217094304E-15,2.368475785867E-15,0.));
#102 = DIRECTION('',(0.,0.,1.));
#103 = DIRECTION('',(1.,0.,-0.));
#104 = DEFINITIONAL_REPRESENTATION('',(#105),#108);
#105 = B_SPLINE_CURVE_WITH_KNOTS('',1,(#106,#107),.UNSPECIFIED.,.F.,.F.,
  (2,2),(0.,40.),.PIECEWISE_BEZIER_KNOTS.);
#106 = CARTESIAN_POINT('',(40.,-2.368475785867E-15));
#107 = CARTESIAN_POINT('',(20.,34.641016151378));
#108 = ( GEOMETRIC_REPRESENTATION_CONTEXT(2) 
PARAMETRIC_REPRESENTATION_CONTEXT() REPRESENTATION_CONTEXT('2D SPACE',''
  ) );
#109 = ORIENTED_EDGE('',*,*,#110,.T.);
#110 = EDGE_CURVE('',#85,#111,#113,.T.);
#111 = VERTEX_POINT('',#112);
#112 = CARTESIAN_POINT('',(-40.,0.,90.));
#113 = SURFACE_CURVE('',#114,(#123,#130),.PCURVE_S1.);
#114 = B_SPLINE_CURVE_WITH_KNOTS('',7,(#115,#116,#117,#118,#119,#120,
    #121,#122),.UNSPECIFIED.,.F.,.F.,(8,8),(0.,90.),
  .PIECEWISE_BEZIER_KNOTS.);
#115 = CARTESIAN_POINT('',(20.,34.641016151378,0.));
#116 = CARTESIAN_POINT('',(9.635432204376,40.625002158215,
    12.857142857143));
#117 = CARTESIAN_POINT('',(-2.817565746288,42.990512330478,
    25.714285714285));
#118 = CARTESIAN_POINT('',(-15.84598795944,40.866807404264,
    38.571428571429));
#119 = CARTESIAN_POINT('',(-27.46869940393,34.15643182307,
    51.428571428571));
#120 = CARTESIAN_POINT('',(-35.82209292675,23.935339678359,
    64.285714285714));
#121 = CARTESIAN_POINT('',(-40.,11.967972013675,77.142857142857));
#122 = CARTESIAN_POINT('',(-40.,0.,90.));
#123 = PCURVE('',#37,#124);
#124 = DEFINITIONAL_REPRESENTATION('',(#125),#129);
#125 = LINE('',#126,#127);
#126 = CARTESIAN_POINT('',(40.,0.));
#127 = VECTOR('',#128,1.);
#128 = DIRECTION('',(0.,1.));
#129 = ( GEOMETRIC_REPRESENTATION_CONTEXT(2) 
PARAMETRIC_REPRESENTATION_CONTEXT() REPRESENTATION_CONTEXT('2D SPACE',''
  ) );
#130 = PCURVE('',#131,#148);
#131 = B_SPLINE_SURFACE_WITH_KNOTS('',1,7,(
    (#132,#133,#134,#135,#136,#137,#138,#139)
    ,(#140,#141,#142,#143,#144,#145,#146,#147
  )),.UNSPECIFIED.,.F.,.F.,.F.,(2,2),(8,8),(0.,40.),(0.,90.),
  .PIECEWISE_BEZIER_KNOTS.);
#132 = CARTESIAN_POINT('',(20.,34.641016151378,0.));
#133 = CARTESIAN_POINT('',(9.635432204376,40.625002158215,
    12.857142857143));
#134 = CARTESIAN_POINT('',(-2.817565746288,42.990512330478,
    25.714285714285));
#135 = CARTESIAN_POINT('',(-15.84598795944,40.866807404264,
    38.571428571429));
#136 = CARTESIAN_POINT('',(-27.46869940393,34.15643182307,
    51.428571428571));
#137 = CARTESIAN_POINT('',(-35.82209292675,23.935339678359,
    64.285714285714));
#138 = CARTESIAN_POINT('',(-40.,11.967972013675,77.142857142857));
#139 = CARTESIAN_POINT('',(-40.,0.,90.));
#140 = CARTESIAN_POINT('',(-20.,34.641016151378,0.));
#141 = CARTESIAN_POINT('',(-30.36456779562,28.65703014454,
    12.857142857143));
#142 = CARTESIAN_POINT('',(-38.63965867304,19.05517265212,
    25.714285714285));
#143 = CARTESIAN_POINT('',(-43.31468736338,6.710375581193,
    38.571428571429));
#144 = CARTESIAN_POINT('',(-43.31468736337,-6.710375581193,
    51.42857142857));
#145 = CARTESIAN_POINT('',(-38.63965867304,-19.05517265212,
    64.285714285715));
#146 = CARTESIAN_POINT('',(-30.36456779562,-28.65703014454,
    77.142857142857));
#147 = CARTESIAN_POINT('',(-20.,-34.64101615137,90.));
#148 = DEFINITIONAL_REPRESENTATION('',(#149),#152);
#149 = B_SPLINE_CURVE_WITH_KNOTS('',1,(#150,#151),.UNSPECIFIED.,.F.,.F.,
  (2,2),(0.,90.),.PIECEWISE_BEZIER_KNOTS.);
#150 = CARTESIAN_POINT('',(0.,0.));
#151 = CARTESIAN_POINT('',(0.,90.));
#152 = ( GEOMETRIC_REPRESENTATION_CONTEXT(2) 
PARAMETRIC_REPRESENTATION_CONTEXT() REPRESENTATION_CONTEXT('2D SPACE',''
  ) );
#153 = ORIENTED_EDGE('',*,*,#154,.F.);
#154 = EDGE_CURVE('',#24,#111,#155,.T.);
#155 = SURFACE_CURVE('',#156,(#159,#166),.PCURVE_S1.);
#156 = B_SPLINE_CURVE_WITH_KNOTS('',1,(#157,#158),.UNSPECIFIED.,.F.,.F.,
  (2,2),(0.,40.),.PIECEWISE_BEZIER_KNOTS.);
#157 = CARTESIAN_POINT('',(-20.,34.641016151378,90.));
#158 = CARTESIAN_POINT('',(-40.,0.,90.));
#159 = PCURVE('',#37,#160);
#160 = DEFINITIONAL_REPRESENTATION('',(#161),#165);
#161 = LINE('',#162,#163);
#162 = CARTESIAN_POINT('',(0.,90.));
#163 = VECTOR('',#164,1.);
#164 = DIRECTION('',(1.,0.));
#165 = ( GEOMETRIC_REPRESENTATION_CONTEXT(2) 
PARAMETRIC_REPRESENTATION_CONTEXT() REPRESENTATION_CONTEXT('2D SPACE',''
  ) );
#166 = PCURVE('',#167,#172);
#167 = PLANE('',#168);
#168 = AXIS2_PLACEMENT_3D('',#169,#170,#171);
#169 = CARTESIAN_POINT('',(2.368475785867E-16,-4.263256414561E-15,90.));
#170 = DIRECTION('',(0.,0.,1.));
#171 = DIRECTION('',(1.,0.,-0.));
#172 = DEFINITIONAL_REPRESENTATION('',(#173),#176);
#173 = B_SPLINE_CURVE_WITH_KNOTS('',1,(#174,#175),.UNSPECIFIED.,.F.,.F.,
  (2,2),(0.,40.),.PIECEWISE_BEZIER_KNOTS.);
#174 = CARTESIAN_POINT('',(-20.,34.641016151378));
#175 = CARTESIAN_POINT('',(-40.,4.263256414561E-15));
#176 = ( GEOMETRIC_REPRESENTATION_CONTEXT(2) 
PARAMETRIC_REPRESENTATION_CONTEXT() REPRESENTATION_CONTEXT('2D SPACE',''
  ) );
#177 = ADVANCED_FACE('',(#178),#131,.T.);
#178 = FACE_BOUND('',#179,.T.);
#179 = EDGE_LOOP('',(#180,#181,#202,#246));
#180 = ORIENTED_EDGE('',*,*,#110,.F.);
#181 = ORIENTED_EDGE('',*,*,#182,.T.);
#182 = EDGE_CURVE('',#85,#183,#185,.T.);
#183 = VERTEX_POINT('',#184);
#184 = CARTESIAN_POINT('',(-20.,34.641016151378,0.));
#185 = SURFACE_CURVE('',#186,(#189,#196),.PCURVE_S1.);
#186 = B_SPLINE_CURVE_WITH_KNOTS('',1,(#187,#188),.UNSPECIFIED.,.F.,.F.,
  (2,2),(0.,40.),.PIECEWISE_BEZIER_KNOTS.);
#187 = CARTESIAN_POINT('',(20.,34.641016151378,0.));
#188 = CARTESIAN_POINT('',(-20.,34.641016151378,0.));
#189 = PCURVE('',#131,#190);
#190 = DEFINITIONAL_REPRESENTATION('',(#191),#195);
#191 = LINE('',#192,#193);
#192 = CARTESIAN_POINT('',(0.,0.));
#193 = VECTOR('',#194,1.);
#194 = DIRECTION('',(1.,0.));
#195 = ( GEOMETRIC_REPRESENTATION_CONTEXT(2) 
PARAMETRIC_REPRESENTATION_CONTEXT() REPRESENTATION_CONTEXT('2D SPACE',''
  ) );
#196 = PCURVE('',#99,#197);
#197 = DEFINITIONAL_REPRESENTATION('',(#198),#201);
#198 = B_SPLINE_CURVE_WITH_KNOTS('',1,(#199,#200),.UNSPECIFIED.,.F.,.F.,
  (2,2),(0.,40.),.PIECEWISE_BEZIER_KNOTS.);
#199 = CARTESIAN_POINT('',(20.,34.641016151378));
#200 = CARTESIAN_POINT('',(-20.,34.641016151378));
#201 = ( GEOMETRIC_REPRESENTATION_CONTEXT(2) 
PARAMETRIC_REPRESENTATION_CONTEXT() REPRESENTATION_CONTEXT('2D SPACE',''
  ) );
#202 = ORIENTED_EDGE('',*,*,#203,.T.);
#203 = EDGE_CURVE('',#183,#204,#206,.T.);
#204 = VERTEX_POINT('',#205);
#205 = CARTESIAN_POINT('',(-20.,-34.64101615137,90.));
#206 = SURFACE_CURVE('',#207,(#216,#223),.PCURVE_S1.);
#207 = B_SPLINE_CURVE_WITH_KNOTS('',7,(#208,#209,#210,#211,#212,#213,
    #214,#215),.UNSPECIFIED.,.F.,.F.,(8,8),(0.,90.),
  .PIECEWISE_BEZIER_KNOTS.);
#208 = CARTESIAN_POINT('',(-20.,34.641016151378,0.));
#209 = CARTESIAN_POINT('',(-30.36456779562,28.65703014454,
    12.857142857143));
#210 = CARTESIAN_POINT('',(-38.63965867304,19.05517265212,
    25.714285714285));
#211 = CARTESIAN_POINT('',(-43.31468736338,6.710375581193,
    38.571428571429));
#212 = CARTESIAN_POINT('',(-43.31468736337,-6.710375581193,
    51.42857142857));
#213 = CARTESIAN_POINT('',(-38.63965867304,-19.05517265212,
    64.285714285715));
#214 = CARTESIAN_POINT('',(-30.36456779562,-28.65703014454,
    77.142857142857));
#215 = CARTESIAN_POINT('',(-20.,-34.64101615137,90.));
#216 = PCURVE('',#131,#217);
#217 = DEFINITIONAL_REPRESENTATION('',(#218),#222);
#218 = LINE('',#219,#220);
#219 = CARTESIAN_POINT('',(40.,0.));
#220 = VECTOR('',#221,1.);
#221 = DIRECTION('',(0.,1.));
#222 = ( GEOMETRIC_REPRESENTATION_CONTEXT(2) 
PARAMETRIC_REPRESENTATION_CONTEXT() REPRESENTATION_CONTEXT('2D SPACE',''
  ) );
#223 = PCURVE('',#224,#241);
#224 = B_SPLINE_SURFACE_WITH_KNOTS('',1,7,(
    (#225,#226,#227,#228,#229,#230,#231,#232)
    ,(#233,#234,#235,#236,#237,#238,#239,#240
  )),.UNSPECIFIED.,.F.,.F.,.F.,(2,2),(8,8),(0.,40.),(0.,90.),
  .PIECEWISE_BEZIER_KNOTS.);
#225 = CARTESIAN_POINT('',(-20.,34.641016151378,0.));
#226 = CARTESIAN_POINT('',(-30.36456779562,28.65703014454,
    12.857142857143));
#227 = CARTESIAN_POINT('',(-38.63965867304,19.055172652121,
    25.714285714285));
#228 = CARTESIAN_POINT('',(-43.31468736338,6.710375581193,
    38.571428571429));
#229 = CARTESIAN_POINT('',(-43.31468736337,-6.710375581193,
    51.42857142857));
#230 = CARTESIAN_POINT('',(-38.63965867304,-19.05517265212,
    64.285714285715));
#231 = CARTESIAN_POINT('',(-30.36456779562,-28.65703014454,
    77.142857142857));
#232 = CARTESIAN_POINT('',(-20.,-34.64101615137,90.));
#233 = CARTESIAN_POINT('',(-40.,0.,0.));
#234 = CARTESIAN_POINT('',(-40.,-11.96797201367,12.857142857143));
#235 = CARTESIAN_POINT('',(-35.82209292675,-23.93533967835,
    25.714285714286));
#236 = CARTESIAN_POINT('',(-27.46869940393,-34.15643182307,
    38.571428571429));
#237 = CARTESIAN_POINT('',(-15.84598795944,-40.86680740426,
    51.42857142857));
#238 = CARTESIAN_POINT('',(-2.817565746289,-42.99051233047,
    64.285714285716));
#239 = CARTESIAN_POINT('',(9.635432204376,-40.62500215821,
    77.142857142857));
#240 = CARTESIAN_POINT('',(20.,-34.64101615137,90.));
#241 = DEFINITIONAL_REPRESENTATION('',(#242),#245);
#242 = B_SPLINE_CURVE_WITH_KNOTS('',1,(#243,#244),.UNSPECIFIED.,.F.,.F.,
  (2,2),(0.,90.),.PIECEWISE_BEZIER_KNOTS.);
#243 = CARTESIAN_POINT('',(0.,0.));
#244 = CARTESIAN_POINT('',(0.,90.));
#245 = ( GEOMETRIC_REPRESENTATION_CONTEXT(2) 
PARAMETRIC_REPRESENTATION_CONTEXT() REPRESENTATION_CONTEXT('2D SPACE',''
  ) );
#246 = ORIENTED_EDGE('',*,*,#247,.F.);
#247 = EDGE_CURVE('',#111,#204,#248,.T.);
#248 = SURFACE_CURVE('',#249,(#252,#259),.PCURVE_S1.);
#249 = B_SPLINE_CURVE_WITH_KNOTS('',1,(#250,#251),.UNSPECIFIED.,.F.,.F.,
  (2,2),(0.,40.),.PIECEWISE_BEZIER_KNOTS.);
#250 = CARTESIAN_POINT('',(-40.,0.,90.));
#251 = CARTESIAN_POINT('',(-20.,-34.64101615137,90.));
#252 = PCURVE('',#131,#253);
#253 = DEFINITIONAL_REPRESENTATION('',(#254),#258);
#254 = LINE('',#255,#256);
#255 = CARTESIAN_POINT('',(0.,90.));
#256 = VECTOR('',#257,1.);
#257 = DIRECTION('',(1.,0.));
#258 = ( GEOMETRIC_REPRESENTATION_CONTEXT(2) 
PARAMETRIC_REPRESENTATION_CONTEXT() REPRESENTATION_CONTEXT('2D SPACE',''
  ) );
#259 = PCURVE('',#167,#260);
#260 = DEFINITIONAL_REPRESENTATION('',(#261),#264);
#261 = B_SPLINE_CURVE_WITH_KNOTS('',1,(#262,#263),.UNSPECIFIED.,.F.,.F.,
  (2,2),(0.,40.),.PIECEWISE_BEZIER_KNOTS.);
#262 = CARTESIAN_POINT('',(-40.,4.263256414561E-15));
#263 = CARTESIAN_POINT('',(-20.,-34.64101615137));
#264 = ( GEOMETRIC_REPRESENTATION_CONTEXT(2) 
PARAMETRIC_REPRESENTATION_CONTEXT() REPRESENTATION_CONTEXT('2D SPACE',''
  ) );
#265 = ADVANCED_FACE('',(#266),#224,.T.);
#266 = FACE_BOUND('',#267,.T.);
#267 = EDGE_LOOP('',(#268,#269,#290,#334));
#268 = ORIENTED_EDGE('',*,*,#203,.F.);
#269 = ORIENTED_EDGE('',*,*,#270,.T.);
#270 = EDGE_CURVE('',#183,#271,#273,.T.);
#271 = VERTEX_POINT('',#272);
#272 = CARTESIAN_POINT('',(-40.,7.105427357601E-15,0.));
#273 = SURFACE_CURVE('',#274,(#277,#284),.PCURVE_S1.);
#274 = B_SPLINE_CURVE_WITH_KNOTS('',1,(#275,#276),.UNSPECIFIED.,.F.,.F.,
  (2,2),(0.,40.),.PIECEWISE_BEZIER_KNOTS.);
#275 = CARTESIAN_POINT('',(-20.,34.641016151378,0.));
#276 = CARTESIAN_POINT('',(-40.,0.,0.));
#277 = PCURVE('',#224,#278);
#278 = DEFINITIONAL_REPRESENTATION('',(#279),#283);
#279 = LINE('',#280,#281);
#280 = CARTESIAN_POINT('',(0.,0.));
#281 = VECTOR('',#282,1.);
#282 = DIRECTION('',(1.,0.));
#283 = ( GEOMETRIC_REPRESENTATION_CONTEXT(2) 
PARAMETRIC_REPRESENTATION_CONTEXT() REPRESENTATION_CONTEXT('2D SPACE',''
  ) );
#284 = PCURVE('',#99,#285);
#285 = DEFINITIONAL_REPRESENTATION('',(#286),#289);
#286 = B_SPLINE_CURVE_WITH_KNOTS('',1,(#287,#288),.UNSPECIFIED.,.F.,.F.,
  (2,2),(0.,40.),.PIECEWISE_BEZIER_KNOTS.);
#287 = CARTESIAN_POINT('',(-20.,34.641016151378));
#288 = CARTESIAN_POINT('',(-40.,-2.368475785867E-15));
#289 = ( GEOMETRIC_REPRESENTATION_CONTEXT(2) 
PARAMETRIC_REPRESENTATION_CONTEXT() REPRESENTATION_CONTEXT('2D SPACE',''
  ) );
#290 = ORIENTED_EDGE('',*,*,#291,.T.);
#291 = EDGE_CURVE('',#271,#292,#294,.T.);
#292 = VERTEX_POINT('',#293);
#293 = CARTESIAN_POINT('',(20.,-34.64101615137,90.));
#294 = SURFACE_CURVE('',#295,(#304,#311),.PCURVE_S1.);
#295 = B_SPLINE_CURVE_WITH_KNOTS('',7,(#296,#297,#298,#299,#300,#301,
    #302,#303),.UNSPECIFIED.,.F.,.F.,(8,8),(0.,90.),
  .PIECEWISE_BEZIER_KNOTS.);
#296 = CARTESIAN_POINT('',(-40.,0.,0.));
#297 = CARTESIAN_POINT('',(-40.,-11.96797201367,12.857142857143));
#298 = CARTESIAN_POINT('',(-35.82209292675,-23.93533967835,
    25.714285714286));
#299 = CARTESIAN_POINT('',(-27.46869940393,-34.15643182307,
    38.571428571429));
#300 = CARTESIAN_POINT('',(-15.84598795944,-40.86680740426,
    51.42857142857));
#301 = CARTESIAN_POINT('',(-2.817565746289,-42.99051233047,
    64.285714285716));
#302 = CARTESIAN_POINT('',(9.635432204376,-40.62500215821,
    77.142857142857));
#303 = CARTESIAN_POINT('',(20.,-34.64101615137,90.));
#304 = PCURVE('',#224,#305);
#305 = DEFINITIONAL_REPRESENTATION('',(#306),#310);
#306 = LINE('',#307,#308);
#307 = CARTESIAN_POINT('',(40.,0.));
#308 = VECTOR('',#309,1.);
#309 = DIRECTION('',(0.,1.));
#310 = ( GEOMETRIC_REPRESENTATION_CONTEXT(2) 
PARAMETRIC_REPRESENTATION_CONTEXT() REPRESENTATION_CONTEXT('2D SPACE',''
  ) );
#311 = PCURVE('',#312,#329);
#312 = B_SPLINE_SURFACE_WITH_KNOTS('',1,7,(
    (#313,#314,#315,#316,#317,#318,#319,#320)
    ,(#321,#322,#323,#324,#325,#326,#327,#328
  )),.UNSPECIFIED.,.F.,.F.,.F.,(2,2),(8,8),(0.,40.),(0.,90.),
  .PIECEWISE_BEZIER_KNOTS.);
#313 = CARTESIAN_POINT('',(-40.,7.105427357601E-15,0.));
#314 = CARTESIAN_POINT('',(-40.,-11.96797201367,12.857142857143));
#315 = CARTESIAN_POINT('',(-35.82209292675,-23.93533967835,
    25.714285714286));
#316 = CARTESIAN_POINT('',(-27.46869940393,-34.15643182307,
    38.571428571429));
#317 = CARTESIAN_POINT('',(-15.84598795944,-40.86680740426,
    51.42857142857));
#318 = CARTESIAN_POINT('',(-2.817565746289,-42.99051233048,
    64.285714285716));
#319 = CARTESIAN_POINT('',(9.635432204376,-40.62500215821,
    77.142857142857));
#320 = CARTESIAN_POINT('',(20.,-34.64101615137,90.));
#321 = CARTESIAN_POINT('',(-20.,-34.64101615137,0.));
#322 = CARTESIAN_POINT('',(-9.635432204376,-40.62500215821,
    12.857142857143));
#323 = CARTESIAN_POINT('',(2.817565746288,-42.99051233047,
    25.714285714285));
#324 = CARTESIAN_POINT('',(15.845987959443,-40.86680740426,
    38.571428571429));
#325 = CARTESIAN_POINT('',(27.468699403936,-34.15643182307,
    51.42857142857));
#326 = CARTESIAN_POINT('',(35.822092926759,-23.93533967835,
    64.285714285715));
#327 = CARTESIAN_POINT('',(40.,-11.96797201367,77.142857142857));
#328 = CARTESIAN_POINT('',(40.,-1.42108547152E-14,90.));
#329 = DEFINITIONAL_REPRESENTATION('',(#330),#333);
#330 = B_SPLINE_CURVE_WITH_KNOTS('',1,(#331,#332),.UNSPECIFIED.,.F.,.F.,
  (2,2),(0.,90.),.PIECEWISE_BEZIER_KNOTS.);
#331 = CARTESIAN_POINT('',(0.,0.));
#332 = CARTESIAN_POINT('',(0.,90.));
#333 = ( GEOMETRIC_REPRESENTATION_CONTEXT(2) 
PARAMETRIC_REPRESENTATION_CONTEXT() REPRESENTATION_CONTEXT('2D SPACE',''
  ) );
#334 = ORIENTED_EDGE('',*,*,#335,.F.);
#335 = EDGE_CURVE('',#204,#292,#336,.T.);
#336 = SURFACE_CURVE('',#337,(#340,#347),.PCURVE_S1.);
#337 = B_SPLINE_CURVE_WITH_KNOTS('',1,(#338,#339),.UNSPECIFIED.,.F.,.F.,
  (2,2),(0.,40.),.PIECEWISE_BEZIER_KNOTS.);
#338 = CARTESIAN_POINT('',(-20.,-34.64101615137,90.));
#339 = CARTESIAN_POINT('',(20.,-34.64101615137,90.));
#340 = PCURVE('',#224,#341);
#341 = DEFINITIONAL_REPRESENTATION('',(#342),#346);
#342 = LINE('',#343,#344);
#343 = CARTESIAN_POINT('',(0.,90.));
#344 = VECTOR('',#345,1.);
#345 = DIRECTION('',(1.,0.));
#346 = ( GEOMETRIC_REPRESENTATION_CONTEXT(2) 
PARAMETRIC_REPRESENTATION_CONTEXT() REPRESENTATION_CONTEXT('2D SPACE',''
  ) );
#347 = PCURVE('',#167,#348);
#348 = DEFINITIONAL_REPRESENTATION('',(#349),#352);
#349 = B_SPLINE_CURVE_WITH_KNOTS('',1,(#350,#351),.UNSPECIFIED.,.F.,.F.,
  (2,2),(0.,40.),.PIECEWISE_BEZIER_KNOTS.);
#350 = CARTESIAN_POINT('',(-20.,-34.64101615137));
#351 = CARTESIAN_POINT('',(20.,-34.64101615137));
#352 = ( GEOMETRIC_REPRESENTATION_CONTEXT(2) 
PARAMETRIC_REPRESENTATION_CONTEXT() REPRESENTATION_CONTEXT('2D SPACE',''
  ) );
#353 = ADVANCED_FACE('',(#354),#312,.T.);
#354 = FACE_BOUND('',#355,.T.);
#355 = EDGE_LOOP('',(#356,#357,#378,#422));
#356 = ORIENTED_EDGE('',*,*,#291,.F.);
#357 = ORIENTED_EDGE('',*,*,#358,.T.);
#358 = EDGE_CURVE('',#271,#359,#361,.T.);
#359 = VERTEX_POINT('',#360);
#360 = CARTESIAN_POINT('',(-20.,-34.64101615137,0.));
#361 = SURFACE_CURVE('',#362,(#365,#372),.PCURVE_S1.);
#362 = B_SPLINE_CURVE_WITH_KNOTS('',1,(#363,#364),.UNSPECIFIED.,.F.,.F.,
  (2,2),(0.,40.),.PIECEWISE_BEZIER_KNOTS.);
#363 = CARTESIAN_POINT('',(-40.,7.105427357601E-15,0.));
#364 = CARTESIAN_POINT('',(-20.,-34.64101615137,0.));
#365 = PCURVE('',#312,#366);
#366 = DEFINITIONAL_REPRESENTATION('',(#367),#371);
#367 = LINE('',#368,#369);
#368 = CARTESIAN_POINT('',(0.,0.));
#369 = VECTOR('',#370,1.);
#370 = DIRECTION('',(1.,0.));
#371 = ( GEOMETRIC_REPRESENTATION_CONTEXT(2) 
PARAMETRIC_REPRESENTATION_CONTEXT() REPRESENTATION_CONTEXT('2D SPACE',''
  ) );
#372 = PCURVE('',#99,#373);
#373 = DEFINITIONAL_REPRESENTATION('',(#374),#377);
#374 = B_SPLINE_CURVE_WITH_KNOTS('',1,(#375,#376),.UNSPECIFIED.,.F.,.F.,
  (2,2),(0.,40.),.PIECEWISE_BEZIER_KNOTS.);
#375 = CARTESIAN_POINT('',(-40.,4.736951571734E-15));
#376 = CARTESIAN_POINT('',(-20.,-34.64101615137));
#377 = ( GEOMETRIC_REPRESENTATION_CONTEXT(2) 
PARAMETRIC_REPRESENTATION_CONTEXT() REPRESENTATION_CONTEXT('2D SPACE',''
  ) );
#378 = ORIENTED_EDGE('',*,*,#379,.T.);
#379 = EDGE_CURVE('',#359,#380,#382,.T.);
#380 = VERTEX_POINT('',#381);
#381 = CARTESIAN_POINT('',(40.,-1.42108547152E-14,90.));
#382 = SURFACE_CURVE('',#383,(#392,#399),.PCURVE_S1.);
#383 = B_SPLINE_CURVE_WITH_KNOTS('',7,(#384,#385,#386,#387,#388,#389,
    #390,#391),.UNSPECIFIED.,.F.,.F.,(8,8),(0.,90.),
  .PIECEWISE_BEZIER_KNOTS.);
#384 = CARTESIAN_POINT('',(-20.,-34.64101615137,0.));
#385 = CARTESIAN_POINT('',(-9.635432204376,-40.62500215821,
    12.857142857143));
#386 = CARTESIAN_POINT('',(2.817565746288,-42.99051233047,
    25.714285714285));
#387 = CARTESIAN_POINT('',(15.845987959443,-40.86680740426,
    38.571428571429));
#388 = CARTESIAN_POINT('',(27.468699403936,-34.15643182307,
    51.42857142857));
#389 = CARTESIAN_POINT('',(35.822092926759,-23.93533967835,
    64.285714285715));
#390 = CARTESIAN_POINT('',(40.,-11.96797201367,77.142857142857));
#391 = CARTESIAN_POINT('',(40.,-1.42108547152E-14,90.));
#392 = PCURVE('',#312,#393);
#393 = DEFINITIONAL_REPRESENTATION('',(#394),#398);
#394 = LINE('',#395,#396);
#395 = CARTESIAN_POINT('',(40.,0.));
#396 = VECTOR('',#397,1.);
#397 = DIRECTION('',(0.,1.));
#398 = ( GEOMETRIC_REPRESENTATION_CONTEXT(2) 
PARAMETRIC_REPRESENTATION_CONTEXT() REPRESENTATION_CONTEXT('2D SPACE',''
  ) );
#399 = PCURVE('',#400,#417);
#400 = B_SPLINE_SURFACE_WITH_KNOTS('',1,7,(
    (#401,#402,#403,#404,#405,#406,#407,#408)
    ,(#409,#410,#411,#412,#413,#414,#415,#416
  )),.UNSPECIFIED.,.F.,.F.,.F.,(2,2),(8,8),(0.,40.),(0.,90.),
  .PIECEWISE_BEZIER_KNOTS.);
#401 = CARTESIAN_POINT('',(-20.,-34.64101615137,0.));
#402 = CARTESIAN_POINT('',(-9.635432204376,-40.62500215821,
    12.857142857143));
#403 = CARTESIAN_POINT('',(2.817565746288,-42.99051233047,
    25.714285714285));
#404 = CARTESIAN_POINT('',(15.845987959443,-40.86680740426,
    38.571428571429));
#405 = CARTESIAN_POINT('',(27.468699403937,-34.15643182307,
    51.42857142857));
#406 = CARTESIAN_POINT('',(35.822092926759,-23.93533967835,
    64.285714285715));
#407 = CARTESIAN_POINT('',(40.,-11.96797201367,77.142857142857));
#408 = CARTESIAN_POINT('',(40.,-1.42108547152E-14,90.));
#409 = CARTESIAN_POINT('',(20.,-34.64101615137,0.));
#410 = CARTESIAN_POINT('',(30.364567795624,-28.65703014454,
    12.857142857143));
#411 = CARTESIAN_POINT('',(38.639658673046,-19.05517265212,
    25.714285714285));
#412 = CARTESIAN_POINT('',(43.314687363381,-6.710375581193,
    38.571428571429));
#413 = CARTESIAN_POINT('',(43.314687363378,6.710375581193,
    51.428571428571));
#414 = CARTESIAN_POINT('',(38.639658673048,19.05517265212,
    64.285714285714));
#415 = CARTESIAN_POINT('',(30.364567795624,28.65703014454,
    77.142857142857));
#416 = CARTESIAN_POINT('',(20.,34.641016151378,90.));
#417 = DEFINITIONAL_REPRESENTATION('',(#418),#421);
#418 = B_SPLINE_CURVE_WITH_KNOTS('',1,(#419,#420),.UNSPECIFIED.,.F.,.F.,
  (2,2),(0.,90.),.PIECEWISE_BEZIER_KNOTS.);
#419 = CARTESIAN_POINT('',(0.,0.));
#420 = CARTESIAN_POINT('',(0.,90.));
#421 = ( GEOMETRIC_REPRESENTATION_CONTEXT(2) 
PARAMETRIC_REPRESENTATION_CONTEXT() REPRESENTATION_CONTEXT('2D SPACE',''
  ) );
#422 = ORIENTED_EDGE('',*,*,#423,.F.);
#423 = EDGE_CURVE('',#292,#380,#424,.T.);
#424 = SURFACE_CURVE('',#425,(#428,#435),.PCURVE_S1.);
#425 = B_SPLINE_CURVE_WITH_KNOTS('',1,(#426,#427),.UNSPECIFIED.,.F.,.F.,
  (2,2),(0.,40.),.PIECEWISE_BEZIER_KNOTS.);
#426 = CARTESIAN_POINT('',(20.,-34.64101615137,90.));
#427 = CARTESIAN_POINT('',(40.,-1.42108547152E-14,90.));
#428 = PCURVE('',#312,#429);
#429 = DEFINITIONAL_REPRESENTATION('',(#430),#434);
#430 = LINE('',#431,#432);
#431 = CARTESIAN_POINT('',(0.,90.));
#432 = VECTOR('',#433,1.);
#433 = DIRECTION('',(1.,0.));
#434 = ( GEOMETRIC_REPRESENTATION_CONTEXT(2) 
PARAMETRIC_REPRESENTATION_CONTEXT() REPRESENTATION_CONTEXT('2D SPACE',''
  ) );
#435 = PCURVE('',#167,#436);
#436 = DEFINITIONAL_REPRESENTATION('',(#437),#440);
#437 = B_SPLINE_CURVE_WITH_KNOTS('',1,(#438,#439),.UNSPECIFIED.,.F.,.F.,
  (2,2),(0.,40.),.PIECEWISE_BEZIER_KNOTS.);
#438 = CARTESIAN_POINT('',(20.,-34.64101615137));
#439 = CARTESIAN_POINT('',(40.,-9.947598300641E-15));
#440 = ( GEOMETRIC_REPRESENTATION_CONTEXT(2) 
PARAMETRIC_REPRESENTATION_CONTEXT() REPRESENTATION_CONTEXT('2D SPACE',''
  ) );
#441 = ADVANCED_FACE('',(#442),#400,.T.);
#442 = FACE_BOUND('',#443,.T.);
#443 = EDGE_LOOP('',(#444,#445,#466,#493));
#444 = ORIENTED_EDGE('',*,*,#379,.F.);
#445 = ORIENTED_EDGE('',*,*,#446,.T.);
#446 = EDGE_CURVE('',#359,#447,#449,.T.);
#447 = VERTEX_POINT('',#448);
#448 = CARTESIAN_POINT('',(20.,-34.64101615137,0.));
#449 = SURFACE_CURVE('',#450,(#453,#460),.PCURVE_S1.);
#450 = B_SPLINE_CURVE_WITH_KNOTS('',1,(#451,#452),.UNSPECIFIED.,.F.,.F.,
  (2,2),(0.,40.),.PIECEWISE_BEZIER_KNOTS.);
#451 = CARTESIAN_POINT('',(-20.,-34.64101615137,0.));
#452 = CARTESIAN_POINT('',(20.,-34.64101615137,0.));
#453 = PCURVE('',#400,#454);
#454 = DEFINITIONAL_REPRESENTATION('',(#455),#459);
#455 = LINE('',#456,#457);
#456 = CARTESIAN_POINT('',(0.,0.));
#457 = VECTOR('',#458,1.);
#458 = DIRECTION('',(1.,0.));
#459 = ( GEOMETRIC_REPRESENTATION_CONTEXT(2) 
PARAMETRIC_REPRESENTATION_CONTEXT() REPRESENTATION_CONTEXT('2D SPACE',''
  ) );
#460 = PCURVE('',#99,#461);
#461 = DEFINITIONAL_REPRESENTATION('',(#462),#465);
#462 = B_SPLINE_CURVE_WITH_KNOTS('',1,(#463,#464),.UNSPECIFIED.,.F.,.F.,
  (2,2),(0.,40.),.PIECEWISE_BEZIER_KNOTS.);
#463 = CARTESIAN_POINT('',(-20.,-34.64101615137));
#464 = CARTESIAN_POINT('',(20.,-34.64101615137));
#465 = ( GEOMETRIC_REPRESENTATION_CONTEXT(2) 
PARAMETRIC_REPRESENTATION_CONTEXT() REPRESENTATION_CONTEXT('2D SPACE',''
  ) );
#466 = ORIENTED_EDGE('',*,*,#467,.T.);
#467 = EDGE_CURVE('',#447,#468,#470,.T.);
#468 = VERTEX_POINT('',#469);
#469 = CARTESIAN_POINT('',(20.,34.641016151378,90.));
#470 = SURFACE_CURVE('',#471,(#480,#487),.PCURVE_S1.);
#471 = B_SPLINE_CURVE_WITH_KNOTS('',7,(#472,#473,#474,#475,#476,#477,
    #478,#479),.UNSPECIFIED.,.F.,.F.,(8,8),(0.,90.),
  .PIECEWISE_BEZIER_KNOTS.);
#472 = CARTESIAN_POINT('',(20.,-34.64101615137,0.));
#473 = CARTESIAN_POINT('',(30.364567795624,-28.65703014454,
    12.857142857143));
#474 = CARTESIAN_POINT('',(38.639658673046,-19.05517265212,
    25.714285714285));
#475 = CARTESIAN_POINT('',(43.314687363381,-6.710375581193,
    38.571428571429));
#476 = CARTESIAN_POINT('',(43.314687363378,6.710375581193,
    51.428571428571));
#477 = CARTESIAN_POINT('',(38.639658673048,19.05517265212,
    64.285714285714));
#478 = CARTESIAN_POINT('',(30.364567795624,28.65703014454,
    77.142857142857));
#479 = CARTESIAN_POINT('',(20.,34.641016151378,90.));
#480 = PCURVE('',#400,#481);
#481 = DEFINITIONAL_REPRESENTATION('',(#482),#486);
#482 = LINE('',#483,#484);
#483 = CARTESIAN_POINT('',(40.,0.));
#484 = VECTOR('',#485,1.);
#485 = DIRECTION('',(0.,1.));
#486 = ( GEOMETRIC_REPRESENTATION_CONTEXT(2) 
PARAMETRIC_REPRESENTATION_CONTEXT() REPRESENTATION_CONTEXT('2D SPACE',''
  ) );
#487 = PCURVE('',#61,#488);
#488 = DEFINITIONAL_REPRESENTATION('',(#489),#492);
#489 = B_SPLINE_CURVE_WITH_KNOTS('',1,(#490,#491),.UNSPECIFIED.,.F.,.F.,
  (2,2),(0.,90.),.PIECEWISE_BEZIER_KNOTS.);
#490 = CARTESIAN_POINT('',(0.,0.));
#491 = CARTESIAN_POINT('',(0.,90.));
#492 = ( GEOMETRIC_REPRESENTATION_CONTEXT(2) 
PARAMETRIC_REPRESENTATION_CONTEXT() REPRESENTATION_CONTEXT('2D SPACE',''
  ) );
#493 = ORIENTED_EDGE('',*,*,#494,.F.);
#494 = EDGE_CURVE('',#380,#468,#495,.T.);
#495 = SURFACE_CURVE('',#496,(#499,#506),.PCURVE_S1.);
#496 = B_SPLINE_CURVE_WITH_KNOTS('',1,(#497,#498),.UNSPECIFIED.,.F.,.F.,
  (2,2),(0.,40.),.PIECEWISE_BEZIER_KNOTS.);
#497 = CARTESIAN_POINT('',(40.,-1.42108547152E-14,90.));
#498 = CARTESIAN_POINT('',(20.,34.641016151378,90.));
#499 = PCURVE('',#400,#500);
#500 = DEFINITIONAL_REPRESENTATION('',(#501),#505);
#501 = LINE('',#502,#503);
#502 = CARTESIAN_POINT('',(0.,90.));
#503 = VECTOR('',#504,1.);
#504 = DIRECTION('',(1.,0.));
#505 = ( GEOMETRIC_REPRESENTATION_CONTEXT(2) 
PARAMETRIC_REPRESENTATION_CONTEXT() REPRESENTATION_CONTEXT('2D SPACE',''
  ) );
#506 = PCURVE('',#167,#507);
#507 = DEFINITIONAL_REPRESENTATION('',(#508),#511);
#508 = B_SPLINE_CURVE_WITH_KNOTS('',1,(#509,#510),.UNSPECIFIED.,.F.,.F.,
  (2,2),(0.,40.),.PIECEWISE_BEZIER_KNOTS.);
#509 = CARTESIAN_POINT('',(40.,-9.947598300641E-15));
#510 = CARTESIAN_POINT('',(20.,34.641016151378));
#511 = ( GEOMETRIC_REPRESENTATION_CONTEXT(2) 
PARAMETRIC_REPRESENTATION_CONTEXT() REPRESENTATION_CONTEXT('2D SPACE',''
  ) );
#512 = ADVANCED_FACE('',(#513),#61,.T.);
#513 = FACE_BOUND('',#514,.T.);
#514 = EDGE_LOOP('',(#515,#516,#535,#536));
#515 = ORIENTED_EDGE('',*,*,#467,.F.);
#516 = ORIENTED_EDGE('',*,*,#517,.T.);
#517 = EDGE_CURVE('',#447,#22,#518,.T.);
#518 = SURFACE_CURVE('',#519,(#522,#529),.PCURVE_S1.);
#519 = B_SPLINE_CURVE_WITH_KNOTS('',1,(#520,#521),.UNSPECIFIED.,.F.,.F.,
  (2,2),(0.,40.),.PIECEWISE_BEZIER_KNOTS.);
#520 = CARTESIAN_POINT('',(20.,-34.64101615137,0.));
#521 = CARTESIAN_POINT('',(40.,0.,0.));
#522 = PCURVE('',#61,#523);
#523 = DEFINITIONAL_REPRESENTATION('',(#524),#528);
#524 = LINE('',#525,#526);
#525 = CARTESIAN_POINT('',(0.,0.));
#526 = VECTOR('',#527,1.);
#527 = DIRECTION('',(1.,0.));
#528 = ( GEOMETRIC_REPRESENTATION_CONTEXT(2) 
PARAMETRIC_REPRESENTATION_CONTEXT() REPRESENTATION_CONTEXT('2D SPACE',''
  ) );
#529 = PCURVE('',#99,#530);
#530 = DEFINITIONAL_REPRESENTATION('',(#531),#534);
#531 = B_SPLINE_CURVE_WITH_KNOTS('',1,(#532,#533),.UNSPECIFIED.,.F.,.F.,
  (2,2),(0.,40.),.PIECEWISE_BEZIER_KNOTS.);
#532 = CARTESIAN_POINT('',(20.,-34.64101615137));
#533 = CARTESIAN_POINT('',(40.,-2.368475785867E-15));
#534 = ( GEOMETRIC_REPRESENTATION_CONTEXT(2) 
PARAMETRIC_REPRESENTATION_CONTEXT() REPRESENTATION_CONTEXT('2D SPACE',''
  ) );
#535 = ORIENTED_EDGE('',*,*,#21,.T.);
#536 = ORIENTED_EDGE('',*,*,#537,.F.);
#537 = EDGE_CURVE('',#468,#24,#538,.T.);
#538 = SURFACE_CURVE('',#539,(#542,#549),.PCURVE_S1.);
#539 = B_SPLINE_CURVE_WITH_KNOTS('',1,(#540,#541),.UNSPECIFIED.,.F.,.F.,
  (2,2),(0.,40.),.PIECEWISE_BEZIER_KNOTS.);
#540 = CARTESIAN_POINT('',(20.,34.641016151378,90.));
#541 = CARTESIAN_POINT('',(-20.,34.641016151378,90.));
#542 = PCURVE('',#61,#543);
#543 = DEFINITIONAL_REPRESENTATION('',(#544),#548);
#544 = LINE('',#545,#546);
#545 = CARTESIAN_POINT('',(0.,90.));
#546 = VECTOR('',#547,1.);
#547 = DIRECTION('',(1.,0.));
#548 = ( GEOMETRIC_REPRESENTATION_CONTEXT(2) 
PARAMETRIC_REPRESENTATION_CONTEXT() REPRESENTATION_CONTEXT('2D SPACE',''
  ) );
#549 = PCURVE('',#167,#550);
#550 = DEFINITIONAL_REPRESENTATION('',(#551),#554);
#551 = B_SPLINE_CURVE_WITH_KNOTS('',1,(#552,#553),.UNSPECIFIED.,.F.,.F.,
  (2,2),(0.,40.),.PIECEWISE_BEZIER_KNOTS.);
#552 = CARTESIAN_POINT('',(20.,34.641016151378));
#553 = CARTESIAN_POINT('',(-20.,34.641016151378));
#554 = ( GEOMETRIC_REPRESENTATION_CONTEXT(2) 
PARAMETRIC_REPRESENTATION_CONTEXT() REPRESENTATION_CONTEXT('2D SPACE',''
  ) );
#555 = ADVANCED_FACE('',(#556),#99,.F.);
#556 = FACE_BOUND('',#557,.F.);
#557 = EDGE_LOOP('',(#558,#559,#560,#561,#562,#563));
#558 = ORIENTED_EDGE('',*,*,#84,.T.);
#559 = ORIENTED_EDGE('',*,*,#182,.T.);
#560 = ORIENTED_EDGE('',*,*,#270,.T.);
#561 = ORIENTED_EDGE('',*,*,#358,.T.);
#562 = ORIENTED_EDGE('',*,*,#446,.T.);
#563 = ORIENTED_EDGE('',*,*,#517,.T.);
#564 = ADVANCED_FACE('',(#565,#573),#167,.T.);
#565 = FACE_BOUND('',#566,.T.);
#566 = EDGE_LOOP('',(#567,#568,#569,#570,#571,#572));
#567 = ORIENTED_EDGE('',*,*,#154,.T.);
#568 = ORIENTED_EDGE('',*,*,#247,.T.);
#569 = ORIENTED_EDGE('',*,*,#335,.T.);
#570 = ORIENTED_EDGE('',*,*,#423,.T.);
#571 = ORIENTED_EDGE('',*,*,#494,.T.);
#572 = ORIENTED_EDGE('',*,*,#537,.T.);
#573 = FACE_BOUND('',#574,.T.);
#574 = EDGE_LOOP('',(#575,#1147,#1717,#2287,#2857,#3427));
#575 = ORIENTED_EDGE('',*,*,#576,.T.);
#576 = EDGE_CURVE('',#577,#579,#581,.T.);
#577 = VERTEX_POINT('',#578);
#578 = CARTESIAN_POINT('',(-36.26002980255,1.256615892604E-02,
    90.000000000219));
#579 = VERTEX_POINT('',#580);
#580 = CARTESIAN_POINT('',(-18.11913228858,31.408390030266,
    90.000000000195));
#581 = SURFACE_CURVE('',#582,(#639,#699),.PCURVE_S1.);
#582 = B_SPLINE_CURVE_WITH_KNOTS('',7,(#583,#584,#585,#586,#587,#588,
    #589,#590,#591,#592,#593,#594,#595,#596,#597,#598,#599,#600,#601,
    #602,#603,#604,#605,#606,#607,#608,#609,#610,#611,#612,#613,#614,
    #615,#616,#617,#618,#619,#620,#621,#622,#623,#624,#625,#626,#627,
    #628,#629,#630,#631,#632,#633,#634,#635,#636,#637,#638),
  .UNSPECIFIED.,.F.,.F.,(8,6,6,6,6,6,6,6,6,8),(0.,0.161303304279,
    0.171140249031,0.240062187371,0.499765236227,0.508675058856,
    0.791306139915,0.838545737329,0.84739319455,1.),.UNSPECIFIED.);
#583 = CARTESIAN_POINT('',(-42.49568679833,-11.6021348953,90.));
#584 = CARTESIAN_POINT('',(-41.77623849618,-10.24808091291,90.));
#585 = CARTESIAN_POINT('',(-41.06288279309,-8.908554769388,90.));
#586 = CARTESIAN_POINT('',(-40.35605941963,-7.584521261722,90.));
#587 = CARTESIAN_POINT('',(-39.65626597023,-6.277076958613,90.));
#588 = CARTESIAN_POINT('',(-38.96405888052,-4.987452332244,90.));
#589 = CARTESIAN_POINT('',(-38.28006109333,-3.717017300506,90.));
#590 = CARTESIAN_POINT('',(-37.56380694869,-2.391076634638,90.));
#591 = CARTESIAN_POINT('',(-37.52274912154,-2.315085183485,90.));
#592 = CARTESIAN_POINT('',(-37.48161825345,-2.238986102542,90.));
#593 = CARTESIAN_POINT('',(-37.44047542734,-2.162885549251,90.));
#594 = CARTESIAN_POINT('',(-37.39934651052,-2.086829364205,90.));
#595 = CARTESIAN_POINT('',(-37.35817553407,-2.01071993355,90.));
#596 = CARTESIAN_POINT('',(-37.02860570289,-1.401639635867,90.));
#597 = CARTESIAN_POINT('',(-36.73968936291,-0.868761566912,90.));
#598 = CARTESIAN_POINT('',(-36.45025791067,-0.336017529696,90.));
#599 = CARTESIAN_POINT('',(-36.16030608389,0.196586534324,90.));
#600 = CARTESIAN_POINT('',(-35.86982885583,0.72904436704,90.));
#601 = CARTESIAN_POINT('',(-35.57882143533,1.2613493937,90.));
#602 = CARTESIAN_POINT('',(-34.18872644231,3.7986583581,90.));
#603 = CARTESIAN_POINT('',(-33.0825803482,5.801556025924,90.));
#604 = CARTESIAN_POINT('',(-31.96860307007,7.801817626593,90.));
#605 = CARTESIAN_POINT('',(-30.8466124264,9.799016242787,90.));
#606 = CARTESIAN_POINT('',(-29.7165317944,11.792681986444,90.));
#607 = CARTESIAN_POINT('',(-28.57842020096,13.782340061973,90.));
#608 = CARTESIAN_POINT('',(-27.39316816128,15.835681887315,90.));
#609 = CARTESIAN_POINT('',(-27.35380375263,15.903855715156,90.));
#610 = CARTESIAN_POINT('',(-27.31441529027,15.972049111149,90.));
#611 = CARTESIAN_POINT('',(-27.2750191092,16.040233379183,90.));
#612 = CARTESIAN_POINT('',(-27.2356220421,16.108396545323,90.));
#613 = CARTESIAN_POINT('',(-27.19622141924,16.176543357814,90.));
#614 = CARTESIAN_POINT('',(-25.90646751658,18.406562503486,90.));
#615 = CARTESIAN_POINT('',(-24.64645112603,20.56271049944,90.));
#616 = CARTESIAN_POINT('',(-23.37718941646,22.712447374281,90.));
#617 = CARTESIAN_POINT('',(-22.09934010907,24.85521318434,90.));
#618 = CARTESIAN_POINT('',(-20.81370694262,26.990714477557,90.));
#619 = CARTESIAN_POINT('',(-19.52109634296,29.118924836545,90.));
#620 = CARTESIAN_POINT('',(-18.00518766565,31.594516712866,90.));
#621 = CARTESIAN_POINT('',(-17.78792626982,31.948837990494,90.));
#622 = CARTESIAN_POINT('',(-17.57049489538,32.302960660549,90.));
#623 = CARTESIAN_POINT('',(-17.35289706445,32.656885612108,90.));
#624 = CARTESIAN_POINT('',(-17.13513625188,33.010613869886,90.));
#625 = CARTESIAN_POINT('',(-16.91721588519,33.364146594238,90.));
#626 = CARTESIAN_POINT('',(-16.65829600623,33.783661494981,90.));
#627 = CARTESIAN_POINT('',(-16.61740376589,33.849900357381,90.));
#628 = CARTESIAN_POINT('',(-16.57642065478,33.916274955371,90.));
#629 = CARTESIAN_POINT('',(-16.53534893827,33.982782353085,90.));
#630 = CARTESIAN_POINT('',(-16.49420884593,34.049388372257,90.));
#631 = CARTESIAN_POINT('',(-16.45301230159,34.116072572706,90.));
#632 = CARTESIAN_POINT('',(-15.69978691711,35.33509528799,90.));
#633 = CARTESIAN_POINT('',(-14.97676624935,36.501648352697,90.));
#634 = CARTESIAN_POINT('',(-14.2435427513,37.681292616396,90.));
#635 = CARTESIAN_POINT('',(-13.5008783448,38.872977826228,90.));
#636 = CARTESIAN_POINT('',(-12.74944126513,40.075811645264,90.));
#637 = CARTESIAN_POINT('',(-11.98981572873,41.289036142049,90.));
#638 = CARTESIAN_POINT('',(-11.22250877576,42.512012411445,90.));
#639 = PCURVE('',#167,#640);
#640 = DEFINITIONAL_REPRESENTATION('',(#641),#698);
#641 = B_SPLINE_CURVE_WITH_KNOTS('',7,(#642,#643,#644,#645,#646,#647,
    #648,#649,#650,#651,#652,#653,#654,#655,#656,#657,#658,#659,#660,
    #661,#662,#663,#664,#665,#666,#667,#668,#669,#670,#671,#672,#673,
    #674,#675,#676,#677,#678,#679,#680,#681,#682,#683,#684,#685,#686,
    #687,#688,#689,#690,#691,#692,#693,#694,#695,#696,#697),
  .UNSPECIFIED.,.F.,.F.,(8,6,6,6,6,6,6,6,6,8),(0.,0.161303304279,
    0.171140249031,0.240062187371,0.499765236227,0.508675058856,
    0.791306139915,0.838545737329,0.84739319455,1.),.UNSPECIFIED.);
#642 = CARTESIAN_POINT('',(-42.49568679833,-11.6021348953));
#643 = CARTESIAN_POINT('',(-41.77623849618,-10.24808091291));
#644 = CARTESIAN_POINT('',(-41.06288279309,-8.908554769388));
#645 = CARTESIAN_POINT('',(-40.35605941963,-7.584521261722));
#646 = CARTESIAN_POINT('',(-39.65626597023,-6.277076958613));
#647 = CARTESIAN_POINT('',(-38.96405888052,-4.987452332244));
#648 = CARTESIAN_POINT('',(-38.28006109333,-3.717017300506));
#649 = CARTESIAN_POINT('',(-37.56380694869,-2.391076634638));
#650 = CARTESIAN_POINT('',(-37.52274912154,-2.315085183485));
#651 = CARTESIAN_POINT('',(-37.48161825345,-2.238986102542));
#652 = CARTESIAN_POINT('',(-37.44047542734,-2.162885549251));
#653 = CARTESIAN_POINT('',(-37.39934651052,-2.086829364205));
#654 = CARTESIAN_POINT('',(-37.35817553407,-2.01071993355));
#655 = CARTESIAN_POINT('',(-37.02860570289,-1.401639635867));
#656 = CARTESIAN_POINT('',(-36.73968936291,-0.868761566912));
#657 = CARTESIAN_POINT('',(-36.45025791067,-0.336017529696));
#658 = CARTESIAN_POINT('',(-36.16030608389,0.196586534324));
#659 = CARTESIAN_POINT('',(-35.86982885583,0.72904436704));
#660 = CARTESIAN_POINT('',(-35.57882143533,1.2613493937));
#661 = CARTESIAN_POINT('',(-34.18872644231,3.7986583581));
#662 = CARTESIAN_POINT('',(-33.0825803482,5.801556025924));
#663 = CARTESIAN_POINT('',(-31.96860307007,7.801817626593));
#664 = CARTESIAN_POINT('',(-30.8466124264,9.799016242787));
#665 = CARTESIAN_POINT('',(-29.7165317944,11.792681986444));
#666 = CARTESIAN_POINT('',(-28.57842020096,13.782340061973));
#667 = CARTESIAN_POINT('',(-27.39316816128,15.835681887315));
#668 = CARTESIAN_POINT('',(-27.35380375263,15.903855715156));
#669 = CARTESIAN_POINT('',(-27.31441529027,15.972049111149));
#670 = CARTESIAN_POINT('',(-27.2750191092,16.040233379183));
#671 = CARTESIAN_POINT('',(-27.2356220421,16.108396545323));
#672 = CARTESIAN_POINT('',(-27.19622141924,16.176543357814));
#673 = CARTESIAN_POINT('',(-25.90646751658,18.406562503486));
#674 = CARTESIAN_POINT('',(-24.64645112603,20.56271049944));
#675 = CARTESIAN_POINT('',(-23.37718941646,22.712447374281));
#676 = CARTESIAN_POINT('',(-22.09934010907,24.85521318434));
#677 = CARTESIAN_POINT('',(-20.81370694262,26.990714477557));
#678 = CARTESIAN_POINT('',(-19.52109634296,29.118924836545));
#679 = CARTESIAN_POINT('',(-18.00518766565,31.594516712866));
#680 = CARTESIAN_POINT('',(-17.78792626982,31.948837990494));
#681 = CARTESIAN_POINT('',(-17.57049489538,32.302960660549));
#682 = CARTESIAN_POINT('',(-17.35289706445,32.656885612108));
#683 = CARTESIAN_POINT('',(-17.13513625188,33.010613869886));
#684 = CARTESIAN_POINT('',(-16.91721588519,33.364146594238));
#685 = CARTESIAN_POINT('',(-16.65829600623,33.783661494981));
#686 = CARTESIAN_POINT('',(-16.61740376589,33.849900357381));
#687 = CARTESIAN_POINT('',(-16.57642065478,33.916274955371));
#688 = CARTESIAN_POINT('',(-16.53534893827,33.982782353085));
#689 = CARTESIAN_POINT('',(-16.49420884593,34.049388372257));
#690 = CARTESIAN_POINT('',(-16.45301230159,34.116072572706));
#691 = CARTESIAN_POINT('',(-15.69978691711,35.33509528799));
#692 = CARTESIAN_POINT('',(-14.97676624935,36.501648352697));
#693 = CARTESIAN_POINT('',(-14.2435427513,37.681292616396));
#694 = CARTESIAN_POINT('',(-13.5008783448,38.872977826228));
#695 = CARTESIAN_POINT('',(-12.74944126513,40.075811645264));
#696 = CARTESIAN_POINT('',(-11.98981572873,41.289036142049));
#697 = CARTESIAN_POINT('',(-11.22250877576,42.512012411445));
#698 = ( GEOMETRIC_REPRESENTATION_CONTEXT(2) 
PARAMETRIC_REPRESENTATION_CONTEXT() REPRESENTATION_CONTEXT('2D SPACE',''
  ) );
#699 = PCURVE('',#700,#802);
#700 = OFFSET_SURFACE('',#701,-3.,.F.);
#701 = B_SPLINE_SURFACE_WITH_KNOTS('',2,7,(
    (#702,#703,#704,#705,#706,#707,#708,#709,#710,#711,#712,#713,#714
      ,#715,#716,#717,#718,#719,#720,#721)
    ,(#722,#723,#724,#725,#726,#727,#728,#729,#730,#731,#732,#733,#734
      ,#735,#736,#737,#738,#739,#740,#741)
    ,(#742,#743,#744,#745,#746,#747,#748,#749,#750,#751,#752,#753,#754
      ,#755,#756,#757,#758,#759,#760,#761)
    ,(#762,#763,#764,#765,#766,#767,#768,#769,#770,#771,#772,#773,#774
      ,#775,#776,#777,#778,#779,#780,#781)
    ,(#782,#783,#784,#785,#786,#787,#788,#789,#790,#791,#792,#793,#794
      ,#795,#796,#797,#798,#799,#800,#801
    )),.UNSPECIFIED.,.F.,.F.,.F.,(3,1,1,3),(8,6,6,8),(-9.125878612703,0.
    ,40.,49.125878612703),(-20.83171840419,0.,90.,110.83171840419),
  .UNSPECIFIED.);
#702 = CARTESIAN_POINT('',(41.317838168821,-30.96227697899,
    -20.83171840419));
#703 = CARTESIAN_POINT('',(41.843861287561,-27.77627370168,
    -17.85575863216));
#704 = CARTESIAN_POINT('',(42.369884406301,-24.59027042437,
    -14.87979886014));
#705 = CARTESIAN_POINT('',(42.89590752504,-21.40426714707,
    -11.90383908811));
#706 = CARTESIAN_POINT('',(43.42193064378,-18.21826386976,
    -8.927879316084));
#707 = CARTESIAN_POINT('',(43.94795376252,-15.03226059245,
    -5.951919544056));
#708 = CARTESIAN_POINT('',(44.47397688126,-11.84625731515,
    -2.975959772028));
#709 = CARTESIAN_POINT('',(47.272596036871,5.104347105182,
    12.857142857143));
#710 = CARTESIAN_POINT('',(44.790801769541,19.512415114973,
    25.714285714285));
#711 = CARTESIAN_POINT('',(37.350813879573,32.625479998082,
    38.57142857143));
#712 = CARTESIAN_POINT('',(25.728102435076,42.397759229253,
    51.428571428571));
#713 = CARTESIAN_POINT('',(11.786274589072,47.413436893864,
    64.285714285713));
#714 = CARTESIAN_POINT('',(-2.362836167505,47.488627066708,
    77.142857142857));
#715 = CARTESIAN_POINT('',(-17.92504264873,42.332049752226,
    92.975959772028));
#716 = CARTESIAN_POINT('',(-20.87453852332,41.354726675681,
    95.976798434783));
#717 = CARTESIAN_POINT('',(-23.84848762376,40.369300959589,
    99.002515988266));
#718 = CARTESIAN_POINT('',(-26.84688995005,39.375772603948,
    102.05311243247));
#719 = CARTESIAN_POINT('',(-29.86974550219,38.374141608759,
    105.12858776741));
#720 = CARTESIAN_POINT('',(-32.91705428018,37.364407974022,
    108.22894199307));
#721 = CARTESIAN_POINT('',(-35.98881628403,36.346571699737,
    111.35417510946));
#722 = CARTESIAN_POINT('',(40.270865578574,-25.46463779147,
    -21.86427748083));
#723 = CARTESIAN_POINT('',(40.57165937285,-22.2462110898,-18.59330082976
    ));
#724 = CARTESIAN_POINT('',(40.867931620205,-19.07616393459,
    -15.37149365854));
#725 = CARTESIAN_POINT('',(41.15968232064,-15.95449632581,
    -12.19885596715));
#726 = CARTESIAN_POINT('',(41.446911474155,-12.88120826349,
    -9.075387755604));
#727 = CARTESIAN_POINT('',(41.729619080749,-9.856299747625,
    -6.001089023896));
#728 = CARTESIAN_POINT('',(42.007805140423,-6.879770778201,
    -2.975959772028));
#729 = CARTESIAN_POINT('',(43.463791997876,8.69896478243,12.857142857143
    ));
#730 = CARTESIAN_POINT('',(40.229853360339,21.761649771265,
    25.714285714285));
#731 = CARTESIAN_POINT('',(32.409756641756,33.390955910577,
    38.57142857143));
#732 = CARTESIAN_POINT('',(20.787045197259,41.632283316757,
    51.428571428571));
#733 = CARTESIAN_POINT('',(7.225326179871,45.164202237571,
    64.285714285713));
#734 = CARTESIAN_POINT('',(-6.1716402065,43.894009389461,77.142857142857
    ));
#735 = CARTESIAN_POINT('',(-20.39121438957,37.365563215276,
    92.975959772028));
#736 = CARTESIAN_POINT('',(-23.10805712203,36.11821492522,
    96.001089023896));
#737 = CARTESIAN_POINT('',(-25.86905854419,34.850592636438,
    99.075387755604));
#738 = CARTESIAN_POINT('',(-28.67421865607,33.562696348928,
    102.19885596715));
#739 = CARTESIAN_POINT('',(-31.52353745765,32.254526062692,
    105.37149365854));
#740 = CARTESIAN_POINT('',(-34.41701494894,30.926081777728,
    108.59330082976));
#741 = CARTESIAN_POINT('',(-37.35465112995,29.577363494038,
    111.86427748083));
#742 = CARTESIAN_POINT('',(39.645997353746,0.613150569326,
    -23.93152679827));
#743 = CARTESIAN_POINT('',(38.089507874816,3.309069428278,
    -20.06990748507));
#744 = CARTESIAN_POINT('',(36.592515014876,5.901937120264,
    -16.35589809541));
#745 = CARTESIAN_POINT('',(35.155018773923,8.391753645282,
    -12.78949862927));
#746 = CARTESIAN_POINT('',(33.77701915196,10.778519003334,
    -9.370709086666));
#747 = CARTESIAN_POINT('',(32.458516148985,13.062233194419,
    -6.099529467583));
#748 = CARTESIAN_POINT('',(31.199509764998,15.242896218537,
    -2.975959772028));
#749 = CARTESIAN_POINT('',(24.817716102188,26.296487085945,
    12.857142857143));
#750 = CARTESIAN_POINT('',(16.502263590235,33.462926004418,
    25.714285714285));
#751 = CARTESIAN_POINT('',(5.811355722248,37.511619613668,38.57142857143
    ));
#752 = CARTESIAN_POINT('',(-5.811355722248,37.511619613666,
    51.428571428571));
#753 = CARTESIAN_POINT('',(-16.50226359023,33.462926004419,
    64.285714285714));
#754 = CARTESIAN_POINT('',(-24.81771610218,26.296487085945,
    77.142857142857));
#755 = CARTESIAN_POINT('',(-31.19950976499,15.242896218537,
    92.975959772028));
#756 = CARTESIAN_POINT('',(-32.45851614898,13.062233194419,
    96.099529467583));
#757 = CARTESIAN_POINT('',(-33.77701915196,10.778519003334,
    99.370709086666));
#758 = CARTESIAN_POINT('',(-35.15501877392,8.391753645282,
    102.78949862927));
#759 = CARTESIAN_POINT('',(-36.59251501487,5.901937120264,
    106.35589809541));
#760 = CARTESIAN_POINT('',(-38.08950787481,3.309069428279,
    110.06990748507));
#761 = CARTESIAN_POINT('',(-39.64599735374,0.613150569327,
    113.93152679827));
#762 = CARTESIAN_POINT('',(37.354651129951,29.577363494037,
    -21.86427748083));
#763 = CARTESIAN_POINT('',(34.417014948949,30.926081777728,
    -18.59330082976));
#764 = CARTESIAN_POINT('',(31.523537457657,32.254526062691,
    -15.37149365854));
#765 = CARTESIAN_POINT('',(28.674218656073,33.562696348928,
    -12.19885596715));
#766 = CARTESIAN_POINT('',(25.869058544198,34.850592636438,
    -9.075387755604));
#767 = CARTESIAN_POINT('',(23.108057122031,36.11821492522,
    -6.001089023896));
#768 = CARTESIAN_POINT('',(20.391214389573,37.365563215276,
    -2.975959772028));
#769 = CARTESIAN_POINT('',(6.1716402065,43.894009389461,12.857142857143)
  );
#770 = CARTESIAN_POINT('',(-7.22532617987,45.16420223757,25.714285714285
    ));
#771 = CARTESIAN_POINT('',(-20.78704519726,41.63228331676,
    38.571428571429));
#772 = CARTESIAN_POINT('',(-32.40975664175,33.390955910575,
    51.428571428571));
#773 = CARTESIAN_POINT('',(-40.22985336034,21.761649771267,
    64.285714285714));
#774 = CARTESIAN_POINT('',(-43.46379199787,8.698964782429,
    77.142857142857));
#775 = CARTESIAN_POINT('',(-42.00780514042,-6.879770778201,
    92.975959772028));
#776 = CARTESIAN_POINT('',(-41.72961908074,-9.856299747625,
    96.001089023896));
#777 = CARTESIAN_POINT('',(-41.44691147415,-12.88120826349,
    99.075387755604));
#778 = CARTESIAN_POINT('',(-41.15968232064,-15.95449632581,
    102.19885596715));
#779 = CARTESIAN_POINT('',(-40.8679316202,-19.07616393458,
    105.37149365854));
#780 = CARTESIAN_POINT('',(-40.57165937285,-22.2462110898,
    108.59330082976));
#781 = CARTESIAN_POINT('',(-40.27086557857,-25.46463779147,
    111.86427748083));
#782 = CARTESIAN_POINT('',(35.988816284031,36.346571699736,
    -21.35417510946));
#783 = CARTESIAN_POINT('',(32.917054280186,37.364407974022,
    -18.22894199307));
#784 = CARTESIAN_POINT('',(29.869745502193,38.374141608759,
    -15.12858776741));
#785 = CARTESIAN_POINT('',(26.846889950052,39.375772603948,
    -12.05311243247));
#786 = CARTESIAN_POINT('',(23.848487623762,40.369300959588,
    -9.002515988265));
#787 = CARTESIAN_POINT('',(20.874538523323,41.354726675681,
    -5.976798434783));
#788 = CARTESIAN_POINT('',(17.925042648736,42.332049752226,
    -2.975959772028));
#789 = CARTESIAN_POINT('',(2.362836167505,47.488627066708,
    12.857142857143));
#790 = CARTESIAN_POINT('',(-11.78627458907,47.413436893863,
    25.714285714285));
#791 = CARTESIAN_POINT('',(-25.72810243507,42.397759229255,
    38.571428571429));
#792 = CARTESIAN_POINT('',(-37.35081387957,32.62547999808,
    51.428571428571));
#793 = CARTESIAN_POINT('',(-44.79080176954,19.512415114974,
    64.285714285714));
#794 = CARTESIAN_POINT('',(-47.27259603687,5.104347105182,
    77.142857142857));
#795 = CARTESIAN_POINT('',(-44.47397688126,-11.84625731515,
    92.975959772028));
#796 = CARTESIAN_POINT('',(-43.94795376252,-15.03226059245,
    95.951919544056));
#797 = CARTESIAN_POINT('',(-43.42193064378,-18.21826386976,
    98.927879316084));
#798 = CARTESIAN_POINT('',(-42.89590752504,-21.40426714707,
    101.90383908811));
#799 = CARTESIAN_POINT('',(-42.3698844063,-24.59027042437,
    104.87979886014));
#800 = CARTESIAN_POINT('',(-41.84386128756,-27.77627370168,
    107.85575863216));
#801 = CARTESIAN_POINT('',(-41.31783816882,-30.96227697899,
    110.83171840419));
#802 = DEFINITIONAL_REPRESENTATION('',(#803),#1146);
#803 = B_SPLINE_CURVE_WITH_KNOTS('',11,(#804,#805,#806,#807,#808,#809,
    #810,#811,#812,#813,#814,#815,#816,#817,#818,#819,#820,#821,#822,
    #823,#824,#825,#826,#827,#828,#829,#830,#831,#832,#833,#834,#835,
    #836,#837,#838,#839,#840,#841,#842,#843,#844,#845,#846,#847,#848,
    #849,#850,#851,#852,#853,#854,#855,#856,#857,#858,#859,#860,#861,
    #862,#863,#864,#865,#866,#867,#868,#869,#870,#871,#872,#873,#874,
    #875,#876,#877,#878,#879,#880,#881,#882,#883,#884,#885,#886,#887,
    #888,#889,#890,#891,#892,#893,#894,#895,#896,#897,#898,#899,#900,
    #901,#902,#903,#904,#905,#906,#907,#908,#909,#910,#911,#912,#913,
    #914,#915,#916,#917,#918,#919,#920,#921,#922,#923,#924,#925,#926,
    #927,#928,#929,#930,#931,#932,#933,#934,#935,#936,#937,#938,#939,
    #940,#941,#942,#943,#944,#945,#946,#947,#948,#949,#950,#951,#952,
    #953,#954,#955,#956,#957,#958,#959,#960,#961,#962,#963,#964,#965,
    #966,#967,#968,#969,#970,#971,#972,#973,#974,#975,#976,#977,#978,
    #979,#980,#981,#982,#983,#984,#985,#986,#987,#988,#989,#990,#991,
    #992,#993,#994,#995,#996,#997,#998,#999,#1000,#1001,#1002,#1003,
    #1004,#1005,#1006,#1007,#1008,#1009,#1010,#1011,#1012,#1013,#1014,
    #1015,#1016,#1017,#1018,#1019,#1020,#1021,#1022,#1023,#1024,#1025,
    #1026,#1027,#1028,#1029,#1030,#1031,#1032,#1033,#1034,#1035,#1036,
    #1037,#1038,#1039,#1040,#1041,#1042,#1043,#1044,#1045,#1046,#1047,
    #1048,#1049,#1050,#1051,#1052,#1053,#1054,#1055,#1056,#1057,#1058,
    #1059,#1060,#1061,#1062,#1063,#1064,#1065,#1066,#1067,#1068,#1069,
    #1070,#1071,#1072,#1073,#1074,#1075,#1076,#1077,#1078,#1079,#1080,
    #1081,#1082,#1083,#1084,#1085,#1086,#1087,#1088,#1089,#1090,#1091,
    #1092,#1093,#1094,#1095,#1096,#1097,#1098,#1099,#1100,#1101,#1102,
    #1103,#1104,#1105,#1106,#1107,#1108,#1109,#1110,#1111,#1112,#1113,
    #1114,#1115,#1116,#1117,#1118,#1119,#1120,#1121,#1122,#1123,#1124,
    #1125,#1126,#1127,#1128,#1129,#1130,#1131,#1132,#1133,#1134,#1135,
    #1136,#1137,#1138,#1139,#1140,#1141,#1142,#1143,#1144,#1145),
  .UNSPECIFIED.,.F.,.F.,(12,10,10,10,10,10,10,10,10,10,10,10,10,10,10,10
    ,10,10,10,10,10,10,10,10,10,10,10,10,10,10,10,10,10,10,12),(0.,0.125
    ,0.15625,0.16015625,0.162109375,0.1640625,0.171875,0.1875,0.25,0.375
    ,0.4375,0.46875,0.484375,0.4921875,0.49609375,0.498046875,0.5,
    0.5078125,0.51171875,0.515625,0.53125,0.5625,0.625,0.75,0.8125,
    0.828125,0.8359375,0.837890625,0.83984375,0.84375,0.84765625,
    0.8515625,0.859375,0.875,1.),.UNSPECIFIED.);
#804 = CARTESIAN_POINT('',(49.125878612703,91.649765774173));
#805 = CARTESIAN_POINT('',(48.516165175352,91.622299963674));
#806 = CARTESIAN_POINT('',(47.902019809159,91.594327222897));
#807 = CARTESIAN_POINT('',(47.283369153568,91.565832204734));
#808 = CARTESIAN_POINT('',(46.660139343272,91.536799857389));
#809 = CARTESIAN_POINT('',(46.032255890107,91.507215724081));
#810 = CARTESIAN_POINT('',(45.399643565554,91.477066244171));
#811 = CARTESIAN_POINT('',(44.762226282359,91.446339052344));
#812 = CARTESIAN_POINT('',(44.119926977211,91.415023279985));
#813 = CARTESIAN_POINT('',(43.472667492366,91.383109854489));
#814 = CARTESIAN_POINT('',(42.820368458137,91.350591800192));
#815 = CARTESIAN_POINT('',(41.998594353977,91.309182722783));
#816 = CARTESIAN_POINT('',(41.833919514209,91.300862838538));
#817 = CARTESIAN_POINT('',(41.668923394324,91.292504814227));
#818 = CARTESIAN_POINT('',(41.503604726734,91.284108589859));
#819 = CARTESIAN_POINT('',(41.337962237733,91.275674117601));
#820 = CARTESIAN_POINT('',(41.171994646994,91.267201360325));
#821 = CARTESIAN_POINT('',(41.005700668256,91.258690293561));
#822 = CARTESIAN_POINT('',(40.839079008564,91.250140903388));
#823 = CARTESIAN_POINT('',(40.672128368954,91.241553188282));
#824 = CARTESIAN_POINT('',(40.504847443954,91.232927157801));
#825 = CARTESIAN_POINT('',(40.316283356613,91.223179792783));
#826 = CARTESIAN_POINT('',(40.295326610148,91.222096153888));
#827 = CARTESIAN_POINT('',(40.274364679895,91.221011916733));
#828 = CARTESIAN_POINT('',(40.253397563317,91.219927081329));
#829 = CARTESIAN_POINT('',(40.232425257776,91.21884164783));
#830 = CARTESIAN_POINT('',(40.211447760799,91.21775561615));
#831 = CARTESIAN_POINT('',(40.190465069705,91.21666898653));
#832 = CARTESIAN_POINT('',(40.169477182018,91.21558175885));
#833 = CARTESIAN_POINT('',(40.148484095104,91.214493933308));
#834 = CARTESIAN_POINT('',(40.127485806422,91.213405509883));
#835 = CARTESIAN_POINT('',(40.095980566877,91.211771978059));
#836 = CARTESIAN_POINT('',(40.0854772184,91.211227743677));
#837 = CARTESIAN_POINT('',(40.074973956808,91.210681481134));
#838 = CARTESIAN_POINT('',(40.064467124674,91.210137851585));
#839 = CARTESIAN_POINT('',(40.053959723897,91.209593740351));
#840 = CARTESIAN_POINT('',(40.04345290384,91.209046831221));
#841 = CARTESIAN_POINT('',(40.032943939673,91.208499754581));
#842 = CARTESIAN_POINT('',(40.02243146236,91.207955759417));
#843 = CARTESIAN_POINT('',(40.011917913806,91.207413784658));
#844 = CARTESIAN_POINT('',(40.001403865012,91.206870980286));
#845 = CARTESIAN_POINT('',(39.980374052669,91.205787292975));
#846 = CARTESIAN_POINT('',(39.96985848018,91.205245992444));
#847 = CARTESIAN_POINT('',(39.959342483578,91.204705106268));
#848 = CARTESIAN_POINT('',(39.948826270043,91.204164519893));
#849 = CARTESIAN_POINT('',(39.938310011737,91.203624132977));
#850 = CARTESIAN_POINT('',(39.927793845763,91.203083859369));
#851 = CARTESIAN_POINT('',(39.91727787426,91.202543627185));
#852 = CARTESIAN_POINT('',(39.906762164257,91.202003378665));
#853 = CARTESIAN_POINT('',(39.896246747839,91.201463070358));
#854 = CARTESIAN_POINT('',(39.885731622004,91.200922672945));
#855 = CARTESIAN_POINT('',(39.833157255762,91.19822016505));
#856 = CARTESIAN_POINT('',(39.791102598921,91.196056245049));
#857 = CARTESIAN_POINT('',(39.749050411012,91.193889410687));
#858 = CARTESIAN_POINT('',(39.706999190079,91.191719038193));
#859 = CARTESIAN_POINT('',(39.664943506594,91.18954672863));
#860 = CARTESIAN_POINT('',(39.622880140443,91.18737379393));
#861 = CARTESIAN_POINT('',(39.580812771851,91.18519946423));
#862 = CARTESIAN_POINT('',(39.538749625043,91.183021903336));
#863 = CARTESIAN_POINT('',(39.496695256996,91.180841146588));
#864 = CARTESIAN_POINT('',(39.45464445739,91.178660079822));
#865 = CARTESIAN_POINT('',(39.328490136696,91.172109643546));
#866 = CARTESIAN_POINT('',(39.24439032419,91.167734486519));
#867 = CARTESIAN_POINT('',(39.160293575254,91.163351137197));
#868 = CARTESIAN_POINT('',(39.076199885442,91.158959602877));
#869 = CARTESIAN_POINT('',(38.992109250399,91.154559890636));
#870 = CARTESIAN_POINT('',(38.90802166566,91.150152007979));
#871 = CARTESIAN_POINT('',(38.823937126861,91.145735961782));
#872 = CARTESIAN_POINT('',(38.739855629572,91.141311759633));
#873 = CARTESIAN_POINT('',(38.655777169388,91.136879408496));
#874 = CARTESIAN_POINT('',(38.571701741905,91.132438915754));
#875 = CARTESIAN_POINT('',(38.151339745939,91.110195779898));
#876 = CARTESIAN_POINT('',(37.815098581005,91.092271161228));
#877 = CARTESIAN_POINT('',(37.478905540426,91.074216984203));
#878 = CARTESIAN_POINT('',(37.14276028013,91.056033896208));
#879 = CARTESIAN_POINT('',(36.806662419554,91.037722640611));
#880 = CARTESIAN_POINT('',(36.470611541496,91.019284056341));
#881 = CARTESIAN_POINT('',(36.134607192287,91.00071907847));
#882 = CARTESIAN_POINT('',(35.798648881632,90.982028737586));
#883 = CARTESIAN_POINT('',(35.462736082733,90.963214160335));
#884 = CARTESIAN_POINT('',(35.126868232205,90.94427656904));
#885 = CARTESIAN_POINT('',(34.119397725974,90.88709870767));
#886 = CARTESIAN_POINT('',(33.447928128383,90.848493537828));
#887 = CARTESIAN_POINT('',(32.77663124361,90.809412329853));
#888 = CARTESIAN_POINT('',(32.105501765147,90.769867440686));
#889 = CARTESIAN_POINT('',(31.434533773817,90.729873026989));
#890 = CARTESIAN_POINT('',(30.763720737631,90.689445044775));
#891 = CARTESIAN_POINT('',(30.093055511969,90.648601249852));
#892 = CARTESIAN_POINT('',(29.422530339391,90.607361197394));
#893 = CARTESIAN_POINT('',(28.7521368498,90.565746242277));
#894 = CARTESIAN_POINT('',(28.081866060324,90.523779538864));
#895 = CARTESIAN_POINT('',(27.076629532919,90.460339292248));
#896 = CARTESIAN_POINT('',(26.741578977198,90.439110837578));
#897 = CARTESIAN_POINT('',(26.406555510918,90.417803809679));
#898 = CARTESIAN_POINT('',(26.071557905278,90.396421441534));
#899 = CARTESIAN_POINT('',(25.736584900063,90.374967066692));
#900 = CARTESIAN_POINT('',(25.401635203503,90.353444118983));
#901 = CARTESIAN_POINT('',(25.066707492477,90.331856132942));
#902 = CARTESIAN_POINT('',(24.731800412271,90.310206743303));
#903 = CARTESIAN_POINT('',(24.396912576812,90.288499685484));
#904 = CARTESIAN_POINT('',(24.062042568482,90.26673879521));
#905 = CARTESIAN_POINT('',(23.559762123119,90.234022615533));
#906 = CARTESIAN_POINT('',(23.392339412518,90.223104714042));
#907 = CARTESIAN_POINT('',(23.224920620204,90.212174815186));
#908 = CARTESIAN_POINT('',(23.05750555985,90.201233429529));
#909 = CARTESIAN_POINT('',(22.890094045308,90.190281068288));
#910 = CARTESIAN_POINT('',(22.722685890168,90.179318241725));
#911 = CARTESIAN_POINT('',(22.555280908324,90.168345461192));
#912 = CARTESIAN_POINT('',(22.387878913388,90.157363237052));
#913 = CARTESIAN_POINT('',(22.220479719181,90.146372080388));
#914 = CARTESIAN_POINT('',(22.053083139401,90.135372501862));
#915 = CARTESIAN_POINT('',(21.801991912004,90.118861267566));
#916 = CARTESIAN_POINT('',(21.718295441687,90.11335555087));
#917 = CARTESIAN_POINT('',(21.634599552597,90.10784792962));
#918 = CARTESIAN_POINT('',(21.550904220409,90.10233847115));
#919 = CARTESIAN_POINT('',(21.467209420931,90.096827242839));
#920 = CARTESIAN_POINT('',(21.383515129775,90.091314312068));
#921 = CARTESIAN_POINT('',(21.299821322781,90.08579974612));
#922 = CARTESIAN_POINT('',(21.216127975579,90.080283612472));
#923 = CARTESIAN_POINT('',(21.132435063952,90.074765978372));
#924 = CARTESIAN_POINT('',(21.048742563596,90.069246911255));
#925 = CARTESIAN_POINT('',(20.923204393568,90.060966262046));
#926 = CARTESIAN_POINT('',(20.881358433545,90.058205704517));
#927 = CARTESIAN_POINT('',(20.839512567086,90.055444814507));
#928 = CARTESIAN_POINT('',(20.797666791101,90.052683600518));
#929 = CARTESIAN_POINT('',(20.755821102504,90.049922071368));
#930 = CARTESIAN_POINT('',(20.713975498207,90.047160235346));
#931 = CARTESIAN_POINT('',(20.672129975117,90.044398101441));
#932 = CARTESIAN_POINT('',(20.630284530152,90.041635677902));
#933 = CARTESIAN_POINT('',(20.588439160218,90.038872973603));
#934 = CARTESIAN_POINT('',(20.546593862231,90.036109997));
#935 = CARTESIAN_POINT('',(20.483826018533,90.031965136647));
#936 = CARTESIAN_POINT('',(20.462903421179,90.030583450627));
#937 = CARTESIAN_POINT('',(20.441980840636,90.029201699822));
#938 = CARTESIAN_POINT('',(20.421058276548,90.027819885243));
#939 = CARTESIAN_POINT('',(20.400135728466,90.026438008115));
#940 = CARTESIAN_POINT('',(20.379213196087,90.02505606933));
#941 = CARTESIAN_POINT('',(20.358290678923,90.023674070191));
#942 = CARTESIAN_POINT('',(20.337368176678,90.022292011591));
#943 = CARTESIAN_POINT('',(20.316445688895,90.020909894757));
#944 = CARTESIAN_POINT('',(20.295523215222,90.019527720696));
#945 = CARTESIAN_POINT('',(20.264139525275,90.017454375445));
#946 = CARTESIAN_POINT('',(20.253678298718,90.016763246328));
#947 = CARTESIAN_POINT('',(20.243217075548,90.01607210334));
#948 = CARTESIAN_POINT('',(20.232755855688,90.015380946545));
#949 = CARTESIAN_POINT('',(20.222294639144,90.01468977623));
#950 = CARTESIAN_POINT('',(20.211833425785,90.013998592294));
#951 = CARTESIAN_POINT('',(20.20137221566,90.013307395164));
#952 = CARTESIAN_POINT('',(20.190911008627,90.012616184696));
#953 = CARTESIAN_POINT('',(20.180449804708,90.011924961241));
#954 = CARTESIAN_POINT('',(20.169988603814,90.011233724808));
#955 = CARTESIAN_POINT('',(20.149066208009,90.00985122637));
#956 = CARTESIAN_POINT('',(20.138604697244,90.009160734216));
#957 = CARTESIAN_POINT('',(20.128145217853,90.008465285172));
#958 = CARTESIAN_POINT('',(20.117679939092,90.00778396645));
#959 = CARTESIAN_POINT('',(20.10722374102,90.007080508277));
#960 = CARTESIAN_POINT('',(20.096760867784,90.006393315247));
#961 = CARTESIAN_POINT('',(20.086295439559,90.005712344669));
#962 = CARTESIAN_POINT('',(20.075841775681,90.005002692833));
#963 = CARTESIAN_POINT('',(20.065375171117,90.004324579077));
#964 = CARTESIAN_POINT('',(20.054914845593,90.00363115407));
#965 = CARTESIAN_POINT('',(20.002619772123,90.000148029625));
#966 = CARTESIAN_POINT('',(19.960811210267,89.997294428794));
#967 = CARTESIAN_POINT('',(19.919021119011,89.994395764056));
#968 = CARTESIAN_POINT('',(19.877241986206,89.9914703745));
#969 = CARTESIAN_POINT('',(19.835467813841,89.988532900509));
#970 = CARTESIAN_POINT('',(19.793694118095,89.98559428444));
#971 = CARTESIAN_POINT('',(19.751917929277,89.982661769786));
#972 = CARTESIAN_POINT('',(19.710137791879,89.979738901984));
#973 = CARTESIAN_POINT('',(19.668353764539,89.976825527802));
#974 = CARTESIAN_POINT('',(19.626567420062,89.973917795702));
#975 = CARTESIAN_POINT('',(19.563889058084,89.969553335669));
#976 = CARTESIAN_POINT('',(19.542996993468,89.968096739453));
#977 = CARTESIAN_POINT('',(19.522100727651,89.966650434774));
#978 = CARTESIAN_POINT('',(19.50122447602,89.965155077746));
#979 = CARTESIAN_POINT('',(19.480310614108,89.96375191772));
#980 = CARTESIAN_POINT('',(19.459440693591,89.962241029382));
#981 = CARTESIAN_POINT('',(19.43853507131,89.960817676489));
#982 = CARTESIAN_POINT('',(19.417650009305,89.959343910276));
#983 = CARTESIAN_POINT('',(19.396756739938,89.957890270016));
#984 = CARTESIAN_POINT('',(19.375865518978,89.956431607035));
#985 = CARTESIAN_POINT('',(19.334082547472,89.95351558081));
#986 = CARTESIAN_POINT('',(19.313191047982,89.952057601885));
#987 = CARTESIAN_POINT('',(19.292299534222,89.950599658502));
#988 = CARTESIAN_POINT('',(19.271408005637,89.949141752));
#989 = CARTESIAN_POINT('',(19.250516461723,89.94768388374));
#990 = CARTESIAN_POINT('',(19.229624901898,89.946226055055));
#991 = CARTESIAN_POINT('',(19.208733325669,89.944768267303));
#992 = CARTESIAN_POINT('',(19.187841732464,89.943310521836));
#993 = CARTESIAN_POINT('',(19.166950121766,89.941852819988));
#994 = CARTESIAN_POINT('',(19.146058493028,89.940395163119));
#995 = CARTESIAN_POINT('',(19.041600256464,89.933107110391));
#996 = CARTESIAN_POINT('',(18.958033369816,89.927277409873));
#997 = CARTESIAN_POINT('',(18.874466151516,89.92144853696));
#998 = CARTESIAN_POINT('',(18.79089856731,89.915620577543));
#999 = CARTESIAN_POINT('',(18.707330582939,89.909793617633));
#1000 = CARTESIAN_POINT('',(18.623762164153,89.903967743021));
#1001 = CARTESIAN_POINT('',(18.540193276692,89.898143039813));
#1002 = CARTESIAN_POINT('',(18.456623886304,89.892319593759));
#1003 = CARTESIAN_POINT('',(18.373053958732,89.886497490926));
#1004 = CARTESIAN_POINT('',(18.289483459722,89.880676817161));
#1005 = CARTESIAN_POINT('',(18.038770145611,89.863219340959));
#1006 = CARTESIAN_POINT('',(17.87162550685,89.851587099136));
#1007 = CARTESIAN_POINT('',(17.704478170779,89.839961605927));
#1008 = CARTESIAN_POINT('',(17.537327869467,89.828343534152));
#1009 = CARTESIAN_POINT('',(17.370174334914,89.816733556888));
#1010 = CARTESIAN_POINT('',(17.203017299252,89.805132346865));
#1011 = CARTESIAN_POINT('',(17.035856494423,89.793540577192));
#1012 = CARTESIAN_POINT('',(16.868691652581,89.781958920636));
#1013 = CARTESIAN_POINT('',(16.701522505694,89.770388050222));
#1014 = CARTESIAN_POINT('',(16.534348785858,89.758828638813));
#1015 = CARTESIAN_POINT('',(16.03281310359,89.724186800439));
#1016 = CARTESIAN_POINT('',(15.698436666263,89.7011406535));
#1017 = CARTESIAN_POINT('',(15.364038799794,89.678148230419));
#1018 = CARTESIAN_POINT('',(15.029617430904,89.655214744913));
#1019 = CARTESIAN_POINT('',(14.69517052635,89.632345313198));
#1020 = CARTESIAN_POINT('',(14.36069609294,89.609544952912));
#1021 = CARTESIAN_POINT('',(14.026192177505,89.586818584503));
#1022 = CARTESIAN_POINT('',(13.691656866946,89.564171029781));
#1023 = CARTESIAN_POINT('',(13.357088288173,89.541607013156));
#1024 = CARTESIAN_POINT('',(13.022484608164,89.519131160769));
#1025 = CARTESIAN_POINT('',(12.018562885448,89.451981681422));
#1026 = CARTESIAN_POINT('',(11.349134229821,89.407585930009));
#1027 = CARTESIAN_POINT('',(10.679543810084,89.363596811336));
#1028 = CARTESIAN_POINT('',(10.009778224167,89.320048252754));
#1029 = CARTESIAN_POINT('',(9.339824961952,89.276971971116));
#1030 = CARTESIAN_POINT('',(8.669672442453,89.234397397316));
#1031 = CARTESIAN_POINT('',(7.999310050822,89.192351604054));
#1032 = CARTESIAN_POINT('',(7.328728175571,89.150859229737));
#1033 = CARTESIAN_POINT('',(6.657918245573,89.109942406192));
#1034 = CARTESIAN_POINT('',(5.986872767244,89.069620683276));
#1035 = CARTESIAN_POINT('',(4.979941658788,89.010056091701));
#1036 = CARTESIAN_POINT('',(4.6442375908,88.990354252657));
#1037 = CARTESIAN_POINT('',(4.308472082098,88.97080755596));
#1038 = CARTESIAN_POINT('',(3.972644334195,88.951417977373));
#1039 = CARTESIAN_POINT('',(3.636753750628,88.932187348748));
#1040 = CARTESIAN_POINT('',(3.300799861856,88.913117354757));
#1041 = CARTESIAN_POINT('',(2.964782250268,88.894209531255));
#1042 = CARTESIAN_POINT('',(2.628700475057,88.875465261722));
#1043 = CARTESIAN_POINT('',(2.292553997221,88.856885775548));
#1044 = CARTESIAN_POINT('',(1.956342104466,88.838472144881));
#1045 = CARTESIAN_POINT('',(1.535994269102,88.81566356675));
#1046 = CARTESIAN_POINT('',(1.451920536753,88.811112276981));
#1047 = CARTESIAN_POINT('',(1.367842640514,88.806571426223));
#1048 = CARTESIAN_POINT('',(1.283760581772,88.802041027768));
#1049 = CARTESIAN_POINT('',(1.199674361917,88.797521094606));
#1050 = CARTESIAN_POINT('',(1.11558398233,88.793011640217));
#1051 = CARTESIAN_POINT('',(1.031489444404,88.788512677456));
#1052 = CARTESIAN_POINT('',(0.947390749522,88.784024219819));
#1053 = CARTESIAN_POINT('',(0.863287899073,88.779546280272));
#1054 = CARTESIAN_POINT('',(0.779180894443,88.77507887213));
#1055 = CARTESIAN_POINT('',(0.653014158307,88.768393576731));
#1056 = CARTESIAN_POINT('',(0.610957544689,88.766167780632));
#1057 = CARTESIAN_POINT('',(0.568899897103,88.763944621518));
#1058 = CARTESIAN_POINT('',(0.526841216489,88.761724100639));
#1059 = CARTESIAN_POINT('',(0.484781503785,88.759506219342));
#1060 = CARTESIAN_POINT('',(0.442720759931,88.75729097879));
#1061 = CARTESIAN_POINT('',(0.400658985865,88.755078380406));
#1062 = CARTESIAN_POINT('',(0.358596182525,88.752868425331));
#1063 = CARTESIAN_POINT('',(0.316532350852,88.750661114944));
#1064 = CARTESIAN_POINT('',(0.274467491784,88.748456450467));
#1065 = CARTESIAN_POINT('',(0.221885134879,88.745703928886));
#1066 = CARTESIAN_POINT('',(0.211368599349,88.745153590006));
#1067 = CARTESIAN_POINT('',(0.200851999687,88.744603416588));
#1068 = CARTESIAN_POINT('',(0.190335335906,88.744053408635));
#1069 = CARTESIAN_POINT('',(0.179818608024,88.743503566179));
#1070 = CARTESIAN_POINT('',(0.169301816056,88.742953889231));
#1071 = CARTESIAN_POINT('',(0.158784960018,88.742404377799));
#1072 = CARTESIAN_POINT('',(0.148268039925,88.741855031927));
#1073 = CARTESIAN_POINT('',(0.137751055794,88.741305851597));
#1074 = CARTESIAN_POINT('',(0.127234007639,88.740756836856));
#1075 = CARTESIAN_POINT('',(0.106199783315,88.739659138554));
#1076 = CARTESIAN_POINT('',(9.568208355309E-02,88.739110229117));
#1077 = CARTESIAN_POINT('',(8.516555544512E-02,88.738561999795));
#1078 = CARTESIAN_POINT('',(7.464908335031E-02,88.738014025555));
#1079 = CARTESIAN_POINT('',(6.413138887795E-02,88.737465753489));
#1080 = CARTESIAN_POINT('',(5.361208410997E-02,88.736916936118));
#1081 = CARTESIAN_POINT('',(4.309161485967E-02,88.736367650737));
#1082 = CARTESIAN_POINT('',(3.257064292259E-02,88.735818097927));
#1083 = CARTESIAN_POINT('',(2.204941627675E-02,88.735268368951));
#1084 = CARTESIAN_POINT('',(1.152767618871E-02,88.73471837521));
#1085 = CARTESIAN_POINT('',(-2.003840183123E-02,88.733067639588));
#1086 = CARTESIAN_POINT('',(-4.108340893233E-02,88.731966193003));
#1087 = CARTESIAN_POINT('',(-6.212873540386E-02,88.730863992161));
#1088 = CARTESIAN_POINT('',(-8.317388176276E-02,88.729761229067));
#1089 = CARTESIAN_POINT('',(-0.104218484761,88.728658086382));
#1090 = CARTESIAN_POINT('',(-0.125262317385,88.727554736444));
#1091 = CARTESIAN_POINT('',(-0.146305288855,88.726451342613));
#1092 = CARTESIAN_POINT('',(-0.167347444628,88.725348057773));
#1093 = CARTESIAN_POINT('',(-0.188388966392,88.724245025698));
#1094 = CARTESIAN_POINT('',(-0.209430172074,88.723142380035));
#1095 = CARTESIAN_POINT('',(-0.25151285959,88.720938109792));
#1096 = CARTESIAN_POINT('',(-0.272554477396,88.719836384584));
#1097 = CARTESIAN_POINT('',(-0.293595461253,88.718735447436));
#1098 = CARTESIAN_POINT('',(-0.314637151407,88.717635084135));
#1099 = CARTESIAN_POINT('',(-0.335680108219,88.716535225522));
#1100 = CARTESIAN_POINT('',(-0.356723693051,88.715436038352));
#1101 = CARTESIAN_POINT('',(-0.377767042238,88.714337673249));
#1102 = CARTESIAN_POINT('',(-0.398810218179,88.713239961875));
#1103 = CARTESIAN_POINT('',(-0.419854321587,88.712142369237));
#1104 = CARTESIAN_POINT('',(-0.440899348962,88.71104449326));
#1105 = CARTESIAN_POINT('',(-0.482977809674,88.708850337242));
#1106 = CARTESIAN_POINT('',(-0.504012343631,88.707753926036));
#1107 = CARTESIAN_POINT('',(-0.525042184886,88.706658181862));
#1108 = CARTESIAN_POINT('',(-0.546067337136,88.705563104854));
#1109 = CARTESIAN_POINT('',(-0.567087804081,88.704468695334));
#1110 = CARTESIAN_POINT('',(-0.588103589414,88.703374953318));
#1111 = CARTESIAN_POINT('',(-0.609114696837,88.702281879224));
#1112 = CARTESIAN_POINT('',(-0.630121130043,88.701189473047));
#1113 = CARTESIAN_POINT('',(-0.651122892732,88.700097735139));
#1114 = CARTESIAN_POINT('',(-0.672119988601,88.699006665611));
#1115 = CARTESIAN_POINT('',(-0.735097286839,88.69573546288));
#1116 = CARTESIAN_POINT('',(-0.777063500281,88.693557335643));
#1117 = CARTESIAN_POINT('',(-0.819011090651,88.69138188443));
#1118 = CARTESIAN_POINT('',(-0.860940086927,88.689209110456));
#1119 = CARTESIAN_POINT('',(-0.90285051809,88.687039015401));
#1120 = CARTESIAN_POINT('',(-0.944742413116,88.684871600192));
#1121 = CARTESIAN_POINT('',(-0.986615800986,88.682706866738));
#1122 = CARTESIAN_POINT('',(-1.028470710676,88.680544815908));
#1123 = CARTESIAN_POINT('',(-1.070307171167,88.678385449459));
#1124 = CARTESIAN_POINT('',(-1.112125211436,88.676228768551));
#1125 = CARTESIAN_POINT('',(-1.237524158515,88.669766786836));
#1126 = CARTESIAN_POINT('',(-1.32104991865,88.665469548413));
#1127 = CARTESIAN_POINT('',(-1.404502350624,88.661183067671));
#1128 = CARTESIAN_POINT('',(-1.487881664191,88.656907352765));
#1129 = CARTESIAN_POINT('',(-1.571188069112,88.652642412079));
#1130 = CARTESIAN_POINT('',(-1.654421775134,88.648388253699));
#1131 = CARTESIAN_POINT('',(-1.737582992023,88.644144886015));
#1132 = CARTESIAN_POINT('',(-1.820671929526,88.639912317181));
#1133 = CARTESIAN_POINT('',(-1.903688797405,88.635690555482));
#1134 = CARTESIAN_POINT('',(-1.986633805413,88.631479609158));
#1135 = CARTESIAN_POINT('',(-2.732494026452,88.593678504826));
#1136 = CARTESIAN_POINT('',(-3.390893719123,88.560770072509));
#1137 = CARTESIAN_POINT('',(-4.044809722152,88.528557318629));
#1138 = CARTESIAN_POINT('',(-4.694343431669,88.497040970459));
#1139 = CARTESIAN_POINT('',(-5.339591113105,88.466219711903));
#1140 = CARTESIAN_POINT('',(-5.980643335374,88.436090416));
#1141 = CARTESIAN_POINT('',(-6.617585931864,88.406648303074));
#1142 = CARTESIAN_POINT('',(-7.250501534468,88.377887066551));
#1143 = CARTESIAN_POINT('',(-7.879470727329,88.349799019498));
#1144 = CARTESIAN_POINT('',(-8.504571866591,88.322375304342));
#1145 = CARTESIAN_POINT('',(-9.125878612703,88.295606216758));
#1146 = ( GEOMETRIC_REPRESENTATION_CONTEXT(2) 
PARAMETRIC_REPRESENTATION_CONTEXT() REPRESENTATION_CONTEXT('2D SPACE',''
  ) );
#1147 = ORIENTED_EDGE('',*,*,#1148,.T.);
#1148 = EDGE_CURVE('',#579,#1149,#1151,.T.);
#1149 = VERTEX_POINT('',#1150);
#1150 = CARTESIAN_POINT('',(18.14089752195,31.395823866854,
    89.999999989133));
#1151 = SURFACE_CURVE('',#1152,(#1209,#1269),.PCURVE_S1.);
#1152 = B_SPLINE_CURVE_WITH_KNOTS('',7,(#1153,#1154,#1155,#1156,#1157,
    #1158,#1159,#1160,#1161,#1162,#1163,#1164,#1165,#1166,#1167,#1168,
    #1169,#1170,#1171,#1172,#1173,#1174,#1175,#1176,#1177,#1178,#1179,
    #1180,#1181,#1182,#1183,#1184,#1185,#1186,#1187,#1188,#1189,#1190,
    #1191,#1192,#1193,#1194,#1195,#1196,#1197,#1198,#1199,#1200,#1201,
    #1202,#1203,#1204,#1205,#1206,#1207,#1208),.UNSPECIFIED.,.F.,.F.,(8,
    6,6,6,6,6,6,6,6,8),(0.,0.161303304279,0.171140249031,0.240062187372,
    0.499765236227,0.508675058856,0.791306139915,0.838545737329,
    0.84739319455,1.),.UNSPECIFIED.);
#1153 = CARTESIAN_POINT('',(-31.29558695663,31.001276870975,90.));
#1154 = CARTESIAN_POINT('',(-29.76321765871,31.055243355795,90.));
#1155 = CARTESIAN_POINT('',(-28.24647613784,31.107222266748,90.));
#1156 = CARTESIAN_POINT('',(-26.74641779801,31.157112023179,90.));
#1157 = CARTESIAN_POINT('',(-25.26424109278,31.20479527015,90.));
#1158 = CARTESIAN_POINT('',(-23.80128986014,31.250138658962,90.));
#1159 = CARTESIAN_POINT('',(-22.35906195521,31.292996714999,90.));
#1160 = CARTESIAN_POINT('',(-20.85263658234,31.335672763105,90.));
#1161 = CARTESIAN_POINT('',(-20.76629714159,31.338111367342,90.));
#1162 = CARTESIAN_POINT('',(-20.67982797025,31.340540531176,90.));
#1163 = CARTESIAN_POINT('',(-20.5933515448,31.342960075222,90.));
#1164 = CARTESIAN_POINT('',(-20.50692049802,31.345369480947,90.));
#1165 = CARTESIAN_POINT('',(-20.42042230938,31.347769084771,90.));
#1166 = CARTESIAN_POINT('',(-19.72815838305,31.366893387487,90.));
#1167 = CARTESIAN_POINT('',(-19.12221426823,31.383123531974,90.));
#1168 = CARTESIAN_POINT('',(-18.51612867217,31.398840560294,90.));
#1169 = CARTESIAN_POINT('',(-17.90990410918,31.414036944435,90.));
#1170 = CARTESIAN_POINT('',(-17.30354348557,31.42870520207,90.));
#1171 = CARTESIAN_POINT('',(-16.69705009967,31.44283789656,90.));
#1172 = CARTESIAN_POINT('',(-13.80462858274,31.507634801127,90.));
#1173 = CARTESIAN_POINT('',(-11.51699527417,31.551133017247,90.));
#1174 = CARTESIAN_POINT('',(-9.227729274713,31.58653119548,90.));
#1175 = CARTESIAN_POINT('',(-6.937109214851,31.613458103353,90.));
#1176 = CARTESIAN_POINT('',(-4.645503718194,31.631612439547,90.));
#1177 = CARTESIAN_POINT('',(-2.353353483219,31.640807925051,90.));
#1178 = CARTESIAN_POINT('',(1.751872002118E-02,31.64102046147,90.));
#1179 = CARTESIAN_POINT('',(9.624119112823E-02,31.641016797496,90.));
#1180 = CARTESIAN_POINT('',(0.174992635613,31.641002086466,90.));
#1181 = CARTESIAN_POINT('',(0.253740034399,31.640976126872,90.));
#1182 = CARTESIAN_POINT('',(0.332469601429,31.640938848998,90.));
#1183 = CARTESIAN_POINT('',(0.411186783665,31.640890314921,90.));
#1184 = CARTESIAN_POINT('',(2.987316966068,31.63894024342,90.));
#1185 = CARTESIAN_POINT('',(5.484604100187,31.625808037994,90.));
#1186 = CARTESIAN_POINT('',(7.980961699965,31.601463590885,90.));
#1187 = CARTESIAN_POINT('',(10.475575979628,31.566196533498,90.));
#1188 = CARTESIAN_POINT('',(12.967790932516,31.52055619802,90.));
#1189 = CARTESIAN_POINT('',(15.457180467862,31.465227761003,90.));
#1190 = CARTESIAN_POINT('',(18.359060260807,31.390208274795,90.));
#1191 = CARTESIAN_POINT('',(18.774542186248,31.379215025561,90.));
#1192 = CARTESIAN_POINT('',(19.189937101794,31.36797526674,90.));
#1193 = CARTESIAN_POINT('',(19.60524401634,31.356492493128,90.));
#1194 = CARTESIAN_POINT('',(20.020462079899,31.344770226381,90.));
#1195 = CARTESIAN_POINT('',(20.435590583599,31.332812015007,90.));
#1196 = CARTESIAN_POINT('',(20.92836108439,31.318338272651,90.));
#1197 = CARTESIAN_POINT('',(21.006171742114,31.316043984901,90.));
#1198 = CARTESIAN_POINT('',(21.084145385695,31.31373886855,90.));
#1199 = CARTESIAN_POINT('',(21.162278339912,31.311423417528,90.));
#1200 = CARTESIAN_POINT('',(21.240530890727,31.309098062038,90.));
#1201 = CARTESIAN_POINT('',(21.318879374521,31.306762908309,90.));
#1202 = CARTESIAN_POINT('',(22.751196705985,31.263961948217,90.));
#1203 = CARTESIAN_POINT('',(24.122971628767,31.221084214836,90.));
#1204 = CARTESIAN_POINT('',(25.511185277576,31.17591617072,90.));
#1205 = CARTESIAN_POINT('',(26.914547145855,31.128592533121,90.));
#1206 = CARTESIAN_POINT('',(28.331950329516,31.079245842299,90.));
#1207 = CARTESIAN_POINT('',(29.76244633242,31.0280030788,90.));
#1208 = CARTESIAN_POINT('',(31.205228326428,30.97498389973,90.));
#1209 = PCURVE('',#167,#1210);
#1210 = DEFINITIONAL_REPRESENTATION('',(#1211),#1268);
#1211 = B_SPLINE_CURVE_WITH_KNOTS('',7,(#1212,#1213,#1214,#1215,#1216,
    #1217,#1218,#1219,#1220,#1221,#1222,#1223,#1224,#1225,#1226,#1227,
    #1228,#1229,#1230,#1231,#1232,#1233,#1234,#1235,#1236,#1237,#1238,
    #1239,#1240,#1241,#1242,#1243,#1244,#1245,#1246,#1247,#1248,#1249,
    #1250,#1251,#1252,#1253,#1254,#1255,#1256,#1257,#1258,#1259,#1260,
    #1261,#1262,#1263,#1264,#1265,#1266,#1267),.UNSPECIFIED.,.F.,.F.,(8,
    6,6,6,6,6,6,6,6,8),(0.,0.161303304279,0.171140249031,0.240062187372,
    0.499765236227,0.508675058856,0.791306139915,0.838545737329,
    0.84739319455,1.),.UNSPECIFIED.);
#1212 = CARTESIAN_POINT('',(-31.29558695663,31.001276870975));
#1213 = CARTESIAN_POINT('',(-29.76321765871,31.055243355795));
#1214 = CARTESIAN_POINT('',(-28.24647613784,31.107222266748));
#1215 = CARTESIAN_POINT('',(-26.74641779801,31.157112023179));
#1216 = CARTESIAN_POINT('',(-25.26424109278,31.20479527015));
#1217 = CARTESIAN_POINT('',(-23.80128986014,31.250138658962));
#1218 = CARTESIAN_POINT('',(-22.35906195521,31.292996714999));
#1219 = CARTESIAN_POINT('',(-20.85263658234,31.335672763105));
#1220 = CARTESIAN_POINT('',(-20.76629714159,31.338111367342));
#1221 = CARTESIAN_POINT('',(-20.67982797025,31.340540531176));
#1222 = CARTESIAN_POINT('',(-20.5933515448,31.342960075222));
#1223 = CARTESIAN_POINT('',(-20.50692049802,31.345369480947));
#1224 = CARTESIAN_POINT('',(-20.42042230938,31.347769084771));
#1225 = CARTESIAN_POINT('',(-19.72815838305,31.366893387487));
#1226 = CARTESIAN_POINT('',(-19.12221426823,31.383123531974));
#1227 = CARTESIAN_POINT('',(-18.51612867217,31.398840560294));
#1228 = CARTESIAN_POINT('',(-17.90990410918,31.414036944435));
#1229 = CARTESIAN_POINT('',(-17.30354348557,31.42870520207));
#1230 = CARTESIAN_POINT('',(-16.69705009967,31.44283789656));
#1231 = CARTESIAN_POINT('',(-13.80462858274,31.507634801127));
#1232 = CARTESIAN_POINT('',(-11.51699527417,31.551133017247));
#1233 = CARTESIAN_POINT('',(-9.227729274713,31.58653119548));
#1234 = CARTESIAN_POINT('',(-6.937109214851,31.613458103353));
#1235 = CARTESIAN_POINT('',(-4.645503718194,31.631612439547));
#1236 = CARTESIAN_POINT('',(-2.353353483219,31.640807925051));
#1237 = CARTESIAN_POINT('',(1.751872002118E-02,31.64102046147));
#1238 = CARTESIAN_POINT('',(9.624119112823E-02,31.641016797496));
#1239 = CARTESIAN_POINT('',(0.174992635613,31.641002086467));
#1240 = CARTESIAN_POINT('',(0.253740034399,31.640976126872));
#1241 = CARTESIAN_POINT('',(0.332469601429,31.640938848998));
#1242 = CARTESIAN_POINT('',(0.411186783665,31.640890314921));
#1243 = CARTESIAN_POINT('',(2.987316966068,31.63894024342));
#1244 = CARTESIAN_POINT('',(5.484604100187,31.625808037994));
#1245 = CARTESIAN_POINT('',(7.980961699965,31.601463590885));
#1246 = CARTESIAN_POINT('',(10.475575979628,31.566196533498));
#1247 = CARTESIAN_POINT('',(12.967790932516,31.52055619802));
#1248 = CARTESIAN_POINT('',(15.457180467862,31.465227761003));
#1249 = CARTESIAN_POINT('',(18.359060260807,31.390208274795));
#1250 = CARTESIAN_POINT('',(18.774542186248,31.379215025561));
#1251 = CARTESIAN_POINT('',(19.189937101794,31.36797526674));
#1252 = CARTESIAN_POINT('',(19.60524401634,31.356492493128));
#1253 = CARTESIAN_POINT('',(20.020462079899,31.344770226381));
#1254 = CARTESIAN_POINT('',(20.435590583599,31.332812015007));
#1255 = CARTESIAN_POINT('',(20.92836108439,31.318338272651));
#1256 = CARTESIAN_POINT('',(21.006171742114,31.316043984901));
#1257 = CARTESIAN_POINT('',(21.084145385695,31.31373886855));
#1258 = CARTESIAN_POINT('',(21.162278339912,31.311423417528));
#1259 = CARTESIAN_POINT('',(21.240530890727,31.309098062038));
#1260 = CARTESIAN_POINT('',(21.318879374521,31.306762908309));
#1261 = CARTESIAN_POINT('',(22.751196705985,31.263961948217));
#1262 = CARTESIAN_POINT('',(24.122971628767,31.221084214836));
#1263 = CARTESIAN_POINT('',(25.511185277576,31.17591617072));
#1264 = CARTESIAN_POINT('',(26.914547145855,31.128592533121));
#1265 = CARTESIAN_POINT('',(28.331950329516,31.079245842299));
#1266 = CARTESIAN_POINT('',(29.76244633242,31.0280030788));
#1267 = CARTESIAN_POINT('',(31.205228326428,30.97498389973));
#1268 = ( GEOMETRIC_REPRESENTATION_CONTEXT(2) 
PARAMETRIC_REPRESENTATION_CONTEXT() REPRESENTATION_CONTEXT('2D SPACE',''
  ) );
#1269 = PCURVE('',#1270,#1372);
#1270 = OFFSET_SURFACE('',#1271,-3.,.F.);
#1271 = B_SPLINE_SURFACE_WITH_KNOTS('',2,7,(
    (#1272,#1273,#1274,#1275,#1276,#1277,#1278,#1279,#1280,#1281,#1282
      ,#1283,#1284,#1285,#1286,#1287,#1288,#1289,#1290,#1291)
    ,(#1292,#1293,#1294,#1295,#1296,#1297,#1298,#1299,#1300,#1301,#1302
      ,#1303,#1304,#1305,#1306,#1307,#1308,#1309,#1310,#1311)
    ,(#1312,#1313,#1314,#1315,#1316,#1317,#1318,#1319,#1320,#1321,#1322
      ,#1323,#1324,#1325,#1326,#1327,#1328,#1329,#1330,#1331)
    ,(#1332,#1333,#1334,#1335,#1336,#1337,#1338,#1339,#1340,#1341,#1342
      ,#1343,#1344,#1345,#1346,#1347,#1348,#1349,#1350,#1351)
    ,(#1352,#1353,#1354,#1355,#1356,#1357,#1358,#1359,#1360,#1361,#1362
      ,#1363,#1364,#1365,#1366,#1367,#1368,#1369,#1370,#1371
  )),.UNSPECIFIED.,.F.,.F.,.F.,(3,1,1,3),(8,6,6,8),(-9.125878612703,0.,
    40.,49.125878612704),(-20.83171840419,0.,90.,110.83171840419),
  .UNSPECIFIED.);
#1272 = CARTESIAN_POINT('',(-6.155199338406,-51.26343597314,
    -20.83171840419));
#1273 = CARTESIAN_POINT('',(-3.133028004348,-50.1259837183,
    -17.85575863216));
#1274 = CARTESIAN_POINT('',(-0.11085667029,-48.98853146345,
    -14.87979886014));
#1275 = CARTESIAN_POINT('',(2.911314663768,-47.8510792086,
    -11.90383908811));
#1276 = CARTESIAN_POINT('',(5.933485997826,-46.71362695376,
    -8.927879316084));
#1277 = CARTESIAN_POINT('',(8.955657331884,-45.57617469891,
    -5.951919544056));
#1278 = CARTESIAN_POINT('',(11.977828665942,-44.43872244406,
    -2.975959772028));
#1279 = CARTESIAN_POINT('',(28.056792281257,-38.38709551817,
    12.857142857143));
#1280 = CARTESIAN_POINT('',(39.293648063524,-29.0337646308,
    25.714285714285));
#1281 = CARTESIAN_POINT('',(46.929901428787,-16.03401367269,
    38.571428571429));
#1282 = CARTESIAN_POINT('',(49.581587773607,-1.082310685319,
    51.428571428571));
#1283 = CARTESIAN_POINT('',(46.954378125352,13.499505236817,
    64.285714285714));
#1284 = CARTESIAN_POINT('',(39.944939346862,25.790589679394,
    77.142857142857));
#1285 = CARTESIAN_POINT('',(27.698109155326,36.689567173838,
    92.975959772028));
#1286 = CARTESIAN_POINT('',(25.37697460604,38.755243991315,
    95.976798434783));
#1287 = CARTESIAN_POINT('',(23.036596352142,40.838046603811,
    99.002515988265));
#1288 = CARTESIAN_POINT('',(20.676974393632,42.937975011324,
    102.05311243247));
#1289 = CARTESIAN_POINT('',(18.29810873051,45.055029213855,
    105.12858776741));
#1290 = CARTESIAN_POINT('',(15.899999362776,47.189209211403,
    108.22894199307));
#1291 = CARTESIAN_POINT('',(13.482646290429,49.34051500397,
    111.35417510946));
#1292 = CARTESIAN_POINT('',(-1.917590436302,-47.60791151917,
    -21.86427748083));
#1293 = CARTESIAN_POINT('',(1.020045744699,-46.25919323548,
    -18.59330082976));
#1294 = CARTESIAN_POINT('',(3.913523235992,-44.93074895051,
    -15.37149365854));
#1295 = CARTESIAN_POINT('',(6.762842037575,-43.62257866428,
    -12.19885596715));
#1296 = CARTESIAN_POINT('',(9.568002149451,-42.33468237677,
    -9.075387755604));
#1297 = CARTESIAN_POINT('',(12.329003571617,-41.06706008798,
    -6.001089023896));
#1298 = CARTESIAN_POINT('',(15.045846304075,-39.81971179793,
    -2.975959772028));
#1299 = CARTESIAN_POINT('',(29.265420487148,-33.29126562374,
    12.857142857143));
#1300 = CARTESIAN_POINT('',(38.961068210345,-23.95925011494,
    25.714285714285));
#1301 = CARTESIAN_POINT('',(45.122294396084,-11.37219462694,
    38.571428571429));
#1302 = CARTESIAN_POINT('',(46.448137568492,2.814032447937,
    51.428571428571));
#1303 = CARTESIAN_POINT('',(42.72600956933,16.324785096389,
    64.285714285714));
#1304 = CARTESIAN_POINT('',(34.927507101976,27.291801896577,
    77.142857142857));
#1305 = CARTESIAN_POINT('',(22.163919776356,36.342091283023,
    92.975959772028));
#1306 = CARTESIAN_POINT('',(19.725263103572,38.071271962391,
    96.001089023896));
#1307 = CARTESIAN_POINT('',(17.246969287999,39.828558189481,
    99.075387755604));
#1308 = CARTESIAN_POINT('',(14.729038329639,41.613949964293,
    102.19885596715));
#1309 = CARTESIAN_POINT('',(12.17147022849,43.427447286827,
    105.37149365854));
#1310 = CARTESIAN_POINT('',(9.574264984553,45.269050157083,
    108.59330082976));
#1311 = CARTESIAN_POINT('',(6.937422597828,47.138758575061,
    111.86427748083));
#1312 = CARTESIAN_POINT('',(20.354002646254,-34.02786558205,
    -23.93152679827));
#1313 = CARTESIAN_POINT('',(21.910492125184,-31.33194672309,
    -20.06990748507));
#1314 = CARTESIAN_POINT('',(23.407484985124,-28.73907903111,
    -16.35589809541));
#1315 = CARTESIAN_POINT('',(24.844981226077,-26.24926250609,
    -12.78949862927));
#1316 = CARTESIAN_POINT('',(26.22298084804,-23.86249714804,
    -9.370709086666));
#1317 = CARTESIAN_POINT('',(27.541483851015,-21.57878295695,
    -6.099529467583));
#1318 = CARTESIAN_POINT('',(28.800490235002,-19.39811993284,
    -2.975959772028));
#1319 = CARTESIAN_POINT('',(35.182283897812,-8.344529065432,
    12.857142857143));
#1320 = CARTESIAN_POINT('',(37.230875799902,2.440083513118,
    25.714285714285));
#1321 = CARTESIAN_POINT('',(35.391693383659,13.72302812094,
    38.57142857143));
#1322 = CARTESIAN_POINT('',(29.58033766141,23.788591492728,
    51.428571428571));
#1323 = CARTESIAN_POINT('',(20.728612209668,31.0228424913,
    64.285714285714));
#1324 = CARTESIAN_POINT('',(10.364567795624,34.641016151377,
    77.142857142857));
#1325 = CARTESIAN_POINT('',(-2.399019529996,34.641016151378,
    92.975959772028));
#1326 = CARTESIAN_POINT('',(-4.917032297969,34.641016151378,
    96.099529467583));
#1327 = CARTESIAN_POINT('',(-7.554038303919,34.641016151378,
    99.370709086666));
#1328 = CARTESIAN_POINT('',(-10.31003754784,34.641016151378,
    102.78949862927));
#1329 = CARTESIAN_POINT('',(-13.18503002975,34.641016151378,
    106.35589809541));
#1330 = CARTESIAN_POINT('',(-16.17901574963,34.641016151378,
    110.06990748507));
#1331 = CARTESIAN_POINT('',(-19.29199470749,34.641016151378,
    113.93152679827));
#1332 = CARTESIAN_POINT('',(44.292073727778,-17.56139508102,
    -21.86427748083));
#1333 = CARTESIAN_POINT('',(43.991279933502,-14.34296837935,
    -18.59330082976));
#1334 = CARTESIAN_POINT('',(43.695007686146,-11.17292122413,
    -15.37149365854));
#1335 = CARTESIAN_POINT('',(43.403256985711,-8.051253615365,
    -12.19885596715));
#1336 = CARTESIAN_POINT('',(43.116027832197,-4.977965553043,
    -9.075387755604));
#1337 = CARTESIAN_POINT('',(42.833320225603,-1.953057037171,
    -6.001089023896));
#1338 = CARTESIAN_POINT('',(42.555134165929,1.023471932253,
    -2.975959772028));
#1339 = CARTESIAN_POINT('',(41.099147308476,16.602207492884,
    12.857142857143));
#1340 = CARTESIAN_POINT('',(35.500683389459,28.839417141181,
    25.714285714285));
#1341 = CARTESIAN_POINT('',(25.661092371235,38.818250868822,
    38.57142857143));
#1342 = CARTESIAN_POINT('',(12.712537754327,44.763150537518,
    51.428571428571));
#1343 = CARTESIAN_POINT('',(-1.268785149993,45.720899886211,
    64.285714285713));
#1344 = CARTESIAN_POINT('',(-14.19837151072,41.990230406178,
    77.142857142857));
#1345 = CARTESIAN_POINT('',(-26.96195883634,32.939941019732,
    92.975959772028));
#1346 = CARTESIAN_POINT('',(-29.40061550913,31.210760340364,
    96.001089023896));
#1347 = CARTESIAN_POINT('',(-31.8789093247,29.453474113274,
    99.075387755604));
#1348 = CARTESIAN_POINT('',(-34.39684028306,27.668082338463,
    102.19885596715));
#1349 = CARTESIAN_POINT('',(-36.95440838421,25.854585015929,
    105.37149365854));
#1350 = CARTESIAN_POINT('',(-39.55161362815,24.012982145673,
    108.59330082976));
#1351 = CARTESIAN_POINT('',(-42.18845601487,22.143273727694,
    111.86427748083));
#1352 = CARTESIAN_POINT('',(49.47146257446,-12.99394330423,
    -21.35417510946));
#1353 = CARTESIAN_POINT('',(48.817053642962,-9.824801237382,
    -18.22894199307));
#1354 = CARTESIAN_POINT('',(48.167854232703,-6.680887605096,
    -15.12858776741));
#1355 = CARTESIAN_POINT('',(47.523864343684,-3.562202407376,
    -12.05311243247));
#1356 = CARTESIAN_POINT('',(46.885083975904,-0.468745644222,
    -9.002515988265));
#1357 = CARTESIAN_POINT('',(46.251513129363,2.599482684366,
    -5.976798434783));
#1358 = CARTESIAN_POINT('',(45.623151804062,5.642482578388,
    -2.975959772028));
#1359 = CARTESIAN_POINT('',(42.307775514367,21.698037387314,
    12.857142857143));
#1360 = CARTESIAN_POINT('',(35.16810353628,33.913931657046,
    25.714285714285));
#1361 = CARTESIAN_POINT('',(23.853485338532,43.480069914573,
    38.57142857143));
#1362 = CARTESIAN_POINT('',(9.579087549212,48.659493670774,
    51.428571428571));
#1363 = CARTESIAN_POINT('',(-5.497153706016,48.546179745783,
    64.285714285713));
#1364 = CARTESIAN_POINT('',(-19.21580375561,43.491442623361,
    77.142857142857));
#1365 = CARTESIAN_POINT('',(-32.49614821531,32.592465128918,
    92.975959772028));
#1366 = CARTESIAN_POINT('',(-34.99229643063,30.543914106458,
    95.951919544056));
#1367 = CARTESIAN_POINT('',(-37.48844464595,28.495363083998,
    98.927879316084));
#1368 = CARTESIAN_POINT('',(-39.98459286127,26.446812061538,
    101.90383908811));
#1369 = CARTESIAN_POINT('',(-42.48074107659,24.398261039078,
    104.87979886014));
#1370 = CARTESIAN_POINT('',(-44.9768892919,22.349710016618,
    107.85575863216));
#1371 = CARTESIAN_POINT('',(-47.47303750722,20.301158994158,
    110.83171840419));
#1372 = DEFINITIONAL_REPRESENTATION('',(#1373),#1716);
#1373 = B_SPLINE_CURVE_WITH_KNOTS('',11,(#1374,#1375,#1376,#1377,#1378,
    #1379,#1380,#1381,#1382,#1383,#1384,#1385,#1386,#1387,#1388,#1389,
    #1390,#1391,#1392,#1393,#1394,#1395,#1396,#1397,#1398,#1399,#1400,
    #1401,#1402,#1403,#1404,#1405,#1406,#1407,#1408,#1409,#1410,#1411,
    #1412,#1413,#1414,#1415,#1416,#1417,#1418,#1419,#1420,#1421,#1422,
    #1423,#1424,#1425,#1426,#1427,#1428,#1429,#1430,#1431,#1432,#1433,
    #1434,#1435,#1436,#1437,#1438,#1439,#1440,#1441,#1442,#1443,#1444,
    #1445,#1446,#1447,#1448,#1449,#1450,#1451,#1452,#1453,#1454,#1455,
    #1456,#1457,#1458,#1459,#1460,#1461,#1462,#1463,#1464,#1465,#1466,
    #1467,#1468,#1469,#1470,#1471,#1472,#1473,#1474,#1475,#1476,#1477,
    #1478,#1479,#1480,#1481,#1482,#1483,#1484,#1485,#1486,#1487,#1488,
    #1489,#1490,#1491,#1492,#1493,#1494,#1495,#1496,#1497,#1498,#1499,
    #1500,#1501,#1502,#1503,#1504,#1505,#1506,#1507,#1508,#1509,#1510,
    #1511,#1512,#1513,#1514,#1515,#1516,#1517,#1518,#1519,#1520,#1521,
    #1522,#1523,#1524,#1525,#1526,#1527,#1528,#1529,#1530,#1531,#1532,
    #1533,#1534,#1535,#1536,#1537,#1538,#1539,#1540,#1541,#1542,#1543,
    #1544,#1545,#1546,#1547,#1548,#1549,#1550,#1551,#1552,#1553,#1554,
    #1555,#1556,#1557,#1558,#1559,#1560,#1561,#1562,#1563,#1564,#1565,
    #1566,#1567,#1568,#1569,#1570,#1571,#1572,#1573,#1574,#1575,#1576,
    #1577,#1578,#1579,#1580,#1581,#1582,#1583,#1584,#1585,#1586,#1587,
    #1588,#1589,#1590,#1591,#1592,#1593,#1594,#1595,#1596,#1597,#1598,
    #1599,#1600,#1601,#1602,#1603,#1604,#1605,#1606,#1607,#1608,#1609,
    #1610,#1611,#1612,#1613,#1614,#1615,#1616,#1617,#1618,#1619,#1620,
    #1621,#1622,#1623,#1624,#1625,#1626,#1627,#1628,#1629,#1630,#1631,
    #1632,#1633,#1634,#1635,#1636,#1637,#1638,#1639,#1640,#1641,#1642,
    #1643,#1644,#1645,#1646,#1647,#1648,#1649,#1650,#1651,#1652,#1653,
    #1654,#1655,#1656,#1657,#1658,#1659,#1660,#1661,#1662,#1663,#1664,
    #1665,#1666,#1667,#1668,#1669,#1670,#1671,#1672,#1673,#1674,#1675,
    #1676,#1677,#1678,#1679,#1680,#1681,#1682,#1683,#1684,#1685,#1686,
    #1687,#1688,#1689,#1690,#1691,#1692,#1693,#1694,#1695,#1696,#1697,
    #1698,#1699,#1700,#1701,#1702,#1703,#1704,#1705,#1706,#1707,#1708,
    #1709,#1710,#1711,#1712,#1713,#1714,#1715),.UNSPECIFIED.,.F.,.F.,(12
    ,10,10,10,10,10,10,10,10,10,10,10,10,10,10,10,10,10,10,10,10,10,10,
    10,10,10,10,10,10,10,10,10,10,10,12),(0.,0.125,0.15625,0.16015625,
    0.162109375,0.1640625,0.171875,0.1875,0.25,0.375,0.4375,0.46875,
    0.484375,0.4921875,0.49609375,0.498046875,0.5,0.5078125,0.51171875,
    0.515625,0.53125,0.5625,0.625,0.75,0.8125,0.828125,0.8359375,
    0.837890625,0.83984375,0.84375,0.84765625,0.8515625,0.859375,0.875,
    1.),.UNSPECIFIED.);
#1374 = CARTESIAN_POINT('',(49.125878612704,91.649765774173));
#1375 = CARTESIAN_POINT('',(48.516165175354,91.622299963677));
#1376 = CARTESIAN_POINT('',(47.902019809155,91.594327222886));
#1377 = CARTESIAN_POINT('',(47.283369153581,91.565832204759));
#1378 = CARTESIAN_POINT('',(46.660139343252,91.536799857349));
#1379 = CARTESIAN_POINT('',(46.032255890137,91.50721572413));
#1380 = CARTESIAN_POINT('',(45.399643565527,91.477066244126));
#1381 = CARTESIAN_POINT('',(44.762226282384,91.446339052375));
#1382 = CARTESIAN_POINT('',(44.119926977201,91.415023279969));
#1383 = CARTESIAN_POINT('',(43.472667492374,91.383109854494));
#1384 = CARTESIAN_POINT('',(42.820368458139,91.350591800193));
#1385 = CARTESIAN_POINT('',(41.998594353981,91.309182722782));
#1386 = CARTESIAN_POINT('',(41.833919514214,91.300862838548));
#1387 = CARTESIAN_POINT('',(41.668923394323,91.292504814203));
#1388 = CARTESIAN_POINT('',(41.503604726745,91.2841085899));
#1389 = CARTESIAN_POINT('',(41.337962237728,91.275674117552));
#1390 = CARTESIAN_POINT('',(41.171994647007,91.26720136037));
#1391 = CARTESIAN_POINT('',(41.005700668254,91.25869029353));
#1392 = CARTESIAN_POINT('',(40.839079008572,91.250140903403));
#1393 = CARTESIAN_POINT('',(40.672128368956,91.241553188276));
#1394 = CARTESIAN_POINT('',(40.50484744396,91.232927157803));
#1395 = CARTESIAN_POINT('',(40.316283356618,91.223179792783));
#1396 = CARTESIAN_POINT('',(40.295326610155,91.22209615389));
#1397 = CARTESIAN_POINT('',(40.274364679894,91.221011916727));
#1398 = CARTESIAN_POINT('',(40.253397563334,91.219927081342));
#1399 = CARTESIAN_POINT('',(40.232425257763,91.218841647808));
#1400 = CARTESIAN_POINT('',(40.211447760823,91.217755616178));
#1401 = CARTESIAN_POINT('',(40.190465069693,91.216668986505));
#1402 = CARTESIAN_POINT('',(40.169477182033,91.215581758867));
#1403 = CARTESIAN_POINT('',(40.148484095104,91.214493933301));
#1404 = CARTESIAN_POINT('',(40.127485806428,91.213405509884));
#1405 = CARTESIAN_POINT('',(40.095980566882,91.21177197806));
#1406 = CARTESIAN_POINT('',(40.085477218404,91.211227743672));
#1407 = CARTESIAN_POINT('',(40.074973956816,91.210681481149));
#1408 = CARTESIAN_POINT('',(40.064467124672,91.210137851558));
#1409 = CARTESIAN_POINT('',(40.053959723911,91.209593740391));
#1410 = CARTESIAN_POINT('',(40.043452903835,91.209046831178));
#1411 = CARTESIAN_POINT('',(40.032943939686,91.208499754616));
#1412 = CARTESIAN_POINT('',(40.02243146236,91.207955759396));
#1413 = CARTESIAN_POINT('',(40.011917913812,91.207413784666));
#1414 = CARTESIAN_POINT('',(40.001403865016,91.206870980285));
#1415 = CARTESIAN_POINT('',(39.980374052675,91.205787292975));
#1416 = CARTESIAN_POINT('',(39.96985848018,91.205245992446));
#1417 = CARTESIAN_POINT('',(39.959342483593,91.204705106265));
#1418 = CARTESIAN_POINT('',(39.948826270032,91.204164519899));
#1419 = CARTESIAN_POINT('',(39.938310011761,91.203624132969));
#1420 = CARTESIAN_POINT('',(39.927793845749,91.203083859378));
#1421 = CARTESIAN_POINT('',(39.917277874277,91.202543627176));
#1422 = CARTESIAN_POINT('',(39.906762164255,91.202003378672));
#1423 = CARTESIAN_POINT('',(39.896246747846,91.201463070355));
#1424 = CARTESIAN_POINT('',(39.885731622008,91.200922672946));
#1425 = CARTESIAN_POINT('',(39.833157255766,91.198220165047));
#1426 = CARTESIAN_POINT('',(39.79110259893,91.196056245062));
#1427 = CARTESIAN_POINT('',(39.749050411004,91.193889410659));
#1428 = CARTESIAN_POINT('',(39.706999190107,91.191719038237));
#1429 = CARTESIAN_POINT('',(39.664943506568,91.189546728578));
#1430 = CARTESIAN_POINT('',(39.622880140479,91.187373793976));
#1431 = CARTESIAN_POINT('',(39.58081277183,91.185199464199));
#1432 = CARTESIAN_POINT('',(39.538749625063,91.183021903351));
#1433 = CARTESIAN_POINT('',(39.496695256995,91.180841146583));
#1434 = CARTESIAN_POINT('',(39.454644457396,91.178660079823));
#1435 = CARTESIAN_POINT('',(39.328490136699,91.172109643547));
#1436 = CARTESIAN_POINT('',(39.244390324196,91.167734486517));
#1437 = CARTESIAN_POINT('',(39.160293575256,91.163351137208));
#1438 = CARTESIAN_POINT('',(39.076199885449,91.158959602855));
#1439 = CARTESIAN_POINT('',(38.9921092504,91.154559890669));
#1440 = CARTESIAN_POINT('',(38.908021665667,91.150152007944));
#1441 = CARTESIAN_POINT('',(38.823937126865,91.145735961809));
#1442 = CARTESIAN_POINT('',(38.739855629576,91.141311759618));
#1443 = CARTESIAN_POINT('',(38.655777169393,91.136879408501));
#1444 = CARTESIAN_POINT('',(38.571701741909,91.132438915754));
#1445 = CARTESIAN_POINT('',(38.151339745944,91.110195779897));
#1446 = CARTESIAN_POINT('',(37.81509858101,91.092271161237));
#1447 = CARTESIAN_POINT('',(37.478905540431,91.074216984181));
#1448 = CARTESIAN_POINT('',(37.142760280134,91.056033896249));
#1449 = CARTESIAN_POINT('',(36.806662419559,91.037722640558));
#1450 = CARTESIAN_POINT('',(36.4706115415,91.019284056393));
#1451 = CARTESIAN_POINT('',(36.134607192291,91.00071907843));
#1452 = CARTESIAN_POINT('',(35.798648881637,90.98202873761));
#1453 = CARTESIAN_POINT('',(35.462736082737,90.963214160326));
#1454 = CARTESIAN_POINT('',(35.12686823221,90.944276569042));
#1455 = CARTESIAN_POINT('',(34.119397725978,90.887098707667));
#1456 = CARTESIAN_POINT('',(33.44792812839,90.848493537846));
#1457 = CARTESIAN_POINT('',(32.776631243613,90.80941232981));
#1458 = CARTESIAN_POINT('',(32.105501765157,90.769867440759));
#1459 = CARTESIAN_POINT('',(31.43453377382,90.729873026896));
#1460 = CARTESIAN_POINT('',(30.763720737642,90.689445044869));
#1461 = CARTESIAN_POINT('',(30.093055511976,90.648601249781));
#1462 = CARTESIAN_POINT('',(29.4225303394,90.607361197435));
#1463 = CARTESIAN_POINT('',(28.752136849808,90.565746242262));
#1464 = CARTESIAN_POINT('',(28.081866060333,90.523779538868));
#1465 = CARTESIAN_POINT('',(27.076629532929,90.460339292248));
#1466 = CARTESIAN_POINT('',(26.741578977209,90.439110837575));
#1467 = CARTESIAN_POINT('',(26.406555510927,90.41780380969));
#1468 = CARTESIAN_POINT('',(26.07155790529,90.396421441513));
#1469 = CARTESIAN_POINT('',(25.736584900069,90.374967066723));
#1470 = CARTESIAN_POINT('',(25.401635203519,90.353444118953));
#1471 = CARTESIAN_POINT('',(25.066707492483,90.331856132967));
#1472 = CARTESIAN_POINT('',(24.731800412286,90.310206743289));
#1473 = CARTESIAN_POINT('',(24.396912576821,90.288499685491));
#1474 = CARTESIAN_POINT('',(24.062042568494,90.26673879521));
#1475 = CARTESIAN_POINT('',(23.55976212313,90.234022615533));
#1476 = CARTESIAN_POINT('',(23.392339412534,90.223104714044));
#1477 = CARTESIAN_POINT('',(23.224920620208,90.212174815183));
#1478 = CARTESIAN_POINT('',(23.057505559878,90.201233429535));
#1479 = CARTESIAN_POINT('',(22.890094045301,90.190281068286));
#1480 = CARTESIAN_POINT('',(22.7226858902,90.179318241724));
#1481 = CARTESIAN_POINT('',(22.555280908323,90.168345461198));
#1482 = CARTESIAN_POINT('',(22.387878913408,90.157363237049));
#1483 = CARTESIAN_POINT('',(22.220479719191,90.146372080391));
#1484 = CARTESIAN_POINT('',(22.053083139414,90.135372501863));
#1485 = CARTESIAN_POINT('',(21.801991912016,90.118861267567));
#1486 = CARTESIAN_POINT('',(21.718295441702,90.113355550868));
#1487 = CARTESIAN_POINT('',(21.634599552606,90.107847929628));
#1488 = CARTESIAN_POINT('',(21.55090422043,90.102338471135));
#1489 = CARTESIAN_POINT('',(21.467209420933,90.096827242865));
#1490 = CARTESIAN_POINT('',(21.3835151298,90.091314312039));
#1491 = CARTESIAN_POINT('',(21.299821322785,90.085799746147));
#1492 = CARTESIAN_POINT('',(21.216127975598,90.080283612456));
#1493 = CARTESIAN_POINT('',(21.132435063963,90.07476597838));
#1494 = CARTESIAN_POINT('',(21.04874256361,90.069246911254));
#1495 = CARTESIAN_POINT('',(20.923204393582,90.060966262048));
#1496 = CARTESIAN_POINT('',(20.881358433557,90.058205704516));
#1497 = CARTESIAN_POINT('',(20.839512567103,90.055444814512));
#1498 = CARTESIAN_POINT('',(20.797666791108,90.052683600518));
#1499 = CARTESIAN_POINT('',(20.755821102526,90.049922071362));
#1500 = CARTESIAN_POINT('',(20.713975498212,90.047160235362));
#1501 = CARTESIAN_POINT('',(20.672129975137,90.044398101426));
#1502 = CARTESIAN_POINT('',(20.630284530163,90.041635677915));
#1503 = CARTESIAN_POINT('',(20.588439160234,90.038872973599));
#1504 = CARTESIAN_POINT('',(20.546593862244,90.036109997002));
#1505 = CARTESIAN_POINT('',(20.483826018547,90.031965136648));
#1506 = CARTESIAN_POINT('',(20.462903421187,90.030583450625));
#1507 = CARTESIAN_POINT('',(20.441980840665,90.02920169983));
#1508 = CARTESIAN_POINT('',(20.421058276536,90.02781988523));
#1509 = CARTESIAN_POINT('',(20.400135728515,90.026438008136));
#1510 = CARTESIAN_POINT('',(20.379213196065,90.025056069307));
#1511 = CARTESIAN_POINT('',(20.358290678965,90.023674070212));
#1512 = CARTESIAN_POINT('',(20.337368176676,90.02229201158));
#1513 = CARTESIAN_POINT('',(20.316445688914,90.020909894764));
#1514 = CARTESIAN_POINT('',(20.295523215235,90.019527720696));
#1515 = CARTESIAN_POINT('',(20.264139525289,90.017454375446));
#1516 = CARTESIAN_POINT('',(20.253678298735,90.016763246325));
#1517 = CARTESIAN_POINT('',(20.243217075555,90.016072103348));
#1518 = CARTESIAN_POINT('',(20.232755855716,90.015380946536));
#1519 = CARTESIAN_POINT('',(20.222294639139,90.014689776241));
#1520 = CARTESIAN_POINT('',(20.211833425819,90.013998592288));
#1521 = CARTESIAN_POINT('',(20.201372215658,90.013307395168));
#1522 = CARTESIAN_POINT('',(20.190911008651,90.012616184696));
#1523 = CARTESIAN_POINT('',(20.180449804719,90.011924961242));
#1524 = CARTESIAN_POINT('',(20.169988603829,90.011233724809));
#1525 = CARTESIAN_POINT('',(20.149066208023,90.009851226371));
#1526 = CARTESIAN_POINT('',(20.138604697261,90.009160734219));
#1527 = CARTESIAN_POINT('',(20.12814521786,90.008465285166));
#1528 = CARTESIAN_POINT('',(20.117679939119,90.007783966463));
#1529 = CARTESIAN_POINT('',(20.107223741017,90.007080508264));
#1530 = CARTESIAN_POINT('',(20.096760867816,90.006393315258));
#1531 = CARTESIAN_POINT('',(20.086295439559,90.005712344664));
#1532 = CARTESIAN_POINT('',(20.075841775703,90.005002692836));
#1533 = CARTESIAN_POINT('',(20.065375171128,90.004324579078));
#1534 = CARTESIAN_POINT('',(20.054914845608,90.00363115407));
#1535 = CARTESIAN_POINT('',(20.002619772137,90.000148029628));
#1536 = CARTESIAN_POINT('',(19.960811210282,89.997294428785));
#1537 = CARTESIAN_POINT('',(19.919021119023,89.994395764081));
#1538 = CARTESIAN_POINT('',(19.877241986224,89.991470374458));
#1539 = CARTESIAN_POINT('',(19.835467813852,89.988532900565));
#1540 = CARTESIAN_POINT('',(19.793694118113,89.985594284391));
#1541 = CARTESIAN_POINT('',(19.751917929289,89.982661769822));
#1542 = CARTESIAN_POINT('',(19.710137791895,89.979738901968));
#1543 = CARTESIAN_POINT('',(19.668353764553,89.976825527808));
#1544 = CARTESIAN_POINT('',(19.626567420077,89.973917795703));
#1545 = CARTESIAN_POINT('',(19.563889058098,89.969553335669));
#1546 = CARTESIAN_POINT('',(19.542996993483,89.968096739466));
#1547 = CARTESIAN_POINT('',(19.522100727662,89.966650434743));
#1548 = CARTESIAN_POINT('',(19.50122447604,89.965155077804));
#1549 = CARTESIAN_POINT('',(19.480310614115,89.963751917645));
#1550 = CARTESIAN_POINT('',(19.459440693613,89.962241029461));
#1551 = CARTESIAN_POINT('',(19.43853507132,89.960817676429));
#1552 = CARTESIAN_POINT('',(19.417650009322,89.959343910313));
#1553 = CARTESIAN_POINT('',(19.396756739952,89.957890270004));
#1554 = CARTESIAN_POINT('',(19.375865518992,89.956431607038));
#1555 = CARTESIAN_POINT('',(19.334082547487,89.953515580811));
#1556 = CARTESIAN_POINT('',(19.313191047994,89.952057601882));
#1557 = CARTESIAN_POINT('',(19.292299534242,89.950599658516));
#1558 = CARTESIAN_POINT('',(19.271408005642,89.94914175198));
#1559 = CARTESIAN_POINT('',(19.25051646175,89.947683883764));
#1560 = CARTESIAN_POINT('',(19.2296249019,89.946226055038));
#1561 = CARTESIAN_POINT('',(19.208733325693,89.944768267314));
#1562 = CARTESIAN_POINT('',(19.187841732474,89.943310521833));
#1563 = CARTESIAN_POINT('',(19.166950121782,89.941852819989));
#1564 = CARTESIAN_POINT('',(19.146058493042,89.940395163121));
#1565 = CARTESIAN_POINT('',(19.041600256479,89.93310711039));
#1566 = CARTESIAN_POINT('',(18.95803336983,89.927277409885));
#1567 = CARTESIAN_POINT('',(18.874466151532,89.921448536933));
#1568 = CARTESIAN_POINT('',(18.790898567321,89.915620577595));
#1569 = CARTESIAN_POINT('',(18.707330582957,89.909793617565));
#1570 = CARTESIAN_POINT('',(18.623762164163,89.903967743094));
#1571 = CARTESIAN_POINT('',(18.540193276708,89.898143039758));
#1572 = CARTESIAN_POINT('',(18.456623886316,89.892319593793));
#1573 = CARTESIAN_POINT('',(18.373053958746,89.886497490914));
#1574 = CARTESIAN_POINT('',(18.289483459735,89.880676817164));
#1575 = CARTESIAN_POINT('',(18.038770145624,89.863219340957));
#1576 = CARTESIAN_POINT('',(17.871625506861,89.851587099148));
#1577 = CARTESIAN_POINT('',(17.704478170794,89.839961605903));
#1578 = CARTESIAN_POINT('',(17.537327869473,89.828343534196));
#1579 = CARTESIAN_POINT('',(17.370174334933,89.816733556832));
#1580 = CARTESIAN_POINT('',(17.203017299254,89.805132346923));
#1581 = CARTESIAN_POINT('',(17.03585649444,89.793540577148));
#1582 = CARTESIAN_POINT('',(16.868691652587,89.781958920663));
#1583 = CARTESIAN_POINT('',(16.701522505705,89.770388050213));
#1584 = CARTESIAN_POINT('',(16.534348785867,89.758828638816));
#1585 = CARTESIAN_POINT('',(16.032813103599,89.724186800438));
#1586 = CARTESIAN_POINT('',(15.69843666627,89.701140653503));
#1587 = CARTESIAN_POINT('',(15.364038799803,89.678148230414));
#1588 = CARTESIAN_POINT('',(15.02961743091,89.655214744922));
#1589 = CARTESIAN_POINT('',(14.69517052636,89.632345313188));
#1590 = CARTESIAN_POINT('',(14.360696092944,89.609544952923));
#1591 = CARTESIAN_POINT('',(14.026192177514,89.586818584495));
#1592 = CARTESIAN_POINT('',(13.69165686695,89.564171029787));
#1593 = CARTESIAN_POINT('',(13.357088288179,89.541607013154));
#1594 = CARTESIAN_POINT('',(13.022484608169,89.519131160771));
#1595 = CARTESIAN_POINT('',(12.018562885451,89.45198168142));
#1596 = CARTESIAN_POINT('',(11.349134229822,89.407585930021));
#1597 = CARTESIAN_POINT('',(10.679543810086,89.363596811306));
#1598 = CARTESIAN_POINT('',(10.009778224164,89.320048252805));
#1599 = CARTESIAN_POINT('',(9.339824961954,89.276971971048));
#1600 = CARTESIAN_POINT('',(8.669672442446,89.234397397382));
#1601 = CARTESIAN_POINT('',(7.999310050821,89.192351604003));
#1602 = CARTESIAN_POINT('',(7.328728175566,89.150859229765));
#1603 = CARTESIAN_POINT('',(6.657918245569,89.109942406181));
#1604 = CARTESIAN_POINT('',(5.986872767238,89.069620683277));
#1605 = CARTESIAN_POINT('',(4.97994165878,89.0100560917));
#1606 = CARTESIAN_POINT('',(4.644237590791,88.990354252654));
#1607 = CARTESIAN_POINT('',(4.308472082088,88.970807555968));
#1608 = CARTESIAN_POINT('',(3.972644334185,88.951417977357));
#1609 = CARTESIAN_POINT('',(3.636753750615,88.932187348767));
#1610 = CARTESIAN_POINT('',(3.300799861845,88.913117354735));
#1611 = CARTESIAN_POINT('',(2.964782250255,88.894209531272));
#1612 = CARTESIAN_POINT('',(2.628700475046,88.875465261709));
#1613 = CARTESIAN_POINT('',(2.292553997209,88.856885775553));
#1614 = CARTESIAN_POINT('',(1.956342104456,88.838472144878));
#1615 = CARTESIAN_POINT('',(1.535994269092,88.815663566751));
#1616 = CARTESIAN_POINT('',(1.451920536743,88.81111227697));
#1617 = CARTESIAN_POINT('',(1.367842640505,88.80657142625));
#1618 = CARTESIAN_POINT('',(1.283760581763,88.802041027719));
#1619 = CARTESIAN_POINT('',(1.199674361907,88.797521094667));
#1620 = CARTESIAN_POINT('',(1.115583982321,88.793011640155));
#1621 = CARTESIAN_POINT('',(1.031489444395,88.788512677502));
#1622 = CARTESIAN_POINT('',(0.947390749513,88.784024219792));
#1623 = CARTESIAN_POINT('',(0.863287899064,88.779546280282));
#1624 = CARTESIAN_POINT('',(0.779180894434,88.775078872127));
#1625 = CARTESIAN_POINT('',(0.653014158299,88.768393576732));
#1626 = CARTESIAN_POINT('',(0.61095754468,88.766167780625));
#1627 = CARTESIAN_POINT('',(0.568899897095,88.763944621534));
#1628 = CARTESIAN_POINT('',(0.52684121648,88.761724100606));
#1629 = CARTESIAN_POINT('',(0.484781503777,88.75950621939));
#1630 = CARTESIAN_POINT('',(0.442720759922,88.757290978734));
#1631 = CARTESIAN_POINT('',(0.400658985856,88.755078380454));
#1632 = CARTESIAN_POINT('',(0.358596182517,88.7528684253));
#1633 = CARTESIAN_POINT('',(0.316532350844,88.750661114957));
#1634 = CARTESIAN_POINT('',(0.274467491776,88.748456450464));
#1635 = CARTESIAN_POINT('',(0.221885134871,88.745703928886));
#1636 = CARTESIAN_POINT('',(0.211368599341,88.745153590007));
#1637 = CARTESIAN_POINT('',(0.200851999678,88.744603416585));
#1638 = CARTESIAN_POINT('',(0.190335335898,88.744053408637));
#1639 = CARTESIAN_POINT('',(0.179818608016,88.743503566176));
#1640 = CARTESIAN_POINT('',(0.169301816048,88.742953889232));
#1641 = CARTESIAN_POINT('',(0.15878496001,88.7424043778));
#1642 = CARTESIAN_POINT('',(0.148268039917,88.741855031924));
#1643 = CARTESIAN_POINT('',(0.137751055786,88.741305851598));
#1644 = CARTESIAN_POINT('',(0.127234007631,88.740756836855));
#1645 = CARTESIAN_POINT('',(0.106199783307,88.739659138554));
#1646 = CARTESIAN_POINT('',(9.568246120092E-02,88.73911041297));
#1647 = CARTESIAN_POINT('',(8.516512742705E-02,88.738561791429));
#1648 = CARTESIAN_POINT('',(7.464876862898E-02,88.738013872341));
#1649 = CARTESIAN_POINT('',(6.413179350117E-02,88.737465950474));
#1650 = CARTESIAN_POINT('',(5.361248873325E-02,88.736917133111));
#1651 = CARTESIAN_POINT('',(4.309130013849E-02,88.736367497516));
#1652 = CARTESIAN_POINT('',(3.257021490469E-02,88.735817889565));
#1653 = CARTESIAN_POINT('',(2.20497939248E-02,88.735268552802));
#1654 = CARTESIAN_POINT('',(1.152767618094E-02,88.73471837521));
#1655 = CARTESIAN_POINT('',(-2.003840183878E-02,88.733067639585));
#1656 = CARTESIAN_POINT('',(-4.108340893974E-02,88.731966193011));
#1657 = CARTESIAN_POINT('',(-6.21287354111E-02,88.730863992141));
#1658 = CARTESIAN_POINT('',(-8.317388176991E-02,88.7297612291));
#1659 = CARTESIAN_POINT('',(-0.104218484768,88.72865808634));
#1660 = CARTESIAN_POINT('',(-0.125262317392,88.727554736485));
#1661 = CARTESIAN_POINT('',(-0.146305288862,88.726451342581));
#1662 = CARTESIAN_POINT('',(-0.167347444634,88.725348057791));
#1663 = CARTESIAN_POINT('',(-0.188388966399,88.72424502569));
#1664 = CARTESIAN_POINT('',(-0.20943017208,88.723142380037));
#1665 = CARTESIAN_POINT('',(-0.251512859596,88.72093810979));
#1666 = CARTESIAN_POINT('',(-0.272554477402,88.71983638459));
#1667 = CARTESIAN_POINT('',(-0.293595461259,88.718735447422));
#1668 = CARTESIAN_POINT('',(-0.314637151413,88.71763508416));
#1669 = CARTESIAN_POINT('',(-0.335680108225,88.71653522549));
#1670 = CARTESIAN_POINT('',(-0.356723693056,88.715436038385));
#1671 = CARTESIAN_POINT('',(-0.377767042244,88.714337673223));
#1672 = CARTESIAN_POINT('',(-0.398810218184,88.713239961889));
#1673 = CARTESIAN_POINT('',(-0.419854321592,88.712142369231));
#1674 = CARTESIAN_POINT('',(-0.440899348967,88.71104449326));
#1675 = CARTESIAN_POINT('',(-0.482977809679,88.708850337241));
#1676 = CARTESIAN_POINT('',(-0.504012343636,88.707753926033));
#1677 = CARTESIAN_POINT('',(-0.525042184891,88.706658181868));
#1678 = CARTESIAN_POINT('',(-0.546067337141,88.705563104845));
#1679 = CARTESIAN_POINT('',(-0.567087804086,88.70446869534));
#1680 = CARTESIAN_POINT('',(-0.588103589419,88.703374953315));
#1681 = CARTESIAN_POINT('',(-0.609114696842,88.702281879223));
#1682 = CARTESIAN_POINT('',(-0.630121130048,88.701189473049));
#1683 = CARTESIAN_POINT('',(-0.651122892737,88.700097735137));
#1684 = CARTESIAN_POINT('',(-0.672119988606,88.699006665611));
#1685 = CARTESIAN_POINT('',(-0.735097286844,88.695735462878));
#1686 = CARTESIAN_POINT('',(-0.777063500285,88.693557335654));
#1687 = CARTESIAN_POINT('',(-0.819011090655,88.691381884402));
#1688 = CARTESIAN_POINT('',(-0.860940086932,88.689209110503));
#1689 = CARTESIAN_POINT('',(-0.902850518095,88.687039015341));
#1690 = CARTESIAN_POINT('',(-0.944742413121,88.68487160025));
#1691 = CARTESIAN_POINT('',(-0.98661580099,88.682706866693));
#1692 = CARTESIAN_POINT('',(-1.028470710681,88.680544815933));
#1693 = CARTESIAN_POINT('',(-1.070307171171,88.67838544945));
#1694 = CARTESIAN_POINT('',(-1.11212521144,88.676228768552));
#1695 = CARTESIAN_POINT('',(-1.237524158519,88.669766786835));
#1696 = CARTESIAN_POINT('',(-1.321049918654,88.665469548411));
#1697 = CARTESIAN_POINT('',(-1.404502350628,88.661183067678));
#1698 = CARTESIAN_POINT('',(-1.487881664196,88.65690735275));
#1699 = CARTESIAN_POINT('',(-1.571188069116,88.6526424121));
#1700 = CARTESIAN_POINT('',(-1.654421775139,88.648388253675));
#1701 = CARTESIAN_POINT('',(-1.737582992027,88.644144886035));
#1702 = CARTESIAN_POINT('',(-1.820671929531,88.639912317168));
#1703 = CARTESIAN_POINT('',(-1.903688797409,88.635690555487));
#1704 = CARTESIAN_POINT('',(-1.986633805417,88.631479609157));
#1705 = CARTESIAN_POINT('',(-2.732494026456,88.593678504826));
#1706 = CARTESIAN_POINT('',(-3.390893719126,88.560770072511));
#1707 = CARTESIAN_POINT('',(-4.044809722155,88.528557318622));
#1708 = CARTESIAN_POINT('',(-4.694343431672,88.497040970469));
#1709 = CARTESIAN_POINT('',(-5.339591113106,88.466219711891));
#1710 = CARTESIAN_POINT('',(-5.980643335376,88.436090416011));
#1711 = CARTESIAN_POINT('',(-6.617585931866,88.406648303067));
#1712 = CARTESIAN_POINT('',(-7.25050153447,88.377887066555));
#1713 = CARTESIAN_POINT('',(-7.87947072733,88.349799019497));
#1714 = CARTESIAN_POINT('',(-8.504571866591,88.322375304343));
#1715 = CARTESIAN_POINT('',(-9.125878612703,88.295606216758));
#1716 = ( GEOMETRIC_REPRESENTATION_CONTEXT(2) 
PARAMETRIC_REPRESENTATION_CONTEXT() REPRESENTATION_CONTEXT('2D SPACE',''
  ) );
#1717 = ORIENTED_EDGE('',*,*,#1718,.T.);
#1718 = EDGE_CURVE('',#1149,#1719,#1721,.T.);
#1719 = VERTEX_POINT('',#1720);
#1720 = CARTESIAN_POINT('',(36.260029802551,-1.256615892627E-02,
    90.000000000219));
#1721 = SURFACE_CURVE('',#1722,(#1779,#1839),.PCURVE_S1.);
#1722 = B_SPLINE_CURVE_WITH_KNOTS('',7,(#1723,#1724,#1725,#1726,#1727,
    #1728,#1729,#1730,#1731,#1732,#1733,#1734,#1735,#1736,#1737,#1738,
    #1739,#1740,#1741,#1742,#1743,#1744,#1745,#1746,#1747,#1748,#1749,
    #1750,#1751,#1752,#1753,#1754,#1755,#1756,#1757,#1758,#1759,#1760,
    #1761,#1762,#1763,#1764,#1765,#1766,#1767,#1768,#1769,#1770,#1771,
    #1772,#1773,#1774,#1775,#1776,#1777,#1778),.UNSPECIFIED.,.F.,.F.,(8,
    6,6,6,6,6,6,6,6,8),(0.,0.16130330428,0.171140249031,0.240062187372,
    0.499765236227,0.508675058856,0.791306139915,0.83854573733,
    0.84739319455,1.),.UNSPECIFIED.);
#1723 = CARTESIAN_POINT('',(11.2000998417,42.603411766281,90.));
#1724 = CARTESIAN_POINT('',(12.01302083747,41.303324268708,90.));
#1725 = CARTESIAN_POINT('',(12.816406655252,40.015777036136,90.));
#1726 = CARTESIAN_POINT('',(13.609641621623,38.741633284901,90.));
#1727 = CARTESIAN_POINT('',(14.392024877449,37.481872228764,90.));
#1728 = CARTESIAN_POINT('',(15.162769020373,36.237590991206,90.));
#1729 = CARTESIAN_POINT('',(15.920999138125,35.010014015505,90.));
#1730 = CARTESIAN_POINT('',(16.711170366355,33.726749397744,90.));
#1731 = CARTESIAN_POINT('',(16.756451979948,33.653196550827,90.));
#1732 = CARTESIAN_POINT('',(16.801790283208,33.579526633717,90.));
#1733 = CARTESIAN_POINT('',(16.847123882543,33.505845624474,90.));
#1734 = CARTESIAN_POINT('',(16.892426012496,33.432198845152,90.));
#1735 = CARTESIAN_POINT('',(16.937753224686,33.358489018321,90.));
#1736 = CARTESIAN_POINT('',(17.300447319833,32.768533023354,90.));
#1737 = CARTESIAN_POINT('',(17.617475094678,32.251885098886,90.));
#1738 = CARTESIAN_POINT('',(17.934129238506,31.73485808999,90.));
#1739 = CARTESIAN_POINT('',(18.250401974713,31.217450410111,90.));
#1740 = CARTESIAN_POINT('',(18.566285370259,30.69966083503,90.));
#1741 = CARTESIAN_POINT('',(18.88177133566,30.18148850286,90.));
#1742 = CARTESIAN_POINT('',(20.384097859567,27.708976443028,90.));
#1743 = CARTESIAN_POINT('',(21.565585074033,25.749576991319,90.));
#1744 = CARTESIAN_POINT('',(22.740873795357,23.78471356889,90.));
#1745 = CARTESIAN_POINT('',(23.909503211552,21.814441860568,90.));
#1746 = CARTESIAN_POINT('',(25.071028076217,19.838930453099,90.));
#1747 = CARTESIAN_POINT('',(26.225066717747,17.858467863081,90.));
#1748 = CARTESIAN_POINT('',(27.410686881307,15.805338574155,90.));
#1749 = CARTESIAN_POINT('',(27.450044943766,15.73716108234,90.));
#1750 = CARTESIAN_POINT('',(27.489407925883,15.668952975317,90.));
#1751 = CARTESIAN_POINT('',(27.528759143608,15.600742747689,90.));
#1752 = CARTESIAN_POINT('',(27.568091643537,15.532542303675,90.));
#1753 = CARTESIAN_POINT('',(27.607408202911,15.464346957106,90.));
#1754 = CARTESIAN_POINT('',(28.893784482654,13.232377739937,90.));
#1755 = CARTESIAN_POINT('',(30.131055226204,11.06309753854,90.));
#1756 = CARTESIAN_POINT('',(31.358151116463,8.88901621663,90.));
#1757 = CARTESIAN_POINT('',(32.574916088669,6.71098334913,90.));
#1758 = CARTESIAN_POINT('',(33.781497875162,4.529841720478,90.));
#1759 = CARTESIAN_POINT('',(34.978276810822,2.346302924454,90.));
#1760 = CARTESIAN_POINT('',(36.36424792646,-0.204308438071,90.));
#1761 = CARTESIAN_POINT('',(36.562468456074,-0.569622964933,90.));
#1762 = CARTESIAN_POINT('',(36.760431997176,-0.93498539381,90.));
#1763 = CARTESIAN_POINT('',(36.958141080796,-1.30039311898,90.));
#1764 = CARTESIAN_POINT('',(37.155598331781,-1.665843643505,90.));
#1765 = CARTESIAN_POINT('',(37.352806468798,-2.031334579231,90.));
#1766 = CARTESIAN_POINT('',(37.586657090625,-2.46532322233,90.));
#1767 = CARTESIAN_POINT('',(37.623575508013,-2.53385637248,90.));
#1768 = CARTESIAN_POINT('',(37.660566040484,-2.602536086822,90.));
#1769 = CARTESIAN_POINT('',(37.697627278186,-2.671358935557,90.));
#1770 = CARTESIAN_POINT('',(37.734739736667,-2.740290310219,90.));
#1771 = CARTESIAN_POINT('',(37.771891676112,-2.809309664397,90.));
#1772 = CARTESIAN_POINT('',(38.450983623099,-4.071133339772,90.));
#1773 = CARTESIAN_POINT('',(39.099737878124,-5.280564137866,90.));
#1774 = CARTESIAN_POINT('',(39.754728028886,-6.505376445673,90.));
#1775 = CARTESIAN_POINT('',(40.415425490665,-7.744385293104,90.));
#1776 = CARTESIAN_POINT('',(41.08139159465,-8.996565802969,90.));
#1777 = CARTESIAN_POINT('',(41.752262061153,-10.26103306324,90.));
#1778 = CARTESIAN_POINT('',(42.427737102194,-11.53702851171,90.));
#1779 = PCURVE('',#167,#1780);
#1780 = DEFINITIONAL_REPRESENTATION('',(#1781),#1838);
#1781 = B_SPLINE_CURVE_WITH_KNOTS('',7,(#1782,#1783,#1784,#1785,#1786,
    #1787,#1788,#1789,#1790,#1791,#1792,#1793,#1794,#1795,#1796,#1797,
    #1798,#1799,#1800,#1801,#1802,#1803,#1804,#1805,#1806,#1807,#1808,
    #1809,#1810,#1811,#1812,#1813,#1814,#1815,#1816,#1817,#1818,#1819,
    #1820,#1821,#1822,#1823,#1824,#1825,#1826,#1827,#1828,#1829,#1830,
    #1831,#1832,#1833,#1834,#1835,#1836,#1837),.UNSPECIFIED.,.F.,.F.,(8,
    6,6,6,6,6,6,6,6,8),(0.,0.16130330428,0.171140249031,0.240062187372,
    0.499765236227,0.508675058856,0.791306139915,0.83854573733,
    0.84739319455,1.),.UNSPECIFIED.);
#1782 = CARTESIAN_POINT('',(11.2000998417,42.603411766281));
#1783 = CARTESIAN_POINT('',(12.01302083747,41.303324268708));
#1784 = CARTESIAN_POINT('',(12.816406655252,40.015777036136));
#1785 = CARTESIAN_POINT('',(13.609641621623,38.741633284901));
#1786 = CARTESIAN_POINT('',(14.392024877449,37.481872228764));
#1787 = CARTESIAN_POINT('',(15.162769020373,36.237590991206));
#1788 = CARTESIAN_POINT('',(15.920999138125,35.010014015505));
#1789 = CARTESIAN_POINT('',(16.711170366355,33.726749397744));
#1790 = CARTESIAN_POINT('',(16.756451979948,33.653196550827));
#1791 = CARTESIAN_POINT('',(16.801790283208,33.579526633717));
#1792 = CARTESIAN_POINT('',(16.847123882543,33.505845624474));
#1793 = CARTESIAN_POINT('',(16.892426012496,33.432198845152));
#1794 = CARTESIAN_POINT('',(16.937753224686,33.358489018321));
#1795 = CARTESIAN_POINT('',(17.300447319833,32.768533023354));
#1796 = CARTESIAN_POINT('',(17.617475094678,32.251885098886));
#1797 = CARTESIAN_POINT('',(17.934129238506,31.73485808999));
#1798 = CARTESIAN_POINT('',(18.250401974713,31.217450410111));
#1799 = CARTESIAN_POINT('',(18.566285370259,30.69966083503));
#1800 = CARTESIAN_POINT('',(18.88177133566,30.18148850286));
#1801 = CARTESIAN_POINT('',(20.384097859567,27.708976443028));
#1802 = CARTESIAN_POINT('',(21.565585074033,25.749576991319));
#1803 = CARTESIAN_POINT('',(22.740873795357,23.78471356889));
#1804 = CARTESIAN_POINT('',(23.909503211552,21.814441860568));
#1805 = CARTESIAN_POINT('',(25.071028076217,19.838930453099));
#1806 = CARTESIAN_POINT('',(26.225066717747,17.858467863081));
#1807 = CARTESIAN_POINT('',(27.410686881307,15.805338574155));
#1808 = CARTESIAN_POINT('',(27.450044943766,15.73716108234));
#1809 = CARTESIAN_POINT('',(27.489407925883,15.668952975317));
#1810 = CARTESIAN_POINT('',(27.528759143608,15.600742747689));
#1811 = CARTESIAN_POINT('',(27.568091643537,15.532542303675));
#1812 = CARTESIAN_POINT('',(27.607408202911,15.464346957106));
#1813 = CARTESIAN_POINT('',(28.893784482654,13.232377739937));
#1814 = CARTESIAN_POINT('',(30.131055226204,11.06309753854));
#1815 = CARTESIAN_POINT('',(31.358151116463,8.88901621663));
#1816 = CARTESIAN_POINT('',(32.574916088669,6.71098334913));
#1817 = CARTESIAN_POINT('',(33.781497875162,4.529841720478));
#1818 = CARTESIAN_POINT('',(34.978276810822,2.346302924454));
#1819 = CARTESIAN_POINT('',(36.36424792646,-0.204308438071));
#1820 = CARTESIAN_POINT('',(36.562468456074,-0.569622964933));
#1821 = CARTESIAN_POINT('',(36.760431997176,-0.93498539381));
#1822 = CARTESIAN_POINT('',(36.958141080796,-1.30039311898));
#1823 = CARTESIAN_POINT('',(37.155598331781,-1.665843643505));
#1824 = CARTESIAN_POINT('',(37.352806468798,-2.031334579231));
#1825 = CARTESIAN_POINT('',(37.586657090625,-2.46532322233));
#1826 = CARTESIAN_POINT('',(37.623575508013,-2.53385637248));
#1827 = CARTESIAN_POINT('',(37.660566040484,-2.602536086822));
#1828 = CARTESIAN_POINT('',(37.697627278186,-2.671358935557));
#1829 = CARTESIAN_POINT('',(37.734739736667,-2.740290310219));
#1830 = CARTESIAN_POINT('',(37.771891676112,-2.809309664397));
#1831 = CARTESIAN_POINT('',(38.450983623099,-4.071133339772));
#1832 = CARTESIAN_POINT('',(39.099737878124,-5.280564137866));
#1833 = CARTESIAN_POINT('',(39.754728028886,-6.505376445673));
#1834 = CARTESIAN_POINT('',(40.415425490665,-7.744385293104));
#1835 = CARTESIAN_POINT('',(41.08139159465,-8.996565802969));
#1836 = CARTESIAN_POINT('',(41.752262061153,-10.26103306324));
#1837 = CARTESIAN_POINT('',(42.427737102194,-11.53702851171));
#1838 = ( GEOMETRIC_REPRESENTATION_CONTEXT(2) 
PARAMETRIC_REPRESENTATION_CONTEXT() REPRESENTATION_CONTEXT('2D SPACE',''
  ) );
#1839 = PCURVE('',#1840,#1942);
#1840 = OFFSET_SURFACE('',#1841,-3.,.F.);
#1841 = B_SPLINE_SURFACE_WITH_KNOTS('',2,7,(
    (#1842,#1843,#1844,#1845,#1846,#1847,#1848,#1849,#1850,#1851,#1852
      ,#1853,#1854,#1855,#1856,#1857,#1858,#1859,#1860,#1861)
    ,(#1862,#1863,#1864,#1865,#1866,#1867,#1868,#1869,#1870,#1871,#1872
      ,#1873,#1874,#1875,#1876,#1877,#1878,#1879,#1880,#1881)
    ,(#1882,#1883,#1884,#1885,#1886,#1887,#1888,#1889,#1890,#1891,#1892
      ,#1893,#1894,#1895,#1896,#1897,#1898,#1899,#1900,#1901)
    ,(#1902,#1903,#1904,#1905,#1906,#1907,#1908,#1909,#1910,#1911,#1912
      ,#1913,#1914,#1915,#1916,#1917,#1918,#1919,#1920,#1921)
    ,(#1922,#1923,#1924,#1925,#1926,#1927,#1928,#1929,#1930,#1931,#1932
      ,#1933,#1934,#1935,#1936,#1937,#1938,#1939,#1940,#1941
  )),.UNSPECIFIED.,.F.,.F.,.F.,(3,1,1,3),(8,6,6,8),(-9.125878612703,0.,
    40.,49.125878612703),(-20.83171840419,0.,90.,110.83171840419),
  .UNSPECIFIED.);
#1842 = CARTESIAN_POINT('',(-47.47303750722,-20.30115899415,
    -20.83171840419));
#1843 = CARTESIAN_POINT('',(-44.9768892919,-22.34971001661,
    -17.85575863216));
#1844 = CARTESIAN_POINT('',(-42.48074107659,-24.39826103907,
    -14.87979886014));
#1845 = CARTESIAN_POINT('',(-39.98459286127,-26.44681206153,
    -11.90383908811));
#1846 = CARTESIAN_POINT('',(-37.48844464595,-28.49536308399,
    -8.927879316084));
#1847 = CARTESIAN_POINT('',(-34.99229643063,-30.54391410645,
    -5.951919544056));
#1848 = CARTESIAN_POINT('',(-32.49614821531,-32.59246512891,
    -2.975959772028));
#1849 = CARTESIAN_POINT('',(-19.21580375561,-43.49144262336,
    12.857142857143));
#1850 = CARTESIAN_POINT('',(-5.497153706017,-48.54617974578,
    25.714285714286));
#1851 = CARTESIAN_POINT('',(9.579087549213,-48.65949367077,
    38.571428571429));
#1852 = CARTESIAN_POINT('',(23.853485338531,-43.48006991457,
    51.42857142857));
#1853 = CARTESIAN_POINT('',(35.16810353628,-33.91393165704,
    64.285714285715));
#1854 = CARTESIAN_POINT('',(42.307775514367,-21.69803738731,
    77.142857142857));
#1855 = CARTESIAN_POINT('',(45.623151804062,-5.642482578388,
    92.975959772028));
#1856 = CARTESIAN_POINT('',(46.251513129363,-2.599482684366,
    95.976798434783));
#1857 = CARTESIAN_POINT('',(46.885083975904,0.468745644222,
    99.002515988266));
#1858 = CARTESIAN_POINT('',(47.523864343684,3.562202407376,
    102.05311243247));
#1859 = CARTESIAN_POINT('',(48.167854232703,6.680887605096,
    105.12858776741));
#1860 = CARTESIAN_POINT('',(48.817053642962,9.824801237382,
    108.22894199307));
#1861 = CARTESIAN_POINT('',(49.471462574459,12.993943304233,
    111.35417510946));
#1862 = CARTESIAN_POINT('',(-42.18845601487,-22.14327372769,
    -21.86427748083));
#1863 = CARTESIAN_POINT('',(-39.55161362815,-24.01298214567,
    -18.59330082976));
#1864 = CARTESIAN_POINT('',(-36.95440838421,-25.85458501592,
    -15.37149365854));
#1865 = CARTESIAN_POINT('',(-34.39684028306,-27.66808233846,
    -12.19885596715));
#1866 = CARTESIAN_POINT('',(-31.8789093247,-29.45347411327,
    -9.075387755604));
#1867 = CARTESIAN_POINT('',(-29.40061550913,-31.21076034036,
    -6.001089023896));
#1868 = CARTESIAN_POINT('',(-26.96195883634,-32.93994101973,
    -2.975959772028));
#1869 = CARTESIAN_POINT('',(-14.19837151072,-41.99023040617,
    12.857142857143));
#1870 = CARTESIAN_POINT('',(-1.268785149994,-45.72089988621,
    25.714285714285));
#1871 = CARTESIAN_POINT('',(12.712537754328,-44.76315053752,
    38.571428571429));
#1872 = CARTESIAN_POINT('',(25.661092371234,-38.81825086882,
    51.42857142857));
#1873 = CARTESIAN_POINT('',(35.500683389459,-28.83941714118,
    64.285714285715));
#1874 = CARTESIAN_POINT('',(41.099147308476,-16.60220749288,
    77.142857142857));
#1875 = CARTESIAN_POINT('',(42.555134165929,-1.023471932253,
    92.975959772028));
#1876 = CARTESIAN_POINT('',(42.833320225603,1.953057037171,
    96.001089023896));
#1877 = CARTESIAN_POINT('',(43.116027832197,4.977965553043,
    99.075387755604));
#1878 = CARTESIAN_POINT('',(43.403256985711,8.051253615365,
    102.19885596715));
#1879 = CARTESIAN_POINT('',(43.695007686146,11.172921224135,
    105.37149365854));
#1880 = CARTESIAN_POINT('',(43.991279933502,14.342968379355,
    108.59330082976));
#1881 = CARTESIAN_POINT('',(44.292073727778,17.561395081023,
    111.86427748083));
#1882 = CARTESIAN_POINT('',(-19.29199470749,-34.64101615137,
    -23.93152679827));
#1883 = CARTESIAN_POINT('',(-16.17901574963,-34.64101615137,
    -20.06990748507));
#1884 = CARTESIAN_POINT('',(-13.18503002975,-34.64101615137,
    -16.35589809541));
#1885 = CARTESIAN_POINT('',(-10.31003754784,-34.64101615137,
    -12.78949862927));
#1886 = CARTESIAN_POINT('',(-7.554038303919,-34.64101615137,
    -9.370709086666));
#1887 = CARTESIAN_POINT('',(-4.917032297969,-34.64101615137,
    -6.099529467583));
#1888 = CARTESIAN_POINT('',(-2.399019529996,-34.64101615137,
    -2.975959772028));
#1889 = CARTESIAN_POINT('',(10.364567795624,-34.64101615137,
    12.857142857143));
#1890 = CARTESIAN_POINT('',(20.728612209667,-31.02284249129,
    25.714285714285));
#1891 = CARTESIAN_POINT('',(29.580337661412,-23.78859149272,
    38.571428571429));
#1892 = CARTESIAN_POINT('',(35.391693383657,-13.72302812093,
    51.428571428571));
#1893 = CARTESIAN_POINT('',(37.230875799903,-2.440083513119,
    64.285714285714));
#1894 = CARTESIAN_POINT('',(35.182283897812,8.344529065432,
    77.142857142857));
#1895 = CARTESIAN_POINT('',(28.800490235002,19.39811993284,
    92.975959772028));
#1896 = CARTESIAN_POINT('',(27.541483851015,21.578782956959,
    96.099529467583));
#1897 = CARTESIAN_POINT('',(26.22298084804,23.862497148044,
    99.370709086666));
#1898 = CARTESIAN_POINT('',(24.844981226077,26.249262506095,
    102.78949862927));
#1899 = CARTESIAN_POINT('',(23.407484985125,28.739079031114,
    106.35589809541));
#1900 = CARTESIAN_POINT('',(21.910492125184,31.331946723099,
    110.06990748507));
#1901 = CARTESIAN_POINT('',(20.354002646255,34.027865582051,
    113.93152679827));
#1902 = CARTESIAN_POINT('',(6.937422597827,-47.13875857506,
    -21.86427748083));
#1903 = CARTESIAN_POINT('',(9.574264984552,-45.26905015708,
    -18.59330082976));
#1904 = CARTESIAN_POINT('',(12.171470228489,-43.42744728682,
    -15.37149365854));
#1905 = CARTESIAN_POINT('',(14.729038329638,-41.61394996429,
    -12.19885596715));
#1906 = CARTESIAN_POINT('',(17.246969287999,-39.82855818948,
    -9.075387755604));
#1907 = CARTESIAN_POINT('',(19.725263103571,-38.07127196239,
    -6.001089023896));
#1908 = CARTESIAN_POINT('',(22.163919776356,-36.34209128302,
    -2.975959772028));
#1909 = CARTESIAN_POINT('',(34.927507101976,-27.29180189657,
    12.857142857143));
#1910 = CARTESIAN_POINT('',(42.726009569328,-16.32478509638,
    25.714285714285));
#1911 = CARTESIAN_POINT('',(46.448137568496,-2.814032447937,
    38.571428571429));
#1912 = CARTESIAN_POINT('',(45.12229439608,11.372194626943,
    51.428571428572));
#1913 = CARTESIAN_POINT('',(38.961068210347,23.959250114944,
    64.285714285714));
#1914 = CARTESIAN_POINT('',(29.265420487148,33.291265623749,
    77.142857142857));
#1915 = CARTESIAN_POINT('',(15.045846304075,39.819711797933,
    92.975959772028));
#1916 = CARTESIAN_POINT('',(12.329003571617,41.067060087989,
    96.001089023896));
#1917 = CARTESIAN_POINT('',(9.568002149451,42.334682376772,
    99.075387755604));
#1918 = CARTESIAN_POINT('',(6.762842037576,43.622578664281,
    102.19885596715));
#1919 = CARTESIAN_POINT('',(3.913523235992,44.930748950518,
    105.37149365854));
#1920 = CARTESIAN_POINT('',(1.020045744699,46.259193235481,
    108.59330082976));
#1921 = CARTESIAN_POINT('',(-1.917590436302,47.607911519172,
    111.86427748083));
#1922 = CARTESIAN_POINT('',(13.482646290429,-49.34051500397,
    -21.35417510946));
#1923 = CARTESIAN_POINT('',(15.899999362775,-47.1892092114,
    -18.22894199307));
#1924 = CARTESIAN_POINT('',(18.29810873051,-45.05502921385,
    -15.12858776741));
#1925 = CARTESIAN_POINT('',(20.676974393632,-42.93797501132,
    -12.05311243247));
#1926 = CARTESIAN_POINT('',(23.036596352142,-40.83804660381,
    -9.002515988265));
#1927 = CARTESIAN_POINT('',(25.37697460604,-38.75524399131,
    -5.976798434783));
#1928 = CARTESIAN_POINT('',(27.698109155326,-36.68956717383,
    -2.975959772028));
#1929 = CARTESIAN_POINT('',(39.944939346862,-25.79058967939,
    12.857142857143));
#1930 = CARTESIAN_POINT('',(46.954378125351,-13.49950523681,
    25.714285714285));
#1931 = CARTESIAN_POINT('',(49.58158777361,1.082310685318,
    38.571428571429));
#1932 = CARTESIAN_POINT('',(46.929901428783,16.034013672694,
    51.428571428572));
#1933 = CARTESIAN_POINT('',(39.293648063526,29.033764630809,
    64.285714285713));
#1934 = CARTESIAN_POINT('',(28.056792281256,38.387095518179,
    77.142857142857));
#1935 = CARTESIAN_POINT('',(11.977828665942,44.438722444069,
    92.975959772028));
#1936 = CARTESIAN_POINT('',(8.955657331884,45.576174698915,
    95.951919544056));
#1937 = CARTESIAN_POINT('',(5.933485997826,46.713626953762,
    98.927879316084));
#1938 = CARTESIAN_POINT('',(2.911314663768,47.851079208609,
    101.90383908811));
#1939 = CARTESIAN_POINT('',(-0.11085667029,48.988531463455,
    104.87979886014));
#1940 = CARTESIAN_POINT('',(-3.133028004348,50.125983718302,
    107.85575863216));
#1941 = CARTESIAN_POINT('',(-6.155199338406,51.263435973149,
    110.83171840419));
#1942 = DEFINITIONAL_REPRESENTATION('',(#1943),#2286);
#1943 = B_SPLINE_CURVE_WITH_KNOTS('',11,(#1944,#1945,#1946,#1947,#1948,
    #1949,#1950,#1951,#1952,#1953,#1954,#1955,#1956,#1957,#1958,#1959,
    #1960,#1961,#1962,#1963,#1964,#1965,#1966,#1967,#1968,#1969,#1970,
    #1971,#1972,#1973,#1974,#1975,#1976,#1977,#1978,#1979,#1980,#1981,
    #1982,#1983,#1984,#1985,#1986,#1987,#1988,#1989,#1990,#1991,#1992,
    #1993,#1994,#1995,#1996,#1997,#1998,#1999,#2000,#2001,#2002,#2003,
    #2004,#2005,#2006,#2007,#2008,#2009,#2010,#2011,#2012,#2013,#2014,
    #2015,#2016,#2017,#2018,#2019,#2020,#2021,#2022,#2023,#2024,#2025,
    #2026,#2027,#2028,#2029,#2030,#2031,#2032,#2033,#2034,#2035,#2036,
    #2037,#2038,#2039,#2040,#2041,#2042,#2043,#2044,#2045,#2046,#2047,
    #2048,#2049,#2050,#2051,#2052,#2053,#2054,#2055,#2056,#2057,#2058,
    #2059,#2060,#2061,#2062,#2063,#2064,#2065,#2066,#2067,#2068,#2069,
    #2070,#2071,#2072,#2073,#2074,#2075,#2076,#2077,#2078,#2079,#2080,
    #2081,#2082,#2083,#2084,#2085,#2086,#2087,#2088,#2089,#2090,#2091,
    #2092,#2093,#2094,#2095,#2096,#2097,#2098,#2099,#2100,#2101,#2102,
    #2103,#2104,#2105,#2106,#2107,#2108,#2109,#2110,#2111,#2112,#2113,
    #2114,#2115,#2116,#2117,#2118,#2119,#2120,#2121,#2122,#2123,#2124,
    #2125,#2126,#2127,#2128,#2129,#2130,#2131,#2132,#2133,#2134,#2135,
    #2136,#2137,#2138,#2139,#2140,#2141,#2142,#2143,#2144,#2145,#2146,
    #2147,#2148,#2149,#2150,#2151,#2152,#2153,#2154,#2155,#2156,#2157,
    #2158,#2159,#2160,#2161,#2162,#2163,#2164,#2165,#2166,#2167,#2168,
    #2169,#2170,#2171,#2172,#2173,#2174,#2175,#2176,#2177,#2178,#2179,
    #2180,#2181,#2182,#2183,#2184,#2185,#2186,#2187,#2188,#2189,#2190,
    #2191,#2192,#2193,#2194,#2195,#2196,#2197,#2198,#2199,#2200,#2201,
    #2202,#2203,#2204,#2205,#2206,#2207,#2208,#2209,#2210,#2211,#2212,
    #2213,#2214,#2215,#2216,#2217,#2218,#2219,#2220,#2221,#2222,#2223,
    #2224,#2225,#2226,#2227,#2228,#2229,#2230,#2231,#2232,#2233,#2234,
    #2235,#2236,#2237,#2238,#2239,#2240,#2241,#2242,#2243,#2244,#2245,
    #2246,#2247,#2248,#2249,#2250,#2251,#2252,#2253,#2254,#2255,#2256,
    #2257,#2258,#2259,#2260,#2261,#2262,#2263,#2264,#2265,#2266,#2267,
    #2268,#2269,#2270,#2271,#2272,#2273,#2274,#2275,#2276,#2277,#2278,
    #2279,#2280,#2281,#2282,#2283,#2284,#2285),.UNSPECIFIED.,.F.,.F.,(12
    ,10,10,10,10,10,10,10,10,10,10,10,10,10,10,10,10,10,10,10,10,10,10,
    10,10,10,10,10,10,10,10,10,10,10,12),(0.,0.125,0.15625,0.16015625,
    0.162109375,0.1640625,0.171875,0.1875,0.25,0.375,0.4375,0.46875,
    0.484375,0.4921875,0.49609375,0.498046875,0.5,0.5078125,0.51171875,
    0.515625,0.53125,0.5625,0.625,0.75,0.8125,0.828125,0.8359375,
    0.837890625,0.83984375,0.84375,0.84765625,0.8515625,0.859375,0.875,
    1.),.UNSPECIFIED.);
#1944 = CARTESIAN_POINT('',(49.125878612703,91.649765774173));
#1945 = CARTESIAN_POINT('',(48.516165175354,91.622299963675));
#1946 = CARTESIAN_POINT('',(47.90201980916,91.594327222895));
#1947 = CARTESIAN_POINT('',(47.283369153579,91.565832204738));
#1948 = CARTESIAN_POINT('',(46.660139343271,91.536799857383));
#1949 = CARTESIAN_POINT('',(46.032255890129,91.507215724088));
#1950 = CARTESIAN_POINT('',(45.399643565555,91.477066244168));
#1951 = CARTESIAN_POINT('',(44.762226282385,91.446339052345));
#1952 = CARTESIAN_POINT('',(44.119926977222,91.415023279987));
#1953 = CARTESIAN_POINT('',(43.472667492389,91.383109854487));
#1954 = CARTESIAN_POINT('',(42.820368458157,91.350591800196));
#1955 = CARTESIAN_POINT('',(41.998594354002,91.309182722782));
#1956 = CARTESIAN_POINT('',(41.833919514228,91.300862838557));
#1957 = CARTESIAN_POINT('',(41.668923394365,91.292504814181));
#1958 = CARTESIAN_POINT('',(41.50360472673,91.284108589947));
#1959 = CARTESIAN_POINT('',(41.337962237802,91.275674117487));
#1960 = CARTESIAN_POINT('',(41.171994646979,91.267201360445));
#1961 = CARTESIAN_POINT('',(41.005700668316,91.258690293469));
#1962 = CARTESIAN_POINT('',(40.839079008574,91.250140903444));
#1963 = CARTESIAN_POINT('',(40.67212836899,91.241553188261));
#1964 = CARTESIAN_POINT('',(40.504847443982,91.232927157808));
#1965 = CARTESIAN_POINT('',(40.316283356644,91.223179792784));
#1966 = CARTESIAN_POINT('',(40.295326610178,91.222096153892));
#1967 = CARTESIAN_POINT('',(40.274364679928,91.221011916726));
#1968 = CARTESIAN_POINT('',(40.253397563343,91.219927081349));
#1969 = CARTESIAN_POINT('',(40.232425257814,91.2188416478));
#1970 = CARTESIAN_POINT('',(40.211447760823,91.217755616191));
#1971 = CARTESIAN_POINT('',(40.190465069741,91.216668986496));
#1972 = CARTESIAN_POINT('',(40.169477182047,91.215581758876));
#1973 = CARTESIAN_POINT('',(40.148484095136,91.214493933299));
#1974 = CARTESIAN_POINT('',(40.127485806453,91.213405509888));
#1975 = CARTESIAN_POINT('',(40.095980566909,91.211771978059));
#1976 = CARTESIAN_POINT('',(40.08547721843,91.211227743686));
#1977 = CARTESIAN_POINT('',(40.074973956842,91.210681481117));
#1978 = CARTESIAN_POINT('',(40.064467124703,91.210137851617));
#1979 = CARTESIAN_POINT('',(40.05395972393,91.209593740318));
#1980 = CARTESIAN_POINT('',(40.043452903872,91.209046831252));
#1981 = CARTESIAN_POINT('',(40.032943939703,91.208499754563));
#1982 = CARTESIAN_POINT('',(40.022431462393,91.207955759428));
#1983 = CARTESIAN_POINT('',(40.011917913836,91.207413784657));
#1984 = CARTESIAN_POINT('',(40.001403865044,91.206870980288));
#1985 = CARTESIAN_POINT('',(39.980374052701,91.205787292977));
#1986 = CARTESIAN_POINT('',(39.969858480213,91.205245992439));
#1987 = CARTESIAN_POINT('',(39.959342483605,91.204705106289));
#1988 = CARTESIAN_POINT('',(39.948826270084,91.204164519859));
#1989 = CARTESIAN_POINT('',(39.938310011755,91.203624133028));
#1990 = CARTESIAN_POINT('',(39.92779384581,91.203083859321));
#1991 = CARTESIAN_POINT('',(39.917277874279,91.202543627224));
#1992 = CARTESIAN_POINT('',(39.906762164296,91.202003378647));
#1993 = CARTESIAN_POINT('',(39.896246747868,91.201463070366));
#1994 = CARTESIAN_POINT('',(39.885731622036,91.200922672946));
#1995 = CARTESIAN_POINT('',(39.833157255794,91.198220165052));
#1996 = CARTESIAN_POINT('',(39.791102598952,91.196056245052));
#1997 = CARTESIAN_POINT('',(39.749050411046,91.193889410683));
#1998 = CARTESIAN_POINT('',(39.706999190106,91.191719038201));
#1999 = CARTESIAN_POINT('',(39.664943506635,91.189546728629));
#2000 = CARTESIAN_POINT('',(39.622880140465,91.187373793928));
#2001 = CARTESIAN_POINT('',(39.580812771891,91.185199464238));
#2002 = CARTESIAN_POINT('',(39.53874962507,91.183021903333));
#2003 = CARTESIAN_POINT('',(39.49669525703,91.180841146592));
#2004 = CARTESIAN_POINT('',(39.454644457422,91.178660079822));
#2005 = CARTESIAN_POINT('',(39.328490136729,91.172109643551));
#2006 = CARTESIAN_POINT('',(39.244390324222,91.167734486507));
#2007 = CARTESIAN_POINT('',(39.160293575288,91.163351137235));
#2008 = CARTESIAN_POINT('',(39.076199885474,91.158959602816));
#2009 = CARTESIAN_POINT('',(38.992109250432,91.154559890717));
#2010 = CARTESIAN_POINT('',(38.908021665694,91.150152007906));
#2011 = CARTESIAN_POINT('',(38.823937126894,91.145735961836));
#2012 = CARTESIAN_POINT('',(38.739855629605,91.141311759609));
#2013 = CARTESIAN_POINT('',(38.655777169422,91.136879408506));
#2014 = CARTESIAN_POINT('',(38.571701741939,91.132438915755));
#2015 = CARTESIAN_POINT('',(38.151339745973,91.110195779901));
#2016 = CARTESIAN_POINT('',(37.815098581043,91.092271161228));
#2017 = CARTESIAN_POINT('',(37.478905540455,91.074216984209));
#2018 = CARTESIAN_POINT('',(37.142760280176,91.056033896205));
#2019 = CARTESIAN_POINT('',(36.806662419579,91.037722640619));
#2020 = CARTESIAN_POINT('',(36.470611541543,91.019284056336));
#2021 = CARTESIAN_POINT('',(36.134607192317,91.000719078479));
#2022 = CARTESIAN_POINT('',(35.798648881675,90.982028737584));
#2023 = CARTESIAN_POINT('',(35.46273608277,90.963214160339));
#2024 = CARTESIAN_POINT('',(35.126868232245,90.944276569041));
#2025 = CARTESIAN_POINT('',(34.119397726013,90.887098707673));
#2026 = CARTESIAN_POINT('',(33.447928128425,90.848493537831));
#2027 = CARTESIAN_POINT('',(32.776631243648,90.809412329851));
#2028 = CARTESIAN_POINT('',(32.105501765192,90.769867440696));
#2029 = CARTESIAN_POINT('',(31.434533773854,90.72987302698));
#2030 = CARTESIAN_POINT('',(30.763720737678,90.689445044791));
#2031 = CARTESIAN_POINT('',(30.093055512009,90.648601249844));
#2032 = CARTESIAN_POINT('',(29.422530339437,90.607361197403));
#2033 = CARTESIAN_POINT('',(28.752136849843,90.565746242277));
#2034 = CARTESIAN_POINT('',(28.081866060369,90.523779538867));
#2035 = CARTESIAN_POINT('',(27.076629532965,90.460339292251));
#2036 = CARTESIAN_POINT('',(26.741578977244,90.439110837579));
#2037 = CARTESIAN_POINT('',(26.406555510966,90.417803809686));
#2038 = CARTESIAN_POINT('',(26.07155790532,90.396421441529));
#2039 = CARTESIAN_POINT('',(25.736584900114,90.374967066704));
#2040 = CARTESIAN_POINT('',(25.401635203546,90.353444118978));
#2041 = CARTESIAN_POINT('',(25.066707492526,90.331856132953));
#2042 = CARTESIAN_POINT('',(24.731800412318,90.310206743301));
#2043 = CARTESIAN_POINT('',(24.396912576859,90.288499685489));
#2044 = CARTESIAN_POINT('',(24.06204256853,90.266738795214));
#2045 = CARTESIAN_POINT('',(23.559762123166,90.234022615535));
#2046 = CARTESIAN_POINT('',(23.392339412569,90.223104714054));
#2047 = CARTESIAN_POINT('',(23.224920620246,90.212174815167));
#2048 = CARTESIAN_POINT('',(23.05750555991,90.20123342957));
#2049 = CARTESIAN_POINT('',(22.890094045343,90.190281068247));
#2050 = CARTESIAN_POINT('',(22.72268589023,90.179318241767));
#2051 = CARTESIAN_POINT('',(22.555280908364,90.168345461171));
#2052 = CARTESIAN_POINT('',(22.387878913442,90.157363237067));
#2053 = CARTESIAN_POINT('',(22.220479719229,90.146372080388));
#2054 = CARTESIAN_POINT('',(22.053083139451,90.135372501866));
#2055 = CARTESIAN_POINT('',(21.801991912053,90.11886126757));
#2056 = CARTESIAN_POINT('',(21.71829544174,90.113355550867));
#2057 = CARTESIAN_POINT('',(21.634599552639,90.107847929643));
#2058 = CARTESIAN_POINT('',(21.550904220474,90.102338471115));
#2059 = CARTESIAN_POINT('',(21.467209420962,90.0968272429));
#2060 = CARTESIAN_POINT('',(21.383515129845,90.091314312006));
#2061 = CARTESIAN_POINT('',(21.299821322816,90.085799746178));
#2062 = CARTESIAN_POINT('',(21.216127975638,90.080283612442));
#2063 = CARTESIAN_POINT('',(21.132435064,90.074765978389));
#2064 = CARTESIAN_POINT('',(21.048742563647,90.069246911256));
#2065 = CARTESIAN_POINT('',(20.923204393619,90.06096626205));
#2066 = CARTESIAN_POINT('',(20.881358433595,90.058205704521));
#2067 = CARTESIAN_POINT('',(20.839512567138,90.055444814508));
#2068 = CARTESIAN_POINT('',(20.79766679115,90.05268360053));
#2069 = CARTESIAN_POINT('',(20.755821102557,90.049922071354));
#2070 = CARTESIAN_POINT('',(20.713975498255,90.047160235373));
#2071 = CARTESIAN_POINT('',(20.67212997517,90.044398101422));
#2072 = CARTESIAN_POINT('',(20.630284530202,90.041635677921));
#2073 = CARTESIAN_POINT('',(20.58843916027,90.0388729736));
#2074 = CARTESIAN_POINT('',(20.546593862282,90.036109997005));
#2075 = CARTESIAN_POINT('',(20.483826018584,90.03196513665));
#2076 = CARTESIAN_POINT('',(20.462903421228,90.03058345063));
#2077 = CARTESIAN_POINT('',(20.441980840692,90.029201699829));
#2078 = CARTESIAN_POINT('',(20.42105827659,90.027819885237));
#2079 = CARTESIAN_POINT('',(20.40013572853,90.026438008137));
#2080 = CARTESIAN_POINT('',(20.379213196124,90.025056069307));
#2081 = CARTESIAN_POINT('',(20.358290678986,90.023674070219));
#2082 = CARTESIAN_POINT('',(20.337368176722,90.022292011579));
#2083 = CARTESIAN_POINT('',(20.316445688948,90.020909894768));
#2084 = CARTESIAN_POINT('',(20.295523215273,90.019527720698));
#2085 = CARTESIAN_POINT('',(20.264139525326,90.017454375449));
#2086 = CARTESIAN_POINT('',(20.253678298771,90.01676324633));
#2087 = CARTESIAN_POINT('',(20.243217075595,90.016072103346));
#2088 = CARTESIAN_POINT('',(20.232755855747,90.015380946546));
#2089 = CARTESIAN_POINT('',(20.222294639183,90.014689776233));
#2090 = CARTESIAN_POINT('',(20.211833425849,90.0139985923));
#2091 = CARTESIAN_POINT('',(20.2013722157,90.013307395163));
#2092 = CARTESIAN_POINT('',(20.190911008685,90.012616184704));
#2093 = CARTESIAN_POINT('',(20.180449804757,90.011924961242));
#2094 = CARTESIAN_POINT('',(20.169988603865,90.011233724812));
#2095 = CARTESIAN_POINT('',(20.14906620806,90.009851226373));
#2096 = CARTESIAN_POINT('',(20.138604697297,90.009160734222));
#2097 = CARTESIAN_POINT('',(20.1281452179,90.008465285168));
#2098 = CARTESIAN_POINT('',(20.117679939149,90.007783966466));
#2099 = CARTESIAN_POINT('',(20.107223741065,90.007080508265));
#2100 = CARTESIAN_POINT('',(20.096760867841,90.006393315263));
#2101 = CARTESIAN_POINT('',(20.086295439606,90.005712344665));
#2102 = CARTESIAN_POINT('',(20.075841775734,90.005002692839));
#2103 = CARTESIAN_POINT('',(20.065375171167,90.00432457908));
#2104 = CARTESIAN_POINT('',(20.054914845644,90.003631154073));
#2105 = CARTESIAN_POINT('',(20.002619772174,90.00014802963));
#2106 = CARTESIAN_POINT('',(19.960811210318,89.997294428791));
#2107 = CARTESIAN_POINT('',(19.919021119061,89.994395764077));
#2108 = CARTESIAN_POINT('',(19.877241986258,89.991470374471));
#2109 = CARTESIAN_POINT('',(19.83546781389,89.988532900555));
#2110 = CARTESIAN_POINT('',(19.793694118148,89.985594284402));
#2111 = CARTESIAN_POINT('',(19.751917929327,89.982661769822));
#2112 = CARTESIAN_POINT('',(19.71013779193,89.979738901969));
#2113 = CARTESIAN_POINT('',(19.66835376459,89.976825527813));
#2114 = CARTESIAN_POINT('',(19.626567420113,89.973917795704));
#2115 = CARTESIAN_POINT('',(19.563889058135,89.969553335673));
#2116 = CARTESIAN_POINT('',(19.542996993518,89.968096739458));
#2117 = CARTESIAN_POINT('',(19.522100727703,89.966650434771));
#2118 = CARTESIAN_POINT('',(19.501224476067,89.965155077764));
#2119 = CARTESIAN_POINT('',(19.480310614163,89.963751917701));
#2120 = CARTESIAN_POINT('',(19.459440693636,89.962241029413));
#2121 = CARTESIAN_POINT('',(19.438535071365,89.960817676469));
#2122 = CARTESIAN_POINT('',(19.417650009353,89.959343910295));
#2123 = CARTESIAN_POINT('',(19.39675673999,89.957890270014));
#2124 = CARTESIAN_POINT('',(19.375865519028,89.95643160704));
#2125 = CARTESIAN_POINT('',(19.334082547523,89.953515580814));
#2126 = CARTESIAN_POINT('',(19.313191048032,89.952057601888));
#2127 = CARTESIAN_POINT('',(19.292299534273,89.950599658508));
#2128 = CARTESIAN_POINT('',(19.271408005686,89.949141752001));
#2129 = CARTESIAN_POINT('',(19.250516461776,89.947683883743));
#2130 = CARTESIAN_POINT('',(19.229624901945,89.946226055061));
#2131 = CARTESIAN_POINT('',(19.208733325723,89.944768267304));
#2132 = CARTESIAN_POINT('',(19.187841732513,89.943310521841));
#2133 = CARTESIAN_POINT('',(19.166950121817,89.94185281999));
#2134 = CARTESIAN_POINT('',(19.146058493078,89.940395163123));
#2135 = CARTESIAN_POINT('',(19.041600256514,89.933107110396));
#2136 = CARTESIAN_POINT('',(18.958033369866,89.927277409869));
#2137 = CARTESIAN_POINT('',(18.874466151567,89.921448536981));
#2138 = CARTESIAN_POINT('',(18.790898567358,89.915620577521));
#2139 = CARTESIAN_POINT('',(18.70733058299,89.909793617664));
#2140 = CARTESIAN_POINT('',(18.6237621642,89.903967743001));
#2141 = CARTESIAN_POINT('',(18.540193276743,89.898143039831));
#2142 = CARTESIAN_POINT('',(18.456623886352,89.892319593756));
#2143 = CARTESIAN_POINT('',(18.373053958781,89.886497490932));
#2144 = CARTESIAN_POINT('',(18.289483459771,89.880676817164));
#2145 = CARTESIAN_POINT('',(18.038770145659,89.863219340961));
#2146 = CARTESIAN_POINT('',(17.871625506897,89.851587099147));
#2147 = CARTESIAN_POINT('',(17.704478170828,89.839961605911));
#2148 = CARTESIAN_POINT('',(17.537327869508,89.828343534192));
#2149 = CARTESIAN_POINT('',(17.370174334968,89.816733556841));
#2150 = CARTESIAN_POINT('',(17.203017299288,89.80513234692));
#2151 = CARTESIAN_POINT('',(17.035856494476,89.793540577153));
#2152 = CARTESIAN_POINT('',(16.86869165262,89.781958920664));
#2153 = CARTESIAN_POINT('',(16.70152250574,89.770388050215));
#2154 = CARTESIAN_POINT('',(16.534348785901,89.758828638819));
#2155 = CARTESIAN_POINT('',(16.032813103633,89.724186800438));
#2156 = CARTESIAN_POINT('',(15.698436666303,89.701140653519));
#2157 = CARTESIAN_POINT('',(15.36403879984,89.678148230381));
#2158 = CARTESIAN_POINT('',(15.029617430938,89.655214744988));
#2159 = CARTESIAN_POINT('',(14.6951705264,89.632345313107));
#2160 = CARTESIAN_POINT('',(14.360696092971,89.609544953009));
#2161 = CARTESIAN_POINT('',(14.026192177551,89.586818584433));
#2162 = CARTESIAN_POINT('',(13.69165686698,89.564171029826));
#2163 = CARTESIAN_POINT('',(13.357088288212,89.541607013143));
#2164 = CARTESIAN_POINT('',(13.022484608201,89.519131160775));
#2165 = CARTESIAN_POINT('',(12.018562885483,89.451981681421));
#2166 = CARTESIAN_POINT('',(11.349134229853,89.40758593002));
#2167 = CARTESIAN_POINT('',(10.679543810118,89.36359681132));
#2168 = CARTESIAN_POINT('',(10.009778224193,89.320048252783));
#2169 = CARTESIAN_POINT('',(9.339824961985,89.276971971083));
#2170 = CARTESIAN_POINT('',(8.669672442474,89.234397397352));
#2171 = CARTESIAN_POINT('',(7.999310050852,89.192351604029));
#2172 = CARTESIAN_POINT('',(7.328728175594,89.150859229754));
#2173 = CARTESIAN_POINT('',(6.657918245597,89.109942406189));
#2174 = CARTESIAN_POINT('',(5.986872767265,89.069620683277));
#2175 = CARTESIAN_POINT('',(4.979941658807,89.010056091704));
#2176 = CARTESIAN_POINT('',(4.644237590818,88.990354252643));
#2177 = CARTESIAN_POINT('',(4.308472082116,88.970807556003));
#2178 = CARTESIAN_POINT('',(3.972644334212,88.951417977301));
#2179 = CARTESIAN_POINT('',(3.636753750643,88.93218734884));
#2180 = CARTESIAN_POINT('',(3.300799861871,88.91311735467));
#2181 = CARTESIAN_POINT('',(2.964782250282,88.894209531321));
#2182 = CARTESIAN_POINT('',(2.628700475071,88.875465261686));
#2183 = CARTESIAN_POINT('',(2.292553997235,88.856885775563));
#2184 = CARTESIAN_POINT('',(1.956342104481,88.838472144878));
#2185 = CARTESIAN_POINT('',(1.535994269116,88.815663566751));
#2186 = CARTESIAN_POINT('',(1.451920536767,88.811112276977));
#2187 = CARTESIAN_POINT('',(1.367842640528,88.806571426237));
#2188 = CARTESIAN_POINT('',(1.283760581787,88.802041027748));
#2189 = CARTESIAN_POINT('',(1.19967436193,88.797521094632));
#2190 = CARTESIAN_POINT('',(1.115583982345,88.793011640193));
#2191 = CARTESIAN_POINT('',(1.031489444418,88.788512677476));
#2192 = CARTESIAN_POINT('',(0.947390749536,88.784024219808));
#2193 = CARTESIAN_POINT('',(0.863287899087,88.779546280278));
#2194 = CARTESIAN_POINT('',(0.779180894457,88.775078872129));
#2195 = CARTESIAN_POINT('',(0.653014158321,88.768393576733));
#2196 = CARTESIAN_POINT('',(0.610957544703,88.766167780629));
#2197 = CARTESIAN_POINT('',(0.568899897117,88.763944621528));
#2198 = CARTESIAN_POINT('',(0.526841216503,88.761724100622));
#2199 = CARTESIAN_POINT('',(0.484781503799,88.759506219367));
#2200 = CARTESIAN_POINT('',(0.442720759945,88.757290978763));
#2201 = CARTESIAN_POINT('',(0.400658985878,88.755078380431));
#2202 = CARTESIAN_POINT('',(0.358596182539,88.752868425316));
#2203 = CARTESIAN_POINT('',(0.316532350866,88.750661114951));
#2204 = CARTESIAN_POINT('',(0.274467491798,88.748456450467));
#2205 = CARTESIAN_POINT('',(0.221885134893,88.745703928886));
#2206 = CARTESIAN_POINT('',(0.211368599363,88.745153590011));
#2207 = CARTESIAN_POINT('',(0.2008519997,88.744603416577));
#2208 = CARTESIAN_POINT('',(0.19033533592,88.744053408657));
#2209 = CARTESIAN_POINT('',(0.179818608038,88.743503566153));
#2210 = CARTESIAN_POINT('',(0.16930181607,88.742953889258));
#2211 = CARTESIAN_POINT('',(0.158784960032,88.742404377781));
#2212 = CARTESIAN_POINT('',(0.148268039939,88.741855031938));
#2213 = CARTESIAN_POINT('',(0.137751055808,88.741305851594));
#2214 = CARTESIAN_POINT('',(0.127234007653,88.740756836858));
#2215 = CARTESIAN_POINT('',(0.106199783329,88.739659138555));
#2216 = CARTESIAN_POINT('',(9.568246122279E-02,88.739110412975));
#2217 = CARTESIAN_POINT('',(8.516512744898E-02,88.738561791419));
#2218 = CARTESIAN_POINT('',(7.464876865095E-02,88.73801387236));
#2219 = CARTESIAN_POINT('',(6.413179352305E-02,88.737465950452));
#2220 = CARTESIAN_POINT('',(5.361248875509E-02,88.736917133135));
#2221 = CARTESIAN_POINT('',(4.309130016026E-02,88.7363674975));
#2222 = CARTESIAN_POINT('',(3.257021492643E-02,88.735817889575));
#2223 = CARTESIAN_POINT('',(2.204979394644E-02,88.7352685528));
#2224 = CARTESIAN_POINT('',(1.152767620254E-02,88.734718375212));
#2225 = CARTESIAN_POINT('',(-2.00384018174E-02,88.733067639588));
#2226 = CARTESIAN_POINT('',(-4.10834089185E-02,88.731966193));
#2227 = CARTESIAN_POINT('',(-6.212873539007E-02,88.730863992172));
#2228 = CARTESIAN_POINT('',(-8.317388174891E-02,88.729761229048));
#2229 = CARTESIAN_POINT('',(-0.104218484747,88.72865808641));
#2230 = CARTESIAN_POINT('',(-0.125262317371,88.727554736419));
#2231 = CARTESIAN_POINT('',(-0.146305288842,88.726451342631));
#2232 = CARTESIAN_POINT('',(-0.167347444614,88.725348057765));
#2233 = CARTESIAN_POINT('',(-0.188388966379,88.724245025701));
#2234 = CARTESIAN_POINT('',(-0.20943017206,88.723142380036));
#2235 = CARTESIAN_POINT('',(-0.251512859576,88.720938109792));
#2236 = CARTESIAN_POINT('',(-0.272554477382,88.719836384589));
#2237 = CARTESIAN_POINT('',(-0.293595461239,88.718735447428));
#2238 = CARTESIAN_POINT('',(-0.314637151394,88.717635084153));
#2239 = CARTESIAN_POINT('',(-0.335680108206,88.716535225502));
#2240 = CARTESIAN_POINT('',(-0.356723693037,88.715436038373));
#2241 = CARTESIAN_POINT('',(-0.377767042225,88.714337673235));
#2242 = CARTESIAN_POINT('',(-0.398810218165,88.713239961884));
#2243 = CARTESIAN_POINT('',(-0.419854321573,88.712142369235));
#2244 = CARTESIAN_POINT('',(-0.440899348948,88.711044493261));
#2245 = CARTESIAN_POINT('',(-0.48297780966,88.708850337242));
#2246 = CARTESIAN_POINT('',(-0.504012343617,88.707753926037));
#2247 = CARTESIAN_POINT('',(-0.525042184872,88.706658181864));
#2248 = CARTESIAN_POINT('',(-0.546067337123,88.705563104851));
#2249 = CARTESIAN_POINT('',(-0.567087804067,88.704468695341));
#2250 = CARTESIAN_POINT('',(-0.588103589401,88.70337495331));
#2251 = CARTESIAN_POINT('',(-0.609114696823,88.702281879233));
#2252 = CARTESIAN_POINT('',(-0.63012113003,88.701189473043));
#2253 = CARTESIAN_POINT('',(-0.651122892719,88.700097735141));
#2254 = CARTESIAN_POINT('',(-0.672119988588,88.699006665611));
#2255 = CARTESIAN_POINT('',(-0.735097286826,88.695735462881));
#2256 = CARTESIAN_POINT('',(-0.777063500267,88.693557335643));
#2257 = CARTESIAN_POINT('',(-0.819011090637,88.69138188443));
#2258 = CARTESIAN_POINT('',(-0.860940086914,88.689209110458));
#2259 = CARTESIAN_POINT('',(-0.902850518077,88.687039015399));
#2260 = CARTESIAN_POINT('',(-0.944742413103,88.684871600198));
#2261 = CARTESIAN_POINT('',(-0.986615800973,88.682706866731));
#2262 = CARTESIAN_POINT('',(-1.028470710663,88.680544815914));
#2263 = CARTESIAN_POINT('',(-1.070307171154,88.678385449457));
#2264 = CARTESIAN_POINT('',(-1.112125211423,88.676228768552));
#2265 = CARTESIAN_POINT('',(-1.237524158502,88.669766786836));
#2266 = CARTESIAN_POINT('',(-1.321049918637,88.665469548414));
#2267 = CARTESIAN_POINT('',(-1.404502350612,88.661183067673));
#2268 = CARTESIAN_POINT('',(-1.487881664179,88.656907352763));
#2269 = CARTESIAN_POINT('',(-1.571188069099,88.652642412083));
#2270 = CARTESIAN_POINT('',(-1.654421775123,88.648388253695));
#2271 = CARTESIAN_POINT('',(-1.737582992011,88.64414488602));
#2272 = CARTESIAN_POINT('',(-1.820671929515,88.639912317178));
#2273 = CARTESIAN_POINT('',(-1.903688797394,88.635690555484));
#2274 = CARTESIAN_POINT('',(-1.986633805402,88.631479609158));
#2275 = CARTESIAN_POINT('',(-2.732494026442,88.593678504825));
#2276 = CARTESIAN_POINT('',(-3.390893719114,88.560770072515));
#2277 = CARTESIAN_POINT('',(-4.044809722145,88.528557318616));
#2278 = CARTESIAN_POINT('',(-4.694343431661,88.497040970478));
#2279 = CARTESIAN_POINT('',(-5.3395911131,88.466219711885));
#2280 = CARTESIAN_POINT('',(-5.980643335367,88.436090416014));
#2281 = CARTESIAN_POINT('',(-6.617585931862,88.406648303068));
#2282 = CARTESIAN_POINT('',(-7.250501534465,88.377887066554));
#2283 = CARTESIAN_POINT('',(-7.879470727328,88.349799019498));
#2284 = CARTESIAN_POINT('',(-8.504571866589,88.322375304342));
#2285 = CARTESIAN_POINT('',(-9.125878612703,88.295606216758));
#2286 = ( GEOMETRIC_REPRESENTATION_CONTEXT(2) 
PARAMETRIC_REPRESENTATION_CONTEXT() REPRESENTATION_CONTEXT('2D SPACE',''
  ) );
#2287 = ORIENTED_EDGE('',*,*,#2288,.T.);
#2288 = EDGE_CURVE('',#1719,#2289,#2291,.T.);
#2289 = VERTEX_POINT('',#2290);
#2290 = CARTESIAN_POINT('',(18.119132289838,-31.40839002966,
    90.000000002199));
#2291 = SURFACE_CURVE('',#2292,(#2349,#2409),.PCURVE_S1.);
#2292 = B_SPLINE_CURVE_WITH_KNOTS('',7,(#2293,#2294,#2295,#2296,#2297,
    #2298,#2299,#2300,#2301,#2302,#2303,#2304,#2305,#2306,#2307,#2308,
    #2309,#2310,#2311,#2312,#2313,#2314,#2315,#2316,#2317,#2318,#2319,
    #2320,#2321,#2322,#2323,#2324,#2325,#2326,#2327,#2328,#2329,#2330,
    #2331,#2332,#2333,#2334,#2335,#2336,#2337,#2338,#2339,#2340,#2341,
    #2342,#2343,#2344,#2345,#2346,#2347,#2348),.UNSPECIFIED.,.F.,.F.,(8,
    6,6,6,6,6,6,6,6,8),(0.,0.161303304279,0.171140249031,0.240062187372,
    0.499765236227,0.508675058856,0.791306139915,0.83854573733,
    0.84739319455,1.),.UNSPECIFIED.);
#2293 = CARTESIAN_POINT('',(42.495686798338,11.602134895306,90.));
#2294 = CARTESIAN_POINT('',(41.776238496183,10.248080912914,90.));
#2295 = CARTESIAN_POINT('',(41.062882793094,8.908554769387,90.));
#2296 = CARTESIAN_POINT('',(40.356059419636,7.584521261721,90.));
#2297 = CARTESIAN_POINT('',(39.656265970236,6.277076958614,90.));
#2298 = CARTESIAN_POINT('',(38.964058880522,4.987452332245,90.));
#2299 = CARTESIAN_POINT('',(38.280061093338,3.717017300505,90.));
#2300 = CARTESIAN_POINT('',(37.563806948695,2.391076634638,90.));
#2301 = CARTESIAN_POINT('',(37.522749121541,2.315085183485,90.));
#2302 = CARTESIAN_POINT('',(37.481618253459,2.238986102542,90.));
#2303 = CARTESIAN_POINT('',(37.440475427345,2.162885549251,90.));
#2304 = CARTESIAN_POINT('',(37.399346510522,2.086829364205,90.));
#2305 = CARTESIAN_POINT('',(37.358175534074,2.01071993355,90.));
#2306 = CARTESIAN_POINT('',(37.02860570289,1.401639635867,90.));
#2307 = CARTESIAN_POINT('',(36.739689362911,0.868761566912,90.));
#2308 = CARTESIAN_POINT('',(36.450257910678,0.336017529696,90.));
#2309 = CARTESIAN_POINT('',(36.160306083893,-0.196586534324,90.));
#2310 = CARTESIAN_POINT('',(35.869828855831,-0.72904436704,90.));
#2311 = CARTESIAN_POINT('',(35.578821435334,-1.2613493937,90.));
#2312 = CARTESIAN_POINT('',(34.18872644231,-3.798658358099,90.));
#2313 = CARTESIAN_POINT('',(33.082580348204,-5.801556025925,90.));
#2314 = CARTESIAN_POINT('',(31.968603070072,-7.801817626593,90.));
#2315 = CARTESIAN_POINT('',(30.846612426405,-9.799016242787,90.));
#2316 = CARTESIAN_POINT('',(29.716531794407,-11.79268198644,90.));
#2317 = CARTESIAN_POINT('',(28.578420200968,-13.78234006197,90.));
#2318 = CARTESIAN_POINT('',(27.393168161285,-15.83568188731,90.));
#2319 = CARTESIAN_POINT('',(27.353803752637,-15.90385571515,90.));
#2320 = CARTESIAN_POINT('',(27.31441529027,-15.97204911115,90.));
#2321 = CARTESIAN_POINT('',(27.275019109209,-16.04023337918,90.));
#2322 = CARTESIAN_POINT('',(27.235622042108,-16.10839654532,90.));
#2323 = CARTESIAN_POINT('',(27.196221419246,-16.17654335781,90.));
#2324 = CARTESIAN_POINT('',(25.906467516586,-18.40656250348,90.));
#2325 = CARTESIAN_POINT('',(24.64645112602,-20.56271049946,90.));
#2326 = CARTESIAN_POINT('',(23.37718941649,-22.71244737423,90.));
#2327 = CARTESIAN_POINT('',(22.099340109052,-24.85521318438,90.));
#2328 = CARTESIAN_POINT('',(20.813706942639,-26.99071447753,90.));
#2329 = CARTESIAN_POINT('',(19.521096342962,-29.11892483655,90.));
#2330 = CARTESIAN_POINT('',(18.005187665653,-31.59451671286,90.));
#2331 = CARTESIAN_POINT('',(17.787926269826,-31.94883799049,90.));
#2332 = CARTESIAN_POINT('',(17.570494895381,-32.30296066054,90.));
#2333 = CARTESIAN_POINT('',(17.352897064455,-32.6568856121,90.));
#2334 = CARTESIAN_POINT('',(17.135136251882,-33.01061386988,90.));
#2335 = CARTESIAN_POINT('',(16.917215885199,-33.36414659423,90.));
#2336 = CARTESIAN_POINT('',(16.658296006235,-33.78366149498,90.));
#2337 = CARTESIAN_POINT('',(16.617403765898,-33.84990035738,90.));
#2338 = CARTESIAN_POINT('',(16.576420654788,-33.91627495537,90.));
#2339 = CARTESIAN_POINT('',(16.535348938274,-33.98278235308,90.));
#2340 = CARTESIAN_POINT('',(16.494208845939,-34.04938837225,90.));
#2341 = CARTESIAN_POINT('',(16.453012301591,-34.1160725727,90.));
#2342 = CARTESIAN_POINT('',(15.699786917114,-35.33509528798,90.));
#2343 = CARTESIAN_POINT('',(14.976766249357,-36.5016483527,90.));
#2344 = CARTESIAN_POINT('',(14.24354275131,-37.68129261639,90.));
#2345 = CARTESIAN_POINT('',(13.50087834481,-38.87297782622,90.));
#2346 = CARTESIAN_POINT('',(12.749441265135,-40.07581164526,90.));
#2347 = CARTESIAN_POINT('',(11.989815728733,-41.28903614204,90.));
#2348 = CARTESIAN_POINT('',(11.222508775766,-42.51201241144,90.));
#2349 = PCURVE('',#167,#2350);
#2350 = DEFINITIONAL_REPRESENTATION('',(#2351),#2408);
#2351 = B_SPLINE_CURVE_WITH_KNOTS('',7,(#2352,#2353,#2354,#2355,#2356,
    #2357,#2358,#2359,#2360,#2361,#2362,#2363,#2364,#2365,#2366,#2367,
    #2368,#2369,#2370,#2371,#2372,#2373,#2374,#2375,#2376,#2377,#2378,
    #2379,#2380,#2381,#2382,#2383,#2384,#2385,#2386,#2387,#2388,#2389,
    #2390,#2391,#2392,#2393,#2394,#2395,#2396,#2397,#2398,#2399,#2400,
    #2401,#2402,#2403,#2404,#2405,#2406,#2407),.UNSPECIFIED.,.F.,.F.,(8,
    6,6,6,6,6,6,6,6,8),(0.,0.161303304279,0.171140249031,0.240062187372,
    0.499765236227,0.508675058856,0.791306139915,0.83854573733,
    0.84739319455,1.),.UNSPECIFIED.);
#2352 = CARTESIAN_POINT('',(42.495686798338,11.602134895306));
#2353 = CARTESIAN_POINT('',(41.776238496183,10.248080912914));
#2354 = CARTESIAN_POINT('',(41.062882793094,8.908554769387));
#2355 = CARTESIAN_POINT('',(40.356059419636,7.584521261721));
#2356 = CARTESIAN_POINT('',(39.656265970236,6.277076958614));
#2357 = CARTESIAN_POINT('',(38.964058880522,4.987452332245));
#2358 = CARTESIAN_POINT('',(38.280061093338,3.717017300505));
#2359 = CARTESIAN_POINT('',(37.563806948695,2.391076634638));
#2360 = CARTESIAN_POINT('',(37.522749121541,2.315085183485));
#2361 = CARTESIAN_POINT('',(37.481618253459,2.238986102542));
#2362 = CARTESIAN_POINT('',(37.440475427345,2.162885549251));
#2363 = CARTESIAN_POINT('',(37.399346510522,2.086829364205));
#2364 = CARTESIAN_POINT('',(37.358175534074,2.01071993355));
#2365 = CARTESIAN_POINT('',(37.02860570289,1.401639635867));
#2366 = CARTESIAN_POINT('',(36.739689362911,0.868761566912));
#2367 = CARTESIAN_POINT('',(36.450257910678,0.336017529696));
#2368 = CARTESIAN_POINT('',(36.160306083893,-0.196586534324));
#2369 = CARTESIAN_POINT('',(35.869828855831,-0.72904436704));
#2370 = CARTESIAN_POINT('',(35.578821435334,-1.2613493937));
#2371 = CARTESIAN_POINT('',(34.18872644231,-3.798658358099));
#2372 = CARTESIAN_POINT('',(33.082580348204,-5.801556025925));
#2373 = CARTESIAN_POINT('',(31.968603070072,-7.801817626593));
#2374 = CARTESIAN_POINT('',(30.846612426405,-9.799016242787));
#2375 = CARTESIAN_POINT('',(29.716531794407,-11.79268198644));
#2376 = CARTESIAN_POINT('',(28.578420200968,-13.78234006197));
#2377 = CARTESIAN_POINT('',(27.393168161285,-15.83568188731));
#2378 = CARTESIAN_POINT('',(27.353803752637,-15.90385571515));
#2379 = CARTESIAN_POINT('',(27.31441529027,-15.97204911115));
#2380 = CARTESIAN_POINT('',(27.275019109209,-16.04023337918));
#2381 = CARTESIAN_POINT('',(27.235622042108,-16.10839654532));
#2382 = CARTESIAN_POINT('',(27.196221419246,-16.17654335781));
#2383 = CARTESIAN_POINT('',(25.906467516586,-18.40656250348));
#2384 = CARTESIAN_POINT('',(24.64645112602,-20.56271049946));
#2385 = CARTESIAN_POINT('',(23.37718941649,-22.71244737423));
#2386 = CARTESIAN_POINT('',(22.099340109052,-24.85521318438));
#2387 = CARTESIAN_POINT('',(20.813706942639,-26.99071447753));
#2388 = CARTESIAN_POINT('',(19.521096342962,-29.11892483655));
#2389 = CARTESIAN_POINT('',(18.005187665653,-31.59451671286));
#2390 = CARTESIAN_POINT('',(17.787926269826,-31.94883799049));
#2391 = CARTESIAN_POINT('',(17.570494895381,-32.30296066054));
#2392 = CARTESIAN_POINT('',(17.352897064455,-32.6568856121));
#2393 = CARTESIAN_POINT('',(17.135136251882,-33.01061386988));
#2394 = CARTESIAN_POINT('',(16.917215885199,-33.36414659423));
#2395 = CARTESIAN_POINT('',(16.658296006235,-33.78366149498));
#2396 = CARTESIAN_POINT('',(16.617403765898,-33.84990035738));
#2397 = CARTESIAN_POINT('',(16.576420654788,-33.91627495537));
#2398 = CARTESIAN_POINT('',(16.535348938274,-33.98278235308));
#2399 = CARTESIAN_POINT('',(16.494208845939,-34.04938837225));
#2400 = CARTESIAN_POINT('',(16.453012301591,-34.1160725727));
#2401 = CARTESIAN_POINT('',(15.699786917114,-35.33509528798));
#2402 = CARTESIAN_POINT('',(14.976766249357,-36.5016483527));
#2403 = CARTESIAN_POINT('',(14.24354275131,-37.68129261639));
#2404 = CARTESIAN_POINT('',(13.50087834481,-38.87297782622));
#2405 = CARTESIAN_POINT('',(12.749441265135,-40.07581164526));
#2406 = CARTESIAN_POINT('',(11.989815728733,-41.28903614204));
#2407 = CARTESIAN_POINT('',(11.222508775766,-42.51201241144));
#2408 = ( GEOMETRIC_REPRESENTATION_CONTEXT(2) 
PARAMETRIC_REPRESENTATION_CONTEXT() REPRESENTATION_CONTEXT('2D SPACE',''
  ) );
#2409 = PCURVE('',#2410,#2512);
#2410 = OFFSET_SURFACE('',#2411,-3.,.F.);
#2411 = B_SPLINE_SURFACE_WITH_KNOTS('',2,7,(
    (#2412,#2413,#2414,#2415,#2416,#2417,#2418,#2419,#2420,#2421,#2422
      ,#2423,#2424,#2425,#2426,#2427,#2428,#2429,#2430,#2431)
    ,(#2432,#2433,#2434,#2435,#2436,#2437,#2438,#2439,#2440,#2441,#2442
      ,#2443,#2444,#2445,#2446,#2447,#2448,#2449,#2450,#2451)
    ,(#2452,#2453,#2454,#2455,#2456,#2457,#2458,#2459,#2460,#2461,#2462
      ,#2463,#2464,#2465,#2466,#2467,#2468,#2469,#2470,#2471)
    ,(#2472,#2473,#2474,#2475,#2476,#2477,#2478,#2479,#2480,#2481,#2482
      ,#2483,#2484,#2485,#2486,#2487,#2488,#2489,#2490,#2491)
    ,(#2492,#2493,#2494,#2495,#2496,#2497,#2498,#2499,#2500,#2501,#2502
      ,#2503,#2504,#2505,#2506,#2507,#2508,#2509,#2510,#2511
  )),.UNSPECIFIED.,.F.,.F.,.F.,(3,1,1,3),(8,6,6,8),(-9.125878612703,0.,
    40.,49.125878612703),(-20.83171840419,0.,90.,110.83171840419),
  .UNSPECIFIED.);
#2412 = CARTESIAN_POINT('',(-41.31783816882,30.962276978992,
    -20.83171840419));
#2413 = CARTESIAN_POINT('',(-41.84386128756,27.776273701685,
    -17.85575863216));
#2414 = CARTESIAN_POINT('',(-42.3698844063,24.590270424378,
    -14.87979886014));
#2415 = CARTESIAN_POINT('',(-42.89590752504,21.404267147071,
    -11.90383908811));
#2416 = CARTESIAN_POINT('',(-43.42193064378,18.218263869765,
    -8.927879316084));
#2417 = CARTESIAN_POINT('',(-43.94795376252,15.032260592458,
    -5.951919544056));
#2418 = CARTESIAN_POINT('',(-44.47397688126,11.846257315151,
    -2.975959772028));
#2419 = CARTESIAN_POINT('',(-47.27259603687,-5.104347105182,
    12.857142857143));
#2420 = CARTESIAN_POINT('',(-44.79080176954,-19.51241511497,
    25.714285714286));
#2421 = CARTESIAN_POINT('',(-37.35081387957,-32.62547999808,
    38.571428571429));
#2422 = CARTESIAN_POINT('',(-25.72810243507,-42.39775922925,
    51.42857142857));
#2423 = CARTESIAN_POINT('',(-11.78627458907,-47.41343689386,
    64.285714285716));
#2424 = CARTESIAN_POINT('',(2.362836167505,-47.4886270667,
    77.142857142857));
#2425 = CARTESIAN_POINT('',(17.925042648736,-42.33204975222,
    92.975959772028));
#2426 = CARTESIAN_POINT('',(20.874538523323,-41.35472667568,
    95.976798434783));
#2427 = CARTESIAN_POINT('',(23.848487623762,-40.36930095958,
    99.002515988266));
#2428 = CARTESIAN_POINT('',(26.846889950052,-39.37577260394,
    102.05311243247));
#2429 = CARTESIAN_POINT('',(29.869745502193,-38.37414160875,
    105.12858776741));
#2430 = CARTESIAN_POINT('',(32.917054280186,-37.36440797402,
    108.22894199307));
#2431 = CARTESIAN_POINT('',(35.98881628403,-36.34657169973,
    111.35417510946));
#2432 = CARTESIAN_POINT('',(-40.27086557857,25.464637791478,
    -21.86427748083));
#2433 = CARTESIAN_POINT('',(-40.57165937285,22.246211089809,
    -18.59330082976));
#2434 = CARTESIAN_POINT('',(-40.8679316202,19.07616393459,
    -15.37149365854));
#2435 = CARTESIAN_POINT('',(-41.15968232064,15.954496325819,
    -12.19885596715));
#2436 = CARTESIAN_POINT('',(-41.44691147415,12.881208263497,
    -9.075387755604));
#2437 = CARTESIAN_POINT('',(-41.72961908074,9.856299747625,
    -6.001089023896));
#2438 = CARTESIAN_POINT('',(-42.00780514042,6.879770778201,
    -2.975959772028));
#2439 = CARTESIAN_POINT('',(-43.46379199787,-8.69896478243,
    12.857142857143));
#2440 = CARTESIAN_POINT('',(-40.22985336033,-21.76164977126,
    25.714285714286));
#2441 = CARTESIAN_POINT('',(-32.40975664175,-33.39095591057,
    38.571428571429));
#2442 = CARTESIAN_POINT('',(-20.78704519725,-41.63228331675,
    51.42857142857));
#2443 = CARTESIAN_POINT('',(-7.225326179871,-45.16420223757,
    64.285714285716));
#2444 = CARTESIAN_POINT('',(6.171640206501,-43.89400938946,
    77.142857142857));
#2445 = CARTESIAN_POINT('',(20.391214389573,-37.36556321527,
    92.975959772028));
#2446 = CARTESIAN_POINT('',(23.108057122031,-36.11821492522,
    96.001089023896));
#2447 = CARTESIAN_POINT('',(25.869058544197,-34.85059263643,
    99.075387755604));
#2448 = CARTESIAN_POINT('',(28.674218656073,-33.56269634892,
    102.19885596715));
#2449 = CARTESIAN_POINT('',(31.523537457657,-32.25452606269,
    105.37149365854));
#2450 = CARTESIAN_POINT('',(34.417014948949,-30.92608177772,
    108.59330082976));
#2451 = CARTESIAN_POINT('',(37.35465112995,-29.57736349403,
    111.86427748083));
#2452 = CARTESIAN_POINT('',(-39.64599735374,-0.613150569326,
    -23.93152679826));
#2453 = CARTESIAN_POINT('',(-38.08950787481,-3.309069428278,
    -20.06990748507));
#2454 = CARTESIAN_POINT('',(-36.59251501487,-5.901937120264,
    -16.35589809541));
#2455 = CARTESIAN_POINT('',(-35.15501877392,-8.391753645282,
    -12.78949862927));
#2456 = CARTESIAN_POINT('',(-33.77701915196,-10.77851900333,
    -9.370709086666));
#2457 = CARTESIAN_POINT('',(-32.45851614898,-13.06223319441,
    -6.099529467583));
#2458 = CARTESIAN_POINT('',(-31.19950976499,-15.24289621853,
    -2.975959772028));
#2459 = CARTESIAN_POINT('',(-24.81771610218,-26.29648708594,
    12.857142857143));
#2460 = CARTESIAN_POINT('',(-16.50226359023,-33.46292600441,
    25.714285714286));
#2461 = CARTESIAN_POINT('',(-5.811355722248,-37.51161961366,
    38.571428571429));
#2462 = CARTESIAN_POINT('',(5.811355722248,-37.51161961366,
    51.42857142857));
#2463 = CARTESIAN_POINT('',(16.502263590235,-33.46292600441,
    64.285714285715));
#2464 = CARTESIAN_POINT('',(24.817716102188,-26.29648708594,
    77.142857142857));
#2465 = CARTESIAN_POINT('',(31.199509764998,-15.24289621853,
    92.975959772028));
#2466 = CARTESIAN_POINT('',(32.458516148985,-13.06223319441,
    96.099529467583));
#2467 = CARTESIAN_POINT('',(33.77701915196,-10.77851900333,
    99.370709086666));
#2468 = CARTESIAN_POINT('',(35.155018773923,-8.391753645282,
    102.78949862927));
#2469 = CARTESIAN_POINT('',(36.592515014876,-5.901937120264,
    106.35589809541));
#2470 = CARTESIAN_POINT('',(38.089507874816,-3.309069428279,
    110.06990748507));
#2471 = CARTESIAN_POINT('',(39.645997353746,-0.613150569327,
    113.93152679827));
#2472 = CARTESIAN_POINT('',(-37.35465112995,-29.57736349403,
    -21.86427748083));
#2473 = CARTESIAN_POINT('',(-34.41701494894,-30.92608177772,
    -18.59330082976));
#2474 = CARTESIAN_POINT('',(-31.52353745765,-32.25452606269,
    -15.37149365854));
#2475 = CARTESIAN_POINT('',(-28.67421865607,-33.56269634892,
    -12.19885596715));
#2476 = CARTESIAN_POINT('',(-25.86905854419,-34.85059263643,
    -9.075387755604));
#2477 = CARTESIAN_POINT('',(-23.10805712203,-36.11821492522,
    -6.001089023896));
#2478 = CARTESIAN_POINT('',(-20.39121438957,-37.36556321527,
    -2.975959772028));
#2479 = CARTESIAN_POINT('',(-6.1716402065,-43.89400938946,
    12.857142857143));
#2480 = CARTESIAN_POINT('',(7.225326179869,-45.16420223757,
    25.714285714285));
#2481 = CARTESIAN_POINT('',(20.787045197261,-41.63228331676,
    38.571428571429));
#2482 = CARTESIAN_POINT('',(32.409756641754,-33.39095591057,
    51.42857142857));
#2483 = CARTESIAN_POINT('',(40.22985336034,-21.76164977126,
    64.285714285715));
#2484 = CARTESIAN_POINT('',(43.463791997876,-8.698964782429,
    77.142857142857));
#2485 = CARTESIAN_POINT('',(42.007805140423,6.879770778201,
    92.975959772028));
#2486 = CARTESIAN_POINT('',(41.729619080749,9.856299747625,
    96.001089023896));
#2487 = CARTESIAN_POINT('',(41.446911474155,12.881208263497,
    99.075387755604));
#2488 = CARTESIAN_POINT('',(41.159682320641,15.954496325819,
    102.19885596715));
#2489 = CARTESIAN_POINT('',(40.867931620206,19.076163934589,
    105.37149365854));
#2490 = CARTESIAN_POINT('',(40.57165937285,22.246211089809,
    108.59330082976));
#2491 = CARTESIAN_POINT('',(40.270865578574,25.464637791477,
    111.86427748083));
#2492 = CARTESIAN_POINT('',(-35.98881628403,-36.34657169973,
    -21.35417510946));
#2493 = CARTESIAN_POINT('',(-32.91705428018,-37.36440797402,
    -18.22894199307));
#2494 = CARTESIAN_POINT('',(-29.86974550219,-38.37414160875,
    -15.12858776741));
#2495 = CARTESIAN_POINT('',(-26.84688995005,-39.37577260394,
    -12.05311243247));
#2496 = CARTESIAN_POINT('',(-23.84848762376,-40.36930095958,
    -9.002515988265));
#2497 = CARTESIAN_POINT('',(-20.87453852332,-41.35472667568,
    -5.976798434783));
#2498 = CARTESIAN_POINT('',(-17.92504264873,-42.33204975222,
    -2.975959772028));
#2499 = CARTESIAN_POINT('',(-2.362836167505,-47.4886270667,
    12.857142857143));
#2500 = CARTESIAN_POINT('',(11.786274589071,-47.41343689386,
    25.714285714285));
#2501 = CARTESIAN_POINT('',(25.728102435078,-42.39775922925,
    38.571428571429));
#2502 = CARTESIAN_POINT('',(37.350813879572,-32.62547999807,
    51.428571428571));
#2503 = CARTESIAN_POINT('',(44.790801769541,-19.51241511497,
    64.285714285715));
#2504 = CARTESIAN_POINT('',(47.272596036871,-5.104347105182,
    77.142857142857));
#2505 = CARTESIAN_POINT('',(44.47397688126,11.846257315151,
    92.975959772028));
#2506 = CARTESIAN_POINT('',(43.94795376252,15.032260592458,
    95.951919544056));
#2507 = CARTESIAN_POINT('',(43.42193064378,18.218263869764,
    98.927879316084));
#2508 = CARTESIAN_POINT('',(42.895907525041,21.404267147071,
    101.90383908811));
#2509 = CARTESIAN_POINT('',(42.369884406301,24.590270424378,
    104.87979886014));
#2510 = CARTESIAN_POINT('',(41.843861287561,27.776273701684,
    107.85575863216));
#2511 = CARTESIAN_POINT('',(41.317838168821,30.962276978991,
    110.83171840419));
#2512 = DEFINITIONAL_REPRESENTATION('',(#2513),#2856);
#2513 = B_SPLINE_CURVE_WITH_KNOTS('',11,(#2514,#2515,#2516,#2517,#2518,
    #2519,#2520,#2521,#2522,#2523,#2524,#2525,#2526,#2527,#2528,#2529,
    #2530,#2531,#2532,#2533,#2534,#2535,#2536,#2537,#2538,#2539,#2540,
    #2541,#2542,#2543,#2544,#2545,#2546,#2547,#2548,#2549,#2550,#2551,
    #2552,#2553,#2554,#2555,#2556,#2557,#2558,#2559,#2560,#2561,#2562,
    #2563,#2564,#2565,#2566,#2567,#2568,#2569,#2570,#2571,#2572,#2573,
    #2574,#2575,#2576,#2577,#2578,#2579,#2580,#2581,#2582,#2583,#2584,
    #2585,#2586,#2587,#2588,#2589,#2590,#2591,#2592,#2593,#2594,#2595,
    #2596,#2597,#2598,#2599,#2600,#2601,#2602,#2603,#2604,#2605,#2606,
    #2607,#2608,#2609,#2610,#2611,#2612,#2613,#2614,#2615,#2616,#2617,
    #2618,#2619,#2620,#2621,#2622,#2623,#2624,#2625,#2626,#2627,#2628,
    #2629,#2630,#2631,#2632,#2633,#2634,#2635,#2636,#2637,#2638,#2639,
    #2640,#2641,#2642,#2643,#2644,#2645,#2646,#2647,#2648,#2649,#2650,
    #2651,#2652,#2653,#2654,#2655,#2656,#2657,#2658,#2659,#2660,#2661,
    #2662,#2663,#2664,#2665,#2666,#2667,#2668,#2669,#2670,#2671,#2672,
    #2673,#2674,#2675,#2676,#2677,#2678,#2679,#2680,#2681,#2682,#2683,
    #2684,#2685,#2686,#2687,#2688,#2689,#2690,#2691,#2692,#2693,#2694,
    #2695,#2696,#2697,#2698,#2699,#2700,#2701,#2702,#2703,#2704,#2705,
    #2706,#2707,#2708,#2709,#2710,#2711,#2712,#2713,#2714,#2715,#2716,
    #2717,#2718,#2719,#2720,#2721,#2722,#2723,#2724,#2725,#2726,#2727,
    #2728,#2729,#2730,#2731,#2732,#2733,#2734,#2735,#2736,#2737,#2738,
    #2739,#2740,#2741,#2742,#2743,#2744,#2745,#2746,#2747,#2748,#2749,
    #2750,#2751,#2752,#2753,#2754,#2755,#2756,#2757,#2758,#2759,#2760,
    #2761,#2762,#2763,#2764,#2765,#2766,#2767,#2768,#2769,#2770,#2771,
    #2772,#2773,#2774,#2775,#2776,#2777,#2778,#2779,#2780,#2781,#2782,
    #2783,#2784,#2785,#2786,#2787,#2788,#2789,#2790,#2791,#2792,#2793,
    #2794,#2795,#2796,#2797,#2798,#2799,#2800,#2801,#2802,#2803,#2804,
    #2805,#2806,#2807,#2808,#2809,#2810,#2811,#2812,#2813,#2814,#2815,
    #2816,#2817,#2818,#2819,#2820,#2821,#2822,#2823,#2824,#2825,#2826,
    #2827,#2828,#2829,#2830,#2831,#2832,#2833,#2834,#2835,#2836,#2837,
    #2838,#2839,#2840,#2841,#2842,#2843,#2844,#2845,#2846,#2847,#2848,
    #2849,#2850,#2851,#2852,#2853,#2854,#2855),.UNSPECIFIED.,.F.,.F.,(12
    ,10,10,10,10,10,10,10,10,10,10,10,10,10,10,10,10,10,10,10,10,10,10,
    10,10,10,10,10,10,10,10,10,10,10,12),(0.,0.125,0.15625,0.16015625,
    0.162109375,0.1640625,0.171875,0.1875,0.25,0.375,0.4375,0.46875,
    0.484375,0.4921875,0.49609375,0.498046875,0.5,0.5078125,0.51171875,
    0.515625,0.53125,0.5625,0.625,0.75,0.8125,0.828125,0.8359375,
    0.837890625,0.83984375,0.84375,0.84765625,0.8515625,0.859375,0.875,
    1.),.UNSPECIFIED.);
#2514 = CARTESIAN_POINT('',(49.125878612703,91.649765774173));
#2515 = CARTESIAN_POINT('',(48.516165175352,91.622299963675));
#2516 = CARTESIAN_POINT('',(47.902019809162,91.594327222893));
#2517 = CARTESIAN_POINT('',(47.283369153563,91.565832204742));
#2518 = CARTESIAN_POINT('',(46.660139343281,91.536799857379));
#2519 = CARTESIAN_POINT('',(46.0322558901,91.507215724088));
#2520 = CARTESIAN_POINT('',(45.399643565562,91.477066244171));
#2521 = CARTESIAN_POINT('',(44.762226282358,91.446339052339));
#2522 = CARTESIAN_POINT('',(44.119926977215,91.415023279991));
#2523 = CARTESIAN_POINT('',(43.472667492368,91.383109854485));
#2524 = CARTESIAN_POINT('',(42.820368458141,91.350591800195));
#2525 = CARTESIAN_POINT('',(41.99859435398,91.309182722781));
#2526 = CARTESIAN_POINT('',(41.833919514214,91.300862838552));
#2527 = CARTESIAN_POINT('',(41.668923394321,91.292504814191));
#2528 = CARTESIAN_POINT('',(41.503604726745,91.28410858992));
#2529 = CARTESIAN_POINT('',(41.337962237728,91.275674117528));
#2530 = CARTESIAN_POINT('',(41.171994647005,91.267201360391));
#2531 = CARTESIAN_POINT('',(41.005700668255,91.258690293517));
#2532 = CARTESIAN_POINT('',(40.839079008569,91.25014090341));
#2533 = CARTESIAN_POINT('',(40.672128368957,91.241553188274));
#2534 = CARTESIAN_POINT('',(40.504847443958,91.232927157803));
#2535 = CARTESIAN_POINT('',(40.316283356618,91.223179792784));
#2536 = CARTESIAN_POINT('',(40.29532661015,91.222096153887));
#2537 = CARTESIAN_POINT('',(40.274364679905,91.221011916737));
#2538 = CARTESIAN_POINT('',(40.253397563312,91.219927081323));
#2539 = CARTESIAN_POINT('',(40.232425257792,91.218841647835));
#2540 = CARTESIAN_POINT('',(40.211447760793,91.21775561615));
#2541 = CARTESIAN_POINT('',(40.190465069716,91.216668986527));
#2542 = CARTESIAN_POINT('',(40.169477182019,91.215581758854));
#2543 = CARTESIAN_POINT('',(40.148484095109,91.214493933306));
#2544 = CARTESIAN_POINT('',(40.127485806426,91.213405509884));
#2545 = CARTESIAN_POINT('',(40.095980566882,91.21177197806));
#2546 = CARTESIAN_POINT('',(40.0854772184,91.211227743676));
#2547 = CARTESIAN_POINT('',(40.074973956824,91.210681481138));
#2548 = CARTESIAN_POINT('',(40.064467124657,91.210137851578));
#2549 = CARTESIAN_POINT('',(40.053959723929,91.209593740362));
#2550 = CARTESIAN_POINT('',(40.043452903817,91.209046831209));
#2551 = CARTESIAN_POINT('',(40.032943939697,91.20849975459));
#2552 = CARTESIAN_POINT('',(40.022431462354,91.207955759413));
#2553 = CARTESIAN_POINT('',(40.011917913813,91.20741378466));
#2554 = CARTESIAN_POINT('',(40.001403865016,91.206870980286));
#2555 = CARTESIAN_POINT('',(39.980374052673,91.205787292975));
#2556 = CARTESIAN_POINT('',(39.969858480188,91.205245992444));
#2557 = CARTESIAN_POINT('',(39.959342483572,91.204705106272));
#2558 = CARTESIAN_POINT('',(39.948826270067,91.204164519885));
#2559 = CARTESIAN_POINT('',(39.938310011717,91.203624132991));
#2560 = CARTESIAN_POINT('',(39.92779384579,91.203083859354));
#2561 = CARTESIAN_POINT('',(39.917277874249,91.202543627196));
#2562 = CARTESIAN_POINT('',(39.906762164269,91.202003378661));
#2563 = CARTESIAN_POINT('',(39.896246747841,91.201463070359));
#2564 = CARTESIAN_POINT('',(39.885731622009,91.200922672945));
#2565 = CARTESIAN_POINT('',(39.833157255764,91.198220165049));
#2566 = CARTESIAN_POINT('',(39.791102598938,91.196056245056));
#2567 = CARTESIAN_POINT('',(39.749050410986,91.19388941067));
#2568 = CARTESIAN_POINT('',(39.706999190137,91.191719038221));
#2569 = CARTESIAN_POINT('',(39.664943506532,91.189546728596));
#2570 = CARTESIAN_POINT('',(39.622880140513,91.187373793961));
#2571 = CARTESIAN_POINT('',(39.580812771808,91.185199464208));
#2572 = CARTESIAN_POINT('',(39.538749625076,91.183021903348));
#2573 = CARTESIAN_POINT('',(39.496695256992,91.180841146584));
#2574 = CARTESIAN_POINT('',(39.454644457398,91.178660079823));
#2575 = CARTESIAN_POINT('',(39.328490136701,91.172109643547));
#2576 = CARTESIAN_POINT('',(39.244390324197,91.167734486517));
#2577 = CARTESIAN_POINT('',(39.160293575262,91.163351137205));
#2578 = CARTESIAN_POINT('',(39.076199885443,91.158959602862));
#2579 = CARTESIAN_POINT('',(38.992109250415,91.154559890656));
#2580 = CARTESIAN_POINT('',(38.908021665655,91.15015200796));
#2581 = CARTESIAN_POINT('',(38.82393712688,91.145735961796));
#2582 = CARTESIAN_POINT('',(38.73985562957,91.141311759626));
#2583 = CARTESIAN_POINT('',(38.655777169399,91.136879408499));
#2584 = CARTESIAN_POINT('',(38.571701741912,91.132438915754));
#2585 = CARTESIAN_POINT('',(38.151339745947,91.110195779897));
#2586 = CARTESIAN_POINT('',(37.815098581018,91.092271161235));
#2587 = CARTESIAN_POINT('',(37.478905540425,91.074216984185));
#2588 = CARTESIAN_POINT('',(37.142760280157,91.056033896246));
#2589 = CARTESIAN_POINT('',(36.806662419545,91.037722640558));
#2590 = CARTESIAN_POINT('',(36.470611541525,91.019284056399));
#2591 = CARTESIAN_POINT('',(36.134607192286,91.000719078425));
#2592 = CARTESIAN_POINT('',(35.798648881651,90.982028737613));
#2593 = CARTESIAN_POINT('',(35.462736082744,90.963214160325));
#2594 = CARTESIAN_POINT('',(35.12686823222,90.944276569042));
#2595 = CARTESIAN_POINT('',(34.119397725989,90.887098707668));
#2596 = CARTESIAN_POINT('',(33.447928128403,90.848493537842));
#2597 = CARTESIAN_POINT('',(32.77663124362,90.809412329822));
#2598 = CARTESIAN_POINT('',(32.105501765178,90.769867440741));
#2599 = CARTESIAN_POINT('',(31.434533773821,90.729873026919));
#2600 = CARTESIAN_POINT('',(30.763720737668,90.689445044848));
#2601 = CARTESIAN_POINT('',(30.09305551198,90.648601249798));
#2602 = CARTESIAN_POINT('',(29.422530339421,90.607361197428));
#2603 = CARTESIAN_POINT('',(28.752136849821,90.565746242266));
#2604 = CARTESIAN_POINT('',(28.081866060349,90.523779538869));
#2605 = CARTESIAN_POINT('',(27.076629532946,90.460339292249));
#2606 = CARTESIAN_POINT('',(26.741578977226,90.439110837581));
#2607 = CARTESIAN_POINT('',(26.406555510946,90.417803809679));
#2608 = CARTESIAN_POINT('',(26.071557905308,90.396421441536));
#2609 = CARTESIAN_POINT('',(25.736584900088,90.374967066697));
#2610 = CARTESIAN_POINT('',(25.401635203539,90.35344411898));
#2611 = CARTESIAN_POINT('',(25.066707492501,90.33185613295));
#2612 = CARTESIAN_POINT('',(24.731800412306,90.3102067433));
#2613 = CARTESIAN_POINT('',(24.396912576841,90.288499685487));
#2614 = CARTESIAN_POINT('',(24.062042568514,90.266738795213));
#2615 = CARTESIAN_POINT('',(23.559762123151,90.234022615533));
#2616 = CARTESIAN_POINT('',(23.392339412554,90.223104714057));
#2617 = CARTESIAN_POINT('',(23.224920620229,90.212174815155));
#2618 = CARTESIAN_POINT('',(23.057505559897,90.201233429587));
#2619 = CARTESIAN_POINT('',(22.890094045324,90.190281068222));
#2620 = CARTESIAN_POINT('',(22.72268589022,90.17931824179));
#2621 = CARTESIAN_POINT('',(22.555280908345,90.16834546115));
#2622 = CARTESIAN_POINT('',(22.38787891343,90.157363237078));
#2623 = CARTESIAN_POINT('',(22.220479719213,90.146372080381));
#2624 = CARTESIAN_POINT('',(22.053083139436,90.135372501867));
#2625 = CARTESIAN_POINT('',(21.801991912039,90.118861267568));
#2626 = CARTESIAN_POINT('',(21.718295441723,90.113355550874));
#2627 = CARTESIAN_POINT('',(21.634599552633,90.10784792962));
#2628 = CARTESIAN_POINT('',(21.550904220445,90.102338471153));
#2629 = CARTESIAN_POINT('',(21.467209420966,90.096827242845));
#2630 = CARTESIAN_POINT('',(21.383515129812,90.091314312061));
#2631 = CARTESIAN_POINT('',(21.299821322816,90.085799746132));
#2632 = CARTESIAN_POINT('',(21.216127975616,90.080283612468));
#2633 = CARTESIAN_POINT('',(21.132435063989,90.074765978378));
#2634 = CARTESIAN_POINT('',(21.048742563633,90.069246911257));
#2635 = CARTESIAN_POINT('',(20.923204393606,90.060966262049));
#2636 = CARTESIAN_POINT('',(20.881358433581,90.05820570452));
#2637 = CARTESIAN_POINT('',(20.839512567125,90.055444814507));
#2638 = CARTESIAN_POINT('',(20.797666791135,90.052683600528));
#2639 = CARTESIAN_POINT('',(20.755821102545,90.049922071358));
#2640 = CARTESIAN_POINT('',(20.713975498241,90.047160235365));
#2641 = CARTESIAN_POINT('',(20.672129975157,90.044398101429));
#2642 = CARTESIAN_POINT('',(20.630284530188,90.041635677915));
#2643 = CARTESIAN_POINT('',(20.588439160257,90.038872973601));
#2644 = CARTESIAN_POINT('',(20.546593862268,90.036109997003));
#2645 = CARTESIAN_POINT('',(20.483826018571,90.03196513665));
#2646 = CARTESIAN_POINT('',(20.462903421212,90.030583450626));
#2647 = CARTESIAN_POINT('',(20.441980840687,90.029201699833));
#2648 = CARTESIAN_POINT('',(20.421058276562,90.02781988523));
#2649 = CARTESIAN_POINT('',(20.400135728536,90.02643800814));
#2650 = CARTESIAN_POINT('',(20.379213196092,90.025056069307));
#2651 = CARTESIAN_POINT('',(20.358290678987,90.023674070215));
#2652 = CARTESIAN_POINT('',(20.337368176701,90.022292011582));
#2653 = CARTESIAN_POINT('',(20.316445688938,90.020909894765));
#2654 = CARTESIAN_POINT('',(20.295523215259,90.019527720698));
#2655 = CARTESIAN_POINT('',(20.264139525313,90.017454375447));
#2656 = CARTESIAN_POINT('',(20.253678298756,90.016763246332));
#2657 = CARTESIAN_POINT('',(20.243217075585,90.016072103338));
#2658 = CARTESIAN_POINT('',(20.232755855729,90.015380946557));
#2659 = CARTESIAN_POINT('',(20.222294639178,90.01468977622));
#2660 = CARTESIAN_POINT('',(20.211833425829,90.013998592308));
#2661 = CARTESIAN_POINT('',(20.201372215692,90.013307395158));
#2662 = CARTESIAN_POINT('',(20.19091100867,90.012616184702));
#2663 = CARTESIAN_POINT('',(20.180449804745,90.011924961243));
#2664 = CARTESIAN_POINT('',(20.169988603852,90.01123372481));
#2665 = CARTESIAN_POINT('',(20.149066208047,90.009851226374));
#2666 = CARTESIAN_POINT('',(20.138604697283,90.009160734214));
#2667 = CARTESIAN_POINT('',(20.128145217891,90.008465285186));
#2668 = CARTESIAN_POINT('',(20.117679939131,90.007783966432));
#2669 = CARTESIAN_POINT('',(20.107223741058,90.007080508307));
#2670 = CARTESIAN_POINT('',(20.096760867823,90.006393315219));
#2671 = CARTESIAN_POINT('',(20.086295439596,90.005712344697));
#2672 = CARTESIAN_POINT('',(20.075841775721,90.005002692819));
#2673 = CARTESIAN_POINT('',(20.065375171155,90.004324579087));
#2674 = CARTESIAN_POINT('',(20.054914845632,90.003631154071));
#2675 = CARTESIAN_POINT('',(20.002619772161,90.00014802963));
#2676 = CARTESIAN_POINT('',(19.960811210306,89.997294428791));
#2677 = CARTESIAN_POINT('',(19.919021119047,89.99439576407));
#2678 = CARTESIAN_POINT('',(19.87724198625,89.991470374485));
#2679 = CARTESIAN_POINT('',(19.835467813872,89.98853290053));
#2680 = CARTESIAN_POINT('',(19.793694118141,89.985594284432));
#2681 = CARTESIAN_POINT('',(19.75191792931,89.982661769793));
#2682 = CARTESIAN_POINT('',(19.710137791922,89.979738901987));
#2683 = CARTESIAN_POINT('',(19.668353764576,89.976825527803));
#2684 = CARTESIAN_POINT('',(19.626567420101,89.973917795706));
#2685 = CARTESIAN_POINT('',(19.563889058122,89.969553335671));
#2686 = CARTESIAN_POINT('',(19.542996993509,89.968096739459));
#2687 = CARTESIAN_POINT('',(19.522100727683,89.966650434767));
#2688 = CARTESIAN_POINT('',(19.50122447607,89.965155077763));
#2689 = CARTESIAN_POINT('',(19.480310614132,89.963751917705));
#2690 = CARTESIAN_POINT('',(19.459440693645,89.962241029402));
#2691 = CARTESIAN_POINT('',(19.438535071338,89.960817676479));
#2692 = CARTESIAN_POINT('',(19.41765000935,89.959343910287));
#2693 = CARTESIAN_POINT('',(19.396756739975,89.957890270015));
#2694 = CARTESIAN_POINT('',(19.375865519017,89.956431607039));
#2695 = CARTESIAN_POINT('',(19.334082547511,89.953515580813));
#2696 = CARTESIAN_POINT('',(19.313191048021,89.952057601889));
#2697 = CARTESIAN_POINT('',(19.292299534259,89.950599658502));
#2698 = CARTESIAN_POINT('',(19.271408005679,89.949141752007));
#2699 = CARTESIAN_POINT('',(19.250516461758,89.947683883736));
#2700 = CARTESIAN_POINT('',(19.229624901941,89.946226055064));
#2701 = CARTESIAN_POINT('',(19.208733325705,89.944768267302));
#2702 = CARTESIAN_POINT('',(19.187841732505,89.94331052184));
#2703 = CARTESIAN_POINT('',(19.166950121804,89.94185281999));
#2704 = CARTESIAN_POINT('',(19.146058493067,89.940395163122));
#2705 = CARTESIAN_POINT('',(19.041600256503,89.933107110394));
#2706 = CARTESIAN_POINT('',(18.958033369856,89.927277409877));
#2707 = CARTESIAN_POINT('',(18.874466151552,89.921448536958));
#2708 = CARTESIAN_POINT('',(18.790898567352,89.915620577557));
#2709 = CARTESIAN_POINT('',(18.707330582973,89.909793617617));
#2710 = CARTESIAN_POINT('',(18.623762164195,89.903967743046));
#2711 = CARTESIAN_POINT('',(18.540193276728,89.898143039796));
#2712 = CARTESIAN_POINT('',(18.456623886342,89.892319593774));
#2713 = CARTESIAN_POINT('',(18.37305395877,89.886497490924));
#2714 = CARTESIAN_POINT('',(18.289483459759,89.880676817165));
#2715 = CARTESIAN_POINT('',(18.038770145648,89.86321934096));
#2716 = CARTESIAN_POINT('',(17.871625506885,89.851587099142));
#2717 = CARTESIAN_POINT('',(17.70447817082,89.839961605922));
#2718 = CARTESIAN_POINT('',(17.537327869492,89.82834353417));
#2719 = CARTESIAN_POINT('',(17.370174334964,89.816733556866));
#2720 = CARTESIAN_POINT('',(17.203017299271,89.805132346896));
#2721 = CARTESIAN_POINT('',(17.03585649447,89.793540577168));
#2722 = CARTESIAN_POINT('',(16.868691652607,89.781958920655));
#2723 = CARTESIAN_POINT('',(16.701522505731,89.770388050217));
#2724 = CARTESIAN_POINT('',(16.53434878589,89.758828638818));
#2725 = CARTESIAN_POINT('',(16.032813103623,89.724186800437));
#2726 = CARTESIAN_POINT('',(15.698436666293,89.701140653518));
#2727 = CARTESIAN_POINT('',(15.364038799827,89.678148230381));
#2728 = CARTESIAN_POINT('',(15.029617430933,89.655214744987));
#2729 = CARTESIAN_POINT('',(14.695170526383,89.632345313106));
#2730 = CARTESIAN_POINT('',(14.360696092968,89.609544953009));
#2731 = CARTESIAN_POINT('',(14.026192177537,89.586818584431));
#2732 = CARTESIAN_POINT('',(13.691656866974,89.564171029825));
#2733 = CARTESIAN_POINT('',(13.357088288202,89.541607013142));
#2734 = CARTESIAN_POINT('',(13.022484608192,89.519131160774));
#2735 = CARTESIAN_POINT('',(12.018562885474,89.451981681421));
#2736 = CARTESIAN_POINT('',(11.349134229844,89.407585930018));
#2737 = CARTESIAN_POINT('',(10.67954381011,89.363596811323));
#2738 = CARTESIAN_POINT('',(10.009778224184,89.320048252774));
#2739 = CARTESIAN_POINT('',(9.33982496198,89.276971971099));
#2740 = CARTESIAN_POINT('',(8.669672442465,89.234397397329));
#2741 = CARTESIAN_POINT('',(7.999310050847,89.19235160405));
#2742 = CARTESIAN_POINT('',(7.328728175586,89.150859229739));
#2743 = CARTESIAN_POINT('',(6.657918245592,89.109942406193));
#2744 = CARTESIAN_POINT('',(5.98687276726,89.069620683277));
#2745 = CARTESIAN_POINT('',(4.979941658802,89.010056091702));
#2746 = CARTESIAN_POINT('',(4.644237590813,88.990354252658));
#2747 = CARTESIAN_POINT('',(4.308472082111,88.970807555962));
#2748 = CARTESIAN_POINT('',(3.972644334206,88.951417977371));
#2749 = CARTESIAN_POINT('',(3.636753750639,88.93218734875));
#2750 = CARTESIAN_POINT('',(3.300799861866,88.913117354755));
#2751 = CARTESIAN_POINT('',(2.964782250278,88.894209531258));
#2752 = CARTESIAN_POINT('',(2.628700475067,88.875465261721));
#2753 = CARTESIAN_POINT('',(2.292553997231,88.85688577555));
#2754 = CARTESIAN_POINT('',(1.956342104477,88.83847214488));
#2755 = CARTESIAN_POINT('',(1.535994269113,88.815663566752));
#2756 = CARTESIAN_POINT('',(1.451920536764,88.811112276971));
#2757 = CARTESIAN_POINT('',(1.367842640525,88.806571426252));
#2758 = CARTESIAN_POINT('',(1.283760581784,88.802041027721));
#2759 = CARTESIAN_POINT('',(1.199674361928,88.797521094664));
#2760 = CARTESIAN_POINT('',(1.115583982342,88.793011640163));
#2761 = CARTESIAN_POINT('',(1.031489444415,88.788512677496));
#2762 = CARTESIAN_POINT('',(0.947390749534,88.784024219799));
#2763 = CARTESIAN_POINT('',(0.863287899085,88.77954628028));
#2764 = CARTESIAN_POINT('',(0.779180894455,88.775078872129));
#2765 = CARTESIAN_POINT('',(0.653014158319,88.768393576731));
#2766 = CARTESIAN_POINT('',(0.610957544701,88.766167780636));
#2767 = CARTESIAN_POINT('',(0.568899897115,88.763944621508));
#2768 = CARTESIAN_POINT('',(0.526841216501,88.761724100656));
#2769 = CARTESIAN_POINT('',(0.484781503797,88.759506219322));
#2770 = CARTESIAN_POINT('',(0.442720759943,88.757290978807));
#2771 = CARTESIAN_POINT('',(0.400658985876,88.755078380398));
#2772 = CARTESIAN_POINT('',(0.358596182537,88.752868425336));
#2773 = CARTESIAN_POINT('',(0.316532350864,88.750661114943));
#2774 = CARTESIAN_POINT('',(0.274467491796,88.748456450469));
#2775 = CARTESIAN_POINT('',(0.221885134891,88.745703928885));
#2776 = CARTESIAN_POINT('',(0.211368599361,88.745153590015));
#2777 = CARTESIAN_POINT('',(0.200851999698,88.744603416568));
#2778 = CARTESIAN_POINT('',(0.190335335918,88.744053408672));
#2779 = CARTESIAN_POINT('',(0.179818608036,88.743503566132));
#2780 = CARTESIAN_POINT('',(0.169301816068,88.74295388928));
#2781 = CARTESIAN_POINT('',(0.15878496003,88.742404377764));
#2782 = CARTESIAN_POINT('',(0.148268039937,88.741855031947));
#2783 = CARTESIAN_POINT('',(0.137751055806,88.741305851591));
#2784 = CARTESIAN_POINT('',(0.127234007651,88.740756836858));
#2785 = CARTESIAN_POINT('',(0.106199783327,88.739659138555));
#2786 = CARTESIAN_POINT('',(9.568208356514E-02,88.739110229115));
#2787 = CARTESIAN_POINT('',(8.516555545717E-02,88.738561999804));
#2788 = CARTESIAN_POINT('',(7.464908336237E-02,88.738014025543));
#2789 = CARTESIAN_POINT('',(6.413138889002E-02,88.737465753503));
#2790 = CARTESIAN_POINT('',(5.361208412204E-02,88.736916936106));
#2791 = CARTESIAN_POINT('',(4.309161487175E-02,88.736367650745));
#2792 = CARTESIAN_POINT('',(3.257064293466E-02,88.735818097924));
#2793 = CARTESIAN_POINT('',(2.204941628885E-02,88.735268368953));
#2794 = CARTESIAN_POINT('',(1.152767620082E-02,88.73471837521));
#2795 = CARTESIAN_POINT('',(-2.003840181909E-02,88.733067639588));
#2796 = CARTESIAN_POINT('',(-4.108340892019E-02,88.731966193006));
#2797 = CARTESIAN_POINT('',(-6.212873539169E-02,88.730863992156));
#2798 = CARTESIAN_POINT('',(-8.317388175062E-02,88.729761229076));
#2799 = CARTESIAN_POINT('',(-0.104218484749,88.728658086375));
#2800 = CARTESIAN_POINT('',(-0.125262317373,88.72755473645));
#2801 = CARTESIAN_POINT('',(-0.146305288843,88.726451342609));
#2802 = CARTESIAN_POINT('',(-0.167347444615,88.725348057776));
#2803 = CARTESIAN_POINT('',(-0.18838896638,88.724245025698));
#2804 = CARTESIAN_POINT('',(-0.209430172062,88.723142380036));
#2805 = CARTESIAN_POINT('',(-0.251512859578,88.720938109793));
#2806 = CARTESIAN_POINT('',(-0.272554477384,88.719836384582));
#2807 = CARTESIAN_POINT('',(-0.29359546124,88.718735447444));
#2808 = CARTESIAN_POINT('',(-0.314637151395,88.717635084126));
#2809 = CARTESIAN_POINT('',(-0.335680108207,88.716535225532));
#2810 = CARTESIAN_POINT('',(-0.356723693038,88.715436038349));
#2811 = CARTESIAN_POINT('',(-0.377767042226,88.714337673249));
#2812 = CARTESIAN_POINT('',(-0.398810218166,88.713239961878));
#2813 = CARTESIAN_POINT('',(-0.419854321575,88.712142369236));
#2814 = CARTESIAN_POINT('',(-0.44089934895,88.711044493261));
#2815 = CARTESIAN_POINT('',(-0.482977809662,88.708850337241));
#2816 = CARTESIAN_POINT('',(-0.504012343618,88.707753926042));
#2817 = CARTESIAN_POINT('',(-0.525042184874,88.706658181849));
#2818 = CARTESIAN_POINT('',(-0.546067337124,88.705563104877));
#2819 = CARTESIAN_POINT('',(-0.567087804068,88.704468695306));
#2820 = CARTESIAN_POINT('',(-0.588103589402,88.703374953345));
#2821 = CARTESIAN_POINT('',(-0.609114696824,88.702281879207));
#2822 = CARTESIAN_POINT('',(-0.630121130031,88.701189473057));
#2823 = CARTESIAN_POINT('',(-0.65112289272,88.700097735136));
#2824 = CARTESIAN_POINT('',(-0.672119988589,88.699006665612));
#2825 = CARTESIAN_POINT('',(-0.735097286827,88.69573546288));
#2826 = CARTESIAN_POINT('',(-0.777063500269,88.693557335645));
#2827 = CARTESIAN_POINT('',(-0.819011090639,88.691381884427));
#2828 = CARTESIAN_POINT('',(-0.860940086916,88.689209110464));
#2829 = CARTESIAN_POINT('',(-0.902850518078,88.68703901539));
#2830 = CARTESIAN_POINT('',(-0.944742413105,88.684871600208));
#2831 = CARTESIAN_POINT('',(-0.986615800974,88.682706866722));
#2832 = CARTESIAN_POINT('',(-1.028470710664,88.68054481592));
#2833 = CARTESIAN_POINT('',(-1.070307171155,88.678385449455));
#2834 = CARTESIAN_POINT('',(-1.112125211424,88.676228768552));
#2835 = CARTESIAN_POINT('',(-1.237524158503,88.669766786834));
#2836 = CARTESIAN_POINT('',(-1.321049918639,88.665469548422));
#2837 = CARTESIAN_POINT('',(-1.404502350613,88.661183067653));
#2838 = CARTESIAN_POINT('',(-1.487881664181,88.656907352794));
#2839 = CARTESIAN_POINT('',(-1.5711880691,88.652642412047));
#2840 = CARTESIAN_POINT('',(-1.654421775125,88.648388253725));
#2841 = CARTESIAN_POINT('',(-1.737582992011,88.644144886001));
#2842 = CARTESIAN_POINT('',(-1.820671929516,88.639912317186));
#2843 = CARTESIAN_POINT('',(-1.903688797395,88.635690555481));
#2844 = CARTESIAN_POINT('',(-1.986633805403,88.631479609158));
#2845 = CARTESIAN_POINT('',(-2.732494026443,88.593678504827));
#2846 = CARTESIAN_POINT('',(-3.390893719115,88.560770072506));
#2847 = CARTESIAN_POINT('',(-4.044809722145,88.528557318639));
#2848 = CARTESIAN_POINT('',(-4.694343431662,88.497040970438));
#2849 = CARTESIAN_POINT('',(-5.3395911131,88.466219711935));
#2850 = CARTESIAN_POINT('',(-5.980643335369,88.436090415963));
#2851 = CARTESIAN_POINT('',(-6.617585931862,88.406648303106));
#2852 = CARTESIAN_POINT('',(-7.250501534465,88.377887066531));
#2853 = CARTESIAN_POINT('',(-7.879470727328,88.349799019507));
#2854 = CARTESIAN_POINT('',(-8.504571866589,88.32237530434));
#2855 = CARTESIAN_POINT('',(-9.125878612703,88.295606216758));
#2856 = ( GEOMETRIC_REPRESENTATION_CONTEXT(2) 
PARAMETRIC_REPRESENTATION_CONTEXT() REPRESENTATION_CONTEXT('2D SPACE',''
  ) );
#2857 = ORIENTED_EDGE('',*,*,#2858,.T.);
#2858 = EDGE_CURVE('',#2289,#2859,#2861,.T.);
#2859 = VERTEX_POINT('',#2860);
#2860 = CARTESIAN_POINT('',(-18.14089752194,-31.39582386685,
    89.999999989136));
#2861 = SURFACE_CURVE('',#2862,(#2919,#2979),.PCURVE_S1.);
#2862 = B_SPLINE_CURVE_WITH_KNOTS('',7,(#2863,#2864,#2865,#2866,#2867,
    #2868,#2869,#2870,#2871,#2872,#2873,#2874,#2875,#2876,#2877,#2878,
    #2879,#2880,#2881,#2882,#2883,#2884,#2885,#2886,#2887,#2888,#2889,
    #2890,#2891,#2892,#2893,#2894,#2895,#2896,#2897,#2898,#2899,#2900,
    #2901,#2902,#2903,#2904,#2905,#2906,#2907,#2908,#2909,#2910,#2911,
    #2912,#2913,#2914,#2915,#2916,#2917,#2918),.UNSPECIFIED.,.F.,.F.,(8,
    6,6,6,6,6,6,6,6,8),(0.,0.16130330428,0.171140249032,0.240062187373,
    0.499765236228,0.508675058857,0.791306139915,0.83854573733,
    0.84739319455,1.),.UNSPECIFIED.);
#2863 = CARTESIAN_POINT('',(31.295586956638,-31.00127687097,90.));
#2864 = CARTESIAN_POINT('',(29.763217658712,-31.05524335579,90.));
#2865 = CARTESIAN_POINT('',(28.246476137843,-31.10722226674,90.));
#2866 = CARTESIAN_POINT('',(26.746417798013,-31.15711202317,90.));
#2867 = CARTESIAN_POINT('',(25.264241092787,-31.20479527015,90.));
#2868 = CARTESIAN_POINT('',(23.801289860149,-31.25013865896,90.));
#2869 = CARTESIAN_POINT('',(22.359061955214,-31.29299671499,90.));
#2870 = CARTESIAN_POINT('',(20.85263658234,-31.3356727631,90.));
#2871 = CARTESIAN_POINT('',(20.766297141593,-31.33811136734,90.));
#2872 = CARTESIAN_POINT('',(20.679827970251,-31.34054053117,90.));
#2873 = CARTESIAN_POINT('',(20.593351544803,-31.34296007522,90.));
#2874 = CARTESIAN_POINT('',(20.506920498026,-31.34536948094,90.));
#2875 = CARTESIAN_POINT('',(20.420422309387,-31.34776908477,90.));
#2876 = CARTESIAN_POINT('',(19.728158383057,-31.36689338748,90.));
#2877 = CARTESIAN_POINT('',(19.122214268233,-31.38312353197,90.));
#2878 = CARTESIAN_POINT('',(18.516128672172,-31.39884056029,90.));
#2879 = CARTESIAN_POINT('',(17.90990410918,-31.41403694443,90.));
#2880 = CARTESIAN_POINT('',(17.303543485573,-31.42870520207,90.));
#2881 = CARTESIAN_POINT('',(16.697050099675,-31.44283789656,90.));
#2882 = CARTESIAN_POINT('',(13.804628582747,-31.50763480112,90.));
#2883 = CARTESIAN_POINT('',(11.516995274163,-31.55113301724,90.));
#2884 = CARTESIAN_POINT('',(9.227729274719,-31.58653119548,90.));
#2885 = CARTESIAN_POINT('',(6.937109214858,-31.61345810335,90.));
#2886 = CARTESIAN_POINT('',(4.645503718183,-31.63161243954,90.));
#2887 = CARTESIAN_POINT('',(2.353353483224,-31.64080792505,90.));
#2888 = CARTESIAN_POINT('',(-1.75187200213E-02,-31.64102046147,90.));
#2889 = CARTESIAN_POINT('',(-9.624119112833E-02,-31.64101679749,90.));
#2890 = CARTESIAN_POINT('',(-0.174992635613,-31.64100208646,90.));
#2891 = CARTESIAN_POINT('',(-0.253740034399,-31.64097612687,90.));
#2892 = CARTESIAN_POINT('',(-0.332469601429,-31.64093884899,90.));
#2893 = CARTESIAN_POINT('',(-0.411186783665,-31.64089031492,90.));
#2894 = CARTESIAN_POINT('',(-2.987316966068,-31.63894024342,90.));
#2895 = CARTESIAN_POINT('',(-5.484604100191,-31.62580803799,90.));
#2896 = CARTESIAN_POINT('',(-7.980961699955,-31.60146359088,90.));
#2897 = CARTESIAN_POINT('',(-10.47557597964,-31.56619653349,90.));
#2898 = CARTESIAN_POINT('',(-12.9677909325,-31.52055619802,90.));
#2899 = CARTESIAN_POINT('',(-15.45718046786,-31.465227761,90.));
#2900 = CARTESIAN_POINT('',(-18.3590602608,-31.39020827479,90.));
#2901 = CARTESIAN_POINT('',(-18.77454218624,-31.37921502556,90.));
#2902 = CARTESIAN_POINT('',(-19.18993710179,-31.36797526674,90.));
#2903 = CARTESIAN_POINT('',(-19.60524401634,-31.35649249312,90.));
#2904 = CARTESIAN_POINT('',(-20.02046207989,-31.34477022638,90.));
#2905 = CARTESIAN_POINT('',(-20.43559058359,-31.332812015,90.));
#2906 = CARTESIAN_POINT('',(-20.92836108439,-31.31833827265,90.));
#2907 = CARTESIAN_POINT('',(-21.00617174211,-31.3160439849,90.));
#2908 = CARTESIAN_POINT('',(-21.08414538569,-31.31373886855,90.));
#2909 = CARTESIAN_POINT('',(-21.16227833991,-31.31142341752,90.));
#2910 = CARTESIAN_POINT('',(-21.24053089072,-31.30909806203,90.));
#2911 = CARTESIAN_POINT('',(-21.31887937452,-31.3067629083,90.));
#2912 = CARTESIAN_POINT('',(-22.75119670598,-31.26396194821,90.));
#2913 = CARTESIAN_POINT('',(-24.12297162876,-31.22108421483,90.));
#2914 = CARTESIAN_POINT('',(-25.51118527757,-31.17591617072,90.));
#2915 = CARTESIAN_POINT('',(-26.91454714585,-31.12859253312,90.));
#2916 = CARTESIAN_POINT('',(-28.33195032951,-31.07924584229,90.));
#2917 = CARTESIAN_POINT('',(-29.76244633242,-31.0280030788,90.));
#2918 = CARTESIAN_POINT('',(-31.20522832642,-30.97498389973,90.));
#2919 = PCURVE('',#167,#2920);
#2920 = DEFINITIONAL_REPRESENTATION('',(#2921),#2978);
#2921 = B_SPLINE_CURVE_WITH_KNOTS('',7,(#2922,#2923,#2924,#2925,#2926,
    #2927,#2928,#2929,#2930,#2931,#2932,#2933,#2934,#2935,#2936,#2937,
    #2938,#2939,#2940,#2941,#2942,#2943,#2944,#2945,#2946,#2947,#2948,
    #2949,#2950,#2951,#2952,#2953,#2954,#2955,#2956,#2957,#2958,#2959,
    #2960,#2961,#2962,#2963,#2964,#2965,#2966,#2967,#2968,#2969,#2970,
    #2971,#2972,#2973,#2974,#2975,#2976,#2977),.UNSPECIFIED.,.F.,.F.,(8,
    6,6,6,6,6,6,6,6,8),(0.,0.16130330428,0.171140249032,0.240062187373,
    0.499765236228,0.508675058857,0.791306139915,0.83854573733,
    0.84739319455,1.),.UNSPECIFIED.);
#2922 = CARTESIAN_POINT('',(31.295586956638,-31.00127687097));
#2923 = CARTESIAN_POINT('',(29.763217658712,-31.05524335579));
#2924 = CARTESIAN_POINT('',(28.246476137843,-31.10722226674));
#2925 = CARTESIAN_POINT('',(26.746417798013,-31.15711202317));
#2926 = CARTESIAN_POINT('',(25.264241092787,-31.20479527015));
#2927 = CARTESIAN_POINT('',(23.801289860149,-31.25013865896));
#2928 = CARTESIAN_POINT('',(22.359061955214,-31.29299671499));
#2929 = CARTESIAN_POINT('',(20.85263658234,-31.3356727631));
#2930 = CARTESIAN_POINT('',(20.766297141593,-31.33811136734));
#2931 = CARTESIAN_POINT('',(20.679827970251,-31.34054053117));
#2932 = CARTESIAN_POINT('',(20.593351544803,-31.34296007522));
#2933 = CARTESIAN_POINT('',(20.506920498026,-31.34536948094));
#2934 = CARTESIAN_POINT('',(20.420422309387,-31.34776908477));
#2935 = CARTESIAN_POINT('',(19.728158383057,-31.36689338748));
#2936 = CARTESIAN_POINT('',(19.122214268233,-31.38312353197));
#2937 = CARTESIAN_POINT('',(18.516128672172,-31.39884056029));
#2938 = CARTESIAN_POINT('',(17.90990410918,-31.41403694443));
#2939 = CARTESIAN_POINT('',(17.303543485573,-31.42870520207));
#2940 = CARTESIAN_POINT('',(16.697050099675,-31.44283789656));
#2941 = CARTESIAN_POINT('',(13.804628582747,-31.50763480112));
#2942 = CARTESIAN_POINT('',(11.516995274163,-31.55113301724));
#2943 = CARTESIAN_POINT('',(9.227729274719,-31.58653119548));
#2944 = CARTESIAN_POINT('',(6.937109214858,-31.61345810335));
#2945 = CARTESIAN_POINT('',(4.645503718183,-31.63161243954));
#2946 = CARTESIAN_POINT('',(2.353353483224,-31.64080792505));
#2947 = CARTESIAN_POINT('',(-1.75187200213E-02,-31.64102046147));
#2948 = CARTESIAN_POINT('',(-9.624119112833E-02,-31.64101679749));
#2949 = CARTESIAN_POINT('',(-0.174992635613,-31.64100208646));
#2950 = CARTESIAN_POINT('',(-0.253740034399,-31.64097612687));
#2951 = CARTESIAN_POINT('',(-0.332469601429,-31.64093884899));
#2952 = CARTESIAN_POINT('',(-0.411186783665,-31.64089031492));
#2953 = CARTESIAN_POINT('',(-2.987316966068,-31.63894024342));
#2954 = CARTESIAN_POINT('',(-5.484604100191,-31.62580803799));
#2955 = CARTESIAN_POINT('',(-7.980961699955,-31.60146359088));
#2956 = CARTESIAN_POINT('',(-10.47557597964,-31.56619653349));
#2957 = CARTESIAN_POINT('',(-12.9677909325,-31.52055619802));
#2958 = CARTESIAN_POINT('',(-15.45718046786,-31.465227761));
#2959 = CARTESIAN_POINT('',(-18.3590602608,-31.39020827479));
#2960 = CARTESIAN_POINT('',(-18.77454218624,-31.37921502556));
#2961 = CARTESIAN_POINT('',(-19.18993710179,-31.36797526674));
#2962 = CARTESIAN_POINT('',(-19.60524401634,-31.35649249312));
#2963 = CARTESIAN_POINT('',(-20.02046207989,-31.34477022638));
#2964 = CARTESIAN_POINT('',(-20.43559058359,-31.332812015));
#2965 = CARTESIAN_POINT('',(-20.92836108439,-31.31833827265));
#2966 = CARTESIAN_POINT('',(-21.00617174211,-31.3160439849));
#2967 = CARTESIAN_POINT('',(-21.08414538569,-31.31373886855));
#2968 = CARTESIAN_POINT('',(-21.16227833991,-31.31142341752));
#2969 = CARTESIAN_POINT('',(-21.24053089072,-31.30909806203));
#2970 = CARTESIAN_POINT('',(-21.31887937452,-31.3067629083));
#2971 = CARTESIAN_POINT('',(-22.75119670598,-31.26396194821));
#2972 = CARTESIAN_POINT('',(-24.12297162876,-31.22108421483));
#2973 = CARTESIAN_POINT('',(-25.51118527757,-31.17591617072));
#2974 = CARTESIAN_POINT('',(-26.91454714585,-31.12859253312));
#2975 = CARTESIAN_POINT('',(-28.33195032951,-31.07924584229));
#2976 = CARTESIAN_POINT('',(-29.76244633242,-31.0280030788));
#2977 = CARTESIAN_POINT('',(-31.20522832642,-30.97498389973));
#2978 = ( GEOMETRIC_REPRESENTATION_CONTEXT(2) 
PARAMETRIC_REPRESENTATION_CONTEXT() REPRESENTATION_CONTEXT('2D SPACE',''
  ) );
#2979 = PCURVE('',#2980,#3082);
#2980 = OFFSET_SURFACE('',#2981,-3.,.F.);
#2981 = B_SPLINE_SURFACE_WITH_KNOTS('',2,7,(
    (#2982,#2983,#2984,#2985,#2986,#2987,#2988,#2989,#2990,#2991,#2992
      ,#2993,#2994,#2995,#2996,#2997,#2998,#2999,#3000,#3001)
    ,(#3002,#3003,#3004,#3005,#3006,#3007,#3008,#3009,#3010,#3011,#3012
      ,#3013,#3014,#3015,#3016,#3017,#3018,#3019,#3020,#3021)
    ,(#3022,#3023,#3024,#3025,#3026,#3027,#3028,#3029,#3030,#3031,#3032
      ,#3033,#3034,#3035,#3036,#3037,#3038,#3039,#3040,#3041)
    ,(#3042,#3043,#3044,#3045,#3046,#3047,#3048,#3049,#3050,#3051,#3052
      ,#3053,#3054,#3055,#3056,#3057,#3058,#3059,#3060,#3061)
    ,(#3062,#3063,#3064,#3065,#3066,#3067,#3068,#3069,#3070,#3071,#3072
      ,#3073,#3074,#3075,#3076,#3077,#3078,#3079,#3080,#3081
  )),.UNSPECIFIED.,.F.,.F.,.F.,(3,1,1,3),(8,6,6,8),(-9.125878612703,0.,
    40.,49.125878612703),(-20.83171840419,0.,90.,110.83171840419),
  .UNSPECIFIED.);
#2982 = CARTESIAN_POINT('',(6.155199338407,51.263435973149,
    -20.83171840419));
#2983 = CARTESIAN_POINT('',(3.133028004348,50.125983718302,
    -17.85575863216));
#2984 = CARTESIAN_POINT('',(0.11085667029,48.988531463455,
    -14.87979886014));
#2985 = CARTESIAN_POINT('',(-2.911314663768,47.851079208609,
    -11.90383908811));
#2986 = CARTESIAN_POINT('',(-5.933485997826,46.713626953762,
    -8.927879316084));
#2987 = CARTESIAN_POINT('',(-8.955657331884,45.576174698915,
    -5.951919544056));
#2988 = CARTESIAN_POINT('',(-11.97782866594,44.438722444069,
    -2.975959772028));
#2989 = CARTESIAN_POINT('',(-28.05679228125,38.387095518179,
    12.857142857143));
#2990 = CARTESIAN_POINT('',(-39.29364806352,29.033764630809,
    25.714285714285));
#2991 = CARTESIAN_POINT('',(-46.92990142878,16.034013672694,
    38.571428571429));
#2992 = CARTESIAN_POINT('',(-49.5815877736,1.082310685318,
    51.428571428571));
#2993 = CARTESIAN_POINT('',(-46.95437812535,-13.49950523681,
    64.285714285715));
#2994 = CARTESIAN_POINT('',(-39.94493934686,-25.79058967939,
    77.142857142857));
#2995 = CARTESIAN_POINT('',(-27.69810915532,-36.68956717383,
    92.975959772028));
#2996 = CARTESIAN_POINT('',(-25.37697460604,-38.75524399131,
    95.976798434783));
#2997 = CARTESIAN_POINT('',(-23.03659635214,-40.83804660381,
    99.002515988266));
#2998 = CARTESIAN_POINT('',(-20.67697439363,-42.93797501132,
    102.05311243247));
#2999 = CARTESIAN_POINT('',(-18.29810873051,-45.05502921385,
    105.12858776741));
#3000 = CARTESIAN_POINT('',(-15.89999936277,-47.1892092114,
    108.22894199307));
#3001 = CARTESIAN_POINT('',(-13.48264629042,-49.34051500397,
    111.35417510946));
#3002 = CARTESIAN_POINT('',(1.917590436302,47.607911519172,
    -21.86427748083));
#3003 = CARTESIAN_POINT('',(-1.020045744699,46.259193235482,
    -18.59330082976));
#3004 = CARTESIAN_POINT('',(-3.913523235992,44.930748950518,
    -15.37149365854));
#3005 = CARTESIAN_POINT('',(-6.762842037575,43.622578664281,
    -12.19885596715));
#3006 = CARTESIAN_POINT('',(-9.568002149451,42.334682376772,
    -9.075387755604));
#3007 = CARTESIAN_POINT('',(-12.32900357161,41.067060087989,
    -6.001089023896));
#3008 = CARTESIAN_POINT('',(-15.04584630407,39.819711797933,
    -2.975959772028));
#3009 = CARTESIAN_POINT('',(-29.26542048714,33.291265623748,
    12.857142857143));
#3010 = CARTESIAN_POINT('',(-38.96106821034,23.959250114944,
    25.714285714285));
#3011 = CARTESIAN_POINT('',(-45.12229439608,11.372194626943,
    38.571428571429));
#3012 = CARTESIAN_POINT('',(-46.44813756849,-2.814032447937,
    51.42857142857));
#3013 = CARTESIAN_POINT('',(-42.72600956933,-16.32478509638,
    64.285714285715));
#3014 = CARTESIAN_POINT('',(-34.92750710197,-27.29180189657,
    77.142857142857));
#3015 = CARTESIAN_POINT('',(-22.16391977635,-36.34209128302,
    92.975959772028));
#3016 = CARTESIAN_POINT('',(-19.72526310357,-38.07127196239,
    96.001089023896));
#3017 = CARTESIAN_POINT('',(-17.24696928799,-39.82855818948,
    99.075387755604));
#3018 = CARTESIAN_POINT('',(-14.72903832963,-41.61394996429,
    102.19885596715));
#3019 = CARTESIAN_POINT('',(-12.17147022849,-43.42744728682,
    105.37149365854));
#3020 = CARTESIAN_POINT('',(-9.574264984553,-45.26905015708,
    108.59330082976));
#3021 = CARTESIAN_POINT('',(-6.937422597828,-47.13875857506,
    111.86427748083));
#3022 = CARTESIAN_POINT('',(-20.35400264625,34.027865582051,
    -23.93152679827));
#3023 = CARTESIAN_POINT('',(-21.91049212518,31.331946723099,
    -20.06990748507));
#3024 = CARTESIAN_POINT('',(-23.40748498512,28.739079031114,
    -16.35589809541));
#3025 = CARTESIAN_POINT('',(-24.84498122607,26.249262506095,
    -12.78949862927));
#3026 = CARTESIAN_POINT('',(-26.22298084804,23.862497148044,
    -9.370709086666));
#3027 = CARTESIAN_POINT('',(-27.54148385101,21.578782956959,
    -6.099529467583));
#3028 = CARTESIAN_POINT('',(-28.800490235,19.39811993284,-2.975959772028
    ));
#3029 = CARTESIAN_POINT('',(-35.18228389781,8.344529065432,
    12.857142857143));
#3030 = CARTESIAN_POINT('',(-37.2308757999,-2.440083513119,
    25.714285714286));
#3031 = CARTESIAN_POINT('',(-35.39169338365,-13.72302812094,
    38.571428571429));
#3032 = CARTESIAN_POINT('',(-29.5803376614,-23.78859149272,
    51.42857142857));
#3033 = CARTESIAN_POINT('',(-20.72861220966,-31.0228424913,
    64.285714285715));
#3034 = CARTESIAN_POINT('',(-10.36456779562,-34.64101615137,
    77.142857142857));
#3035 = CARTESIAN_POINT('',(2.399019529996,-34.64101615137,
    92.975959772028));
#3036 = CARTESIAN_POINT('',(4.917032297969,-34.64101615137,
    96.099529467583));
#3037 = CARTESIAN_POINT('',(7.554038303919,-34.64101615137,
    99.370709086666));
#3038 = CARTESIAN_POINT('',(10.310037547847,-34.64101615137,
    102.78949862927));
#3039 = CARTESIAN_POINT('',(13.185030029751,-34.64101615137,
    106.35589809541));
#3040 = CARTESIAN_POINT('',(16.179015749632,-34.64101615137,
    110.06990748507));
#3041 = CARTESIAN_POINT('',(19.291994707491,-34.64101615137,
    113.93152679827));
#3042 = CARTESIAN_POINT('',(-44.29207372777,17.561395081024,
    -21.86427748083));
#3043 = CARTESIAN_POINT('',(-43.9912799335,14.342968379355,
    -18.59330082976));
#3044 = CARTESIAN_POINT('',(-43.69500768614,11.172921224135,
    -15.37149365854));
#3045 = CARTESIAN_POINT('',(-43.40325698571,8.051253615365,
    -12.19885596715));
#3046 = CARTESIAN_POINT('',(-43.11602783219,4.977965553043,
    -9.075387755604));
#3047 = CARTESIAN_POINT('',(-42.8333202256,1.953057037171,
    -6.001089023896));
#3048 = CARTESIAN_POINT('',(-42.55513416592,-1.023471932253,
    -2.975959772028));
#3049 = CARTESIAN_POINT('',(-41.09914730847,-16.60220749288,
    12.857142857143));
#3050 = CARTESIAN_POINT('',(-35.50068338945,-28.83941714118,
    25.714285714286));
#3051 = CARTESIAN_POINT('',(-25.66109237123,-38.81825086882,
    38.571428571429));
#3052 = CARTESIAN_POINT('',(-12.71253775432,-44.76315053751,
    51.42857142857));
#3053 = CARTESIAN_POINT('',(1.268785149993,-45.72089988621,
    64.285714285716));
#3054 = CARTESIAN_POINT('',(14.198371510728,-41.99023040617,
    77.142857142857));
#3055 = CARTESIAN_POINT('',(26.961958836348,-32.93994101973,
    92.975959772028));
#3056 = CARTESIAN_POINT('',(29.400615509132,-31.21076034036,
    96.001089023896));
#3057 = CARTESIAN_POINT('',(31.878909324704,-29.45347411327,
    99.075387755604));
#3058 = CARTESIAN_POINT('',(34.396840283065,-27.66808233846,
    102.19885596715));
#3059 = CARTESIAN_POINT('',(36.954408384214,-25.85458501592,
    105.37149365854));
#3060 = CARTESIAN_POINT('',(39.551613628151,-24.01298214567,
    108.59330082976));
#3061 = CARTESIAN_POINT('',(42.188456014876,-22.14327372769,
    111.86427748083));
#3062 = CARTESIAN_POINT('',(-49.47146257446,12.993943304233,
    -21.35417510946));
#3063 = CARTESIAN_POINT('',(-48.81705364296,9.824801237382,
    -18.22894199307));
#3064 = CARTESIAN_POINT('',(-48.1678542327,6.680887605096,
    -15.12858776741));
#3065 = CARTESIAN_POINT('',(-47.52386434368,3.562202407376,
    -12.05311243247));
#3066 = CARTESIAN_POINT('',(-46.8850839759,0.468745644222,
    -9.002515988265));
#3067 = CARTESIAN_POINT('',(-46.25151312936,-2.599482684366,
    -5.976798434783));
#3068 = CARTESIAN_POINT('',(-45.62315180406,-5.642482578388,
    -2.975959772028));
#3069 = CARTESIAN_POINT('',(-42.30777551436,-21.69803738731,
    12.857142857143));
#3070 = CARTESIAN_POINT('',(-35.16810353628,-33.91393165704,
    25.714285714286));
#3071 = CARTESIAN_POINT('',(-23.85348533853,-43.48006991457,
    38.571428571429));
#3072 = CARTESIAN_POINT('',(-9.579087549212,-48.65949367077,
    51.42857142857));
#3073 = CARTESIAN_POINT('',(5.497153706016,-48.54617974578,
    64.285714285716));
#3074 = CARTESIAN_POINT('',(19.215803755614,-43.49144262336,
    77.142857142857));
#3075 = CARTESIAN_POINT('',(32.496148215318,-32.59246512891,
    92.975959772028));
#3076 = CARTESIAN_POINT('',(34.992296430636,-30.54391410645,
    95.951919544056));
#3077 = CARTESIAN_POINT('',(37.488444645954,-28.49536308399,
    98.927879316084));
#3078 = CARTESIAN_POINT('',(39.984592861273,-26.44681206153,
    101.90383908811));
#3079 = CARTESIAN_POINT('',(42.480741076591,-24.39826103907,
    104.87979886014));
#3080 = CARTESIAN_POINT('',(44.976889291909,-22.34971001661,
    107.85575863216));
#3081 = CARTESIAN_POINT('',(47.473037507227,-20.30115899415,
    110.83171840419));
#3082 = DEFINITIONAL_REPRESENTATION('',(#3083),#3426);
#3083 = B_SPLINE_CURVE_WITH_KNOTS('',11,(#3084,#3085,#3086,#3087,#3088,
    #3089,#3090,#3091,#3092,#3093,#3094,#3095,#3096,#3097,#3098,#3099,
    #3100,#3101,#3102,#3103,#3104,#3105,#3106,#3107,#3108,#3109,#3110,
    #3111,#3112,#3113,#3114,#3115,#3116,#3117,#3118,#3119,#3120,#3121,
    #3122,#3123,#3124,#3125,#3126,#3127,#3128,#3129,#3130,#3131,#3132,
    #3133,#3134,#3135,#3136,#3137,#3138,#3139,#3140,#3141,#3142,#3143,
    #3144,#3145,#3146,#3147,#3148,#3149,#3150,#3151,#3152,#3153,#3154,
    #3155,#3156,#3157,#3158,#3159,#3160,#3161,#3162,#3163,#3164,#3165,
    #3166,#3167,#3168,#3169,#3170,#3171,#3172,#3173,#3174,#3175,#3176,
    #3177,#3178,#3179,#3180,#3181,#3182,#3183,#3184,#3185,#3186,#3187,
    #3188,#3189,#3190,#3191,#3192,#3193,#3194,#3195,#3196,#3197,#3198,
    #3199,#3200,#3201,#3202,#3203,#3204,#3205,#3206,#3207,#3208,#3209,
    #3210,#3211,#3212,#3213,#3214,#3215,#3216,#3217,#3218,#3219,#3220,
    #3221,#3222,#3223,#3224,#3225,#3226,#3227,#3228,#3229,#3230,#3231,
    #3232,#3233,#3234,#3235,#3236,#3237,#3238,#3239,#3240,#3241,#3242,
    #3243,#3244,#3245,#3246,#3247,#3248,#3249,#3250,#3251,#3252,#3253,
    #3254,#3255,#3256,#3257,#3258,#3259,#3260,#3261,#3262,#3263,#3264,
    #3265,#3266,#3267,#3268,#3269,#3270,#3271,#3272,#3273,#3274,#3275,
    #3276,#3277,#3278,#3279,#3280,#3281,#3282,#3283,#3284,#3285,#3286,
    #3287,#3288,#3289,#3290,#3291,#3292,#3293,#3294,#3295,#3296,#3297,
    #3298,#3299,#3300,#3301,#3302,#3303,#3304,#3305,#3306,#3307,#3308,
    #3309,#3310,#3311,#3312,#3313,#3314,#3315,#3316,#3317,#3318,#3319,
    #3320,#3321,#3322,#3323,#3324,#3325,#3326,#3327,#3328,#3329,#3330,
    #3331,#3332,#3333,#3334,#3335,#3336,#3337,#3338,#3339,#3340,#3341,
    #3342,#3343,#3344,#3345,#3346,#3347,#3348,#3349,#3350,#3351,#3352,
    #3353,#3354,#3355,#3356,#3357,#3358,#3359,#3360,#3361,#3362,#3363,
    #3364,#3365,#3366,#3367,#3368,#3369,#3370,#3371,#3372,#3373,#3374,
    #3375,#3376,#3377,#3378,#3379,#3380,#3381,#3382,#3383,#3384,#3385,
    #3386,#3387,#3388,#3389,#3390,#3391,#3392,#3393,#3394,#3395,#3396,
    #3397,#3398,#3399,#3400,#3401,#3402,#3403,#3404,#3405,#3406,#3407,
    #3408,#3409,#3410,#3411,#3412,#3413,#3414,#3415,#3416,#3417,#3418,
    #3419,#3420,#3421,#3422,#3423,#3424,#3425),.UNSPECIFIED.,.F.,.F.,(12
    ,10,10,10,10,10,10,10,10,10,10,10,10,10,10,10,10,10,10,10,10,10,10,
    10,10,10,10,10,10,10,10,10,10,10,12),(0.,0.125,0.15625,0.16015625,
    0.162109375,0.1640625,0.171875,0.1875,0.25,0.375,0.4375,0.46875,
    0.484375,0.4921875,0.49609375,0.498046875,0.5,0.5078125,0.51171875,
    0.515625,0.53125,0.5625,0.625,0.75,0.8125,0.828125,0.8359375,
    0.837890625,0.83984375,0.84375,0.84765625,0.8515625,0.859375,0.875,
    1.),.UNSPECIFIED.);
#3084 = CARTESIAN_POINT('',(49.125878612703,91.649765774173));
#3085 = CARTESIAN_POINT('',(48.516165175357,91.622299963677));
#3086 = CARTESIAN_POINT('',(47.902019809163,91.594327222886));
#3087 = CARTESIAN_POINT('',(47.283369153589,91.565832204761));
#3088 = CARTESIAN_POINT('',(46.660139343272,91.536799857345));
#3089 = CARTESIAN_POINT('',(46.032255890151,91.507215724138));
#3090 = CARTESIAN_POINT('',(45.399643565554,91.477066244118));
#3091 = CARTESIAN_POINT('',(44.76222628241,91.446339052386));
#3092 = CARTESIAN_POINT('',(44.119926977232,91.415023279964));
#3093 = CARTESIAN_POINT('',(43.472667492411,91.383109854499));
#3094 = CARTESIAN_POINT('',(42.820368458179,91.350591800194));
#3095 = CARTESIAN_POINT('',(41.998594354027,91.309182722785));
#3096 = CARTESIAN_POINT('',(41.833919514256,91.30086283855));
#3097 = CARTESIAN_POINT('',(41.668923394382,91.292504814202));
#3098 = CARTESIAN_POINT('',(41.503604726774,91.284108589914));
#3099 = CARTESIAN_POINT('',(41.337962237803,91.275674117534));
#3100 = CARTESIAN_POINT('',(41.171994647033,91.2672013604));
#3101 = CARTESIAN_POINT('',(41.005700668323,91.258690293508));
#3102 = CARTESIAN_POINT('',(40.839079008615,91.250140903423));
#3103 = CARTESIAN_POINT('',(40.672128369014,91.241553188272));
#3104 = CARTESIAN_POINT('',(40.504847444013,91.232927157808));
#3105 = CARTESIAN_POINT('',(40.316283356675,91.223179792786));
#3106 = CARTESIAN_POINT('',(40.295326610208,91.222096153893));
#3107 = CARTESIAN_POINT('',(40.27436467996,91.221011916729));
#3108 = CARTESIAN_POINT('',(40.253397563371,91.219927081348));
#3109 = CARTESIAN_POINT('',(40.232425257847,91.218841647805));
#3110 = CARTESIAN_POINT('',(40.211447760852,91.217755616188));
#3111 = CARTESIAN_POINT('',(40.190465069772,91.216668986503));
#3112 = CARTESIAN_POINT('',(40.169477182078,91.215581758873));
#3113 = CARTESIAN_POINT('',(40.148484095166,91.214493933303));
#3114 = CARTESIAN_POINT('',(40.127485806485,91.213405509888));
#3115 = CARTESIAN_POINT('',(40.095980566939,91.211771978062));
#3116 = CARTESIAN_POINT('',(40.085477218465,91.211227743683));
#3117 = CARTESIAN_POINT('',(40.074973956864,91.21068148113));
#3118 = CARTESIAN_POINT('',(40.064467124751,91.210137851599));
#3119 = CARTESIAN_POINT('',(40.053959723939,91.209593740343));
#3120 = CARTESIAN_POINT('',(40.043452903926,91.209046831233));
#3121 = CARTESIAN_POINT('',(40.032943939716,91.208499754578));
#3122 = CARTESIAN_POINT('',(40.022431462436,91.207955759424));
#3123 = CARTESIAN_POINT('',(40.011917913863,91.20741378466));
#3124 = CARTESIAN_POINT('',(40.001403865076,91.20687098029));
#3125 = CARTESIAN_POINT('',(39.980374052732,91.205787292978));
#3126 = CARTESIAN_POINT('',(39.969858480244,91.205245992447));
#3127 = CARTESIAN_POINT('',(39.95934248364,91.204705106272));
#3128 = CARTESIAN_POINT('',(39.948826270108,91.204164519895));
#3129 = CARTESIAN_POINT('',(39.938310011799,91.20362413298));
#3130 = CARTESIAN_POINT('',(39.927793845826,91.203083859375));
#3131 = CARTESIAN_POINT('',(39.917277874323,91.202543627183));
#3132 = CARTESIAN_POINT('',(39.90676216432,91.202003378673));
#3133 = CARTESIAN_POINT('',(39.896246747902,91.201463070359));
#3134 = CARTESIAN_POINT('',(39.885731622067,91.200922672949));
#3135 = CARTESIAN_POINT('',(39.833157255825,91.19822016505));
#3136 = CARTESIAN_POINT('',(39.791102598989,91.196056245065));
#3137 = CARTESIAN_POINT('',(39.749050411063,91.193889410662));
#3138 = CARTESIAN_POINT('',(39.706999190167,91.191719038238));
#3139 = CARTESIAN_POINT('',(39.664943506626,91.189546728588));
#3140 = CARTESIAN_POINT('',(39.62288014054,91.187373793967));
#3141 = CARTESIAN_POINT('',(39.580812771888,91.185199464215));
#3142 = CARTESIAN_POINT('',(39.538749625123,91.183021903346));
#3143 = CARTESIAN_POINT('',(39.496695257054,91.18084114659));
#3144 = CARTESIAN_POINT('',(39.454644457456,91.178660079825));
#3145 = CARTESIAN_POINT('',(39.328490136759,91.172109643549));
#3146 = CARTESIAN_POINT('',(39.244390324259,91.167734486526));
#3147 = CARTESIAN_POINT('',(39.16029357531,91.163351137192));
#3148 = CARTESIAN_POINT('',(39.076199885522,91.158959602892));
#3149 = CARTESIAN_POINT('',(38.992109250445,91.154559890627));
#3150 = CARTESIAN_POINT('',(38.908021665744,91.150152007993));
#3151 = CARTESIAN_POINT('',(38.823937126912,91.145735961778));
#3152 = CARTESIAN_POINT('',(38.739855629645,91.14131175964));
#3153 = CARTESIAN_POINT('',(38.655777169451,91.136879408498));
#3154 = CARTESIAN_POINT('',(38.571701741972,91.132438915758));
#3155 = CARTESIAN_POINT('',(38.151339746006,91.1101957799));
#3156 = CARTESIAN_POINT('',(37.815098581075,91.092271161238));
#3157 = CARTESIAN_POINT('',(37.478905540492,91.074216984192));
#3158 = CARTESIAN_POINT('',(37.142760280202,91.056033896237));
#3159 = CARTESIAN_POINT('',(36.806662419623,91.037722640586));
#3160 = CARTESIAN_POINT('',(36.470611541567,91.019284056369));
#3161 = CARTESIAN_POINT('',(36.13460719236,91.00071907846));
#3162 = CARTESIAN_POINT('',(35.798648881705,90.982028737597));
#3163 = CARTESIAN_POINT('',(35.462736082807,90.963214160337));
#3164 = CARTESIAN_POINT('',(35.12686823228,90.944276569044));
#3165 = CARTESIAN_POINT('',(34.119397726049,90.887098707674));
#3166 = CARTESIAN_POINT('',(33.44792812846,90.848493537834));
#3167 = CARTESIAN_POINT('',(32.776631243681,90.809412329855));
#3168 = CARTESIAN_POINT('',(32.105501765228,90.769867440691));
#3169 = CARTESIAN_POINT('',(31.434533773883,90.729873026995));
#3170 = CARTESIAN_POINT('',(30.763720737712,90.689445044774));
#3171 = CARTESIAN_POINT('',(30.093055512039,90.648601249863));
#3172 = CARTESIAN_POINT('',(29.422530339468,90.607361197393));
#3173 = CARTESIAN_POINT('',(28.752136849875,90.565746242284));
#3174 = CARTESIAN_POINT('',(28.0818660604,90.523779538868));
#3175 = CARTESIAN_POINT('',(27.076629532996,90.460339292254));
#3176 = CARTESIAN_POINT('',(26.741578977274,90.439110837579));
#3177 = CARTESIAN_POINT('',(26.406555510997,90.417803809691));
#3178 = CARTESIAN_POINT('',(26.071557905349,90.396421441527));
#3179 = CARTESIAN_POINT('',(25.736584900145,90.374967066709));
#3180 = CARTESIAN_POINT('',(25.401635203574,90.35344411898));
#3181 = CARTESIAN_POINT('',(25.066707492556,90.33185613295));
#3182 = CARTESIAN_POINT('',(24.731800412346,90.310206743307));
#3183 = CARTESIAN_POINT('',(24.396912576888,90.288499685489));
#3184 = CARTESIAN_POINT('',(24.062042568558,90.266738795216));
#3185 = CARTESIAN_POINT('',(23.559762123195,90.234022615537));
#3186 = CARTESIAN_POINT('',(23.392339412597,90.22310471405));
#3187 = CARTESIAN_POINT('',(23.224920620276,90.212174815186));
#3188 = CARTESIAN_POINT('',(23.057505559935,90.201233429538));
#3189 = CARTESIAN_POINT('',(22.890094045374,90.190281068297));
#3190 = CARTESIAN_POINT('',(22.722685890256,90.179318241718));
#3191 = CARTESIAN_POINT('',(22.555280908394,90.168345461212));
#3192 = CARTESIAN_POINT('',(22.387878913469,90.157363237047));
#3193 = CARTESIAN_POINT('',(22.220479719257,90.146372080397));
#3194 = CARTESIAN_POINT('',(22.053083139479,90.135372501867));
#3195 = CARTESIAN_POINT('',(21.801991912081,90.118861267571));
#3196 = CARTESIAN_POINT('',(21.718295441767,90.113355550877));
#3197 = CARTESIAN_POINT('',(21.634599552671,90.10784792962));
#3198 = CARTESIAN_POINT('',(21.550904220494,90.102338471163));
#3199 = CARTESIAN_POINT('',(21.467209420999,90.096827242837));
#3200 = CARTESIAN_POINT('',(21.383515129862,90.091314312075));
#3201 = CARTESIAN_POINT('',(21.299821322853,90.085799746128));
#3202 = CARTESIAN_POINT('',(21.21612797566,90.080283612474));
#3203 = CARTESIAN_POINT('',(21.13243506403,90.07476597838));
#3204 = CARTESIAN_POINT('',(21.048742563674,90.069246911259));
#3205 = CARTESIAN_POINT('',(20.923204393647,90.060966262053));
#3206 = CARTESIAN_POINT('',(20.881358433622,90.058205704517));
#3207 = CARTESIAN_POINT('',(20.839512567167,90.055444814529));
#3208 = CARTESIAN_POINT('',(20.797666791175,90.052683600495));
#3209 = CARTESIAN_POINT('',(20.755821102589,90.04992207141));
#3210 = CARTESIAN_POINT('',(20.713975498278,90.047160235314));
#3211 = CARTESIAN_POINT('',(20.672129975201,90.044398101475));
#3212 = CARTESIAN_POINT('',(20.630284530228,90.041635677891));
#3213 = CARTESIAN_POINT('',(20.588439160298,90.038872973614));
#3214 = CARTESIAN_POINT('',(20.546593862309,90.036109997004));
#3215 = CARTESIAN_POINT('',(20.483826018611,90.031965136652));
#3216 = CARTESIAN_POINT('',(20.462903421255,90.030583450633));
#3217 = CARTESIAN_POINT('',(20.441980840721,90.029201699825));
#3218 = CARTESIAN_POINT('',(20.421058276615,90.027819885251));
#3219 = CARTESIAN_POINT('',(20.400135728561,90.026438008121));
#3220 = CARTESIAN_POINT('',(20.379213196147,90.025056069329));
#3221 = CARTESIAN_POINT('',(20.358290679016,90.023674070204));
#3222 = CARTESIAN_POINT('',(20.337368176747,90.022292011591));
#3223 = CARTESIAN_POINT('',(20.316445688976,90.020909894765));
#3224 = CARTESIAN_POINT('',(20.2955232153,90.019527720701));
#3225 = CARTESIAN_POINT('',(20.264139525353,90.01745437545));
#3226 = CARTESIAN_POINT('',(20.253678298798,90.016763246333));
#3227 = CARTESIAN_POINT('',(20.243217075622,90.016072103343));
#3228 = CARTESIAN_POINT('',(20.232755855774,90.015380946555));
#3229 = CARTESIAN_POINT('',(20.222294639211,90.014689776226));
#3230 = CARTESIAN_POINT('',(20.211833425874,90.01399859231));
#3231 = CARTESIAN_POINT('',(20.201372215729,90.013307395158));
#3232 = CARTESIAN_POINT('',(20.190911008711,90.012616184709));
#3233 = CARTESIAN_POINT('',(20.180449804784,90.011924961243));
#3234 = CARTESIAN_POINT('',(20.169988603892,90.011233724814));
#3235 = CARTESIAN_POINT('',(20.149066208087,90.009851226375));
#3236 = CARTESIAN_POINT('',(20.138604697323,90.009160734222));
#3237 = CARTESIAN_POINT('',(20.128145217928,90.008465285174));
#3238 = CARTESIAN_POINT('',(20.117679939176,90.007783966461));
#3239 = CARTESIAN_POINT('',(20.107223741091,90.007080508276));
#3240 = CARTESIAN_POINT('',(20.09676086787,90.006393315255));
#3241 = CARTESIAN_POINT('',(20.08629543963,90.005712344674));
#3242 = CARTESIAN_POINT('',(20.075841775763,90.005002692836));
#3243 = CARTESIAN_POINT('',(20.065375171193,90.004324579084));
#3244 = CARTESIAN_POINT('',(20.054914845671,90.003631154075));
#3245 = CARTESIAN_POINT('',(20.002619772201,90.000148029631));
#3246 = CARTESIAN_POINT('',(19.960811210343,89.997294428799));
#3247 = CARTESIAN_POINT('',(19.919021119092,89.994395764065));
#3248 = CARTESIAN_POINT('',(19.877241986277,89.991470374496));
#3249 = CARTESIAN_POINT('',(19.835467813926,89.988532900529));
#3250 = CARTESIAN_POINT('',(19.793694118165,89.985594284429));
#3251 = CARTESIAN_POINT('',(19.75191792936,89.982661769804));
#3252 = CARTESIAN_POINT('',(19.710137791953,89.979738901982));
#3253 = CARTESIAN_POINT('',(19.668353764618,89.97682552781));
#3254 = CARTESIAN_POINT('',(19.626567420139,89.973917795707));
#3255 = CARTESIAN_POINT('',(19.563889058161,89.969553335674));
#3256 = CARTESIAN_POINT('',(19.542996993544,89.968096739462));
#3257 = CARTESIAN_POINT('',(19.52210072773,89.966650434769));
#3258 = CARTESIAN_POINT('',(19.501224476093,89.965155077769));
#3259 = CARTESIAN_POINT('',(19.480310614189,89.963751917703));
#3260 = CARTESIAN_POINT('',(19.459440693664,89.962241029408));
#3261 = CARTESIAN_POINT('',(19.43853507139,89.960817676479));
#3262 = CARTESIAN_POINT('',(19.417650009381,89.95934391029));
#3263 = CARTESIAN_POINT('',(19.396756740015,89.957890270019));
#3264 = CARTESIAN_POINT('',(19.375865519054,89.956431607041));
#3265 = CARTESIAN_POINT('',(19.334082547549,89.953515580815));
#3266 = CARTESIAN_POINT('',(19.313191048058,89.952057601892));
#3267 = CARTESIAN_POINT('',(19.292299534298,89.950599658504));
#3268 = CARTESIAN_POINT('',(19.271408005713,89.949141752011));
#3269 = CARTESIAN_POINT('',(19.250516461802,89.947683883735));
#3270 = CARTESIAN_POINT('',(19.22962490197,89.946226055072));
#3271 = CARTESIAN_POINT('',(19.20873332575,89.944768267298));
#3272 = CARTESIAN_POINT('',(19.187841732538,89.943310521848));
#3273 = CARTESIAN_POINT('',(19.166950121843,89.94185281999));
#3274 = CARTESIAN_POINT('',(19.146058493104,89.940395163126));
#3275 = CARTESIAN_POINT('',(19.041600256541,89.933107110395));
#3276 = CARTESIAN_POINT('',(18.95803336989,89.927277409886));
#3277 = CARTESIAN_POINT('',(18.874466151596,89.921448536946));
#3278 = CARTESIAN_POINT('',(18.790898567377,89.915620577585));
#3279 = CARTESIAN_POINT('',(18.707330583024,89.909793617588));
#3280 = CARTESIAN_POINT('',(18.623762164217,89.903967743079));
#3281 = CARTESIAN_POINT('',(18.540193276773,89.898143039778));
#3282 = CARTESIAN_POINT('',(18.456623886373,89.892319593787));
#3283 = CARTESIAN_POINT('',(18.373053958807,89.886497490923));
#3284 = CARTESIAN_POINT('',(18.289483459795,89.880676817168));
#3285 = CARTESIAN_POINT('',(18.038770145683,89.863219340962));
#3286 = CARTESIAN_POINT('',(17.871625506919,89.851587099146));
#3287 = CARTESIAN_POINT('',(17.704478170855,89.839961605921));
#3288 = CARTESIAN_POINT('',(17.537327869524,89.828343534175));
#3289 = CARTESIAN_POINT('',(17.370174335,89.816733556866));
#3290 = CARTESIAN_POINT('',(17.203017299301,89.805132346899));
#3291 = CARTESIAN_POINT('',(17.035856494505,89.79354057717));
#3292 = CARTESIAN_POINT('',(16.868691652638,89.781958920658));
#3293 = CARTESIAN_POINT('',(16.701522505764,89.770388050219));
#3294 = CARTESIAN_POINT('',(16.534348785922,89.758828638819));
#3295 = CARTESIAN_POINT('',(16.032813103655,89.724186800441));
#3296 = CARTESIAN_POINT('',(15.698436666322,89.701140653515));
#3297 = CARTESIAN_POINT('',(15.364038799864,89.678148230396));
#3298 = CARTESIAN_POINT('',(15.029617430951,89.655214744966));
#3299 = CARTESIAN_POINT('',(14.695170526428,89.632345313136));
#3300 = CARTESIAN_POINT('',(14.360696092981,89.609544952983));
#3301 = CARTESIAN_POINT('',(14.026192177577,89.586818584454));
#3302 = CARTESIAN_POINT('',(13.691656866994,89.564171029816));
#3303 = CARTESIAN_POINT('',(13.357088288231,89.541607013148));
#3304 = CARTESIAN_POINT('',(13.022484608218,89.519131160775));
#3305 = CARTESIAN_POINT('',(12.018562885498,89.451981681421));
#3306 = CARTESIAN_POINT('',(11.349134229866,89.407585930029));
#3307 = CARTESIAN_POINT('',(10.679543810133,89.363596811298));
#3308 = CARTESIAN_POINT('',(10.009778224201,89.320048252826));
#3309 = CARTESIAN_POINT('',(9.339824962001,89.276971971028));
#3310 = CARTESIAN_POINT('',(8.66967244248,89.234397397407));
#3311 = CARTESIAN_POINT('',(7.999310050864,89.192351603988));
#3312 = CARTESIAN_POINT('',(7.328728175601,89.150859229778));
#3313 = CARTESIAN_POINT('',(6.657918245606,89.109942406179));
#3314 = CARTESIAN_POINT('',(5.986872767272,89.069620683281));
#3315 = CARTESIAN_POINT('',(4.979941658812,89.010056091702));
#3316 = CARTESIAN_POINT('',(4.644237590822,88.990354252659));
#3317 = CARTESIAN_POINT('',(4.308472082119,88.970807555963));
#3318 = CARTESIAN_POINT('',(3.972644334215,88.951417977373));
#3319 = CARTESIAN_POINT('',(3.636753750644,88.932187348746));
#3320 = CARTESIAN_POINT('',(3.300799861874,88.913117354764));
#3321 = CARTESIAN_POINT('',(2.964782250283,88.89420953125));
#3322 = CARTESIAN_POINT('',(2.628700475073,88.875465261727));
#3323 = CARTESIAN_POINT('',(2.292553997237,88.856885775547));
#3324 = CARTESIAN_POINT('',(1.956342104483,88.838472144882));
#3325 = CARTESIAN_POINT('',(1.535994269118,88.815663566751));
#3326 = CARTESIAN_POINT('',(1.451920536769,88.811112276977));
#3327 = CARTESIAN_POINT('',(1.36784264053,88.806571426239));
#3328 = CARTESIAN_POINT('',(1.283760581789,88.802041027741));
#3329 = CARTESIAN_POINT('',(1.199674361933,88.797521094644));
#3330 = CARTESIAN_POINT('',(1.115583982347,88.793011640179));
#3331 = CARTESIAN_POINT('',(1.03148944442,88.788512677487));
#3332 = CARTESIAN_POINT('',(0.947390749539,88.784024219802));
#3333 = CARTESIAN_POINT('',(0.863287899089,88.77954628028));
#3334 = CARTESIAN_POINT('',(0.779180894459,88.775078872129));
#3335 = CARTESIAN_POINT('',(0.653014158324,88.768393576732));
#3336 = CARTESIAN_POINT('',(0.610957544706,88.766167780633));
#3337 = CARTESIAN_POINT('',(0.56889989712,88.763944621517));
#3338 = CARTESIAN_POINT('',(0.526841216506,88.761724100642));
#3339 = CARTESIAN_POINT('',(0.484781503802,88.759506219342));
#3340 = CARTESIAN_POINT('',(0.442720759947,88.757290978788));
#3341 = CARTESIAN_POINT('',(0.400658985881,88.755078380413));
#3342 = CARTESIAN_POINT('',(0.358596182542,88.752868425327));
#3343 = CARTESIAN_POINT('',(0.316532350869,88.750661114947));
#3344 = CARTESIAN_POINT('',(0.274467491801,88.748456450469));
#3345 = CARTESIAN_POINT('',(0.221885134896,88.745703928885));
#3346 = CARTESIAN_POINT('',(0.211368599366,88.745153590019));
#3347 = CARTESIAN_POINT('',(0.200851999703,88.744603416555));
#3348 = CARTESIAN_POINT('',(0.190335335923,88.744053408699));
#3349 = CARTESIAN_POINT('',(0.179818608041,88.743503566094));
#3350 = CARTESIAN_POINT('',(0.169301816073,88.742953889319));
#3351 = CARTESIAN_POINT('',(0.158784960034,88.742404377733));
#3352 = CARTESIAN_POINT('',(0.148268039942,88.741855031966));
#3353 = CARTESIAN_POINT('',(0.13775105581,88.741305851583));
#3354 = CARTESIAN_POINT('',(0.127234007656,88.74075683686));
#3355 = CARTESIAN_POINT('',(0.106199783331,88.739659138553));
#3356 = CARTESIAN_POINT('',(9.568246122547E-02,88.73911041298));
#3357 = CARTESIAN_POINT('',(8.516512745159E-02,88.73856179141));
#3358 = CARTESIAN_POINT('',(7.464876865359E-02,88.738013872376));
#3359 = CARTESIAN_POINT('',(6.413179352568E-02,88.737465950431));
#3360 = CARTESIAN_POINT('',(5.36124887578E-02,88.736917133156));
#3361 = CARTESIAN_POINT('',(4.30913001629E-02,88.736367497483));
#3362 = CARTESIAN_POINT('',(3.25702149291E-02,88.735817889586));
#3363 = CARTESIAN_POINT('',(2.204979394911E-02,88.735268552796));
#3364 = CARTESIAN_POINT('',(1.152767620522E-02,88.734718375213));
#3365 = CARTESIAN_POINT('',(-2.003840181471E-02,88.733067639587));
#3366 = CARTESIAN_POINT('',(-4.108340891578E-02,88.731966193006));
#3367 = CARTESIAN_POINT('',(-6.212873538739E-02,88.730863992157));
#3368 = CARTESIAN_POINT('',(-8.317388174611E-02,88.729761229079));
#3369 = CARTESIAN_POINT('',(-0.104218484745,88.728658086364));
#3370 = CARTESIAN_POINT('',(-0.125262317368,88.727554736469));
#3371 = CARTESIAN_POINT('',(-0.146305288839,88.726451342592));
#3372 = CARTESIAN_POINT('',(-0.167347444611,88.725348057787));
#3373 = CARTESIAN_POINT('',(-0.188388966376,88.724245025693));
#3374 = CARTESIAN_POINT('',(-0.209430172057,88.723142380038));
#3375 = CARTESIAN_POINT('',(-0.251512859573,88.720938109791));
#3376 = CARTESIAN_POINT('',(-0.272554477379,88.719836384591));
#3377 = CARTESIAN_POINT('',(-0.293595461236,88.718735447422));
#3378 = CARTESIAN_POINT('',(-0.314637151391,88.717635084162));
#3379 = CARTESIAN_POINT('',(-0.335680108203,88.71653522549));
#3380 = CARTESIAN_POINT('',(-0.356723693034,88.715436038385));
#3381 = CARTESIAN_POINT('',(-0.377767042222,88.714337673227));
#3382 = CARTESIAN_POINT('',(-0.398810218162,88.713239961888));
#3383 = CARTESIAN_POINT('',(-0.41985432157,88.712142369234));
#3384 = CARTESIAN_POINT('',(-0.440899348946,88.711044493261));
#3385 = CARTESIAN_POINT('',(-0.482977809657,88.708850337243));
#3386 = CARTESIAN_POINT('',(-0.504012343614,88.707753926031));
#3387 = CARTESIAN_POINT('',(-0.52504218487,88.706658181879));
#3388 = CARTESIAN_POINT('',(-0.54606733712,88.705563104823));
#3389 = CARTESIAN_POINT('',(-0.567087804065,88.704468695377));
#3390 = CARTESIAN_POINT('',(-0.588103589398,88.703374953276));
#3391 = CARTESIAN_POINT('',(-0.60911469682,88.702281879258));
#3392 = CARTESIAN_POINT('',(-0.630121130027,88.70118947303));
#3393 = CARTESIAN_POINT('',(-0.651122892716,88.700097735146));
#3394 = CARTESIAN_POINT('',(-0.672119988585,88.699006665611));
#3395 = CARTESIAN_POINT('',(-0.735097286823,88.69573546288));
#3396 = CARTESIAN_POINT('',(-0.777063500265,88.693557335651));
#3397 = CARTESIAN_POINT('',(-0.819011090635,88.691381884409));
#3398 = CARTESIAN_POINT('',(-0.860940086912,88.689209110495));
#3399 = CARTESIAN_POINT('',(-0.902850518074,88.687039015351));
#3400 = CARTESIAN_POINT('',(-0.944742413101,88.684871600245));
#3401 = CARTESIAN_POINT('',(-0.98661580097,88.682706866697));
#3402 = CARTESIAN_POINT('',(-1.028470710661,88.680544815933));
#3403 = CARTESIAN_POINT('',(-1.070307171151,88.678385449451));
#3404 = CARTESIAN_POINT('',(-1.11212521142,88.676228768553));
#3405 = CARTESIAN_POINT('',(-1.237524158499,88.669766786836));
#3406 = CARTESIAN_POINT('',(-1.321049918635,88.665469548416));
#3407 = CARTESIAN_POINT('',(-1.404502350609,88.661183067668));
#3408 = CARTESIAN_POINT('',(-1.487881664177,88.65690735277));
#3409 = CARTESIAN_POINT('',(-1.571188069096,88.652642412076));
#3410 = CARTESIAN_POINT('',(-1.654421775121,88.6483882537));
#3411 = CARTESIAN_POINT('',(-1.737582992008,88.644144886019));
#3412 = CARTESIAN_POINT('',(-1.820671929513,88.639912317177));
#3413 = CARTESIAN_POINT('',(-1.903688797391,88.635690555485));
#3414 = CARTESIAN_POINT('',(-1.986633805399,88.631479609158));
#3415 = CARTESIAN_POINT('',(-2.73249402644,88.593678504827));
#3416 = CARTESIAN_POINT('',(-3.390893719112,88.560770072511));
#3417 = CARTESIAN_POINT('',(-4.044809722143,88.528557318625));
#3418 = CARTESIAN_POINT('',(-4.694343431659,88.497040970464));
#3419 = CARTESIAN_POINT('',(-5.339591113099,88.466219711899));
#3420 = CARTESIAN_POINT('',(-5.980643335366,88.436090416002));
#3421 = CARTESIAN_POINT('',(-6.617585931861,88.406648303075));
#3422 = CARTESIAN_POINT('',(-7.250501534464,88.37788706655));
#3423 = CARTESIAN_POINT('',(-7.879470727327,88.349799019499));
#3424 = CARTESIAN_POINT('',(-8.504571866589,88.322375304342));
#3425 = CARTESIAN_POINT('',(-9.125878612703,88.295606216758));
#3426 = ( GEOMETRIC_REPRESENTATION_CONTEXT(2) 
PARAMETRIC_REPRESENTATION_CONTEXT() REPRESENTATION_CONTEXT('2D SPACE',''
  ) );
#3427 = ORIENTED_EDGE('',*,*,#3428,.T.);
#3428 = EDGE_CURVE('',#2859,#577,#3429,.T.);
#3429 = SURFACE_CURVE('',#3430,(#3487,#3547),.PCURVE_S1.);
#3430 = B_SPLINE_CURVE_WITH_KNOTS('',7,(#3431,#3432,#3433,#3434,#3435,
    #3436,#3437,#3438,#3439,#3440,#3441,#3442,#3443,#3444,#3445,#3446,
    #3447,#3448,#3449,#3450,#3451,#3452,#3453,#3454,#3455,#3456,#3457,
    #3458,#3459,#3460,#3461,#3462,#3463,#3464,#3465,#3466,#3467,#3468,
    #3469,#3470,#3471,#3472,#3473,#3474,#3475,#3476,#3477,#3478,#3479,
    #3480,#3481,#3482,#3483,#3484,#3485,#3486),.UNSPECIFIED.,.F.,.F.,(8,
    6,6,6,6,6,6,6,6,8),(0.,0.161303304281,0.171140249032,0.240062187373,
    0.499765236228,0.508675058857,0.791306139915,0.83854573733,
    0.84739319455,1.),.UNSPECIFIED.);
#3431 = CARTESIAN_POINT('',(-11.2000998417,-42.60341176628,90.));
#3432 = CARTESIAN_POINT('',(-12.01302083746,-41.3033242687,90.));
#3433 = CARTESIAN_POINT('',(-12.81640665525,-40.01577703613,90.));
#3434 = CARTESIAN_POINT('',(-13.60964162162,-38.7416332849,90.));
#3435 = CARTESIAN_POINT('',(-14.39202487744,-37.48187222876,90.));
#3436 = CARTESIAN_POINT('',(-15.16276902037,-36.2375909912,90.));
#3437 = CARTESIAN_POINT('',(-15.92099913812,-35.0100140155,90.));
#3438 = CARTESIAN_POINT('',(-16.71117036635,-33.72674939774,90.));
#3439 = CARTESIAN_POINT('',(-16.75645197994,-33.65319655082,90.));
#3440 = CARTESIAN_POINT('',(-16.8017902832,-33.57952663371,90.));
#3441 = CARTESIAN_POINT('',(-16.84712388254,-33.50584562447,90.));
#3442 = CARTESIAN_POINT('',(-16.89242601249,-33.43219884515,90.));
#3443 = CARTESIAN_POINT('',(-16.93775322468,-33.35848901832,90.));
#3444 = CARTESIAN_POINT('',(-17.30044731983,-32.76853302335,90.));
#3445 = CARTESIAN_POINT('',(-17.61747509467,-32.25188509888,90.));
#3446 = CARTESIAN_POINT('',(-17.9341292385,-31.73485808999,90.));
#3447 = CARTESIAN_POINT('',(-18.25040197471,-31.21745041011,90.));
#3448 = CARTESIAN_POINT('',(-18.56628537025,-30.69966083503,90.));
#3449 = CARTESIAN_POINT('',(-18.88177133566,-30.18148850286,90.));
#3450 = CARTESIAN_POINT('',(-20.38409785956,-27.70897644302,90.));
#3451 = CARTESIAN_POINT('',(-21.56558507403,-25.74957699132,90.));
#3452 = CARTESIAN_POINT('',(-22.74087379535,-23.78471356888,90.));
#3453 = CARTESIAN_POINT('',(-23.90950321155,-21.81444186056,90.));
#3454 = CARTESIAN_POINT('',(-25.07102807621,-19.8389304531,90.));
#3455 = CARTESIAN_POINT('',(-26.22506671774,-17.85846786308,90.));
#3456 = CARTESIAN_POINT('',(-27.4106868813,-15.80533857415,90.));
#3457 = CARTESIAN_POINT('',(-27.45004494376,-15.73716108234,90.));
#3458 = CARTESIAN_POINT('',(-27.48940792588,-15.66895297531,90.));
#3459 = CARTESIAN_POINT('',(-27.5287591436,-15.60074274768,90.));
#3460 = CARTESIAN_POINT('',(-27.56809164353,-15.53254230367,90.));
#3461 = CARTESIAN_POINT('',(-27.60740820291,-15.4643469571,90.));
#3462 = CARTESIAN_POINT('',(-28.89378448265,-13.23237773993,90.));
#3463 = CARTESIAN_POINT('',(-30.13105522619,-11.06309753855,90.));
#3464 = CARTESIAN_POINT('',(-31.35815111647,-8.889016216611,90.));
#3465 = CARTESIAN_POINT('',(-32.57491608865,-6.710983349148,90.));
#3466 = CARTESIAN_POINT('',(-33.78149787516,-4.52984172047,90.));
#3467 = CARTESIAN_POINT('',(-34.97827681082,-2.346302924456,90.));
#3468 = CARTESIAN_POINT('',(-36.36424792646,0.204308438071,90.));
#3469 = CARTESIAN_POINT('',(-36.56246845607,0.569622964933,90.));
#3470 = CARTESIAN_POINT('',(-36.76043199717,0.93498539381,90.));
#3471 = CARTESIAN_POINT('',(-36.95814108079,1.30039311898,90.));
#3472 = CARTESIAN_POINT('',(-37.15559833178,1.665843643505,90.));
#3473 = CARTESIAN_POINT('',(-37.35280646879,2.031334579231,90.));
#3474 = CARTESIAN_POINT('',(-37.58665709062,2.46532322233,90.));
#3475 = CARTESIAN_POINT('',(-37.62357550801,2.53385637248,90.));
#3476 = CARTESIAN_POINT('',(-37.66056604048,2.602536086822,90.));
#3477 = CARTESIAN_POINT('',(-37.69762727818,2.671358935557,90.));
#3478 = CARTESIAN_POINT('',(-37.73473973666,2.740290310219,90.));
#3479 = CARTESIAN_POINT('',(-37.77189167611,2.809309664397,90.));
#3480 = CARTESIAN_POINT('',(-38.45098362309,4.071133339771,90.));
#3481 = CARTESIAN_POINT('',(-39.09973787812,5.280564137866,90.));
#3482 = CARTESIAN_POINT('',(-39.75472802888,6.505376445673,90.));
#3483 = CARTESIAN_POINT('',(-40.41542549066,7.744385293104,90.));
#3484 = CARTESIAN_POINT('',(-41.08139159465,8.996565802968,90.));
#3485 = CARTESIAN_POINT('',(-41.75226206115,10.261033063247,90.));
#3486 = CARTESIAN_POINT('',(-42.42773710219,11.537028511715,90.));
#3487 = PCURVE('',#167,#3488);
#3488 = DEFINITIONAL_REPRESENTATION('',(#3489),#3546);
#3489 = B_SPLINE_CURVE_WITH_KNOTS('',7,(#3490,#3491,#3492,#3493,#3494,
    #3495,#3496,#3497,#3498,#3499,#3500,#3501,#3502,#3503,#3504,#3505,
    #3506,#3507,#3508,#3509,#3510,#3511,#3512,#3513,#3514,#3515,#3516,
    #3517,#3518,#3519,#3520,#3521,#3522,#3523,#3524,#3525,#3526,#3527,
    #3528,#3529,#3530,#3531,#3532,#3533,#3534,#3535,#3536,#3537,#3538,
    #3539,#3540,#3541,#3542,#3543,#3544,#3545),.UNSPECIFIED.,.F.,.F.,(8,
    6,6,6,6,6,6,6,6,8),(0.,0.161303304281,0.171140249032,0.240062187373,
    0.499765236228,0.508675058857,0.791306139915,0.83854573733,
    0.84739319455,1.),.UNSPECIFIED.);
#3490 = CARTESIAN_POINT('',(-11.2000998417,-42.60341176628));
#3491 = CARTESIAN_POINT('',(-12.01302083746,-41.3033242687));
#3492 = CARTESIAN_POINT('',(-12.81640665525,-40.01577703613));
#3493 = CARTESIAN_POINT('',(-13.60964162162,-38.7416332849));
#3494 = CARTESIAN_POINT('',(-14.39202487744,-37.48187222876));
#3495 = CARTESIAN_POINT('',(-15.16276902037,-36.2375909912));
#3496 = CARTESIAN_POINT('',(-15.92099913812,-35.0100140155));
#3497 = CARTESIAN_POINT('',(-16.71117036635,-33.72674939774));
#3498 = CARTESIAN_POINT('',(-16.75645197994,-33.65319655082));
#3499 = CARTESIAN_POINT('',(-16.8017902832,-33.57952663371));
#3500 = CARTESIAN_POINT('',(-16.84712388254,-33.50584562447));
#3501 = CARTESIAN_POINT('',(-16.89242601249,-33.43219884515));
#3502 = CARTESIAN_POINT('',(-16.93775322468,-33.35848901832));
#3503 = CARTESIAN_POINT('',(-17.30044731983,-32.76853302335));
#3504 = CARTESIAN_POINT('',(-17.61747509467,-32.25188509888));
#3505 = CARTESIAN_POINT('',(-17.9341292385,-31.73485808999));
#3506 = CARTESIAN_POINT('',(-18.25040197471,-31.21745041011));
#3507 = CARTESIAN_POINT('',(-18.56628537025,-30.69966083503));
#3508 = CARTESIAN_POINT('',(-18.88177133566,-30.18148850286));
#3509 = CARTESIAN_POINT('',(-20.38409785956,-27.70897644302));
#3510 = CARTESIAN_POINT('',(-21.56558507403,-25.74957699132));
#3511 = CARTESIAN_POINT('',(-22.74087379535,-23.78471356888));
#3512 = CARTESIAN_POINT('',(-23.90950321155,-21.81444186056));
#3513 = CARTESIAN_POINT('',(-25.07102807621,-19.8389304531));
#3514 = CARTESIAN_POINT('',(-26.22506671774,-17.85846786308));
#3515 = CARTESIAN_POINT('',(-27.4106868813,-15.80533857415));
#3516 = CARTESIAN_POINT('',(-27.45004494376,-15.73716108234));
#3517 = CARTESIAN_POINT('',(-27.48940792588,-15.66895297531));
#3518 = CARTESIAN_POINT('',(-27.5287591436,-15.60074274768));
#3519 = CARTESIAN_POINT('',(-27.56809164353,-15.53254230367));
#3520 = CARTESIAN_POINT('',(-27.60740820291,-15.4643469571));
#3521 = CARTESIAN_POINT('',(-28.89378448265,-13.23237773993));
#3522 = CARTESIAN_POINT('',(-30.13105522619,-11.06309753855));
#3523 = CARTESIAN_POINT('',(-31.35815111647,-8.889016216611));
#3524 = CARTESIAN_POINT('',(-32.57491608865,-6.710983349148));
#3525 = CARTESIAN_POINT('',(-33.78149787516,-4.52984172047));
#3526 = CARTESIAN_POINT('',(-34.97827681082,-2.346302924456));
#3527 = CARTESIAN_POINT('',(-36.36424792646,0.204308438071));
#3528 = CARTESIAN_POINT('',(-36.56246845607,0.569622964933));
#3529 = CARTESIAN_POINT('',(-36.76043199717,0.93498539381));
#3530 = CARTESIAN_POINT('',(-36.95814108079,1.30039311898));
#3531 = CARTESIAN_POINT('',(-37.15559833178,1.665843643505));
#3532 = CARTESIAN_POINT('',(-37.35280646879,2.031334579231));
#3533 = CARTESIAN_POINT('',(-37.58665709062,2.46532322233));
#3534 = CARTESIAN_POINT('',(-37.62357550801,2.53385637248));
#3535 = CARTESIAN_POINT('',(-37.66056604048,2.602536086822));
#3536 = CARTESIAN_POINT('',(-37.69762727818,2.671358935557));
#3537 = CARTESIAN_POINT('',(-37.73473973666,2.740290310219));
#3538 = CARTESIAN_POINT('',(-37.77189167611,2.809309664397));
#3539 = CARTESIAN_POINT('',(-38.45098362309,4.071133339771));
#3540 = CARTESIAN_POINT('',(-39.09973787812,5.280564137866));
#3541 = CARTESIAN_POINT('',(-39.75472802888,6.505376445673));
#3542 = CARTESIAN_POINT('',(-40.41542549066,7.744385293104));
#3543 = CARTESIAN_POINT('',(-41.08139159465,8.996565802968));
#3544 = CARTESIAN_POINT('',(-41.75226206115,10.261033063247));
#3545 = CARTESIAN_POINT('',(-42.42773710219,11.537028511715));
#3546 = ( GEOMETRIC_REPRESENTATION_CONTEXT(2) 
PARAMETRIC_REPRESENTATION_CONTEXT() REPRESENTATION_CONTEXT('2D SPACE',''
  ) );
#3547 = PCURVE('',#3548,#3650);
#3548 = OFFSET_SURFACE('',#3549,-3.,.F.);
#3549 = B_SPLINE_SURFACE_WITH_KNOTS('',2,7,(
    (#3550,#3551,#3552,#3553,#3554,#3555,#3556,#3557,#3558,#3559,#3560
      ,#3561,#3562,#3563,#3564,#3565,#3566,#3567,#3568,#3569)
    ,(#3570,#3571,#3572,#3573,#3574,#3575,#3576,#3577,#3578,#3579,#3580
      ,#3581,#3582,#3583,#3584,#3585,#3586,#3587,#3588,#3589)
    ,(#3590,#3591,#3592,#3593,#3594,#3595,#3596,#3597,#3598,#3599,#3600
      ,#3601,#3602,#3603,#3604,#3605,#3606,#3607,#3608,#3609)
    ,(#3610,#3611,#3612,#3613,#3614,#3615,#3616,#3617,#3618,#3619,#3620
      ,#3621,#3622,#3623,#3624,#3625,#3626,#3627,#3628,#3629)
    ,(#3630,#3631,#3632,#3633,#3634,#3635,#3636,#3637,#3638,#3639,#3640
      ,#3641,#3642,#3643,#3644,#3645,#3646,#3647,#3648,#3649
  )),.UNSPECIFIED.,.F.,.F.,.F.,(3,1,1,3),(8,6,6,8),(-9.125878612703,0.,
    40.,49.125878612703),(-20.83171840419,0.,90.,110.83171840419),
  .UNSPECIFIED.);
#3550 = CARTESIAN_POINT('',(47.473037507227,20.301158994157,
    -20.83171840419));
#3551 = CARTESIAN_POINT('',(44.976889291909,22.349710016617,
    -17.85575863216));
#3552 = CARTESIAN_POINT('',(42.480741076591,24.398261039077,
    -14.87979886014));
#3553 = CARTESIAN_POINT('',(39.984592861273,26.446812061538,
    -11.90383908811));
#3554 = CARTESIAN_POINT('',(37.488444645955,28.495363083998,
    -8.927879316084));
#3555 = CARTESIAN_POINT('',(34.992296430636,30.543914106458,
    -5.951919544056));
#3556 = CARTESIAN_POINT('',(32.496148215318,32.592465128918,
    -2.975959772028));
#3557 = CARTESIAN_POINT('',(19.215803755614,43.491442623361,
    12.857142857143));
#3558 = CARTESIAN_POINT('',(5.497153706016,48.546179745782,
    25.714285714285));
#3559 = CARTESIAN_POINT('',(-9.579087549213,48.659493670775,
    38.571428571429));
#3560 = CARTESIAN_POINT('',(-23.85348533853,43.480069914571,
    51.428571428572));
#3561 = CARTESIAN_POINT('',(-35.16810353628,33.913931657047,
    64.285714285713));
#3562 = CARTESIAN_POINT('',(-42.30777551436,21.698037387314,
    77.142857142857));
#3563 = CARTESIAN_POINT('',(-45.62315180406,5.642482578388,
    92.975959772028));
#3564 = CARTESIAN_POINT('',(-46.25151312936,2.599482684366,
    95.976798434783));
#3565 = CARTESIAN_POINT('',(-46.8850839759,-0.468745644222,
    99.002515988266));
#3566 = CARTESIAN_POINT('',(-47.52386434368,-3.562202407376,
    102.05311243247));
#3567 = CARTESIAN_POINT('',(-48.1678542327,-6.680887605096,
    105.12858776741));
#3568 = CARTESIAN_POINT('',(-48.81705364296,-9.824801237382,
    108.22894199307));
#3569 = CARTESIAN_POINT('',(-49.47146257446,-12.99394330423,
    111.35417510946));
#3570 = CARTESIAN_POINT('',(42.188456014876,22.143273727694,
    -21.86427748083));
#3571 = CARTESIAN_POINT('',(39.551613628151,24.012982145672,
    -18.59330082976));
#3572 = CARTESIAN_POINT('',(36.954408384214,25.854585015928,
    -15.37149365854));
#3573 = CARTESIAN_POINT('',(34.396840283065,27.668082338462,
    -12.19885596715));
#3574 = CARTESIAN_POINT('',(31.878909324704,29.453474113274,
    -9.075387755604));
#3575 = CARTESIAN_POINT('',(29.400615509132,31.210760340364,
    -6.001089023896));
#3576 = CARTESIAN_POINT('',(26.961958836348,32.939941019732,
    -2.975959772028));
#3577 = CARTESIAN_POINT('',(14.198371510728,41.990230406178,
    12.857142857143));
#3578 = CARTESIAN_POINT('',(1.268785149994,45.72089988621,
    25.714285714285));
#3579 = CARTESIAN_POINT('',(-12.71253775432,44.76315053752,
    38.571428571429));
#3580 = CARTESIAN_POINT('',(-25.66109237123,38.81825086882,
    51.428571428572));
#3581 = CARTESIAN_POINT('',(-35.50068338945,28.839417141182,
    64.285714285714));
#3582 = CARTESIAN_POINT('',(-41.09914730847,16.602207492884,
    77.142857142857));
#3583 = CARTESIAN_POINT('',(-42.55513416592,1.023471932253,
    92.975959772028));
#3584 = CARTESIAN_POINT('',(-42.8333202256,-1.953057037171,
    96.001089023896));
#3585 = CARTESIAN_POINT('',(-43.11602783219,-4.977965553043,
    99.075387755604));
#3586 = CARTESIAN_POINT('',(-43.40325698571,-8.051253615365,
    102.19885596715));
#3587 = CARTESIAN_POINT('',(-43.69500768614,-11.17292122413,
    105.37149365854));
#3588 = CARTESIAN_POINT('',(-43.9912799335,-14.34296837935,
    108.59330082976));
#3589 = CARTESIAN_POINT('',(-44.29207372777,-17.56139508102,
    111.86427748083));
#3590 = CARTESIAN_POINT('',(19.291994707491,34.641016151378,
    -23.93152679827));
#3591 = CARTESIAN_POINT('',(16.179015749633,34.641016151378,
    -20.06990748507));
#3592 = CARTESIAN_POINT('',(13.185030029751,34.641016151378,
    -16.35589809541));
#3593 = CARTESIAN_POINT('',(10.310037547847,34.641016151378,
    -12.78949862927));
#3594 = CARTESIAN_POINT('',(7.554038303919,34.641016151378,
    -9.370709086666));
#3595 = CARTESIAN_POINT('',(4.917032297969,34.641016151378,
    -6.099529467583));
#3596 = CARTESIAN_POINT('',(2.399019529996,34.641016151378,
    -2.975959772028));
#3597 = CARTESIAN_POINT('',(-10.36456779562,34.641016151378,
    12.857142857143));
#3598 = CARTESIAN_POINT('',(-20.72861220966,31.022842491299,
    25.714285714285));
#3599 = CARTESIAN_POINT('',(-29.58033766141,23.788591492729,
    38.571428571429));
#3600 = CARTESIAN_POINT('',(-35.39169338365,13.723028120939,
    51.428571428571));
#3601 = CARTESIAN_POINT('',(-37.2308757999,2.440083513119,
    64.285714285714));
#3602 = CARTESIAN_POINT('',(-35.18228389781,-8.344529065433,
    77.142857142857));
#3603 = CARTESIAN_POINT('',(-28.800490235,-19.39811993284,
    92.975959772028));
#3604 = CARTESIAN_POINT('',(-27.54148385101,-21.57878295695,
    96.099529467583));
#3605 = CARTESIAN_POINT('',(-26.22298084804,-23.86249714804,
    99.370709086666));
#3606 = CARTESIAN_POINT('',(-24.84498122607,-26.24926250609,
    102.78949862927));
#3607 = CARTESIAN_POINT('',(-23.40748498512,-28.73907903111,
    106.35589809541));
#3608 = CARTESIAN_POINT('',(-21.91049212518,-31.33194672309,
    110.06990748507));
#3609 = CARTESIAN_POINT('',(-20.35400264625,-34.02786558205,
    113.93152679827));
#3610 = CARTESIAN_POINT('',(-6.937422597827,47.138758575061,
    -21.86427748083));
#3611 = CARTESIAN_POINT('',(-9.574264984552,45.269050157083,
    -18.59330082976));
#3612 = CARTESIAN_POINT('',(-12.17147022848,43.427447286827,
    -15.37149365854));
#3613 = CARTESIAN_POINT('',(-14.72903832963,41.613949964293,
    -12.19885596715));
#3614 = CARTESIAN_POINT('',(-17.24696928799,39.828558189481,
    -9.075387755604));
#3615 = CARTESIAN_POINT('',(-19.72526310357,38.071271962391,
    -6.001089023896));
#3616 = CARTESIAN_POINT('',(-22.16391977635,36.342091283023,
    -2.975959772028));
#3617 = CARTESIAN_POINT('',(-34.92750710197,27.291801896577,
    12.857142857143));
#3618 = CARTESIAN_POINT('',(-42.72600956932,16.324785096389,
    25.714285714285));
#3619 = CARTESIAN_POINT('',(-46.44813756849,2.814032447937,
    38.571428571429));
#3620 = CARTESIAN_POINT('',(-45.12229439608,-11.37219462694,
    51.42857142857));
#3621 = CARTESIAN_POINT('',(-38.96106821034,-23.95925011494,
    64.285714285715));
#3622 = CARTESIAN_POINT('',(-29.26542048714,-33.29126562374,
    77.142857142857));
#3623 = CARTESIAN_POINT('',(-15.04584630407,-39.81971179793,
    92.975959772028));
#3624 = CARTESIAN_POINT('',(-12.32900357161,-41.06706008798,
    96.001089023896));
#3625 = CARTESIAN_POINT('',(-9.568002149451,-42.33468237677,
    99.075387755604));
#3626 = CARTESIAN_POINT('',(-6.762842037576,-43.62257866428,
    102.19885596715));
#3627 = CARTESIAN_POINT('',(-3.913523235992,-44.93074895051,
    105.37149365854));
#3628 = CARTESIAN_POINT('',(-1.020045744699,-46.25919323548,
    108.59330082976));
#3629 = CARTESIAN_POINT('',(1.917590436302,-47.60791151917,
    111.86427748083));
#3630 = CARTESIAN_POINT('',(-13.48264629042,49.34051500397,
    -21.35417510946));
#3631 = CARTESIAN_POINT('',(-15.89999936277,47.189209211403,
    -18.22894199307));
#3632 = CARTESIAN_POINT('',(-18.29810873051,45.055029213855,
    -15.12858776741));
#3633 = CARTESIAN_POINT('',(-20.67697439363,42.937975011324,
    -12.05311243247));
#3634 = CARTESIAN_POINT('',(-23.03659635214,40.838046603811,
    -9.002515988265));
#3635 = CARTESIAN_POINT('',(-25.37697460604,38.755243991315,
    -5.976798434783));
#3636 = CARTESIAN_POINT('',(-27.69810915532,36.689567173838,
    -2.975959772028));
#3637 = CARTESIAN_POINT('',(-39.94493934686,25.790589679394,
    12.857142857143));
#3638 = CARTESIAN_POINT('',(-46.95437812535,13.499505236817,
    25.714285714286));
#3639 = CARTESIAN_POINT('',(-49.58158777361,-1.082310685318,
    38.571428571429));
#3640 = CARTESIAN_POINT('',(-46.92990142878,-16.03401367269,
    51.42857142857));
#3641 = CARTESIAN_POINT('',(-39.29364806352,-29.0337646308,
    64.285714285715));
#3642 = CARTESIAN_POINT('',(-28.05679228125,-38.38709551817,
    77.142857142857));
#3643 = CARTESIAN_POINT('',(-11.97782866594,-44.43872244406,
    92.975959772028));
#3644 = CARTESIAN_POINT('',(-8.955657331884,-45.57617469891,
    95.951919544056));
#3645 = CARTESIAN_POINT('',(-5.933485997826,-46.71362695376,
    98.927879316084));
#3646 = CARTESIAN_POINT('',(-2.911314663768,-47.8510792086,
    101.90383908811));
#3647 = CARTESIAN_POINT('',(0.11085667029,-48.98853146345,
    104.87979886014));
#3648 = CARTESIAN_POINT('',(3.133028004348,-50.1259837183,
    107.85575863216));
#3649 = CARTESIAN_POINT('',(6.155199338406,-51.26343597314,
    110.83171840419));
#3650 = DEFINITIONAL_REPRESENTATION('',(#3651),#3994);
#3651 = B_SPLINE_CURVE_WITH_KNOTS('',11,(#3652,#3653,#3654,#3655,#3656,
    #3657,#3658,#3659,#3660,#3661,#3662,#3663,#3664,#3665,#3666,#3667,
    #3668,#3669,#3670,#3671,#3672,#3673,#3674,#3675,#3676,#3677,#3678,
    #3679,#3680,#3681,#3682,#3683,#3684,#3685,#3686,#3687,#3688,#3689,
    #3690,#3691,#3692,#3693,#3694,#3695,#3696,#3697,#3698,#3699,#3700,
    #3701,#3702,#3703,#3704,#3705,#3706,#3707,#3708,#3709,#3710,#3711,
    #3712,#3713,#3714,#3715,#3716,#3717,#3718,#3719,#3720,#3721,#3722,
    #3723,#3724,#3725,#3726,#3727,#3728,#3729,#3730,#3731,#3732,#3733,
    #3734,#3735,#3736,#3737,#3738,#3739,#3740,#3741,#3742,#3743,#3744,
    #3745,#3746,#3747,#3748,#3749,#3750,#3751,#3752,#3753,#3754,#3755,
    #3756,#3757,#3758,#3759,#3760,#3761,#3762,#3763,#3764,#3765,#3766,
    #3767,#3768,#3769,#3770,#3771,#3772,#3773,#3774,#3775,#3776,#3777,
    #3778,#3779,#3780,#3781,#3782,#3783,#3784,#3785,#3786,#3787,#3788,
    #3789,#3790,#3791,#3792,#3793,#3794,#3795,#3796,#3797,#3798,#3799,
    #3800,#3801,#3802,#3803,#3804,#3805,#3806,#3807,#3808,#3809,#3810,
    #3811,#3812,#3813,#3814,#3815,#3816,#3817,#3818,#3819,#3820,#3821,
    #3822,#3823,#3824,#3825,#3826,#3827,#3828,#3829,#3830,#3831,#3832,
    #3833,#3834,#3835,#3836,#3837,#3838,#3839,#3840,#3841,#3842,#3843,
    #3844,#3845,#3846,#3847,#3848,#3849,#3850,#3851,#3852,#3853,#3854,
    #3855,#3856,#3857,#3858,#3859,#3860,#3861,#3862,#3863,#3864,#3865,
    #3866,#3867,#3868,#3869,#3870,#3871,#3872,#3873,#3874,#3875,#3876,
    #3877,#3878,#3879,#3880,#3881,#3882,#3883,#3884,#3885,#3886,#3887,
    #3888,#3889,#3890,#3891,#3892,#3893,#3894,#3895,#3896,#3897,#3898,
    #3899,#3900,#3901,#3902,#3903,#3904,#3905,#3906,#3907,#3908,#3909,
    #3910,#3911,#3912,#3913,#3914,#3915,#3916,#3917,#3918,#3919,#3920,
    #3921,#3922,#3923,#3924,#3925,#3926,#3927,#3928,#3929,#3930,#3931,
    #3932,#3933,#3934,#3935,#3936,#3937,#3938,#3939,#3940,#3941,#3942,
    #3943,#3944,#3945,#3946,#3947,#3948,#3949,#3950,#3951,#3952,#3953,
    #3954,#3955,#3956,#3957,#3958,#3959,#3960,#3961,#3962,#3963,#3964,
    #3965,#3966,#3967,#3968,#3969,#3970,#3971,#3972,#3973,#3974,#3975,
    #3976,#3977,#3978,#3979,#3980,#3981,#3982,#3983,#3984,#3985,#3986,
    #3987,#3988,#3989,#3990,#3991,#3992,#3993),.UNSPECIFIED.,.F.,.F.,(12
    ,10,10,10,10,10,10,10,10,10,10,10,10,10,10,10,10,10,10,10,10,10,10,
    10,10,10,10,10,10,10,10,10,10,10,12),(0.,0.125,0.15625,0.16015625,
    0.162109375,0.1640625,0.171875,0.1875,0.25,0.375,0.4375,0.46875,
    0.484375,0.4921875,0.49609375,0.498046875,0.5,0.5078125,0.51171875,
    0.515625,0.53125,0.5625,0.625,0.75,0.8125,0.828125,0.8359375,
    0.837890625,0.83984375,0.84375,0.84765625,0.8515625,0.859375,0.875,
    1.),.UNSPECIFIED.);
#3652 = CARTESIAN_POINT('',(49.125878612703,91.649765774173));
#3653 = CARTESIAN_POINT('',(48.516165175357,91.622299963675));
#3654 = CARTESIAN_POINT('',(47.902019809171,91.594327222896));
#3655 = CARTESIAN_POINT('',(47.283369153576,91.565832204735));
#3656 = CARTESIAN_POINT('',(46.660139343302,91.536799857391));
#3657 = CARTESIAN_POINT('',(46.032255890118,91.507215724077));
#3658 = CARTESIAN_POINT('',(45.399643565596,91.477066244181));
#3659 = CARTESIAN_POINT('',(44.762226282387,91.446339052336));
#3660 = CARTESIAN_POINT('',(44.119926977255,91.415023279994));
#3661 = CARTESIAN_POINT('',(43.472667492411,91.383109854487));
#3662 = CARTESIAN_POINT('',(42.820368458188,91.350591800197));
#3663 = CARTESIAN_POINT('',(41.998594354036,91.309182722785));
#3664 = CARTESIAN_POINT('',(41.833919514265,91.300862838552));
#3665 = CARTESIAN_POINT('',(41.668923394394,91.292504814201));
#3666 = CARTESIAN_POINT('',(41.503604726779,91.284108589914));
#3667 = CARTESIAN_POINT('',(41.337962237819,91.275674117537));
#3668 = CARTESIAN_POINT('',(41.171994647038,91.267201360397));
#3669 = CARTESIAN_POINT('',(41.005700668338,91.258690293512));
#3670 = CARTESIAN_POINT('',(40.839079008623,91.250140903421));
#3671 = CARTESIAN_POINT('',(40.672128369027,91.241553188273));
#3672 = CARTESIAN_POINT('',(40.504847444025,91.232927157808));
#3673 = CARTESIAN_POINT('',(40.316283356686,91.223179792786));
#3674 = CARTESIAN_POINT('',(40.29532661022,91.222096153897));
#3675 = CARTESIAN_POINT('',(40.27436467997,91.221011916722));
#3676 = CARTESIAN_POINT('',(40.253397563386,91.219927081359));
#3677 = CARTESIAN_POINT('',(40.232425257854,91.218841647798));
#3678 = CARTESIAN_POINT('',(40.211447760869,91.217755616191));
#3679 = CARTESIAN_POINT('',(40.19046506978,91.216668986504));
#3680 = CARTESIAN_POINT('',(40.169477182093,91.215581758872));
#3681 = CARTESIAN_POINT('',(40.148484095176,91.214493933304));
#3682 = CARTESIAN_POINT('',(40.127485806498,91.213405509889));
#3683 = CARTESIAN_POINT('',(40.095980566951,91.211771978062));
#3684 = CARTESIAN_POINT('',(40.08547721848,91.211227743684));
#3685 = CARTESIAN_POINT('',(40.074973956868,91.21068148113));
#3686 = CARTESIAN_POINT('',(40.064467124775,91.210137851601));
#3687 = CARTESIAN_POINT('',(40.053959723937,91.209593740343));
#3688 = CARTESIAN_POINT('',(40.043452903949,91.209046831234));
#3689 = CARTESIAN_POINT('',(40.032943939722,91.208499754579));
#3690 = CARTESIAN_POINT('',(40.02243146245,91.207955759424));
#3691 = CARTESIAN_POINT('',(40.011917913875,91.20741378466));
#3692 = CARTESIAN_POINT('',(40.001403865088,91.20687098029));
#3693 = CARTESIAN_POINT('',(39.980374052744,91.205787292978));
#3694 = CARTESIAN_POINT('',(39.969858480255,91.20524599245));
#3695 = CARTESIAN_POINT('',(39.959342483652,91.20470510627));
#3696 = CARTESIAN_POINT('',(39.948826270122,91.204164519898));
#3697 = CARTESIAN_POINT('',(39.938310011805,91.20362413298));
#3698 = CARTESIAN_POINT('',(39.927793845847,91.203083859374));
#3699 = CARTESIAN_POINT('',(39.917277874328,91.202543627186));
#3700 = CARTESIAN_POINT('',(39.906762164337,91.202003378672));
#3701 = CARTESIAN_POINT('',(39.896246747913,91.20146307036));
#3702 = CARTESIAN_POINT('',(39.88573162208,91.200922672949));
#3703 = CARTESIAN_POINT('',(39.833157255836,91.198220165052));
#3704 = CARTESIAN_POINT('',(39.791102599005,91.196056245061));
#3705 = CARTESIAN_POINT('',(39.749050411068,91.193889410672));
#3706 = CARTESIAN_POINT('',(39.70699919019,91.191719038227));
#3707 = CARTESIAN_POINT('',(39.664943506627,91.189546728598));
#3708 = CARTESIAN_POINT('',(39.622880140562,91.187373793965));
#3709 = CARTESIAN_POINT('',(39.580812771894,91.185199464213));
#3710 = CARTESIAN_POINT('',(39.538749625139,91.18302190335));
#3711 = CARTESIAN_POINT('',(39.496695257066,91.180841146589));
#3712 = CARTESIAN_POINT('',(39.454644457469,91.178660079826));
#3713 = CARTESIAN_POINT('',(39.328490136771,91.172109643551));
#3714 = CARTESIAN_POINT('',(39.244390324272,91.167734486518));
#3715 = CARTESIAN_POINT('',(39.160293575319,91.163351137216));
#3716 = CARTESIAN_POINT('',(39.076199885539,91.158959602852));
#3717 = CARTESIAN_POINT('',(38.99210925045,91.154559890681));
#3718 = CARTESIAN_POINT('',(38.908021665762,91.150152007941));
#3719 = CARTESIAN_POINT('',(38.823937126919,91.145735961818));
#3720 = CARTESIAN_POINT('',(38.739855629658,91.14131175962));
#3721 = CARTESIAN_POINT('',(38.655777169461,91.136879408506));
#3722 = CARTESIAN_POINT('',(38.571701741982,91.132438915758));
#3723 = CARTESIAN_POINT('',(38.151339746014,91.110195779899));
#3724 = CARTESIAN_POINT('',(37.815098581086,91.092271161251));
#3725 = CARTESIAN_POINT('',(37.478905540492,91.074216984159));
#3726 = CARTESIAN_POINT('',(37.142760280221,91.056033896297));
#3727 = CARTESIAN_POINT('',(36.806662419613,91.037722640507));
#3728 = CARTESIAN_POINT('',(36.470611541584,91.019284056449));
#3729 = CARTESIAN_POINT('',(36.134607192353,91.000719078398));
#3730 = CARTESIAN_POINT('',(35.798648881711,90.982028737633));
#3731 = CARTESIAN_POINT('',(35.462736082805,90.963214160323));
#3732 = CARTESIAN_POINT('',(35.126868232279,90.944276569047));
#3733 = CARTESIAN_POINT('',(34.119397726045,90.88709870767));
#3734 = CARTESIAN_POINT('',(33.447928128459,90.848493537849));
#3735 = CARTESIAN_POINT('',(32.776631243672,90.809412329818));
#3736 = CARTESIAN_POINT('',(32.105501765233,90.769867440753));
#3737 = CARTESIAN_POINT('',(31.434533773868,90.729873026915));
#3738 = CARTESIAN_POINT('',(30.76372073772,90.689445044853));
#3739 = CARTESIAN_POINT('',(30.093055512025,90.648601249804));
#3740 = CARTESIAN_POINT('',(29.422530339468,90.607361197426));
#3741 = CARTESIAN_POINT('',(28.752136849865,90.565746242271));
#3742 = CARTESIAN_POINT('',(28.081866060392,90.52377953887));
#3743 = CARTESIAN_POINT('',(27.076629532986,90.460339292252));
#3744 = CARTESIAN_POINT('',(26.741578977265,90.43911083758));
#3745 = CARTESIAN_POINT('',(26.406555510983,90.41780380969));
#3746 = CARTESIAN_POINT('',(26.071557905345,90.396421441524));
#3747 = CARTESIAN_POINT('',(25.736584900125,90.374967066715));
#3748 = CARTESIAN_POINT('',(25.401635203571,90.353444118969));
#3749 = CARTESIAN_POINT('',(25.066707492539,90.33185613296));
#3750 = CARTESIAN_POINT('',(24.731800412337,90.310206743299));
#3751 = CARTESIAN_POINT('',(24.396912576875,90.288499685491));
#3752 = CARTESIAN_POINT('',(24.062042568546,90.266738795215));
#3753 = CARTESIAN_POINT('',(23.559762123182,90.234022615535));
#3754 = CARTESIAN_POINT('',(23.392339412582,90.223104714055));
#3755 = CARTESIAN_POINT('',(23.224920620266,90.212174815168));
#3756 = CARTESIAN_POINT('',(23.057505559914,90.201233429572));
#3757 = CARTESIAN_POINT('',(22.89009404537,90.190281068247));
#3758 = CARTESIAN_POINT('',(22.722685890231,90.17931824177));
#3759 = CARTESIAN_POINT('',(22.555280908388,90.168345461169));
#3760 = CARTESIAN_POINT('',(22.387878913449,90.15736323707));
#3761 = CARTESIAN_POINT('',(22.220479719244,90.146372080387));
#3762 = CARTESIAN_POINT('',(22.053083139463,90.135372501867));
#3763 = CARTESIAN_POINT('',(21.801991912066,90.118861267571));
#3764 = CARTESIAN_POINT('',(21.71829544175,90.113355550868));
#3765 = CARTESIAN_POINT('',(21.634599552658,90.107847929641));
#3766 = CARTESIAN_POINT('',(21.550904220474,90.102338471123));
#3767 = CARTESIAN_POINT('',(21.467209420989,90.096827242887));
#3768 = CARTESIAN_POINT('',(21.383515129841,90.091314312024));
#3769 = CARTESIAN_POINT('',(21.299821322839,90.085799746164));
#3770 = CARTESIAN_POINT('',(21.216127975643,90.080283612453));
#3771 = CARTESIAN_POINT('',(21.132435064013,90.074765978386));
#3772 = CARTESIAN_POINT('',(21.048742563658,90.069246911257));
#3773 = CARTESIAN_POINT('',(20.92320439363,90.06096626205));
#3774 = CARTESIAN_POINT('',(20.881358433607,90.058205704525));
#3775 = CARTESIAN_POINT('',(20.839512567145,90.055444814498));
#3776 = CARTESIAN_POINT('',(20.797666791167,90.052683600551));
#3777 = CARTESIAN_POINT('',(20.755821102559,90.049922071328));
#3778 = CARTESIAN_POINT('',(20.713975498275,90.047160235401));
#3779 = CARTESIAN_POINT('',(20.672129975173,90.044398101403));
#3780 = CARTESIAN_POINT('',(20.630284530217,90.041635677933));
#3781 = CARTESIAN_POINT('',(20.588439160278,90.038872973596));
#3782 = CARTESIAN_POINT('',(20.546593862292,90.036109997006));
#3783 = CARTESIAN_POINT('',(20.483826018594,90.03196513665));
#3784 = CARTESIAN_POINT('',(20.462903421239,90.030583450634));
#3785 = CARTESIAN_POINT('',(20.441980840701,90.02920169982));
#3786 = CARTESIAN_POINT('',(20.421058276603,90.027819885256));
#3787 = CARTESIAN_POINT('',(20.400135728536,90.026438008111));
#3788 = CARTESIAN_POINT('',(20.379213196139,90.025056069337));
#3789 = CARTESIAN_POINT('',(20.358290678991,90.023674070195));
#3790 = CARTESIAN_POINT('',(20.337368176735,90.022292011594));
#3791 = CARTESIAN_POINT('',(20.316445688957,90.020909894763));
#3792 = CARTESIAN_POINT('',(20.295523215283,90.019527720699));
#3793 = CARTESIAN_POINT('',(20.264139525336,90.01745437545));
#3794 = CARTESIAN_POINT('',(20.253678298781,90.016763246322));
#3795 = CARTESIAN_POINT('',(20.243217075603,90.016072103371));
#3796 = CARTESIAN_POINT('',(20.232755855759,90.015380946499));
#3797 = CARTESIAN_POINT('',(20.22229463919,90.0146897763));
#3798 = CARTESIAN_POINT('',(20.211833425862,90.013998592231));
#3799 = CARTESIAN_POINT('',(20.201372215707,90.013307395219));
#3800 = CARTESIAN_POINT('',(20.190911008696,90.012616184672));
#3801 = CARTESIAN_POINT('',(20.180449804766,90.011924961255));
#3802 = CARTESIAN_POINT('',(20.169988603875,90.011233724811));
#3803 = CARTESIAN_POINT('',(20.14906620807,90.009851226375));
#3804 = CARTESIAN_POINT('',(20.138604697306,90.009160734223));
#3805 = CARTESIAN_POINT('',(20.128145217912,90.008465285164));
#3806 = CARTESIAN_POINT('',(20.117679939156,90.007783966477));
#3807 = CARTESIAN_POINT('',(20.107223741077,90.007080508251));
#3808 = CARTESIAN_POINT('',(20.096760867849,90.006393315279));
#3809 = CARTESIAN_POINT('',(20.086295439616,90.005712344653));
#3810 = CARTESIAN_POINT('',(20.075841775744,90.005002692846));
#3811 = CARTESIAN_POINT('',(20.065375171177,90.004324579079));
#3812 = CARTESIAN_POINT('',(20.054914845654,90.003631154074));
#3813 = CARTESIAN_POINT('',(20.002619772184,90.00014802963));
#3814 = CARTESIAN_POINT('',(19.960811210325,89.997294428793));
#3815 = CARTESIAN_POINT('',(19.919021119079,89.994395764073));
#3816 = CARTESIAN_POINT('',(19.877241986253,89.991470374483));
#3817 = CARTESIAN_POINT('',(19.835467813918,89.988532900537));
#3818 = CARTESIAN_POINT('',(19.793694118138,89.985594284426));
#3819 = CARTESIAN_POINT('',(19.751917929351,89.982661769801));
#3820 = CARTESIAN_POINT('',(19.710137791931,89.979738901985));
#3821 = CARTESIAN_POINT('',(19.668353764603,89.976825527806));
#3822 = CARTESIAN_POINT('',(19.626567420121,89.973917795708));
#3823 = CARTESIAN_POINT('',(19.563889058144,89.969553335672));
#3824 = CARTESIAN_POINT('',(19.542996993526,89.968096739468));
#3825 = CARTESIAN_POINT('',(19.522100727715,89.966650434747));
#3826 = CARTESIAN_POINT('',(19.501224476072,89.965155077807));
#3827 = CARTESIAN_POINT('',(19.480310614178,89.963751917647));
#3828 = CARTESIAN_POINT('',(19.45944069364,89.962241029465));
#3829 = CARTESIAN_POINT('',(19.438535071379,89.960817676433));
#3830 = CARTESIAN_POINT('',(19.417650009359,89.959343910314));
#3831 = CARTESIAN_POINT('',(19.39675674,89.957890270008));
#3832 = CARTESIAN_POINT('',(19.375865519037,89.956431607041));
#3833 = CARTESIAN_POINT('',(19.334082547532,89.953515580814));
#3834 = CARTESIAN_POINT('',(19.313191048041,89.952057601886));
#3835 = CARTESIAN_POINT('',(19.292299534281,89.950599658517));
#3836 = CARTESIAN_POINT('',(19.271408005697,89.949141751981));
#3837 = CARTESIAN_POINT('',(19.250516461781,89.947683883776));
#3838 = CARTESIAN_POINT('',(19.229624901958,89.946226055024));
#3839 = CARTESIAN_POINT('',(19.208733325728,89.944768267337));
#3840 = CARTESIAN_POINT('',(19.187841732523,89.943310521822));
#3841 = CARTESIAN_POINT('',(19.166950121825,89.941852819999));
#3842 = CARTESIAN_POINT('',(19.146058493087,89.940395163123));
#3843 = CARTESIAN_POINT('',(19.041600256523,89.933107110397));
#3844 = CARTESIAN_POINT('',(18.958033369875,89.927277409873));
#3845 = CARTESIAN_POINT('',(18.874466151575,89.92144853697));
#3846 = CARTESIAN_POINT('',(18.790898567368,89.915620577541));
#3847 = CARTESIAN_POINT('',(18.707330582996,89.909793617643));
#3848 = CARTESIAN_POINT('',(18.623762164212,89.90396774302));
#3849 = CARTESIAN_POINT('',(18.540193276748,89.898143039822));
#3850 = CARTESIAN_POINT('',(18.456623886362,89.892319593759));
#3851 = CARTESIAN_POINT('',(18.373053958789,89.886497490933));
#3852 = CARTESIAN_POINT('',(18.289483459779,89.880676817164));
#3853 = CARTESIAN_POINT('',(18.038770145668,89.863219340964));
#3854 = CARTESIAN_POINT('',(17.871625506903,89.851587099136));
#3855 = CARTESIAN_POINT('',(17.704478170844,89.839961605942));
#3856 = CARTESIAN_POINT('',(17.537327869504,89.828343534139));
#3857 = CARTESIAN_POINT('',(17.370174334994,89.81673355691));
#3858 = CARTESIAN_POINT('',(17.203017299281,89.805132346854));
#3859 = CARTESIAN_POINT('',(17.035856494497,89.793540577204));
#3860 = CARTESIAN_POINT('',(16.868691652624,89.781958920637));
#3861 = CARTESIAN_POINT('',(16.701522505752,89.770388050226));
#3862 = CARTESIAN_POINT('',(16.53434878591,89.758828638817));
#3863 = CARTESIAN_POINT('',(16.032813103643,89.72418680044));
#3864 = CARTESIAN_POINT('',(15.698436666313,89.701140653515));
#3865 = CARTESIAN_POINT('',(15.364038799849,89.678148230391));
#3866 = CARTESIAN_POINT('',(15.029617430949,89.655214744976));
#3867 = CARTESIAN_POINT('',(14.695170526408,89.632345313122));
#3868 = CARTESIAN_POINT('',(14.360696092981,89.609544952997));
#3869 = CARTESIAN_POINT('',(14.02619217756,89.586818584441));
#3870 = CARTESIAN_POINT('',(13.69165686699,89.564171029822));
#3871 = CARTESIAN_POINT('',(13.357088288221,89.541607013144));
#3872 = CARTESIAN_POINT('',(13.02248460821,89.519131160776));
#3873 = CARTESIAN_POINT('',(12.018562885493,89.45198168142));
#3874 = CARTESIAN_POINT('',(11.349134229862,89.407585930032));
#3875 = CARTESIAN_POINT('',(10.67954381013,89.36359681129));
#3876 = CARTESIAN_POINT('',(10.009778224199,89.320048252841));
#3877 = CARTESIAN_POINT('',(9.339824962001,89.276971971007));
#3878 = CARTESIAN_POINT('',(8.66967244248,89.234397397433));
#3879 = CARTESIAN_POINT('',(7.999310050866,89.192351603966));
#3880 = CARTESIAN_POINT('',(7.328728175602,89.150859229793));
#3881 = CARTESIAN_POINT('',(6.657918245609,89.109942406172));
#3882 = CARTESIAN_POINT('',(5.986872767276,89.069620683282));
#3883 = CARTESIAN_POINT('',(4.979941658818,89.010056091701));
#3884 = CARTESIAN_POINT('',(4.644237590829,88.990354252663));
#3885 = CARTESIAN_POINT('',(4.308472082127,88.970807555954));
#3886 = CARTESIAN_POINT('',(3.972644334222,88.951417977391));
#3887 = CARTESIAN_POINT('',(3.636753750655,88.932187348724));
#3888 = CARTESIAN_POINT('',(3.300799861882,88.913117354786));
#3889 = CARTESIAN_POINT('',(2.964782250294,88.894209531235));
#3890 = CARTESIAN_POINT('',(2.628700475082,88.875465261735));
#3891 = CARTESIAN_POINT('',(2.292553997246,88.856885775545));
#3892 = CARTESIAN_POINT('',(1.956342104492,88.838472144883));
#3893 = CARTESIAN_POINT('',(1.535994269127,88.815663566751));
#3894 = CARTESIAN_POINT('',(1.451920536778,88.811112276978));
#3895 = CARTESIAN_POINT('',(1.367842640539,88.806571426237));
#3896 = CARTESIAN_POINT('',(1.283760581797,88.802041027748));
#3897 = CARTESIAN_POINT('',(1.199674361941,88.797521094635));
#3898 = CARTESIAN_POINT('',(1.115583982355,88.79301164019));
#3899 = CARTESIAN_POINT('',(1.031489444428,88.788512677478));
#3900 = CARTESIAN_POINT('',(0.947390749547,88.784024219809));
#3901 = CARTESIAN_POINT('',(0.863287899097,88.779546280277));
#3902 = CARTESIAN_POINT('',(0.779180894467,88.775078872131));
#3903 = CARTESIAN_POINT('',(0.653014158332,88.768393576731));
#3904 = CARTESIAN_POINT('',(0.610957544713,88.766167780642));
#3905 = CARTESIAN_POINT('',(0.568899897128,88.763944621494));
#3906 = CARTESIAN_POINT('',(0.526841216513,88.761724100685));
#3907 = CARTESIAN_POINT('',(0.484781503809,88.759506219286));
#3908 = CARTESIAN_POINT('',(0.442720759955,88.757290978846));
#3909 = CARTESIAN_POINT('',(0.400658985889,88.755078380367));
#3910 = CARTESIAN_POINT('',(0.358596182549,88.752868425355));
#3911 = CARTESIAN_POINT('',(0.316532350876,88.750661114936));
#3912 = CARTESIAN_POINT('',(0.274467491808,88.748456450471));
#3913 = CARTESIAN_POINT('',(0.221885134903,88.745703928886));
#3914 = CARTESIAN_POINT('',(0.211368599373,88.745153590016));
#3915 = CARTESIAN_POINT('',(0.20085199971,88.744603416568));
#3916 = CARTESIAN_POINT('',(0.19033533593,88.744053408675));
#3917 = CARTESIAN_POINT('',(0.179818608048,88.743503566128));
#3918 = CARTESIAN_POINT('',(0.16930181608,88.742953889287));
#3919 = CARTESIAN_POINT('',(0.158784960042,88.742404377757));
#3920 = CARTESIAN_POINT('',(0.148268039949,88.741855031953));
#3921 = CARTESIAN_POINT('',(0.137751055817,88.741305851588));
#3922 = CARTESIAN_POINT('',(0.127234007663,88.74075683686));
#3923 = CARTESIAN_POINT('',(0.106199783339,88.739659138554));
#3924 = CARTESIAN_POINT('',(9.568246123263E-02,88.73911041298));
#3925 = CARTESIAN_POINT('',(8.516512745879E-02,88.738561791409));
#3926 = CARTESIAN_POINT('',(7.46487686608E-02,88.738013872377));
#3927 = CARTESIAN_POINT('',(6.413179353284E-02,88.737465950431));
#3928 = CARTESIAN_POINT('',(5.361248876494E-02,88.736917133155));
#3929 = CARTESIAN_POINT('',(4.309130017004E-02,88.736367497486));
#3930 = CARTESIAN_POINT('',(3.257021493625E-02,88.735817889584));
#3931 = CARTESIAN_POINT('',(2.204979395624E-02,88.735268552797));
#3932 = CARTESIAN_POINT('',(1.152767621232E-02,88.734718375213));
#3933 = CARTESIAN_POINT('',(-2.003840180765E-02,88.733067639587));
#3934 = CARTESIAN_POINT('',(-4.108340890879E-02,88.731966193009));
#3935 = CARTESIAN_POINT('',(-6.212873538033E-02,88.730863992154));
#3936 = CARTESIAN_POINT('',(-8.31738817393E-02,88.729761229079));
#3937 = CARTESIAN_POINT('',(-0.104218484738,88.728658086373));
#3938 = CARTESIAN_POINT('',(-0.125262317361,88.727554736453));
#3939 = CARTESIAN_POINT('',(-0.146305288832,88.726451342607));
#3940 = CARTESIAN_POINT('',(-0.167347444604,88.725348057779));
#3941 = CARTESIAN_POINT('',(-0.188388966369,88.724245025697));
#3942 = CARTESIAN_POINT('',(-0.209430172051,88.723142380038));
#3943 = CARTESIAN_POINT('',(-0.251512859567,88.720938109791));
#3944 = CARTESIAN_POINT('',(-0.272554477373,88.719836384596));
#3945 = CARTESIAN_POINT('',(-0.293595461229,88.718735447411));
#3946 = CARTESIAN_POINT('',(-0.314637151384,88.717635084182));
#3947 = CARTESIAN_POINT('',(-0.335680108196,88.716535225465));
#3948 = CARTESIAN_POINT('',(-0.356723693027,88.715436038411));
#3949 = CARTESIAN_POINT('',(-0.377767042215,88.714337673206));
#3950 = CARTESIAN_POINT('',(-0.398810218156,88.713239961901));
#3951 = CARTESIAN_POINT('',(-0.419854321564,88.712142369229));
#3952 = CARTESIAN_POINT('',(-0.440899348939,88.711044493262));
#3953 = CARTESIAN_POINT('',(-0.482977809651,88.708850337242));
#3954 = CARTESIAN_POINT('',(-0.504012343608,88.707753926035));
#3955 = CARTESIAN_POINT('',(-0.525042184863,88.706658181871));
#3956 = CARTESIAN_POINT('',(-0.546067337114,88.705563104838));
#3957 = CARTESIAN_POINT('',(-0.567087804058,88.704468695359));
#3958 = CARTESIAN_POINT('',(-0.588103589392,88.703374953293));
#3959 = CARTESIAN_POINT('',(-0.609114696814,88.702281879246));
#3960 = CARTESIAN_POINT('',(-0.63012113002,88.701189473038));
#3961 = CARTESIAN_POINT('',(-0.65112289271,88.700097735143));
#3962 = CARTESIAN_POINT('',(-0.672119988579,88.699006665612));
#3963 = CARTESIAN_POINT('',(-0.735097286817,88.69573546288));
#3964 = CARTESIAN_POINT('',(-0.777063500258,88.693557335655));
#3965 = CARTESIAN_POINT('',(-0.819011090628,88.691381884402));
#3966 = CARTESIAN_POINT('',(-0.860940086905,88.689209110508));
#3967 = CARTESIAN_POINT('',(-0.902850518068,88.687039015336));
#3968 = CARTESIAN_POINT('',(-0.944742413094,88.684871600259));
#3969 = CARTESIAN_POINT('',(-0.986615800964,88.682706866688));
#3970 = CARTESIAN_POINT('',(-1.028470710654,88.680544815939));
#3971 = CARTESIAN_POINT('',(-1.070307171145,88.678385449449));
#3972 = CARTESIAN_POINT('',(-1.112125211414,88.676228768554));
#3973 = CARTESIAN_POINT('',(-1.237524158494,88.669766786835));
#3974 = CARTESIAN_POINT('',(-1.321049918629,88.665469548422));
#3975 = CARTESIAN_POINT('',(-1.404502350603,88.661183067656));
#3976 = CARTESIAN_POINT('',(-1.487881664172,88.656907352789));
#3977 = CARTESIAN_POINT('',(-1.57118806909,88.652642412057));
#3978 = CARTESIAN_POINT('',(-1.654421775116,88.648388253715));
#3979 = CARTESIAN_POINT('',(-1.737582992002,88.644144886011));
#3980 = CARTESIAN_POINT('',(-1.820671929507,88.639912317181));
#3981 = CARTESIAN_POINT('',(-1.903688797386,88.635690555484));
#3982 = CARTESIAN_POINT('',(-1.986633805394,88.631479609159));
#3983 = CARTESIAN_POINT('',(-2.732494026436,88.593678504826));
#3984 = CARTESIAN_POINT('',(-3.390893719108,88.560770072513));
#3985 = CARTESIAN_POINT('',(-4.04480972214,88.528557318622));
#3986 = CARTESIAN_POINT('',(-4.694343431655,88.49704097047));
#3987 = CARTESIAN_POINT('',(-5.339591113097,88.466219711893));
#3988 = CARTESIAN_POINT('',(-5.980643335364,88.436090416009));
#3989 = CARTESIAN_POINT('',(-6.61758593186,88.406648303069));
#3990 = CARTESIAN_POINT('',(-7.250501534462,88.377887066555));
#3991 = CARTESIAN_POINT('',(-7.879470727327,88.349799019497));
#3992 = CARTESIAN_POINT('',(-8.504571866589,88.322375304343));
#3993 = CARTESIAN_POINT('',(-9.125878612703,88.295606216758));
#3994 = ( GEOMETRIC_REPRESENTATION_CONTEXT(2) 
PARAMETRIC_REPRESENTATION_CONTEXT() REPRESENTATION_CONTEXT('2D SPACE',''
  ) );
#3995 = ADVANCED_FACE('',(#3996),#700,.F.);
#3996 = FACE_BOUND('',#3997,.F.);
#3997 = EDGE_LOOP('',(#3998,#3999,#4139,#4224));
#3998 = ORIENTED_EDGE('',*,*,#576,.T.);
#3999 = ORIENTED_EDGE('',*,*,#4000,.F.);
#4000 = EDGE_CURVE('',#4001,#579,#4003,.T.);
#4001 = VERTEX_POINT('',#4002);
#4002 = CARTESIAN_POINT('',(36.164892046329,2.528892518119,3.));
#4003 = SURFACE_CURVE('',#4004,(#4047,#4093),.PCURVE_S1.);
#4004 = B_SPLINE_CURVE_WITH_KNOTS('',5,(#4005,#4006,#4007,#4008,#4009,
    #4010,#4011,#4012,#4013,#4014,#4015,#4016,#4017,#4018,#4019,#4020,
    #4021,#4022,#4023,#4024,#4025,#4026,#4027,#4028,#4029,#4030,#4031,
    #4032,#4033,#4034,#4035,#4036,#4037,#4038,#4039,#4040,#4041,#4042,
    #4043,#4044,#4045,#4046),.UNSPECIFIED.,.F.,.F.,(6,4,4,4,4,4,4,4,4,4,
    6),(0.,0.123375086259,0.246750174083,0.370125165968,0.493090296591,
    0.616465310092,0.739430419395,0.86280550987,0.985770520904,
    0.98941472287,1.),.UNSPECIFIED.);
#4005 = CARTESIAN_POINT('',(36.240881716086,0.945191498443,1.12048598772
    ));
#4006 = CARTESIAN_POINT('',(36.192573490015,2.797433552423,3.31674103416
    ));
#4007 = CARTESIAN_POINT('',(36.025922427822,4.646584058386,
    5.513009053911));
#4008 = CARTESIAN_POINT('',(35.741205009163,6.482564634493,
    7.709267396431));
#4009 = CARTESIAN_POINT('',(35.339975492253,8.295347633984,
    9.905535038117));
#4010 = CARTESIAN_POINT('',(34.310102849826,11.855118442469,
    14.298056585758));
#4011 = CARTESIAN_POINT('',(33.681457115693,13.602115216943,
    16.494321549916));
#4012 = CARTESIAN_POINT('',(32.94190516122,15.30652197348,
    18.690574038394));
#4013 = CARTESIAN_POINT('',(32.095483592335,16.959025625821,
    20.886836343832));
#4014 = CARTESIAN_POINT('',(30.199236975276,20.142873572596,
    25.279347728161));
#4015 = CARTESIAN_POINT('',(29.149407195547,21.674226111728,
    27.475608045097));
#4016 = CARTESIAN_POINT('',(28.00303628155,23.136330669589,
    29.67185828731));
#4017 = CARTESIAN_POINT('',(26.766387217443,24.521202260693,
    31.868120259637));
#4018 = CARTESIAN_POINT('',(24.131304561702,27.117989178191,
    36.25333877108));
#4019 = CARTESIAN_POINT('',(22.733415385769,28.330470357553,
    38.442306438977));
#4020 = CARTESIAN_POINT('',(21.2601071947,29.452183866119,
    40.631264691912));
#4021 = CARTESIAN_POINT('',(19.719374036305,30.477045998919,
    42.820233844948));
#4022 = CARTESIAN_POINT('',(16.515042380565,32.326153426706,
    47.205457673674));
#4023 = CARTESIAN_POINT('',(14.851043314287,33.149723308226,
    49.401723446319));
#4024 = CARTESIAN_POINT('',(13.136621116183,33.865724057871,
    51.59797813638));
#4025 = CARTESIAN_POINT('',(11.381138147517,34.470243339635,
    53.794242404834));
#4026 = CARTESIAN_POINT('',(7.813460049728,35.449343035772,
    58.179460881703));
#4027 = CARTESIAN_POINT('',(6.001463687994,35.824683236374,
    60.368426231049));
#4028 = CARTESIAN_POINT('',(4.167980955497,36.083979897511,
    62.557380037335));
#4029 = CARTESIAN_POINT('',(2.322959537832,36.225824385416,
    64.74634375218));
#4030 = CARTESIAN_POINT('',(-1.376323019802,36.274431053482,
    69.131558677718));
#4031 = CARTESIAN_POINT('',(-3.230603912233,36.180408016964,
    71.327821034685));
#4032 = CARTESIAN_POINT('',(-5.076348669428,35.967885278298,
    73.524073579041));
#4033 = CARTESIAN_POINT('',(-6.903474114746,35.638027902105,
    75.720338602025));
#4034 = CARTESIAN_POINT('',(-10.49490338957,34.749976685912,
    80.105560264938));
#4035 = CARTESIAN_POINT('',(-12.25940480279,34.19254324157,
    82.294527860079));
#4036 = CARTESIAN_POINT('',(-13.98597773435,33.523363423016,
    84.483486329418));
#4037 = CARTESIAN_POINT('',(-15.66525527904,32.746068438508,
    86.672454282526));
#4038 = CARTESIAN_POINT('',(-17.33656260646,31.839307268445,
    88.926281515249));
#4039 = CARTESIAN_POINT('',(-17.3860588605,31.812355732712,
    88.993126046716));
#4040 = CARTESIAN_POINT('',(-17.43392745578,31.786287122442,
    89.058008632224));
#4041 = CARTESIAN_POINT('',(-17.48252993763,31.759735958986,
    89.123991874371));
#4042 = CARTESIAN_POINT('',(-17.67134249938,31.656414674662,
    89.38099366151));
#4043 = CARTESIAN_POINT('',(-17.81106883007,31.579516508279,
    89.572517070493));
#4044 = CARTESIAN_POINT('',(-17.95006586147,31.502602507061,
    89.764377563001));
#4045 = CARTESIAN_POINT('',(-18.08833598262,31.425694569409,
    89.956571607776));
#4046 = CARTESIAN_POINT('',(-18.22588236648,31.348814628949,
    90.149095422943));
#4047 = PCURVE('',#700,#4048);
#4048 = DEFINITIONAL_REPRESENTATION('',(#4049),#4092);
#4049 = B_SPLINE_CURVE_WITH_KNOTS('',5,(#4050,#4051,#4052,#4053,#4054,
    #4055,#4056,#4057,#4058,#4059,#4060,#4061,#4062,#4063,#4064,#4065,
    #4066,#4067,#4068,#4069,#4070,#4071,#4072,#4073,#4074,#4075,#4076,
    #4077,#4078,#4079,#4080,#4081,#4082,#4083,#4084,#4085,#4086,#4087,
    #4088,#4089,#4090,#4091),.UNSPECIFIED.,.F.,.F.,(6,4,4,4,4,4,4,4,4,4,
    6),(0.,0.123375086259,0.246750174083,0.370125165968,0.493090296591,
    0.616465310092,0.739430419395,0.86280550987,0.985770520904,
    0.98941472287,1.),.UNSPECIFIED.);
#4050 = CARTESIAN_POINT('',(2.69811899105,0.));
#4051 = CARTESIAN_POINT('',(2.698109439299,2.196268651287));
#4052 = CARTESIAN_POINT('',(2.69811140607,4.392536832122));
#4053 = CARTESIAN_POINT('',(2.698114865156,6.588789866387));
#4054 = CARTESIAN_POINT('',(2.698117958831,8.785051588055));
#4055 = CARTESIAN_POINT('',(2.69812221274,13.177563492966));
#4056 = CARTESIAN_POINT('',(2.698123376732,15.373824754482));
#4057 = CARTESIAN_POINT('',(2.698123203329,17.57007649916));
#4058 = CARTESIAN_POINT('',(2.698122665723,19.766340191176));
#4059 = CARTESIAN_POINT('',(2.698121365365,24.158856589365));
#4060 = CARTESIAN_POINT('',(2.698120612834,26.355120540197));
#4061 = CARTESIAN_POINT('',(2.698120129534,28.551374467982));
#4062 = CARTESIAN_POINT('',(2.698119810328,30.747639077366));
#4063 = CARTESIAN_POINT('',(2.698119161301,35.132860440322));
#4064 = CARTESIAN_POINT('',(2.69811883779,37.321828326357));
#4065 = CARTESIAN_POINT('',(2.698118342536,39.510785355218));
#4066 = CARTESIAN_POINT('',(2.698117588732,41.699752428775));
#4067 = CARTESIAN_POINT('',(2.698116011178,46.084971701314));
#4068 = CARTESIAN_POINT('',(2.698115185287,48.28123498906));
#4069 = CARTESIAN_POINT('',(2.698114514434,50.477487665392));
#4070 = CARTESIAN_POINT('',(2.698114458895,52.67375097448));
#4071 = CARTESIAN_POINT('',(2.698115779079,57.05896944278));
#4072 = CARTESIAN_POINT('',(2.698117142771,59.247935736449));
#4073 = CARTESIAN_POINT('',(2.69811934528,61.436891398591));
#4074 = CARTESIAN_POINT('',(2.69812199233,63.625857165653));
#4075 = CARTESIAN_POINT('',(2.698126448027,68.011075429212));
#4076 = CARTESIAN_POINT('',(2.698128249501,70.207339081121));
#4077 = CARTESIAN_POINT('',(2.698128868073,72.403591933949));
#4078 = CARTESIAN_POINT('',(2.698126966932,74.599856083402));
#4079 = CARTESIAN_POINT('',(2.69811972551,78.985075170224));
#4080 = CARTESIAN_POINT('',(2.698114405627,81.174041086173));
#4081 = CARTESIAN_POINT('',(2.69810825896,83.362997981322));
#4082 = CARTESIAN_POINT('',(2.69810447716,85.551966404561));
#4083 = CARTESIAN_POINT('',(2.698113611138,87.805794825608));
#4084 = CARTESIAN_POINT('',(2.69807552599,87.872637254818));
#4085 = CARTESIAN_POINT('',(2.697822553384,87.937505762402));
#4086 = CARTESIAN_POINT('',(2.697510892791,88.003471656444));
#4087 = CARTESIAN_POINT('',(2.695773143977,88.260376682398));
#4088 = CARTESIAN_POINT('',(2.693479534668,88.451772336429));
#4089 = CARTESIAN_POINT('',(2.690173012326,88.643448636827));
#4090 = CARTESIAN_POINT('',(2.685841794109,88.835401416534));
#4091 = CARTESIAN_POINT('',(2.680474325454,89.027626284703));
#4092 = ( GEOMETRIC_REPRESENTATION_CONTEXT(2) 
PARAMETRIC_REPRESENTATION_CONTEXT() REPRESENTATION_CONTEXT('2D SPACE',''
  ) );
#4093 = PCURVE('',#1270,#4094);
#4094 = DEFINITIONAL_REPRESENTATION('',(#4095),#4138);
#4095 = B_SPLINE_CURVE_WITH_KNOTS('',5,(#4096,#4097,#4098,#4099,#4100,
    #4101,#4102,#4103,#4104,#4105,#4106,#4107,#4108,#4109,#4110,#4111,
    #4112,#4113,#4114,#4115,#4116,#4117,#4118,#4119,#4120,#4121,#4122,
    #4123,#4124,#4125,#4126,#4127,#4128,#4129,#4130,#4131,#4132,#4133,
    #4134,#4135,#4136,#4137),.UNSPECIFIED.,.F.,.F.,(6,4,4,4,4,4,4,4,4,4,
    6),(0.,0.123375086259,0.246750174083,0.370125165968,0.493090296591,
    0.616465310092,0.739430419395,0.86280550987,0.985770520904,
    0.98941472287,1.),.UNSPECIFIED.);
#4096 = CARTESIAN_POINT('',(37.301886578048,2.240972712593));
#4097 = CARTESIAN_POINT('',(37.301895562875,4.437228921294));
#4098 = CARTESIAN_POINT('',(37.301891758855,6.633497384616));
#4099 = CARTESIAN_POINT('',(37.301885580924,8.829754183452));
#4100 = CARTESIAN_POINT('',(37.301880244717,11.026020123454));
#4101 = CARTESIAN_POINT('',(37.301873014239,15.418539096459));
#4102 = CARTESIAN_POINT('',(37.301871128942,17.61480319349));
#4103 = CARTESIAN_POINT('',(37.301871759466,19.811055998034));
#4104 = CARTESIAN_POINT('',(37.301873567886,22.007319603784));
#4105 = CARTESIAN_POINT('',(37.301878036575,26.399834336822));
#4106 = CARTESIAN_POINT('',(37.301880692568,28.596096713914));
#4107 = CARTESIAN_POINT('',(37.301882894583,30.792348812735));
#4108 = CARTESIAN_POINT('',(37.30188424936,32.988611717422));
#4109 = CARTESIAN_POINT('',(37.301885541006,37.373830181971));
#4110 = CARTESIAN_POINT('',(37.301885475229,39.562796876658));
#4111 = CARTESIAN_POINT('',(37.301884803118,41.75175311405));
#4112 = CARTESIAN_POINT('',(37.301883979326,43.94071978928));
#4113 = CARTESIAN_POINT('',(37.301882402282,48.325939064504));
#4114 = CARTESIAN_POINT('',(37.30188164731,50.522202755936));
#4115 = CARTESIAN_POINT('',(37.30188115385,52.718456231622));
#4116 = CARTESIAN_POINT('',(37.301880831622,54.914720742537));
#4117 = CARTESIAN_POINT('',(37.301880182666,59.299942119436));
#4118 = CARTESIAN_POINT('',(37.301879862257,61.488910114171));
#4119 = CARTESIAN_POINT('',(37.301879377092,63.677867597318));
#4120 = CARTESIAN_POINT('',(37.301878626371,65.866834927758));
#4121 = CARTESIAN_POINT('',(37.301877329498,70.252054843826));
#4122 = CARTESIAN_POINT('',(37.301876794296,72.448318574744));
#4123 = CARTESIAN_POINT('',(37.301876626037,74.64457035827));
#4124 = CARTESIAN_POINT('',(37.301877798762,76.840831661871));
#4125 = CARTESIAN_POINT('',(37.301882058259,81.226043683169));
#4126 = CARTESIAN_POINT('',(37.301885142118,83.415005383091));
#4127 = CARTESIAN_POINT('',(37.3018885835,85.603958578094));
#4128 = CARTESIAN_POINT('',(37.30189053171,87.792926686913));
#4129 = CARTESIAN_POINT('',(37.301880807483,90.046767790427));
#4130 = CARTESIAN_POINT('',(37.307194005439,90.106384088731));
#4131 = CARTESIAN_POINT('',(37.306673468172,90.171563899596));
#4132 = CARTESIAN_POINT('',(37.309273339911,90.233543224143));
#4133 = CARTESIAN_POINT('',(37.316088503155,90.47858817462));
#4134 = CARTESIAN_POINT('',(37.320307426561,90.660785073668));
#4135 = CARTESIAN_POINT('',(37.323678733308,90.842887817069));
#4136 = CARTESIAN_POINT('',(37.326206320684,91.024893479912));
#4137 = CARTESIAN_POINT('',(37.327894738896,91.206798885845));
#4138 = ( GEOMETRIC_REPRESENTATION_CONTEXT(2) 
PARAMETRIC_REPRESENTATION_CONTEXT() REPRESENTATION_CONTEXT('2D SPACE',''
  ) );
#4139 = ORIENTED_EDGE('',*,*,#4140,.F.);
#4140 = EDGE_CURVE('',#4141,#4001,#4143,.T.);
#4141 = VERTEX_POINT('',#4142);
#4142 = CARTESIAN_POINT('',(15.892360859246,32.584161496132,
    2.999999999556));
#4143 = SURFACE_CURVE('',#4144,(#4167,#4193),.PCURVE_S1.);
#4144 = B_SPLINE_CURVE_WITH_KNOTS('',6,(#4145,#4146,#4147,#4148,#4149,
    #4150,#4151,#4152,#4153,#4154,#4155,#4156,#4157,#4158,#4159,#4160,
    #4161,#4162,#4163,#4164,#4165,#4166),.UNSPECIFIED.,.F.,.F.,(7,5,5,5,
    7),(0.,0.247553104169,0.496659364572,0.748787520934,1.),
  .UNSPECIFIED.);
#4145 = CARTESIAN_POINT('',(14.420748912593,34.641016151378,3.));
#4146 = CARTESIAN_POINT('',(15.418084756277,33.251503616275,3.));
#4147 = CARTESIAN_POINT('',(16.412919491736,31.858410181269,3.));
#4148 = CARTESIAN_POINT('',(17.404998618569,30.461623025952,3.));
#4149 = CARTESIAN_POINT('',(18.394046118293,29.061069624127,3.));
#4150 = CARTESIAN_POINT('',(19.379771477017,27.656742675991,3.));
#4151 = CARTESIAN_POINT('',(21.350180898584,24.831835716226,3.));
#4152 = CARTESIAN_POINT('',(22.334819851122,23.41120861225,3.));
#4153 = CARTESIAN_POINT('',(23.315528444968,21.986888642313,3.));
#4154 = CARTESIAN_POINT('',(24.292034281539,20.559010222022,3.));
#4155 = CARTESIAN_POINT('',(25.264105790103,19.12778029522,3.));
#4156 = CARTESIAN_POINT('',(27.210782786201,16.241712780394,3.));
#4157 = CARTESIAN_POINT('',(28.185275645053,14.78679990318,3.));
#4158 = CARTESIAN_POINT('',(29.154881476511,13.328964365547,3.));
#4159 = CARTESIAN_POINT('',(30.119492050782,11.868509757784,3.));
#4160 = CARTESIAN_POINT('',(31.079086014321,10.405750380275,3.));
#4161 = CARTESIAN_POINT('',(32.984876761098,7.481535568011,3.));
#4162 = CARTESIAN_POINT('',(33.931109855503,6.02009429983,3.));
#4163 = CARTESIAN_POINT('',(34.872464068952,4.556954622026,3.));
#4164 = CARTESIAN_POINT('',(35.809063636732,3.092393720019,3.));
#4165 = CARTESIAN_POINT('',(36.741090258074,1.626648030643,3.));
#4166 = CARTESIAN_POINT('',(37.668755440761,0.15991687457,3.));
#4167 = PCURVE('',#700,#4168);
#4168 = DEFINITIONAL_REPRESENTATION('',(#4169),#4192);
#4169 = B_SPLINE_CURVE_WITH_KNOTS('',6,(#4170,#4171,#4172,#4173,#4174,
    #4175,#4176,#4177,#4178,#4179,#4180,#4181,#4182,#4183,#4184,#4185,
    #4186,#4187,#4188,#4189,#4190,#4191),.UNSPECIFIED.,.F.,.F.,(7,5,5,5,
    7),(0.,0.247553104169,0.496659364572,0.748787520934,1.),
  .UNSPECIFIED.);
#4170 = CARTESIAN_POINT('',(39.733430181818,4.251956661253));
#4171 = CARTESIAN_POINT('',(38.087105136163,4.165698821047));
#4172 = CARTESIAN_POINT('',(36.4425172828,4.075020138874));
#4173 = CARTESIAN_POINT('',(34.799637843367,3.980010508959));
#4174 = CARTESIAN_POINT('',(33.158380787144,3.880898918281));
#4175 = CARTESIAN_POINT('',(31.518582678978,3.778106691651));
#4176 = CARTESIAN_POINT('',(28.231166198977,3.565668729595));
#4177 = CARTESIAN_POINT('',(26.583562855445,3.455984037647));
#4178 = CARTESIAN_POINT('',(24.93697043509,3.343761677647));
#4179 = CARTESIAN_POINT('',(23.291085280482,3.229766864961));
#4180 = CARTESIAN_POINT('',(21.645553513304,3.11488775966));
#4181 = CARTESIAN_POINT('',(18.334527841739,2.883735544889));
#4182 = CARTESIAN_POINT('',(16.66903430273,2.767462718032));
#4183 = CARTESIAN_POINT('',(15.003174458826,2.652106587455));
#4184 = CARTESIAN_POINT('',(13.336581351983,2.538588177512));
#4185 = CARTESIAN_POINT('',(11.668941447514,2.427697686205));
#4186 = CARTESIAN_POINT('',(8.337148793898,2.21278655619));
#4187 = CARTESIAN_POINT('',(6.673004881635,2.10874242155));
#4188 = CARTESIAN_POINT('',(5.007346194545,2.008520498458));
#4189 = CARTESIAN_POINT('',(3.340005872639,1.912551297044));
#4190 = CARTESIAN_POINT('',(1.670898925854,1.821061800425));
#4191 = CARTESIAN_POINT('',(-2.799952110444E-15,1.734134111456));
#4192 = ( GEOMETRIC_REPRESENTATION_CONTEXT(2) 
PARAMETRIC_REPRESENTATION_CONTEXT() REPRESENTATION_CONTEXT('2D SPACE',''
  ) );
#4193 = PCURVE('',#4194,#4199);
#4194 = PLANE('',#4195);
#4195 = AXIS2_PLACEMENT_3D('',#4196,#4197,#4198);
#4196 = CARTESIAN_POINT('',(-2.84217094304E-15,2.368475785867E-15,3.));
#4197 = DIRECTION('',(0.,0.,1.));
#4198 = DIRECTION('',(1.,0.,-0.));
#4199 = DEFINITIONAL_REPRESENTATION('',(#4200),#4223);
#4200 = B_SPLINE_CURVE_WITH_KNOTS('',6,(#4201,#4202,#4203,#4204,#4205,
    #4206,#4207,#4208,#4209,#4210,#4211,#4212,#4213,#4214,#4215,#4216,
    #4217,#4218,#4219,#4220,#4221,#4222),.UNSPECIFIED.,.F.,.F.,(7,5,5,5,
    7),(0.,0.247553104169,0.496659364572,0.748787520934,1.),
  .UNSPECIFIED.);
#4201 = CARTESIAN_POINT('',(14.420748912593,34.641016151378));
#4202 = CARTESIAN_POINT('',(15.418084756277,33.251503616275));
#4203 = CARTESIAN_POINT('',(16.412919491736,31.858410181269));
#4204 = CARTESIAN_POINT('',(17.404998618569,30.461623025952));
#4205 = CARTESIAN_POINT('',(18.394046118293,29.061069624127));
#4206 = CARTESIAN_POINT('',(19.379771477017,27.656742675991));
#4207 = CARTESIAN_POINT('',(21.350180898585,24.831835716226));
#4208 = CARTESIAN_POINT('',(22.334819851122,23.41120861225));
#4209 = CARTESIAN_POINT('',(23.315528444968,21.986888642313));
#4210 = CARTESIAN_POINT('',(24.292034281539,20.559010222022));
#4211 = CARTESIAN_POINT('',(25.264105790103,19.12778029522));
#4212 = CARTESIAN_POINT('',(27.210782786201,16.241712780394));
#4213 = CARTESIAN_POINT('',(28.185275645053,14.78679990318));
#4214 = CARTESIAN_POINT('',(29.154881476511,13.328964365547));
#4215 = CARTESIAN_POINT('',(30.119492050782,11.868509757784));
#4216 = CARTESIAN_POINT('',(31.079086014321,10.405750380275));
#4217 = CARTESIAN_POINT('',(32.984876761098,7.481535568011));
#4218 = CARTESIAN_POINT('',(33.931109855503,6.02009429983));
#4219 = CARTESIAN_POINT('',(34.872464068952,4.556954622026));
#4220 = CARTESIAN_POINT('',(35.809063636732,3.092393720019));
#4221 = CARTESIAN_POINT('',(36.741090258074,1.626648030643));
#4222 = CARTESIAN_POINT('',(37.668755440761,0.15991687457));
#4223 = ( GEOMETRIC_REPRESENTATION_CONTEXT(2) 
PARAMETRIC_REPRESENTATION_CONTEXT() REPRESENTATION_CONTEXT('2D SPACE',''
  ) );
#4224 = ORIENTED_EDGE('',*,*,#4225,.F.);
#4225 = EDGE_CURVE('',#577,#4141,#4226,.T.);
#4226 = SURFACE_CURVE('',#4227,(#4270,#4316),.PCURVE_S1.);
#4227 = B_SPLINE_CURVE_WITH_KNOTS('',5,(#4228,#4229,#4230,#4231,#4232,
    #4233,#4234,#4235,#4236,#4237,#4238,#4239,#4240,#4241,#4242,#4243,
    #4244,#4245,#4246,#4247,#4248,#4249,#4250,#4251,#4252,#4253,#4254,
    #4255,#4256,#4257,#4258,#4259,#4260,#4261,#4262,#4263,#4264,#4265,
    #4266,#4267,#4268,#4269),.UNSPECIFIED.,.F.,.F.,(6,4,4,4,4,4,4,4,4,4,
    6),(0.,1.365603515884E-02,1.735020268475E-02,0.138234887439,
    0.261168648906,0.384512089836,0.507445774831,0.630789237102,
    0.753722900517,0.876656659333,1.),.UNSPECIFIED.);
#4228 = CARTESIAN_POINT('',(-36.26181103043,-0.109669821285,
    90.149095422944));
#4229 = CARTESIAN_POINT('',(-36.25903116272,9.003384045453E-02,
    89.905073815455));
#4230 = CARTESIAN_POINT('',(-36.25570890204,0.290766928593,
    89.661581993702));
#4231 = CARTESIAN_POINT('',(-36.25180232131,0.492512686437,
    89.41862765372));
#4232 = CARTESIAN_POINT('',(-36.24727060873,0.695252679425,
    89.176217851825));
#4233 = CARTESIAN_POINT('',(-36.24066832355,0.954074596333,
    88.868932466914));
#4234 = CARTESIAN_POINT('',(-36.23921764566,1.009962771571,
    88.802753280955));
#4235 = CARTESIAN_POINT('',(-36.23761240315,1.065068544458,
    88.737353565014));
#4236 = CARTESIAN_POINT('',(-36.23593176762,1.120365588446,
    88.671792853376));
#4237 = CARTESIAN_POINT('',(-36.17523299946,2.990808937136,
    86.453541025803));
#4238 = CARTESIAN_POINT('',(-36.00268475796,4.802095493817,
    84.301055901161));
#4239 = CARTESIAN_POINT('',(-35.71680717618,6.600203986494,
    82.148579579963));
#4240 = CARTESIAN_POINT('',(-35.31909899693,8.375702541526,
    79.996094946996));
#4241 = CARTESIAN_POINT('',(-34.29673383774,11.892782473027,
    75.654652347662));
#4242 = CARTESIAN_POINT('',(-33.66834168113,13.63328738961,
    73.465683982831));
#4243 = CARTESIAN_POINT('',(-32.92982349023,15.331376887678,
    71.27672789584));
#4244 = CARTESIAN_POINT('',(-32.08518341964,16.977834183954,
    69.087762155605));
#4245 = CARTESIAN_POINT('',(-30.19074762838,20.155595467817,
    64.702547242981));
#4246 = CARTESIAN_POINT('',(-29.14027273309,21.686505527624,
    62.506286925764));
#4247 = CARTESIAN_POINT('',(-27.99328589123,23.148126937402,
    60.31003668012));
#4248 = CARTESIAN_POINT('',(-26.7560534543,24.532477358012,
    58.113774703292));
#4249 = CARTESIAN_POINT('',(-24.11987694396,27.128153808779,
    53.728556173923));
#4250 = CARTESIAN_POINT('',(-22.72147704715,28.340045920424,
    51.53958849269));
#4251 = CARTESIAN_POINT('',(-21.24769638893,29.461138603091,
    49.350630227856));
#4252 = CARTESIAN_POINT('',(-19.7065315756,30.485351516551,
    47.161661065529));
#4253 = CARTESIAN_POINT('',(-16.5014211507,32.333108752636,
    42.776437236881));
#4254 = CARTESIAN_POINT('',(-14.83707525556,33.155977494432,
    40.580171473615));
#4255 = CARTESIAN_POINT('',(-13.12235154972,33.871255866101,
    38.383916795565));
#4256 = CARTESIAN_POINT('',(-11.36661404063,34.475035471133,
    36.187652540539));
#4257 = CARTESIAN_POINT('',(-7.798523730028,35.452631925295,
    31.802434081625));
#4258 = CARTESIAN_POINT('',(-5.986369375429,35.827208643491,
    29.613468736705));
#4259 = CARTESIAN_POINT('',(-4.152777541322,36.085732770388,
    27.424514933762));
#4260 = CARTESIAN_POINT('',(-2.307696510002,36.226799870127,
    25.235551219109));
#4261 = CARTESIAN_POINT('',(1.38545094512,36.273769616561,
    20.857632851415));
#4262 = CARTESIAN_POINT('',(3.233526717983,36.179672229364,
    18.668667145586));
#4263 = CARTESIAN_POINT('',(5.073106746317,35.967865240973,
    16.479711080178));
#4264 = CARTESIAN_POINT('',(6.894208438031,35.639502053545,
    14.290742728222));
#4265 = CARTESIAN_POINT('',(10.486017136329,34.752986834787,
    9.905521176658));
#4266 = CARTESIAN_POINT('',(12.256545045216,34.194070641153,
    7.709257006311));
#4267 = CARTESIAN_POINT('',(13.988906697036,33.522653582037,
    5.513002119876));
#4268 = CARTESIAN_POINT('',(15.673640785955,32.742403455094,
    3.316737577402));
#4269 = CARTESIAN_POINT('',(17.301881001098,31.858119975163,
    1.120485998311));
#4270 = PCURVE('',#700,#4271);
#4271 = DEFINITIONAL_REPRESENTATION('',(#4272),#4315);
#4272 = B_SPLINE_CURVE_WITH_KNOTS('',5,(#4273,#4274,#4275,#4276,#4277,
    #4278,#4279,#4280,#4281,#4282,#4283,#4284,#4285,#4286,#4287,#4288,
    #4289,#4290,#4291,#4292,#4293,#4294,#4295,#4296,#4297,#4298,#4299,
    #4300,#4301,#4302,#4303,#4304,#4305,#4306,#4307,#4308,#4309,#4310,
    #4311,#4312,#4313,#4314),.UNSPECIFIED.,.F.,.F.,(6,4,4,4,4,4,4,4,4,4,
    6),(0.,1.365603515884E-02,1.735020268475E-02,0.138234887439,
    0.261168648906,0.384512089836,0.507445774831,0.630789237102,
    0.753722900517,0.876656659333,1.),.UNSPECIFIED.);
#4273 = CARTESIAN_POINT('',(37.327894738896,91.206798885845));
#4274 = CARTESIAN_POINT('',(37.325754689231,90.97623598365));
#4275 = CARTESIAN_POINT('',(37.322266490801,90.745512013929));
#4276 = CARTESIAN_POINT('',(37.317420884225,90.51463344986));
#4277 = CARTESIAN_POINT('',(37.31121028689,90.283606108585));
#4278 = CARTESIAN_POINT('',(37.30157788225,89.989899852074));
#4279 = CARTESIAN_POINT('',(37.300902232406,89.924501142235));
#4280 = CARTESIAN_POINT('',(37.302559234679,89.856946027477));
#4281 = CARTESIAN_POINT('',(37.301881875645,89.79227759722));
#4282 = CARTESIAN_POINT('',(37.301890399741,87.574013349648));
#4283 = CARTESIAN_POINT('',(37.301888318683,85.421528527507));
#4284 = CARTESIAN_POINT('',(37.30188492749,83.269057481332));
#4285 = CARTESIAN_POINT('',(37.30188192761,81.116578634798));
#4286 = CARTESIAN_POINT('',(37.301877760538,76.775145521546));
#4287 = CARTESIAN_POINT('',(37.301876622753,74.586180801253));
#4288 = CARTESIAN_POINT('',(37.301876802427,72.397225424829));
#4289 = CARTESIAN_POINT('',(37.301877341161,70.208258286573));
#4290 = CARTESIAN_POINT('',(37.301878640639,65.823038353719));
#4291 = CARTESIAN_POINT('',(37.301879392102,63.626774400305));
#4292 = CARTESIAN_POINT('',(37.301879873841,61.430520472695));
#4293 = CARTESIAN_POINT('',(37.30188019233,59.234255865793));
#4294 = CARTESIAN_POINT('',(37.3018808414,54.849034500946));
#4295 = CARTESIAN_POINT('',(37.301881165678,52.660066610631));
#4296 = CARTESIAN_POINT('',(37.301881662487,50.471109577591));
#4297 = CARTESIAN_POINT('',(37.301882417538,48.282142499221));
#4298 = CARTESIAN_POINT('',(37.301883995581,43.89692322936));
#4299 = CARTESIAN_POINT('',(37.30188482072,41.700659949091));
#4300 = CARTESIAN_POINT('',(37.301885489078,39.504407279572));
#4301 = CARTESIAN_POINT('',(37.301885540357,37.30814397723));
#4302 = CARTESIAN_POINT('',(37.301884210745,32.922925514251));
#4303 = CARTESIAN_POINT('',(37.301882841891,30.733959219034));
#4304 = CARTESIAN_POINT('',(37.301880634891,28.545003556417));
#4305 = CARTESIAN_POINT('',(37.301877986521,26.356037789328));
#4306 = CARTESIAN_POINT('',(37.301873543765,21.978116094241));
#4307 = CARTESIAN_POINT('',(37.301871753532,19.789149101927));
#4308 = CARTESIAN_POINT('',(37.301871141337,17.600192729623));
#4309 = CARTESIAN_POINT('',(37.301873026268,15.411225243207));
#4310 = CARTESIAN_POINT('',(37.301880244751,11.026006262005));
#4311 = CARTESIAN_POINT('',(37.301885580953,8.829743777981));
#4312 = CARTESIAN_POINT('',(37.301891758867,6.633490477589));
#4313 = CARTESIAN_POINT('',(37.301895562861,4.437225453943));
#4314 = CARTESIAN_POINT('',(37.301886578048,2.240972712593));
#4315 = ( GEOMETRIC_REPRESENTATION_CONTEXT(2) 
PARAMETRIC_REPRESENTATION_CONTEXT() REPRESENTATION_CONTEXT('2D SPACE',''
  ) );
#4316 = PCURVE('',#3548,#4317);
#4317 = DEFINITIONAL_REPRESENTATION('',(#4318),#4361);
#4318 = B_SPLINE_CURVE_WITH_KNOTS('',5,(#4319,#4320,#4321,#4322,#4323,
    #4324,#4325,#4326,#4327,#4328,#4329,#4330,#4331,#4332,#4333,#4334,
    #4335,#4336,#4337,#4338,#4339,#4340,#4341,#4342,#4343,#4344,#4345,
    #4346,#4347,#4348,#4349,#4350,#4351,#4352,#4353,#4354,#4355,#4356,
    #4357,#4358,#4359,#4360),.UNSPECIFIED.,.F.,.F.,(6,4,4,4,4,4,4,4,4,4,
    6),(0.,1.365603515884E-02,1.735020268475E-02,0.138234887439,
    0.261168648906,0.384512089836,0.507445774831,0.630789237102,
    0.753722900517,0.876656659333,1.),.UNSPECIFIED.);
#4319 = CARTESIAN_POINT('',(2.680474325472,89.027626284025));
#4320 = CARTESIAN_POINT('',(2.687277527084,88.783983588241));
#4321 = CARTESIAN_POINT('',(2.692415959164,88.540778011115));
#4322 = CARTESIAN_POINT('',(2.695913169522,88.298018488616));
#4323 = CARTESIAN_POINT('',(2.697793267455,88.055713385604));
#4324 = CARTESIAN_POINT('',(2.698158739207,87.748448274849));
#4325 = CARTESIAN_POINT('',(2.69807660389,87.682264491799));
#4326 = CARTESIAN_POINT('',(2.698126222911,87.616867521185));
#4327 = CARTESIAN_POINT('',(2.698112612894,87.551306031319));
#4328 = CARTESIAN_POINT('',(2.698104786232,85.333053100703));
#4329 = CARTESIAN_POINT('',(2.698108740877,83.180567664904));
#4330 = CARTESIAN_POINT('',(2.698114775608,81.028092911688));
#4331 = CARTESIAN_POINT('',(2.698119950393,78.875609927696));
#4332 = CARTESIAN_POINT('',(2.698127029,74.534169855944));
#4333 = CARTESIAN_POINT('',(2.698128867174,72.345202337669));
#4334 = CARTESIAN_POINT('',(2.698128219714,70.156245921357));
#4335 = CARTESIAN_POINT('',(2.69812640897,67.967278878777));
#4336 = CARTESIAN_POINT('',(2.698121942276,63.582060617999));
#4337 = CARTESIAN_POINT('',(2.698119287666,61.385798240899));
#4338 = CARTESIAN_POINT('',(2.698117090203,59.189546142542));
#4339 = CARTESIAN_POINT('',(2.698115740618,56.993283239391));
#4340 = CARTESIAN_POINT('',(2.698114458374,52.608064769568));
#4341 = CARTESIAN_POINT('',(2.698114528361,50.419098068175));
#4342 = CARTESIAN_POINT('',(2.698115202923,48.23014182401));
#4343 = CARTESIAN_POINT('',(2.698116027441,46.041175141332));
#4344 = CARTESIAN_POINT('',(2.698117603971,41.655955863501));
#4345 = CARTESIAN_POINT('',(2.698118357681,39.459692176903));
#4346 = CARTESIAN_POINT('',(2.698118849583,37.263438705429));
#4347 = CARTESIAN_POINT('',(2.698119171059,35.067174198832));
#4348 = CARTESIAN_POINT('',(2.698119820012,30.681952823911));
#4349 = CARTESIAN_POINT('',(2.698120141153,28.492984826713));
#4350 = CARTESIAN_POINT('',(2.698120627874,26.304027343416));
#4351 = CARTESIAN_POINT('',(2.698121379642,24.115060015553));
#4352 = CARTESIAN_POINT('',(2.698122673035,19.737136680441));
#4353 = CARTESIAN_POINT('',(2.698123204672,17.548169613899));
#4354 = CARTESIAN_POINT('',(2.698123369177,15.359214309355));
#4355 = CARTESIAN_POINT('',(2.698122205663,13.170249651479));
#4356 = CARTESIAN_POINT('',(2.698117958811,8.785037726634));
#4357 = CARTESIAN_POINT('',(2.698114865139,6.588779476291));
#4358 = CARTESIAN_POINT('',(2.698111406064,4.392529898087));
#4359 = CARTESIAN_POINT('',(2.698109439314,2.196265194507));
#4360 = CARTESIAN_POINT('',(2.69811899105,1.059152173886E-08));
#4361 = ( GEOMETRIC_REPRESENTATION_CONTEXT(2) 
PARAMETRIC_REPRESENTATION_CONTEXT() REPRESENTATION_CONTEXT('2D SPACE',''
  ) );
#4362 = ADVANCED_FACE('',(#4363),#3548,.F.);
#4363 = FACE_BOUND('',#4364,.F.);
#4364 = EDGE_LOOP('',(#4365,#4366,#4367,#4447));
#4365 = ORIENTED_EDGE('',*,*,#3428,.T.);
#4366 = ORIENTED_EDGE('',*,*,#4225,.T.);
#4367 = ORIENTED_EDGE('',*,*,#4368,.F.);
#4368 = EDGE_CURVE('',#4369,#4141,#4371,.T.);
#4369 = VERTEX_POINT('',#4370);
#4370 = CARTESIAN_POINT('',(-20.27253118729,30.055268978183,3.));
#4371 = SURFACE_CURVE('',#4372,(#4395,#4421),.PCURVE_S1.);
#4372 = B_SPLINE_CURVE_WITH_KNOTS('',6,(#4373,#4374,#4375,#4376,#4377,
    #4378,#4379,#4380,#4381,#4382,#4383,#4384,#4385,#4386,#4387,#4388,
    #4389,#4390,#4391,#4392,#4393,#4394),.UNSPECIFIED.,.F.,.F.,(7,5,5,5,
    7),(0.,0.249544697599,0.499999406904,0.750454503998,1.),
  .UNSPECIFIED.);
#4373 = CARTESIAN_POINT('',(-23.06517370634,29.781843828092,3.));
#4374 = CARTESIAN_POINT('',(-21.33825203944,29.953842481726,3.));
#4375 = CARTESIAN_POINT('',(-19.60942176293,30.121797625355,3.));
#4376 = CARTESIAN_POINT('',(-17.878709718,30.285419878245,3.));
#4377 = CARTESIAN_POINT('',(-16.14619034352,30.444420496918,3.));
#4378 = CARTESIAN_POINT('',(-14.41200556503,30.598530930365,3.));
#4379 = CARTESIAN_POINT('',(-10.93437980468,30.897072513666,3.));
#4380 = CARTESIAN_POINT('',(-9.190927625623,31.041466311617,3.));
#4381 = CARTESIAN_POINT('',(-7.44620303785,31.180488056169,3.));
#4382 = CARTESIAN_POINT('',(-5.700466849786,31.313961065159,3.));
#4383 = CARTESIAN_POINT('',(-3.9540249202,31.441783707171,3.));
#4384 = CARTESIAN_POINT('',(-0.460344475692,31.686085539907,3.));
#4385 = CARTESIAN_POINT('',(1.286893465699,31.802564672873,3.));
#4386 = CARTESIAN_POINT('',(3.03421899155,31.913350185756,3.));
#4387 = CARTESIAN_POINT('',(4.781315070089,32.018500143953,3.));
#4388 = CARTESIAN_POINT('',(6.527898832403,32.118153204941,3.));
#4389 = CARTESIAN_POINT('',(10.013238519334,32.306508999815,3.));
#4390 = CARTESIAN_POINT('',(11.752000330922,32.395250263382,3.));
#4391 = CARTESIAN_POINT('',(13.489793567906,32.478917087285,3.));
#4392 = CARTESIAN_POINT('',(15.226440298329,32.557755655153,3.));
#4393 = CARTESIAN_POINT('',(16.961826611483,32.63204154155,3.));
#4394 = CARTESIAN_POINT('',(18.695885644508,32.702057577927,3.));
#4395 = PCURVE('',#3548,#4396);
#4396 = DEFINITIONAL_REPRESENTATION('',(#4397),#4420);
#4397 = B_SPLINE_CURVE_WITH_KNOTS('',6,(#4398,#4399,#4400,#4401,#4402,
    #4403,#4404,#4405,#4406,#4407,#4408,#4409,#4410,#4411,#4412,#4413,
    #4414,#4415,#4416,#4417,#4418,#4419),.UNSPECIFIED.,.F.,.F.,(7,5,5,5,
    7),(0.,0.249544697599,0.499999406904,0.750454503998,1.),
  .UNSPECIFIED.);
#4398 = CARTESIAN_POINT('',(40.,4.265874052654));
#4399 = CARTESIAN_POINT('',(38.329105869742,4.178947312937));
#4400 = CARTESIAN_POINT('',(36.660003719879,4.087458800408));
#4401 = CARTESIAN_POINT('',(34.992668205698,3.99149060209));
#4402 = CARTESIAN_POINT('',(33.32701434963,3.891269679025));
#4403 = CARTESIAN_POINT('',(31.662875306743,3.787226513152));
#4404 = CARTESIAN_POINT('',(28.331089759782,3.572317028367));
#4405 = CARTESIAN_POINT('',(26.66345209718,3.461427202375));
#4406 = CARTESIAN_POINT('',(24.996861302998,3.34790936279));
#4407 = CARTESIAN_POINT('',(23.331003854861,3.232553683883));
#4408 = CARTESIAN_POINT('',(21.665512802227,3.116281174963));
#4409 = CARTESIAN_POINT('',(18.334527841741,2.883735544889));
#4410 = CARTESIAN_POINT('',(16.669034302726,2.767462718031));
#4411 = CARTESIAN_POINT('',(15.003174458831,2.652106587455));
#4412 = CARTESIAN_POINT('',(13.336581351981,2.538588177512));
#4413 = CARTESIAN_POINT('',(11.668941447514,2.427697686205));
#4414 = CARTESIAN_POINT('',(8.337148793898,2.21278655619));
#4415 = CARTESIAN_POINT('',(6.673004881633,2.10874242155));
#4416 = CARTESIAN_POINT('',(5.007346194548,2.008520498458));
#4417 = CARTESIAN_POINT('',(3.340005872636,1.912551297044));
#4418 = CARTESIAN_POINT('',(1.670898925855,1.821061800425));
#4419 = CARTESIAN_POINT('',(-2.693686745013E-15,1.734134111456));
#4420 = ( GEOMETRIC_REPRESENTATION_CONTEXT(2) 
PARAMETRIC_REPRESENTATION_CONTEXT() REPRESENTATION_CONTEXT('2D SPACE',''
  ) );
#4421 = PCURVE('',#4194,#4422);
#4422 = DEFINITIONAL_REPRESENTATION('',(#4423),#4446);
#4423 = B_SPLINE_CURVE_WITH_KNOTS('',6,(#4424,#4425,#4426,#4427,#4428,
    #4429,#4430,#4431,#4432,#4433,#4434,#4435,#4436,#4437,#4438,#4439,
    #4440,#4441,#4442,#4443,#4444,#4445),.UNSPECIFIED.,.F.,.F.,(7,5,5,5,
    7),(0.,0.249544697599,0.499999406904,0.750454503998,1.),
  .UNSPECIFIED.);
#4424 = CARTESIAN_POINT('',(-23.06517370634,29.781843828092));
#4425 = CARTESIAN_POINT('',(-21.33825203944,29.953842481726));
#4426 = CARTESIAN_POINT('',(-19.60942176293,30.121797625355));
#4427 = CARTESIAN_POINT('',(-17.878709718,30.285419878245));
#4428 = CARTESIAN_POINT('',(-16.14619034352,30.444420496918));
#4429 = CARTESIAN_POINT('',(-14.41200556503,30.598530930365));
#4430 = CARTESIAN_POINT('',(-10.93437980468,30.897072513666));
#4431 = CARTESIAN_POINT('',(-9.190927625623,31.041466311617));
#4432 = CARTESIAN_POINT('',(-7.44620303785,31.180488056169));
#4433 = CARTESIAN_POINT('',(-5.700466849786,31.313961065159));
#4434 = CARTESIAN_POINT('',(-3.9540249202,31.441783707171));
#4435 = CARTESIAN_POINT('',(-0.460344475692,31.686085539907));
#4436 = CARTESIAN_POINT('',(1.286893465699,31.802564672873));
#4437 = CARTESIAN_POINT('',(3.03421899155,31.913350185756));
#4438 = CARTESIAN_POINT('',(4.781315070089,32.018500143953));
#4439 = CARTESIAN_POINT('',(6.527898832403,32.118153204941));
#4440 = CARTESIAN_POINT('',(10.013238519334,32.306508999815));
#4441 = CARTESIAN_POINT('',(11.752000330922,32.395250263382));
#4442 = CARTESIAN_POINT('',(13.489793567906,32.478917087285));
#4443 = CARTESIAN_POINT('',(15.226440298329,32.557755655153));
#4444 = CARTESIAN_POINT('',(16.961826611483,32.63204154155));
#4445 = CARTESIAN_POINT('',(18.695885644508,32.702057577927));
#4446 = ( GEOMETRIC_REPRESENTATION_CONTEXT(2) 
PARAMETRIC_REPRESENTATION_CONTEXT() REPRESENTATION_CONTEXT('2D SPACE',''
  ) );
#4447 = ORIENTED_EDGE('',*,*,#4448,.F.);
#4448 = EDGE_CURVE('',#2859,#4369,#4449,.T.);
#4449 = SURFACE_CURVE('',#4450,(#4493,#4539),.PCURVE_S1.);
#4450 = B_SPLINE_CURVE_WITH_KNOTS('',5,(#4451,#4452,#4453,#4454,#4455,
    #4456,#4457,#4458,#4459,#4460,#4461,#4462,#4463,#4464,#4465,#4466,
    #4467,#4468,#4469,#4470,#4471,#4472,#4473,#4474,#4475,#4476,#4477,
    #4478,#4479,#4480,#4481,#4482,#4483,#4484,#4485,#4486,#4487,#4488,
    #4489,#4490,#4491,#4492),.UNSPECIFIED.,.F.,.F.,(6,4,4,4,4,4,4,4,4,4,
    6),(0.,1.365603515881E-02,1.735020268471E-02,0.138234887439,
    0.261168648906,0.384512089836,0.507445774831,0.630789237102,
    0.753722900517,0.876656659333,1.),.UNSPECIFIED.);
#4451 = CARTESIAN_POINT('',(-18.03592866395,-31.45848445023,
    90.149095422943));
#4452 = CARTESIAN_POINT('',(-18.20748717439,-31.3562251833,
    89.905073815455));
#4453 = CARTESIAN_POINT('',(-18.37966599776,-31.25298147708,
    89.661581993702));
#4454 = CARTESIAN_POINT('',(-18.55242965879,-31.14872540001,
    89.41862765372));
#4455 = CARTESIAN_POINT('',(-18.72574178679,-31.04343082529,
    89.176217851825));
#4456 = CARTESIAN_POINT('',(-18.9465869993,-30.90830212015,
    88.868932466913));
#4457 = CARTESIAN_POINT('',(-18.99426223989,-30.87910170863,
    88.802753280955));
#4458 = CARTESIAN_POINT('',(-19.04118261785,-30.85015864139,
    88.737353565014));
#4459 = CARTESIAN_POINT('',(-19.08823094493,-30.82105464634,
    88.671792853376));
#4460 = CARTESIAN_POINT('',(-20.67773301716,-29.83326629679,
    86.453541025801));
#4461 = CARTESIAN_POINT('',(-22.16007906802,-28.77819185793,
    84.301055901166));
#4462 = CARTESIAN_POINT('',(-23.57434791055,-27.63156036339,
    82.148579579957));
#4463 = CARTESIAN_POINT('',(-24.91312067397,-26.39938569936,79.996094947
    ));
#4464 = CARTESIAN_POINT('',(-27.44781866219,-23.7554515338,
    75.654652347663));
#4465 = CARTESIAN_POINT('',(-28.64094405706,-22.34099550434,
    73.46568398283));
#4466 = CARTESIAN_POINT('',(-29.74227360484,-20.85237524084,
    71.276727895843));
#4467 = CARTESIAN_POINT('',(-30.74582741436,-19.29766683451,
    69.087762155605));
#4468 = CARTESIAN_POINT('',(-32.55063151772,-16.06815667151,
    64.70254724298));
#4469 = CARTESIAN_POINT('',(-33.35120107278,-14.39296369625,
    62.506286925765));
#4470 = CARTESIAN_POINT('',(-34.04350892343,-12.6688332485,
    60.31003668012));
#4471 = CARTESIAN_POINT('',(-34.62377533695,-10.90518331743,
    58.113774703292));
#4472 = CARTESIAN_POINT('',(-35.55360882815,-7.324349265237,
    53.728556173922));
#4473 = CARTESIAN_POINT('',(-35.90393823508,-5.507353374133,
    51.539588492693));
#4474 = CARTESIAN_POINT('',(-36.13794264915,-3.670475543169,
    49.350630227852));
#4475 = CARTESIAN_POINT('',(-36.25435464443,-1.82368120668,
    47.161661065531));
#4476 = CARTESIAN_POINT('',(-36.25200413846,1.875904461262,
    42.776437236881));
#4477 = CARTESIAN_POINT('',(-36.13245642526,3.728704658039,
    40.580171473617));
#4478 = CARTESIAN_POINT('',(-35.89454381298,5.571338133602,
    38.383916795564));
#4479 = CARTESIAN_POINT('',(-35.53956353468,7.393741221362,
    36.18765254054));
#4480 = CARTESIAN_POINT('',(-34.60214174333,10.972596300427,
    31.802434081625));
#4481 = CARTESIAN_POINT('',(-34.02045751966,12.729256366185,
    29.613468736707));
#4482 = CARTESIAN_POINT('',(-33.32755006399,14.446455538144,
    27.424514933761));
#4483 = CARTESIAN_POINT('',(-32.52717724034,16.114876133177,
    25.23555121911));
#4484 = CARTESIAN_POINT('',(-30.7212805064,19.336720522452,
    20.857632851415));
#4485 = CARTESIAN_POINT('',(-29.71575189223,20.89015239627,
    18.668667145587));
#4486 = CARTESIAN_POINT('',(-28.61253164542,22.377371938907,
    16.479711080178));
#4487 = CARTESIAN_POINT('',(-27.41760993758,23.790310673092,
    14.290742728223));
#4488 = CARTESIAN_POINT('',(-24.85396088814,26.457650641974,
    9.905521176658));
#4489 = CARTESIAN_POINT('',(-23.48466131143,27.711514692361,
    7.709257006312));
#4490 = CARTESIAN_POINT('',(-22.03701625579,28.876075361823,
    5.513002119876));
#4491 = CARTESIAN_POINT('',(-20.51893278009,29.944972817976,
    3.316737577402));
#4492 = CARTESIAN_POINT('',(-18.93900071475,30.912928467788,
    1.120485998311));
#4493 = PCURVE('',#3548,#4494);
#4494 = DEFINITIONAL_REPRESENTATION('',(#4495),#4538);
#4495 = B_SPLINE_CURVE_WITH_KNOTS('',5,(#4496,#4497,#4498,#4499,#4500,
    #4501,#4502,#4503,#4504,#4505,#4506,#4507,#4508,#4509,#4510,#4511,
    #4512,#4513,#4514,#4515,#4516,#4517,#4518,#4519,#4520,#4521,#4522,
    #4523,#4524,#4525,#4526,#4527,#4528,#4529,#4530,#4531,#4532,#4533,
    #4534,#4535,#4536,#4537),.UNSPECIFIED.,.F.,.F.,(6,4,4,4,4,4,4,4,4,4,
    6),(0.,1.365603515881E-02,1.735020268471E-02,0.138234887439,
    0.261168648906,0.384512089836,0.507445774831,0.630789237102,
    0.753722900517,0.876656659333,1.),.UNSPECIFIED.);
#4496 = CARTESIAN_POINT('',(37.327894738896,91.206798885845));
#4497 = CARTESIAN_POINT('',(37.325754689231,90.97623598365));
#4498 = CARTESIAN_POINT('',(37.322266490801,90.745512013929));
#4499 = CARTESIAN_POINT('',(37.317420884225,90.51463344986));
#4500 = CARTESIAN_POINT('',(37.31121028689,90.283606108585));
#4501 = CARTESIAN_POINT('',(37.30157788225,89.989899852073));
#4502 = CARTESIAN_POINT('',(37.300902232406,89.924501142235));
#4503 = CARTESIAN_POINT('',(37.302559234679,89.856946027477));
#4504 = CARTESIAN_POINT('',(37.301881875645,89.79227759722));
#4505 = CARTESIAN_POINT('',(37.301890399741,87.574013349645));
#4506 = CARTESIAN_POINT('',(37.301888318683,85.421528527512));
#4507 = CARTESIAN_POINT('',(37.30188492749,83.269057481325));
#4508 = CARTESIAN_POINT('',(37.30188192761,81.116578634801));
#4509 = CARTESIAN_POINT('',(37.301877760538,76.775145521547));
#4510 = CARTESIAN_POINT('',(37.301876622753,74.586180801251));
#4511 = CARTESIAN_POINT('',(37.301876802427,72.397225424831));
#4512 = CARTESIAN_POINT('',(37.301877341161,70.208258286572));
#4513 = CARTESIAN_POINT('',(37.301878640639,65.823038353718));
#4514 = CARTESIAN_POINT('',(37.301879392102,63.626774400307));
#4515 = CARTESIAN_POINT('',(37.301879873841,61.430520472695));
#4516 = CARTESIAN_POINT('',(37.30188019233,59.234255865793));
#4517 = CARTESIAN_POINT('',(37.3018808414,54.849034500945));
#4518 = CARTESIAN_POINT('',(37.301881165678,52.660066610635));
#4519 = CARTESIAN_POINT('',(37.301881662487,50.471109577587));
#4520 = CARTESIAN_POINT('',(37.301882417538,48.282142499222));
#4521 = CARTESIAN_POINT('',(37.301883995581,43.896923229359));
#4522 = CARTESIAN_POINT('',(37.30188482072,41.700659949092));
#4523 = CARTESIAN_POINT('',(37.301885489078,39.504407279571));
#4524 = CARTESIAN_POINT('',(37.301885540357,37.308143977231));
#4525 = CARTESIAN_POINT('',(37.301884210745,32.92292551425));
#4526 = CARTESIAN_POINT('',(37.301882841891,30.733959219035));
#4527 = CARTESIAN_POINT('',(37.30188063489,28.545003556416));
#4528 = CARTESIAN_POINT('',(37.301877986521,26.356037789329));
#4529 = CARTESIAN_POINT('',(37.301873543765,21.978116094241));
#4530 = CARTESIAN_POINT('',(37.301871753532,19.789149101928));
#4531 = CARTESIAN_POINT('',(37.301871141337,17.600192729623));
#4532 = CARTESIAN_POINT('',(37.301873026268,15.411225243208));
#4533 = CARTESIAN_POINT('',(37.301880244751,11.026006262005));
#4534 = CARTESIAN_POINT('',(37.301885580953,8.829743777982));
#4535 = CARTESIAN_POINT('',(37.301891758866,6.633490477588));
#4536 = CARTESIAN_POINT('',(37.301895562861,4.437225453943));
#4537 = CARTESIAN_POINT('',(37.301886578048,2.240972712593));
#4538 = ( GEOMETRIC_REPRESENTATION_CONTEXT(2) 
PARAMETRIC_REPRESENTATION_CONTEXT() REPRESENTATION_CONTEXT('2D SPACE',''
  ) );
#4539 = PCURVE('',#2980,#4540);
#4540 = DEFINITIONAL_REPRESENTATION('',(#4541),#4584);
#4541 = B_SPLINE_CURVE_WITH_KNOTS('',5,(#4542,#4543,#4544,#4545,#4546,
    #4547,#4548,#4549,#4550,#4551,#4552,#4553,#4554,#4555,#4556,#4557,
    #4558,#4559,#4560,#4561,#4562,#4563,#4564,#4565,#4566,#4567,#4568,
    #4569,#4570,#4571,#4572,#4573,#4574,#4575,#4576,#4577,#4578,#4579,
    #4580,#4581,#4582,#4583),.UNSPECIFIED.,.F.,.F.,(6,4,4,4,4,4,4,4,4,4,
    6),(0.,1.365603515881E-02,1.735020268471E-02,0.138234887439,
    0.261168648906,0.384512089836,0.507445774831,0.630789237102,
    0.753722900517,0.876656659333,1.),.UNSPECIFIED.);
#4542 = CARTESIAN_POINT('',(2.680474325472,89.027626284025));
#4543 = CARTESIAN_POINT('',(2.687277527084,88.783983588241));
#4544 = CARTESIAN_POINT('',(2.692415959164,88.540778011115));
#4545 = CARTESIAN_POINT('',(2.695913169522,88.298018488616));
#4546 = CARTESIAN_POINT('',(2.697793267456,88.055713385604));
#4547 = CARTESIAN_POINT('',(2.698158739207,87.748448274848));
#4548 = CARTESIAN_POINT('',(2.69807660389,87.682264491799));
#4549 = CARTESIAN_POINT('',(2.698126222911,87.616867521184));
#4550 = CARTESIAN_POINT('',(2.698112612894,87.551306031318));
#4551 = CARTESIAN_POINT('',(2.698104786232,85.333053100701));
#4552 = CARTESIAN_POINT('',(2.698108740877,83.180567664909));
#4553 = CARTESIAN_POINT('',(2.698114775608,81.028092911681));
#4554 = CARTESIAN_POINT('',(2.698119950393,78.875609927699));
#4555 = CARTESIAN_POINT('',(2.698127029,74.534169855945));
#4556 = CARTESIAN_POINT('',(2.698128867174,72.345202337667));
#4557 = CARTESIAN_POINT('',(2.698128219714,70.156245921359));
#4558 = CARTESIAN_POINT('',(2.69812640897,67.967278878776));
#4559 = CARTESIAN_POINT('',(2.698121942276,63.582060617998));
#4560 = CARTESIAN_POINT('',(2.698119287666,61.3857982409));
#4561 = CARTESIAN_POINT('',(2.698117090203,59.189546142542));
#4562 = CARTESIAN_POINT('',(2.698115740618,56.993283239391));
#4563 = CARTESIAN_POINT('',(2.698114458374,52.608064769567));
#4564 = CARTESIAN_POINT('',(2.698114528361,50.419098068179));
#4565 = CARTESIAN_POINT('',(2.698115202923,48.230141824006));
#4566 = CARTESIAN_POINT('',(2.698116027441,46.041175141333));
#4567 = CARTESIAN_POINT('',(2.698117603971,41.6559558635));
#4568 = CARTESIAN_POINT('',(2.698118357681,39.459692176905));
#4569 = CARTESIAN_POINT('',(2.698118849583,37.263438705428));
#4570 = CARTESIAN_POINT('',(2.698119171059,35.067174198832));
#4571 = CARTESIAN_POINT('',(2.698119820012,30.68195282391));
#4572 = CARTESIAN_POINT('',(2.698120141153,28.492984826715));
#4573 = CARTESIAN_POINT('',(2.698120627874,26.304027343415));
#4574 = CARTESIAN_POINT('',(2.698121379642,24.115060015554));
#4575 = CARTESIAN_POINT('',(2.698122673035,19.737136680441));
#4576 = CARTESIAN_POINT('',(2.698123204672,17.5481696139));
#4577 = CARTESIAN_POINT('',(2.698123369177,15.359214309355));
#4578 = CARTESIAN_POINT('',(2.698122205663,13.170249651479));
#4579 = CARTESIAN_POINT('',(2.698117958811,8.785037726634));
#4580 = CARTESIAN_POINT('',(2.698114865139,6.588779476292));
#4581 = CARTESIAN_POINT('',(2.698111406064,4.392529898087));
#4582 = CARTESIAN_POINT('',(2.698109439314,2.196265194508));
#4583 = CARTESIAN_POINT('',(2.69811899105,1.059152736534E-08));
#4584 = ( GEOMETRIC_REPRESENTATION_CONTEXT(2) 
PARAMETRIC_REPRESENTATION_CONTEXT() REPRESENTATION_CONTEXT('2D SPACE',''
  ) );
#4585 = ADVANCED_FACE('',(#4586),#2980,.F.);
#4586 = FACE_BOUND('',#4587,.F.);
#4587 = EDGE_LOOP('',(#4588,#4589,#4590,#4670));
#4588 = ORIENTED_EDGE('',*,*,#2858,.T.);
#4589 = ORIENTED_EDGE('',*,*,#4448,.T.);
#4590 = ORIENTED_EDGE('',*,*,#4591,.F.);
#4591 = EDGE_CURVE('',#4592,#4369,#4594,.T.);
#4592 = VERTEX_POINT('',#4593);
#4593 = CARTESIAN_POINT('',(-36.16489204632,-2.528892518119,3.));
#4594 = SURFACE_CURVE('',#4595,(#4618,#4644),.PCURVE_S1.);
#4595 = B_SPLINE_CURVE_WITH_KNOTS('',6,(#4596,#4597,#4598,#4599,#4600,
    #4601,#4602,#4603,#4604,#4605,#4606,#4607,#4608,#4609,#4610,#4611,
    #4612,#4613,#4614,#4615,#4616,#4617),.UNSPECIFIED.,.F.,.F.,(7,5,5,5,
    7),(0.,0.249544697599,0.499999406904,0.750454503997,1.),
  .UNSPECIFIED.);
#4596 = CARTESIAN_POINT('',(-37.32442017984,-5.084104458353,3.));
#4597 = CARTESIAN_POINT('',(-36.60991454985,-3.502547097655,3.));
#4598 = CARTESIAN_POINT('',(-35.89095283267,-1.921358587548,3.));
#4599 = CARTESIAN_POINT('',(-35.16729783784,-0.340706863556,3.));
#4600 = CARTESIAN_POINT('',(-34.43873672558,1.23919923663,3.));
#4601 = CARTESIAN_POINT('',(-33.70510788669,2.818102526382,3.));
#4602 = CARTESIAN_POINT('',(-32.22483960174,5.979085571346,3.));
#4603 = CARTESIAN_POINT('',(-31.47816220939,7.561156347674,3.));
#4604 = CARTESIAN_POINT('',(-30.72619627796,9.141643035571,3.));
#4605 = CARTESIAN_POINT('',(-29.96891920043,10.720231427232,3.));
#4606 = CARTESIAN_POINT('',(-29.2063958908,12.296605825496,3.));
#4607 = CARTESIAN_POINT('',(-27.67112726189,15.444372759513,3.));
#4608 = CARTESIAN_POINT('',(-26.89838217935,17.015764769694,3.));
#4609 = CARTESIAN_POINT('',(-26.12066248495,18.584385820208,3.));
#4610 = CARTESIAN_POINT('',(-25.33817698069,20.14999038617,3.));
#4611 = CARTESIAN_POINT('',(-24.55118718191,21.712402824667,3.));
#4612 = CARTESIAN_POINT('',(-22.97163824176,24.824973431804,3.));
#4613 = CARTESIAN_POINT('',(-22.17910952458,26.37515596355,3.));
#4614 = CARTESIAN_POINT('',(-21.38267050104,27.921962465262,3.));
#4615 = CARTESIAN_POINT('',(-20.5826233384,29.465361935132,3.));
#4616 = CARTESIAN_POINT('',(-19.77926364658,31.005393510908,3.));
#4617 = CARTESIAN_POINT('',(-18.97286979625,32.542140703357,3.));
#4618 = PCURVE('',#2980,#4619);
#4619 = DEFINITIONAL_REPRESENTATION('',(#4620),#4643);
#4620 = B_SPLINE_CURVE_WITH_KNOTS('',6,(#4621,#4622,#4623,#4624,#4625,
    #4626,#4627,#4628,#4629,#4630,#4631,#4632,#4633,#4634,#4635,#4636,
    #4637,#4638,#4639,#4640,#4641,#4642),.UNSPECIFIED.,.F.,.F.,(7,5,5,5,
    7),(0.,0.249544697599,0.499999406904,0.750454503997,1.),
  .UNSPECIFIED.);
#4621 = CARTESIAN_POINT('',(40.,4.265874052654));
#4622 = CARTESIAN_POINT('',(38.329105869742,4.178947312937));
#4623 = CARTESIAN_POINT('',(36.660003719879,4.087458800408));
#4624 = CARTESIAN_POINT('',(34.992668205698,3.99149060209));
#4625 = CARTESIAN_POINT('',(33.32701434963,3.891269679025));
#4626 = CARTESIAN_POINT('',(31.662875306743,3.787226513152));
#4627 = CARTESIAN_POINT('',(28.331089759781,3.572317028367));
#4628 = CARTESIAN_POINT('',(26.663452097182,3.461427202375));
#4629 = CARTESIAN_POINT('',(24.996861302994,3.34790936279));
#4630 = CARTESIAN_POINT('',(23.331003854864,3.232553683884));
#4631 = CARTESIAN_POINT('',(21.665512802226,3.116281174963));
#4632 = CARTESIAN_POINT('',(18.33452784174,2.883735544889));
#4633 = CARTESIAN_POINT('',(16.669034302728,2.767462718032));
#4634 = CARTESIAN_POINT('',(15.003174458828,2.652106587455));
#4635 = CARTESIAN_POINT('',(13.336581351982,2.538588177512));
#4636 = CARTESIAN_POINT('',(11.668941447514,2.427697686205));
#4637 = CARTESIAN_POINT('',(8.337148793898,2.21278655619));
#4638 = CARTESIAN_POINT('',(6.673004881637,2.10874242155));
#4639 = CARTESIAN_POINT('',(5.007346194542,2.008520498458));
#4640 = CARTESIAN_POINT('',(3.340005872641,1.912551297044));
#4641 = CARTESIAN_POINT('',(1.670898925854,1.821061800425));
#4642 = CARTESIAN_POINT('',(-6.010410268445E-16,1.734134111456));
#4643 = ( GEOMETRIC_REPRESENTATION_CONTEXT(2) 
PARAMETRIC_REPRESENTATION_CONTEXT() REPRESENTATION_CONTEXT('2D SPACE',''
  ) );
#4644 = PCURVE('',#4194,#4645);
#4645 = DEFINITIONAL_REPRESENTATION('',(#4646),#4669);
#4646 = B_SPLINE_CURVE_WITH_KNOTS('',6,(#4647,#4648,#4649,#4650,#4651,
    #4652,#4653,#4654,#4655,#4656,#4657,#4658,#4659,#4660,#4661,#4662,
    #4663,#4664,#4665,#4666,#4667,#4668),.UNSPECIFIED.,.F.,.F.,(7,5,5,5,
    7),(0.,0.249544697599,0.499999406904,0.750454503997,1.),
  .UNSPECIFIED.);
#4647 = CARTESIAN_POINT('',(-37.32442017984,-5.084104458353));
#4648 = CARTESIAN_POINT('',(-36.60991454985,-3.502547097655));
#4649 = CARTESIAN_POINT('',(-35.89095283267,-1.921358587548));
#4650 = CARTESIAN_POINT('',(-35.16729783784,-0.340706863556));
#4651 = CARTESIAN_POINT('',(-34.43873672558,1.23919923663));
#4652 = CARTESIAN_POINT('',(-33.70510788669,2.818102526382));
#4653 = CARTESIAN_POINT('',(-32.22483960174,5.979085571346));
#4654 = CARTESIAN_POINT('',(-31.47816220939,7.561156347674));
#4655 = CARTESIAN_POINT('',(-30.72619627796,9.141643035571));
#4656 = CARTESIAN_POINT('',(-29.96891920043,10.720231427232));
#4657 = CARTESIAN_POINT('',(-29.2063958908,12.296605825496));
#4658 = CARTESIAN_POINT('',(-27.67112726189,15.444372759513));
#4659 = CARTESIAN_POINT('',(-26.89838217935,17.015764769694));
#4660 = CARTESIAN_POINT('',(-26.12066248495,18.584385820208));
#4661 = CARTESIAN_POINT('',(-25.33817698069,20.14999038617));
#4662 = CARTESIAN_POINT('',(-24.55118718191,21.712402824667));
#4663 = CARTESIAN_POINT('',(-22.97163824176,24.824973431804));
#4664 = CARTESIAN_POINT('',(-22.17910952458,26.37515596355));
#4665 = CARTESIAN_POINT('',(-21.38267050104,27.921962465262));
#4666 = CARTESIAN_POINT('',(-20.5826233384,29.465361935132));
#4667 = CARTESIAN_POINT('',(-19.77926364658,31.005393510908));
#4668 = CARTESIAN_POINT('',(-18.97286979625,32.542140703357));
#4669 = ( GEOMETRIC_REPRESENTATION_CONTEXT(2) 
PARAMETRIC_REPRESENTATION_CONTEXT() REPRESENTATION_CONTEXT('2D SPACE',''
  ) );
#4670 = ORIENTED_EDGE('',*,*,#4671,.F.);
#4671 = EDGE_CURVE('',#2289,#4592,#4672,.T.);
#4672 = SURFACE_CURVE('',#4673,(#4716,#4762),.PCURVE_S1.);
#4673 = B_SPLINE_CURVE_WITH_KNOTS('',5,(#4674,#4675,#4676,#4677,#4678,
    #4679,#4680,#4681,#4682,#4683,#4684,#4685,#4686,#4687,#4688,#4689,
    #4690,#4691,#4692,#4693,#4694,#4695,#4696,#4697,#4698,#4699,#4700,
    #4701,#4702,#4703,#4704,#4705,#4706,#4707,#4708,#4709,#4710,#4711,
    #4712,#4713,#4714,#4715),.UNSPECIFIED.,.F.,.F.,(6,4,4,4,4,4,4,4,4,4,
    6),(0.,1.365603515886E-02,1.735020268476E-02,0.138234887439,
    0.261168648906,0.384512089836,0.507445774831,0.630789237102,
    0.753722900517,0.876656659333,1.),.UNSPECIFIED.);
#4674 = CARTESIAN_POINT('',(18.225882366481,-31.34881462894,
    90.149095422943));
#4675 = CARTESIAN_POINT('',(18.051543988326,-31.44625902375,
    89.905073815455));
#4676 = CARTESIAN_POINT('',(17.876042904279,-31.54374840568,
    89.661581993702));
#4677 = CARTESIAN_POINT('',(17.699372662516,-31.64123808644,
    89.41862765372));
#4678 = CARTESIAN_POINT('',(17.521528821935,-31.73868350472,
    89.176217851825));
#4679 = CARTESIAN_POINT('',(17.294081324246,-31.86237671648,
    88.868932466914));
#4680 = CARTESIAN_POINT('',(17.244955405776,-31.8890644802,
    88.802753280955));
#4681 = CARTESIAN_POINT('',(17.196429785306,-31.91522718585,
    88.737353565015));
#4682 = CARTESIAN_POINT('',(17.147700822693,-31.94142023478,
    88.671792853376));
#4683 = CARTESIAN_POINT('',(15.497499982308,-32.82407523393,
    86.453541025801));
#4684 = CARTESIAN_POINT('',(13.842605689941,-33.58028735174,
    84.301055901166));
#4685 = CARTESIAN_POINT('',(12.142459265625,-34.23176434989,
    82.148579579958));
#4686 = CARTESIAN_POINT('',(10.405978322967,-34.77508824088,
    79.996094946999));
#4687 = CARTESIAN_POINT('',(6.848915175549,-35.64823400683,
    75.654652347664));
#4688 = CARTESIAN_POINT('',(5.027397624066,-35.97428289396,
    73.465683982827));
#4689 = CARTESIAN_POINT('',(3.1875498854,-36.18375212852,71.276727895846
    ));
#4690 = CARTESIAN_POINT('',(1.339356005275,-36.27550101847,
    69.087762155604));
#4691 = CARTESIAN_POINT('',(-2.359883889337,-36.22375213933,
    64.702547242984));
#4692 = CARTESIAN_POINT('',(-4.210928339692,-36.07946922387,
    62.506286925757));
#4693 = CARTESIAN_POINT('',(-6.050223032195,-35.81696018591,
    60.310036680127));
#4694 = CARTESIAN_POINT('',(-7.867721882654,-35.43766067545,
    58.113774703289));
#4695 = CARTESIAN_POINT('',(-11.43373188419,-34.45250307401,
    53.728556173919));
#4696 = CARTESIAN_POINT('',(-13.18246118792,-33.84739929455,
    51.539588492699));
#4697 = CARTESIAN_POINT('',(-14.89024626022,-33.13161414626,
    49.350630227847));
#4698 = CARTESIAN_POINT('',(-16.54782306882,-32.30903272323,
    47.161661065533));
#4699 = CARTESIAN_POINT('',(-19.75058298775,-30.45720429137,
    42.776437236882));
#4700 = CARTESIAN_POINT('',(-21.2953811697,-29.42727283639,
    40.580171473614));
#4701 = CARTESIAN_POINT('',(-22.77219226326,-28.2999177325,
    38.383916795566));
#4702 = CARTESIAN_POINT('',(-24.17294949405,-27.08129424977,
    36.187652540539));
#4703 = CARTESIAN_POINT('',(-26.80361801331,-24.48003562486,
    31.802434081626));
#4704 = CARTESIAN_POINT('',(-28.03408814423,-23.0979522773,
    29.613468736703));
#4705 = CARTESIAN_POINT('',(-29.17477252267,-21.63927723224,
    27.424514933764));
#4706 = CARTESIAN_POINT('',(-30.21948073034,-20.11192373694,
    25.235551219108));
#4707 = CARTESIAN_POINT('',(-32.10673145152,-16.9370490941,
    20.857632851416));
#4708 = CARTESIAN_POINT('',(-32.94927861021,-15.28951983309,
    18.668667145586));
#4709 = CARTESIAN_POINT('',(-33.68563839173,-13.59049330206,
    16.479711080179));
#4710 = CARTESIAN_POINT('',(-34.31181837561,-11.84919138045,
    14.290742728222));
#4711 = CARTESIAN_POINT('',(-35.33997802447,-8.295336192814,
    9.905521176658));
#4712 = CARTESIAN_POINT('',(-35.74120635664,-6.48255594879,
    7.709257006311));
#4713 = CARTESIAN_POINT('',(-36.02592295282,-4.646578220216,
    5.513002119877));
#4714 = CARTESIAN_POINT('',(-36.19257356604,-2.797430637118,
    3.316737577402));
#4715 = CARTESIAN_POINT('',(-36.24088171585,-0.945191507376,
    1.120485998311));
#4716 = PCURVE('',#2980,#4717);
#4717 = DEFINITIONAL_REPRESENTATION('',(#4718),#4761);
#4718 = B_SPLINE_CURVE_WITH_KNOTS('',5,(#4719,#4720,#4721,#4722,#4723,
    #4724,#4725,#4726,#4727,#4728,#4729,#4730,#4731,#4732,#4733,#4734,
    #4735,#4736,#4737,#4738,#4739,#4740,#4741,#4742,#4743,#4744,#4745,
    #4746,#4747,#4748,#4749,#4750,#4751,#4752,#4753,#4754,#4755,#4756,
    #4757,#4758,#4759,#4760),.UNSPECIFIED.,.F.,.F.,(6,4,4,4,4,4,4,4,4,4,
    6),(0.,1.365603515886E-02,1.735020268476E-02,0.138234887439,
    0.261168648906,0.384512089836,0.507445774831,0.630789237102,
    0.753722900517,0.876656659333,1.),.UNSPECIFIED.);
#4719 = CARTESIAN_POINT('',(37.327894738896,91.206798885845));
#4720 = CARTESIAN_POINT('',(37.325754689231,90.97623598365));
#4721 = CARTESIAN_POINT('',(37.322266490801,90.745512013929));
#4722 = CARTESIAN_POINT('',(37.317420884225,90.51463344986));
#4723 = CARTESIAN_POINT('',(37.31121028689,90.283606108585));
#4724 = CARTESIAN_POINT('',(37.30157788225,89.989899852074));
#4725 = CARTESIAN_POINT('',(37.300902232406,89.924501142235));
#4726 = CARTESIAN_POINT('',(37.302559234679,89.856946027478));
#4727 = CARTESIAN_POINT('',(37.301881875645,89.79227759722));
#4728 = CARTESIAN_POINT('',(37.301890399741,87.574013349646));
#4729 = CARTESIAN_POINT('',(37.301888318683,85.421528527512));
#4730 = CARTESIAN_POINT('',(37.30188492749,83.269057481326));
#4731 = CARTESIAN_POINT('',(37.30188192761,81.116578634801));
#4732 = CARTESIAN_POINT('',(37.301877760538,76.775145521548));
#4733 = CARTESIAN_POINT('',(37.301876622753,74.586180801249));
#4734 = CARTESIAN_POINT('',(37.301876802427,72.397225424834));
#4735 = CARTESIAN_POINT('',(37.301877341161,70.208258286571));
#4736 = CARTESIAN_POINT('',(37.301878640639,65.823038353722));
#4737 = CARTESIAN_POINT('',(37.301879392102,63.626774400299));
#4738 = CARTESIAN_POINT('',(37.301879873841,61.430520472702));
#4739 = CARTESIAN_POINT('',(37.30188019233,59.23425586579));
#4740 = CARTESIAN_POINT('',(37.3018808414,54.849034500942));
#4741 = CARTESIAN_POINT('',(37.301881165678,52.660066610641));
#4742 = CARTESIAN_POINT('',(37.301881662487,50.471109577582));
#4743 = CARTESIAN_POINT('',(37.301882417538,48.282142499224));
#4744 = CARTESIAN_POINT('',(37.301883995581,43.89692322936));
#4745 = CARTESIAN_POINT('',(37.30188482072,41.70065994909));
#4746 = CARTESIAN_POINT('',(37.301885489078,39.504407279572));
#4747 = CARTESIAN_POINT('',(37.301885540357,37.30814397723));
#4748 = CARTESIAN_POINT('',(37.301884210745,32.922925514252));
#4749 = CARTESIAN_POINT('',(37.301882841891,30.733959219032));
#4750 = CARTESIAN_POINT('',(37.301880634891,28.54500355642));
#4751 = CARTESIAN_POINT('',(37.301877986521,26.356037789327));
#4752 = CARTESIAN_POINT('',(37.301873543765,21.978116094242));
#4753 = CARTESIAN_POINT('',(37.301871753532,19.789149101926));
#4754 = CARTESIAN_POINT('',(37.301871141337,17.600192729624));
#4755 = CARTESIAN_POINT('',(37.301873026268,15.411225243207));
#4756 = CARTESIAN_POINT('',(37.301880244751,11.026006262006));
#4757 = CARTESIAN_POINT('',(37.301885580953,8.829743777981));
#4758 = CARTESIAN_POINT('',(37.301891758867,6.63349047759));
#4759 = CARTESIAN_POINT('',(37.301895562861,4.437225453942));
#4760 = CARTESIAN_POINT('',(37.301886578048,2.240972712593));
#4761 = ( GEOMETRIC_REPRESENTATION_CONTEXT(2) 
PARAMETRIC_REPRESENTATION_CONTEXT() REPRESENTATION_CONTEXT('2D SPACE',''
  ) );
#4762 = PCURVE('',#2410,#4763);
#4763 = DEFINITIONAL_REPRESENTATION('',(#4764),#4807);
#4764 = B_SPLINE_CURVE_WITH_KNOTS('',5,(#4765,#4766,#4767,#4768,#4769,
    #4770,#4771,#4772,#4773,#4774,#4775,#4776,#4777,#4778,#4779,#4780,
    #4781,#4782,#4783,#4784,#4785,#4786,#4787,#4788,#4789,#4790,#4791,
    #4792,#4793,#4794,#4795,#4796,#4797,#4798,#4799,#4800,#4801,#4802,
    #4803,#4804,#4805,#4806),.UNSPECIFIED.,.F.,.F.,(6,4,4,4,4,4,4,4,4,4,
    6),(0.,1.365603515886E-02,1.735020268476E-02,0.138234887439,
    0.261168648906,0.384512089836,0.507445774831,0.630789237102,
    0.753722900517,0.876656659333,1.),.UNSPECIFIED.);
#4765 = CARTESIAN_POINT('',(2.680474325472,89.027626284024));
#4766 = CARTESIAN_POINT('',(2.687277527084,88.783983588241));
#4767 = CARTESIAN_POINT('',(2.692415959164,88.540778011115));
#4768 = CARTESIAN_POINT('',(2.695913169522,88.298018488616));
#4769 = CARTESIAN_POINT('',(2.697793267456,88.055713385604));
#4770 = CARTESIAN_POINT('',(2.698158739207,87.748448274849));
#4771 = CARTESIAN_POINT('',(2.69807660389,87.682264491799));
#4772 = CARTESIAN_POINT('',(2.698126222911,87.616867521185));
#4773 = CARTESIAN_POINT('',(2.698112612894,87.551306031319));
#4774 = CARTESIAN_POINT('',(2.698104786232,85.333053100701));
#4775 = CARTESIAN_POINT('',(2.698108740877,83.180567664908));
#4776 = CARTESIAN_POINT('',(2.698114775608,81.028092911683));
#4777 = CARTESIAN_POINT('',(2.698119950393,78.875609927699));
#4778 = CARTESIAN_POINT('',(2.698127029,74.534169855945));
#4779 = CARTESIAN_POINT('',(2.698128867174,72.345202337665));
#4780 = CARTESIAN_POINT('',(2.698128219714,70.156245921362));
#4781 = CARTESIAN_POINT('',(2.69812640897,67.967278878775));
#4782 = CARTESIAN_POINT('',(2.698121942276,63.582060618002));
#4783 = CARTESIAN_POINT('',(2.698119287666,61.385798240893));
#4784 = CARTESIAN_POINT('',(2.698117090203,59.18954614255));
#4785 = CARTESIAN_POINT('',(2.698115740618,56.993283239387));
#4786 = CARTESIAN_POINT('',(2.698114458374,52.608064769564));
#4787 = CARTESIAN_POINT('',(2.698114528361,50.419098068184));
#4788 = CARTESIAN_POINT('',(2.698115202923,48.230141824001));
#4789 = CARTESIAN_POINT('',(2.698116027441,46.041175141335));
#4790 = CARTESIAN_POINT('',(2.698117603971,41.655955863501));
#4791 = CARTESIAN_POINT('',(2.698118357681,39.459692176902));
#4792 = CARTESIAN_POINT('',(2.698118849583,37.26343870543));
#4793 = CARTESIAN_POINT('',(2.698119171059,35.067174198831));
#4794 = CARTESIAN_POINT('',(2.698119820012,30.681952823912));
#4795 = CARTESIAN_POINT('',(2.698120141154,28.492984826711));
#4796 = CARTESIAN_POINT('',(2.698120627874,26.304027343419));
#4797 = CARTESIAN_POINT('',(2.698121379642,24.115060015552));
#4798 = CARTESIAN_POINT('',(2.698122673035,19.737136680441));
#4799 = CARTESIAN_POINT('',(2.698123204672,17.548169613899));
#4800 = CARTESIAN_POINT('',(2.698123369177,15.359214309356));
#4801 = CARTESIAN_POINT('',(2.698122205663,13.170249651479));
#4802 = CARTESIAN_POINT('',(2.698117958811,8.785037726634));
#4803 = CARTESIAN_POINT('',(2.698114865139,6.588779476291));
#4804 = CARTESIAN_POINT('',(2.698111406064,4.392529898088));
#4805 = CARTESIAN_POINT('',(2.698109439314,2.196265194507));
#4806 = CARTESIAN_POINT('',(2.69811899105,1.059149981865E-08));
#4807 = ( GEOMETRIC_REPRESENTATION_CONTEXT(2) 
PARAMETRIC_REPRESENTATION_CONTEXT() REPRESENTATION_CONTEXT('2D SPACE',''
  ) );
#4808 = ADVANCED_FACE('',(#4809),#2410,.F.);
#4809 = FACE_BOUND('',#4810,.F.);
#4810 = EDGE_LOOP('',(#4811,#4812,#4813,#4893));
#4811 = ORIENTED_EDGE('',*,*,#2288,.T.);
#4812 = ORIENTED_EDGE('',*,*,#4671,.T.);
#4813 = ORIENTED_EDGE('',*,*,#4814,.F.);
#4814 = EDGE_CURVE('',#4815,#4592,#4817,.T.);
#4815 = VERTEX_POINT('',#4816);
#4816 = CARTESIAN_POINT('',(-15.89236085924,-32.58416149613,
    2.999999999556));
#4817 = SURFACE_CURVE('',#4818,(#4841,#4867),.PCURVE_S1.);
#4818 = B_SPLINE_CURVE_WITH_KNOTS('',6,(#4819,#4820,#4821,#4822,#4823,
    #4824,#4825,#4826,#4827,#4828,#4829,#4830,#4831,#4832,#4833,#4834,
    #4835,#4836,#4837,#4838,#4839,#4840),.UNSPECIFIED.,.F.,.F.,(7,5,5,5,
    7),(0.,0.247553104169,0.496659364573,0.748787520934,1.),
  .UNSPECIFIED.);
#4819 = CARTESIAN_POINT('',(-14.42074891259,-34.64101615137,3.));
#4820 = CARTESIAN_POINT('',(-15.41808475627,-33.25150361627,3.));
#4821 = CARTESIAN_POINT('',(-16.41291949173,-31.85841018126,3.));
#4822 = CARTESIAN_POINT('',(-17.40499861856,-30.46162302595,3.));
#4823 = CARTESIAN_POINT('',(-18.39404611829,-29.06106962412,3.));
#4824 = CARTESIAN_POINT('',(-19.37977147701,-27.65674267599,3.));
#4825 = CARTESIAN_POINT('',(-21.35018089858,-24.83183571622,3.));
#4826 = CARTESIAN_POINT('',(-22.33481985112,-23.41120861224,3.));
#4827 = CARTESIAN_POINT('',(-23.31552844496,-21.98688864231,3.));
#4828 = CARTESIAN_POINT('',(-24.29203428153,-20.55901022202,3.));
#4829 = CARTESIAN_POINT('',(-25.2641057901,-19.12778029522,3.));
#4830 = CARTESIAN_POINT('',(-27.2107827862,-16.24171278039,3.));
#4831 = CARTESIAN_POINT('',(-28.18527564505,-14.78679990317,3.));
#4832 = CARTESIAN_POINT('',(-29.15488147651,-13.32896436554,3.));
#4833 = CARTESIAN_POINT('',(-30.11949205078,-11.86850975778,3.));
#4834 = CARTESIAN_POINT('',(-31.07908601432,-10.40575038027,3.));
#4835 = CARTESIAN_POINT('',(-32.98487676109,-7.48153556801,3.));
#4836 = CARTESIAN_POINT('',(-33.9311098555,-6.020094299834,3.));
#4837 = CARTESIAN_POINT('',(-34.87246406895,-4.556954622021,3.));
#4838 = CARTESIAN_POINT('',(-35.80906363673,-3.092393720022,3.));
#4839 = CARTESIAN_POINT('',(-36.74109025807,-1.626648030642,3.));
#4840 = CARTESIAN_POINT('',(-37.66875544076,-0.15991687457,3.));
#4841 = PCURVE('',#2410,#4842);
#4842 = DEFINITIONAL_REPRESENTATION('',(#4843),#4866);
#4843 = B_SPLINE_CURVE_WITH_KNOTS('',6,(#4844,#4845,#4846,#4847,#4848,
    #4849,#4850,#4851,#4852,#4853,#4854,#4855,#4856,#4857,#4858,#4859,
    #4860,#4861,#4862,#4863,#4864,#4865),.UNSPECIFIED.,.F.,.F.,(7,5,5,5,
    7),(0.,0.247553104169,0.496659364573,0.748787520934,1.),
  .UNSPECIFIED.);
#4844 = CARTESIAN_POINT('',(39.733430181818,4.251956661253));
#4845 = CARTESIAN_POINT('',(38.087105136163,4.165698821047));
#4846 = CARTESIAN_POINT('',(36.442517282798,4.075020138874));
#4847 = CARTESIAN_POINT('',(34.799637843371,3.980010508959));
#4848 = CARTESIAN_POINT('',(33.158380787141,3.880898918281));
#4849 = CARTESIAN_POINT('',(31.518582678979,3.778106691651));
#4850 = CARTESIAN_POINT('',(28.231166198978,3.565668729595));
#4851 = CARTESIAN_POINT('',(26.583562855444,3.455984037647));
#4852 = CARTESIAN_POINT('',(24.93697043509,3.343761677646));
#4853 = CARTESIAN_POINT('',(23.291085280482,3.229766864961));
#4854 = CARTESIAN_POINT('',(21.645553513304,3.11488775966));
#4855 = CARTESIAN_POINT('',(18.33452784174,2.883735544889));
#4856 = CARTESIAN_POINT('',(16.669034302729,2.767462718032));
#4857 = CARTESIAN_POINT('',(15.003174458828,2.652106587455));
#4858 = CARTESIAN_POINT('',(13.336581351982,2.538588177512));
#4859 = CARTESIAN_POINT('',(11.668941447514,2.427697686205));
#4860 = CARTESIAN_POINT('',(8.337148793897,2.21278655619));
#4861 = CARTESIAN_POINT('',(6.673004881638,2.10874242155));
#4862 = CARTESIAN_POINT('',(5.00734619454,2.008520498458));
#4863 = CARTESIAN_POINT('',(3.340005872642,1.912551297044));
#4864 = CARTESIAN_POINT('',(1.670898925853,1.821061800425));
#4865 = CARTESIAN_POINT('',(0.,1.734134111456));
#4866 = ( GEOMETRIC_REPRESENTATION_CONTEXT(2) 
PARAMETRIC_REPRESENTATION_CONTEXT() REPRESENTATION_CONTEXT('2D SPACE',''
  ) );
#4867 = PCURVE('',#4194,#4868);
#4868 = DEFINITIONAL_REPRESENTATION('',(#4869),#4892);
#4869 = B_SPLINE_CURVE_WITH_KNOTS('',6,(#4870,#4871,#4872,#4873,#4874,
    #4875,#4876,#4877,#4878,#4879,#4880,#4881,#4882,#4883,#4884,#4885,
    #4886,#4887,#4888,#4889,#4890,#4891),.UNSPECIFIED.,.F.,.F.,(7,5,5,5,
    7),(0.,0.247553104169,0.496659364573,0.748787520934,1.),
  .UNSPECIFIED.);
#4870 = CARTESIAN_POINT('',(-14.42074891259,-34.64101615137));
#4871 = CARTESIAN_POINT('',(-15.41808475627,-33.25150361627));
#4872 = CARTESIAN_POINT('',(-16.41291949173,-31.85841018126));
#4873 = CARTESIAN_POINT('',(-17.40499861856,-30.46162302595));
#4874 = CARTESIAN_POINT('',(-18.39404611829,-29.06106962412));
#4875 = CARTESIAN_POINT('',(-19.37977147701,-27.65674267599));
#4876 = CARTESIAN_POINT('',(-21.35018089858,-24.83183571622));
#4877 = CARTESIAN_POINT('',(-22.33481985112,-23.41120861224));
#4878 = CARTESIAN_POINT('',(-23.31552844496,-21.98688864231));
#4879 = CARTESIAN_POINT('',(-24.29203428153,-20.55901022202));
#4880 = CARTESIAN_POINT('',(-25.2641057901,-19.12778029522));
#4881 = CARTESIAN_POINT('',(-27.2107827862,-16.24171278039));
#4882 = CARTESIAN_POINT('',(-28.18527564505,-14.78679990317));
#4883 = CARTESIAN_POINT('',(-29.15488147651,-13.32896436554));
#4884 = CARTESIAN_POINT('',(-30.11949205078,-11.86850975778));
#4885 = CARTESIAN_POINT('',(-31.07908601432,-10.40575038027));
#4886 = CARTESIAN_POINT('',(-32.98487676109,-7.48153556801));
#4887 = CARTESIAN_POINT('',(-33.9311098555,-6.020094299834));
#4888 = CARTESIAN_POINT('',(-34.87246406895,-4.556954622021));
#4889 = CARTESIAN_POINT('',(-35.80906363673,-3.092393720022));
#4890 = CARTESIAN_POINT('',(-36.74109025807,-1.626648030642));
#4891 = CARTESIAN_POINT('',(-37.66875544076,-0.15991687457));
#4892 = ( GEOMETRIC_REPRESENTATION_CONTEXT(2) 
PARAMETRIC_REPRESENTATION_CONTEXT() REPRESENTATION_CONTEXT('2D SPACE',''
  ) );
#4893 = ORIENTED_EDGE('',*,*,#4894,.F.);
#4894 = EDGE_CURVE('',#1719,#4815,#4895,.T.);
#4895 = SURFACE_CURVE('',#4896,(#4939,#4985),.PCURVE_S1.);
#4896 = B_SPLINE_CURVE_WITH_KNOTS('',5,(#4897,#4898,#4899,#4900,#4901,
    #4902,#4903,#4904,#4905,#4906,#4907,#4908,#4909,#4910,#4911,#4912,
    #4913,#4914,#4915,#4916,#4917,#4918,#4919,#4920,#4921,#4922,#4923,
    #4924,#4925,#4926,#4927,#4928,#4929,#4930,#4931,#4932,#4933,#4934,
    #4935,#4936,#4937,#4938),.UNSPECIFIED.,.F.,.F.,(6,4,4,4,4,4,4,4,4,4,
    6),(0.,1.365603515883E-02,1.735020268471E-02,0.138234887439,
    0.261168648906,0.384512089836,0.507445774831,0.630789237102,
    0.753722900517,0.876656659333,1.),.UNSPECIFIED.);
#4897 = CARTESIAN_POINT('',(36.261811030439,0.109669821285,
    90.149095422943));
#4898 = CARTESIAN_POINT('',(36.25903116272,-9.003384045451E-02,
    89.905073815455));
#4899 = CARTESIAN_POINT('',(36.255708902043,-0.290766928593,
    89.661581993703));
#4900 = CARTESIAN_POINT('',(36.251802321314,-0.492512686437,
    89.418627653721));
#4901 = CARTESIAN_POINT('',(36.247270608732,-0.695252679425,
    89.176217851826));
#4902 = CARTESIAN_POINT('',(36.240668323552,-0.954074596332,
    88.868932466915));
#4903 = CARTESIAN_POINT('',(36.239217645666,-1.009962771571,
    88.802753280955));
#4904 = CARTESIAN_POINT('',(36.237612403156,-1.065068544456,
    88.737353565016));
#4905 = CARTESIAN_POINT('',(36.235931767626,-1.120365588445,
    88.671792853377));
#4906 = CARTESIAN_POINT('',(36.175232999469,-2.990808937137,
    86.453541025802));
#4907 = CARTESIAN_POINT('',(36.002684757964,-4.802095493814,
    84.301055901165));
#4908 = CARTESIAN_POINT('',(35.716807176185,-6.600203986496,
    82.14857957996));
#4909 = CARTESIAN_POINT('',(35.319098996938,-8.375702541524,
    79.996094946998));
#4910 = CARTESIAN_POINT('',(34.296733837744,-11.89278247302,
    75.654652347665));
#4911 = CARTESIAN_POINT('',(33.66834168113,-13.63328738961,
    73.465683982826));
#4912 = CARTESIAN_POINT('',(32.92982349024,-15.33137688767,
    71.276727895846));
#4913 = CARTESIAN_POINT('',(32.085183419641,-16.97783418395,
    69.087762155604));
#4914 = CARTESIAN_POINT('',(30.190747628385,-20.15559546781,
    64.702547242983));
#4915 = CARTESIAN_POINT('',(29.140272733092,-21.68650552762,
    62.50628692576));
#4916 = CARTESIAN_POINT('',(27.993285891235,-23.14812693739,
    60.310036680125));
#4917 = CARTESIAN_POINT('',(26.756053454306,-24.53247735801,
    58.113774703291));
#4918 = CARTESIAN_POINT('',(24.119876943961,-27.12815380878,
    53.728556173919));
#4919 = CARTESIAN_POINT('',(22.721477047163,-28.34004592041,
    51.539588492701));
#4920 = CARTESIAN_POINT('',(21.247696388929,-29.46113860309,
    49.350630227846));
#4921 = CARTESIAN_POINT('',(19.706531575609,-30.48535151655,
    47.161661065534));
#4922 = CARTESIAN_POINT('',(16.501421150705,-32.33310875263,
    42.776437236881));
#4923 = CARTESIAN_POINT('',(14.837075255561,-33.15597749443,
    40.580171473617));
#4924 = CARTESIAN_POINT('',(13.122351549722,-33.8712558661,
    38.383916795563));
#4925 = CARTESIAN_POINT('',(11.366614040638,-34.47503547113,
    36.187652540541));
#4926 = CARTESIAN_POINT('',(7.798523730029,-35.45263192529,
    31.802434081626));
#4927 = CARTESIAN_POINT('',(5.986369375429,-35.82720864349,
    29.613468736705));
#4928 = CARTESIAN_POINT('',(4.152777541323,-36.08573277038,
    27.424514933764));
#4929 = CARTESIAN_POINT('',(2.307696510001,-36.22679987012,
    25.235551219108));
#4930 = CARTESIAN_POINT('',(-1.38545094512,-36.27376961656,
    20.857632851415));
#4931 = CARTESIAN_POINT('',(-3.233526717982,-36.17967222936,
    18.668667145587));
#4932 = CARTESIAN_POINT('',(-5.073106746317,-35.96786524097,
    16.479711080178));
#4933 = CARTESIAN_POINT('',(-6.894208438031,-35.63950205354,
    14.290742728222));
#4934 = CARTESIAN_POINT('',(-10.48601713632,-34.75298683478,
    9.905521176658));
#4935 = CARTESIAN_POINT('',(-12.25654504521,-34.19407064115,
    7.709257006311));
#4936 = CARTESIAN_POINT('',(-13.98890669703,-33.52265358203,
    5.513002119876));
#4937 = CARTESIAN_POINT('',(-15.67364078595,-32.74240345509,
    3.316737577402));
#4938 = CARTESIAN_POINT('',(-17.30188100109,-31.85811997516,
    1.120485998311));
#4939 = PCURVE('',#2410,#4940);
#4940 = DEFINITIONAL_REPRESENTATION('',(#4941),#4984);
#4941 = B_SPLINE_CURVE_WITH_KNOTS('',5,(#4942,#4943,#4944,#4945,#4946,
    #4947,#4948,#4949,#4950,#4951,#4952,#4953,#4954,#4955,#4956,#4957,
    #4958,#4959,#4960,#4961,#4962,#4963,#4964,#4965,#4966,#4967,#4968,
    #4969,#4970,#4971,#4972,#4973,#4974,#4975,#4976,#4977,#4978,#4979,
    #4980,#4981,#4982,#4983),.UNSPECIFIED.,.F.,.F.,(6,4,4,4,4,4,4,4,4,4,
    6),(0.,1.365603515883E-02,1.735020268471E-02,0.138234887439,
    0.261168648906,0.384512089836,0.507445774831,0.630789237102,
    0.753722900517,0.876656659333,1.),.UNSPECIFIED.);
#4942 = CARTESIAN_POINT('',(37.327894738896,91.206798885845));
#4943 = CARTESIAN_POINT('',(37.325754689231,90.97623598365));
#4944 = CARTESIAN_POINT('',(37.322266490801,90.74551201393));
#4945 = CARTESIAN_POINT('',(37.317420884225,90.514633449861));
#4946 = CARTESIAN_POINT('',(37.31121028689,90.283606108586));
#4947 = CARTESIAN_POINT('',(37.30157788225,89.989899852075));
#4948 = CARTESIAN_POINT('',(37.300902232406,89.924501142235));
#4949 = CARTESIAN_POINT('',(37.302559234679,89.856946027479));
#4950 = CARTESIAN_POINT('',(37.301881875645,89.792277597221));
#4951 = CARTESIAN_POINT('',(37.301890399741,87.574013349647));
#4952 = CARTESIAN_POINT('',(37.301888318683,85.421528527511));
#4953 = CARTESIAN_POINT('',(37.30188492749,83.269057481329));
#4954 = CARTESIAN_POINT('',(37.30188192761,81.1165786348));
#4955 = CARTESIAN_POINT('',(37.301877760538,76.775145521549));
#4956 = CARTESIAN_POINT('',(37.301876622753,74.586180801248));
#4957 = CARTESIAN_POINT('',(37.301876802427,72.397225424835));
#4958 = CARTESIAN_POINT('',(37.301877341161,70.208258286572));
#4959 = CARTESIAN_POINT('',(37.301878640639,65.823038353721));
#4960 = CARTESIAN_POINT('',(37.301879392102,63.626774400302));
#4961 = CARTESIAN_POINT('',(37.301879873841,61.4305204727));
#4962 = CARTESIAN_POINT('',(37.30188019233,59.234255865791));
#4963 = CARTESIAN_POINT('',(37.3018808414,54.849034500942));
#4964 = CARTESIAN_POINT('',(37.301881165678,52.660066610643));
#4965 = CARTESIAN_POINT('',(37.301881662487,50.471109577581));
#4966 = CARTESIAN_POINT('',(37.301882417538,48.282142499225));
#4967 = CARTESIAN_POINT('',(37.301883995581,43.89692322936));
#4968 = CARTESIAN_POINT('',(37.30188482072,41.700659949092));
#4969 = CARTESIAN_POINT('',(37.301885489078,39.50440727957));
#4970 = CARTESIAN_POINT('',(37.301885540357,37.308143977232));
#4971 = CARTESIAN_POINT('',(37.301884210745,32.922925514251));
#4972 = CARTESIAN_POINT('',(37.301882841891,30.733959219034));
#4973 = CARTESIAN_POINT('',(37.30188063489,28.545003556419));
#4974 = CARTESIAN_POINT('',(37.301877986521,26.356037789328));
#4975 = CARTESIAN_POINT('',(37.301873543765,21.978116094241));
#4976 = CARTESIAN_POINT('',(37.301871753532,19.789149101927));
#4977 = CARTESIAN_POINT('',(37.301871141337,17.600192729623));
#4978 = CARTESIAN_POINT('',(37.301873026268,15.411225243207));
#4979 = CARTESIAN_POINT('',(37.301880244751,11.026006262006));
#4980 = CARTESIAN_POINT('',(37.301885580953,8.829743777981));
#4981 = CARTESIAN_POINT('',(37.301891758867,6.633490477589));
#4982 = CARTESIAN_POINT('',(37.301895562861,4.437225453943));
#4983 = CARTESIAN_POINT('',(37.301886578048,2.240972712593));
#4984 = ( GEOMETRIC_REPRESENTATION_CONTEXT(2) 
PARAMETRIC_REPRESENTATION_CONTEXT() REPRESENTATION_CONTEXT('2D SPACE',''
  ) );
#4985 = PCURVE('',#1840,#4986);
#4986 = DEFINITIONAL_REPRESENTATION('',(#4987),#5030);
#4987 = B_SPLINE_CURVE_WITH_KNOTS('',5,(#4988,#4989,#4990,#4991,#4992,
    #4993,#4994,#4995,#4996,#4997,#4998,#4999,#5000,#5001,#5002,#5003,
    #5004,#5005,#5006,#5007,#5008,#5009,#5010,#5011,#5012,#5013,#5014,
    #5015,#5016,#5017,#5018,#5019,#5020,#5021,#5022,#5023,#5024,#5025,
    #5026,#5027,#5028,#5029),.UNSPECIFIED.,.F.,.F.,(6,4,4,4,4,4,4,4,4,4,
    6),(0.,1.365603515883E-02,1.735020268471E-02,0.138234887439,
    0.261168648906,0.384512089836,0.507445774831,0.630789237102,
    0.753722900517,0.876656659333,1.),.UNSPECIFIED.);
#4988 = CARTESIAN_POINT('',(2.680474325472,89.027626284025));
#4989 = CARTESIAN_POINT('',(2.687277527084,88.783983588241));
#4990 = CARTESIAN_POINT('',(2.692415959164,88.540778011115));
#4991 = CARTESIAN_POINT('',(2.695913169522,88.298018488617));
#4992 = CARTESIAN_POINT('',(2.697793267456,88.055713385605));
#4993 = CARTESIAN_POINT('',(2.698158739207,87.74844827485));
#4994 = CARTESIAN_POINT('',(2.69807660389,87.682264491799));
#4995 = CARTESIAN_POINT('',(2.698126222911,87.616867521187));
#4996 = CARTESIAN_POINT('',(2.698112612894,87.551306031319));
#4997 = CARTESIAN_POINT('',(2.698104786232,85.333053100702));
#4998 = CARTESIAN_POINT('',(2.698108740877,83.180567664908));
#4999 = CARTESIAN_POINT('',(2.698114775608,81.028092911686));
#5000 = CARTESIAN_POINT('',(2.698119950393,78.875609927698));
#5001 = CARTESIAN_POINT('',(2.698127029,74.534169855947));
#5002 = CARTESIAN_POINT('',(2.698128867174,72.345202337664));
#5003 = CARTESIAN_POINT('',(2.698128219714,70.156245921362));
#5004 = CARTESIAN_POINT('',(2.69812640897,67.967278878776));
#5005 = CARTESIAN_POINT('',(2.698121942276,63.582060618001));
#5006 = CARTESIAN_POINT('',(2.698119287666,61.385798240895));
#5007 = CARTESIAN_POINT('',(2.698117090203,59.189546142547));
#5008 = CARTESIAN_POINT('',(2.698115740618,56.993283239389));
#5009 = CARTESIAN_POINT('',(2.698114458374,52.608064769564));
#5010 = CARTESIAN_POINT('',(2.698114528361,50.419098068186));
#5011 = CARTESIAN_POINT('',(2.698115202923,48.230141824));
#5012 = CARTESIAN_POINT('',(2.698116027441,46.041175141336));
#5013 = CARTESIAN_POINT('',(2.698117603971,41.655955863501));
#5014 = CARTESIAN_POINT('',(2.698118357681,39.459692176904));
#5015 = CARTESIAN_POINT('',(2.698118849583,37.263438705427));
#5016 = CARTESIAN_POINT('',(2.698119171059,35.067174198833));
#5017 = CARTESIAN_POINT('',(2.698119820012,30.681952823911));
#5018 = CARTESIAN_POINT('',(2.698120141153,28.492984826713));
#5019 = CARTESIAN_POINT('',(2.698120627874,26.304027343418));
#5020 = CARTESIAN_POINT('',(2.698121379642,24.115060015553));
#5021 = CARTESIAN_POINT('',(2.698122673035,19.737136680441));
#5022 = CARTESIAN_POINT('',(2.698123204672,17.5481696139));
#5023 = CARTESIAN_POINT('',(2.698123369177,15.359214309355));
#5024 = CARTESIAN_POINT('',(2.698122205663,13.170249651479));
#5025 = CARTESIAN_POINT('',(2.698117958811,8.785037726634));
#5026 = CARTESIAN_POINT('',(2.698114865139,6.588779476292));
#5027 = CARTESIAN_POINT('',(2.698111406064,4.392529898087));
#5028 = CARTESIAN_POINT('',(2.698109439314,2.196265194507));
#5029 = CARTESIAN_POINT('',(2.69811899105,1.059153602604E-08));
#5030 = ( GEOMETRIC_REPRESENTATION_CONTEXT(2) 
PARAMETRIC_REPRESENTATION_CONTEXT() REPRESENTATION_CONTEXT('2D SPACE',''
  ) );
#5031 = ADVANCED_FACE('',(#5032),#1840,.F.);
#5032 = FACE_BOUND('',#5033,.F.);
#5033 = EDGE_LOOP('',(#5034,#5035,#5036,#5116));
#5034 = ORIENTED_EDGE('',*,*,#1718,.T.);
#5035 = ORIENTED_EDGE('',*,*,#4894,.T.);
#5036 = ORIENTED_EDGE('',*,*,#5037,.F.);
#5037 = EDGE_CURVE('',#5038,#4815,#5040,.T.);
#5038 = VERTEX_POINT('',#5039);
#5039 = CARTESIAN_POINT('',(20.272531187296,-30.05526897818,3.));
#5040 = SURFACE_CURVE('',#5041,(#5064,#5090),.PCURVE_S1.);
#5041 = B_SPLINE_CURVE_WITH_KNOTS('',6,(#5042,#5043,#5044,#5045,#5046,
    #5047,#5048,#5049,#5050,#5051,#5052,#5053,#5054,#5055,#5056,#5057,
    #5058,#5059,#5060,#5061,#5062,#5063),.UNSPECIFIED.,.F.,.F.,(7,5,5,5,
    7),(0.,0.249544697599,0.499999406905,0.750454503998,1.),
  .UNSPECIFIED.);
#5042 = CARTESIAN_POINT('',(23.065173706349,-29.78184382809,3.));
#5043 = CARTESIAN_POINT('',(21.33825203945,-29.95384248172,3.));
#5044 = CARTESIAN_POINT('',(19.609421762936,-30.12179762535,3.));
#5045 = CARTESIAN_POINT('',(17.878709718003,-30.28541987824,3.));
#5046 = CARTESIAN_POINT('',(16.146190343521,-30.44442049691,3.));
#5047 = CARTESIAN_POINT('',(14.412005565033,-30.59853093036,3.));
#5048 = CARTESIAN_POINT('',(10.934379804688,-30.89707251366,3.));
#5049 = CARTESIAN_POINT('',(9.190927625621,-31.04146631161,3.));
#5050 = CARTESIAN_POINT('',(7.446203037855,-31.18048805616,3.));
#5051 = CARTESIAN_POINT('',(5.700466849782,-31.31396106515,3.));
#5052 = CARTESIAN_POINT('',(3.954024920202,-31.44178370717,3.));
#5053 = CARTESIAN_POINT('',(0.460344475693,-31.6860855399,3.));
#5054 = CARTESIAN_POINT('',(-1.286893465702,-31.80256467287,3.));
#5055 = CARTESIAN_POINT('',(-3.034218991545,-31.91335018575,3.));
#5056 = CARTESIAN_POINT('',(-4.781315070093,-32.01850014395,3.));
#5057 = CARTESIAN_POINT('',(-6.527898832401,-32.11815320494,3.));
#5058 = CARTESIAN_POINT('',(-10.01323851933,-32.30650899981,3.));
#5059 = CARTESIAN_POINT('',(-11.75200033092,-32.39525026338,3.));
#5060 = CARTESIAN_POINT('',(-13.4897935679,-32.47891708728,3.));
#5061 = CARTESIAN_POINT('',(-15.22644029832,-32.55775565515,3.));
#5062 = CARTESIAN_POINT('',(-16.96182661148,-32.63204154155,3.));
#5063 = CARTESIAN_POINT('',(-18.6958856445,-32.70205757792,3.));
#5064 = PCURVE('',#1840,#5065);
#5065 = DEFINITIONAL_REPRESENTATION('',(#5066),#5089);
#5066 = B_SPLINE_CURVE_WITH_KNOTS('',6,(#5067,#5068,#5069,#5070,#5071,
    #5072,#5073,#5074,#5075,#5076,#5077,#5078,#5079,#5080,#5081,#5082,
    #5083,#5084,#5085,#5086,#5087,#5088),.UNSPECIFIED.,.F.,.F.,(7,5,5,5,
    7),(0.,0.249544697599,0.499999406905,0.750454503998,1.),
  .UNSPECIFIED.);
#5067 = CARTESIAN_POINT('',(40.,4.265874052654));
#5068 = CARTESIAN_POINT('',(38.329105869742,4.178947312937));
#5069 = CARTESIAN_POINT('',(36.660003719878,4.087458800408));
#5070 = CARTESIAN_POINT('',(34.9926682057,3.99149060209));
#5071 = CARTESIAN_POINT('',(33.327014349628,3.891269679025));
#5072 = CARTESIAN_POINT('',(31.662875306744,3.787226513152));
#5073 = CARTESIAN_POINT('',(28.331089759782,3.572317028367));
#5074 = CARTESIAN_POINT('',(26.663452097178,3.461427202375));
#5075 = CARTESIAN_POINT('',(24.996861303002,3.34790936279));
#5076 = CARTESIAN_POINT('',(23.331003854858,3.232553683883));
#5077 = CARTESIAN_POINT('',(21.665512802228,3.116281174963));
#5078 = CARTESIAN_POINT('',(18.334527841741,2.883735544889));
#5079 = CARTESIAN_POINT('',(16.669034302723,2.767462718031));
#5080 = CARTESIAN_POINT('',(15.003174458836,2.652106587455));
#5081 = CARTESIAN_POINT('',(13.336581351977,2.538588177512));
#5082 = CARTESIAN_POINT('',(11.668941447515,2.427697686205));
#5083 = CARTESIAN_POINT('',(8.337148793898,2.21278655619));
#5084 = CARTESIAN_POINT('',(6.673004881634,2.10874242155));
#5085 = CARTESIAN_POINT('',(5.007346194546,2.008520498458));
#5086 = CARTESIAN_POINT('',(3.340005872638,1.912551297044));
#5087 = CARTESIAN_POINT('',(1.670898925854,1.821061800425));
#5088 = CARTESIAN_POINT('',(-2.64966813681E-15,1.734134111456));
#5089 = ( GEOMETRIC_REPRESENTATION_CONTEXT(2) 
PARAMETRIC_REPRESENTATION_CONTEXT() REPRESENTATION_CONTEXT('2D SPACE',''
  ) );
#5090 = PCURVE('',#4194,#5091);
#5091 = DEFINITIONAL_REPRESENTATION('',(#5092),#5115);
#5092 = B_SPLINE_CURVE_WITH_KNOTS('',6,(#5093,#5094,#5095,#5096,#5097,
    #5098,#5099,#5100,#5101,#5102,#5103,#5104,#5105,#5106,#5107,#5108,
    #5109,#5110,#5111,#5112,#5113,#5114),.UNSPECIFIED.,.F.,.F.,(7,5,5,5,
    7),(0.,0.249544697599,0.499999406905,0.750454503998,1.),
  .UNSPECIFIED.);
#5093 = CARTESIAN_POINT('',(23.065173706349,-29.78184382809));
#5094 = CARTESIAN_POINT('',(21.33825203945,-29.95384248172));
#5095 = CARTESIAN_POINT('',(19.609421762936,-30.12179762535));
#5096 = CARTESIAN_POINT('',(17.878709718003,-30.28541987824));
#5097 = CARTESIAN_POINT('',(16.146190343521,-30.44442049691));
#5098 = CARTESIAN_POINT('',(14.412005565033,-30.59853093036));
#5099 = CARTESIAN_POINT('',(10.934379804688,-30.89707251366));
#5100 = CARTESIAN_POINT('',(9.190927625621,-31.04146631161));
#5101 = CARTESIAN_POINT('',(7.446203037855,-31.18048805616));
#5102 = CARTESIAN_POINT('',(5.700466849782,-31.31396106515));
#5103 = CARTESIAN_POINT('',(3.954024920202,-31.44178370717));
#5104 = CARTESIAN_POINT('',(0.460344475693,-31.6860855399));
#5105 = CARTESIAN_POINT('',(-1.286893465702,-31.80256467287));
#5106 = CARTESIAN_POINT('',(-3.034218991545,-31.91335018575));
#5107 = CARTESIAN_POINT('',(-4.781315070093,-32.01850014395));
#5108 = CARTESIAN_POINT('',(-6.527898832401,-32.11815320494));
#5109 = CARTESIAN_POINT('',(-10.01323851933,-32.30650899981));
#5110 = CARTESIAN_POINT('',(-11.75200033092,-32.39525026338));
#5111 = CARTESIAN_POINT('',(-13.4897935679,-32.47891708728));
#5112 = CARTESIAN_POINT('',(-15.22644029832,-32.55775565515));
#5113 = CARTESIAN_POINT('',(-16.96182661148,-32.63204154155));
#5114 = CARTESIAN_POINT('',(-18.6958856445,-32.70205757792));
#5115 = ( GEOMETRIC_REPRESENTATION_CONTEXT(2) 
PARAMETRIC_REPRESENTATION_CONTEXT() REPRESENTATION_CONTEXT('2D SPACE',''
  ) );
#5116 = ORIENTED_EDGE('',*,*,#5117,.F.);
#5117 = EDGE_CURVE('',#1149,#5038,#5118,.T.);
#5118 = SURFACE_CURVE('',#5119,(#5162,#5208),.PCURVE_S1.);
#5119 = B_SPLINE_CURVE_WITH_KNOTS('',5,(#5120,#5121,#5122,#5123,#5124,
    #5125,#5126,#5127,#5128,#5129,#5130,#5131,#5132,#5133,#5134,#5135,
    #5136,#5137,#5138,#5139,#5140,#5141,#5142,#5143,#5144,#5145,#5146,
    #5147,#5148,#5149,#5150,#5151,#5152,#5153,#5154,#5155,#5156,#5157,
    #5158,#5159,#5160,#5161),.UNSPECIFIED.,.F.,.F.,(6,4,4,4,4,4,4,4,4,4,
    6),(0.,1.36560351589E-02,1.73502026848E-02,0.138234887439,
    0.261168648906,0.384512089836,0.507445774831,0.630789237102,
    0.753722900517,0.876656659333,1.),.UNSPECIFIED.);
#5120 = CARTESIAN_POINT('',(18.035928663958,31.458484450234,
    90.149095422943));
#5121 = CARTESIAN_POINT('',(18.207487174394,31.3562251833,
    89.905073815455));
#5122 = CARTESIAN_POINT('',(18.379665997764,31.252981477086,
    89.661581993702));
#5123 = CARTESIAN_POINT('',(18.552429658798,31.148725400011,
    89.41862765372));
#5124 = CARTESIAN_POINT('',(18.725741786797,31.043430825299,
    89.176217851825));
#5125 = CARTESIAN_POINT('',(18.946586999305,30.908302120156,
    88.868932466915));
#5126 = CARTESIAN_POINT('',(18.99426223989,30.879101708635,
    88.802753280955));
#5127 = CARTESIAN_POINT('',(19.041182617849,30.850158641399,
    88.737353565015));
#5128 = CARTESIAN_POINT('',(19.088230944933,30.82105464634,
    88.671792853376));
#5129 = CARTESIAN_POINT('',(20.67773301716,29.833266296793,
    86.453541025803));
#5130 = CARTESIAN_POINT('',(22.160079068025,28.778191857932,
    84.301055901163));
#5131 = CARTESIAN_POINT('',(23.574347910556,27.631560363399,
    82.148579579962));
#5132 = CARTESIAN_POINT('',(24.913120673971,26.399385699363,
    79.996094946997));
#5133 = CARTESIAN_POINT('',(27.447818662194,23.755451533806,
    75.654652347664));
#5134 = CARTESIAN_POINT('',(28.640944057063,22.340995504349,
    73.465683982829));
#5135 = CARTESIAN_POINT('',(29.742273604841,20.852375240845,
    71.276727895842));
#5136 = CARTESIAN_POINT('',(30.745827414365,19.297666834516,
    69.087762155606));
#5137 = CARTESIAN_POINT('',(32.550631517724,16.068156671517,
    64.702547242981));
#5138 = CARTESIAN_POINT('',(33.35120107278,14.392963696255,
    62.506286925765));
#5139 = CARTESIAN_POINT('',(34.043508923433,12.668833248507,
    60.31003668012));
#5140 = CARTESIAN_POINT('',(34.623775336959,10.905183317439,
    58.113774703293));
#5141 = CARTESIAN_POINT('',(35.553608828156,7.324349265236,
    53.728556173922));
#5142 = CARTESIAN_POINT('',(35.903938235082,5.507353374133,
    51.539588492695));
#5143 = CARTESIAN_POINT('',(36.137942649159,3.67047554317,
    49.350630227852));
#5144 = CARTESIAN_POINT('',(36.254354644435,1.82368120668,
    47.161661065531));
#5145 = CARTESIAN_POINT('',(36.25200413846,-1.875904461261,
    42.776437236881));
#5146 = CARTESIAN_POINT('',(36.132456425263,-3.728704658038,
    40.580171473617));
#5147 = CARTESIAN_POINT('',(35.894543812988,-5.571338133602,
    38.383916795565));
#5148 = CARTESIAN_POINT('',(35.539563534689,-7.393741221362,
    36.18765254054));
#5149 = CARTESIAN_POINT('',(34.602141743339,-10.97259630042,
    31.802434081625));
#5150 = CARTESIAN_POINT('',(34.020457519663,-12.72925636618,
    29.613468736706));
#5151 = CARTESIAN_POINT('',(33.327550063993,-14.44645553814,
    27.424514933763));
#5152 = CARTESIAN_POINT('',(32.527177240346,-16.11487613317,
    25.235551219109));
#5153 = CARTESIAN_POINT('',(30.721280506406,-19.33672052245,
    20.857632851417));
#5154 = CARTESIAN_POINT('',(29.715751892231,-20.89015239627,
    18.668667145585));
#5155 = CARTESIAN_POINT('',(28.612531645421,-22.3773719389,
    16.47971108018));
#5156 = CARTESIAN_POINT('',(27.417609937582,-23.79031067309,
    14.290742728222));
#5157 = CARTESIAN_POINT('',(24.853960888147,-26.45765064197,
    9.905521176658));
#5158 = CARTESIAN_POINT('',(23.48466131143,-27.71151469236,
    7.709257006311));
#5159 = CARTESIAN_POINT('',(22.037016255792,-28.87607536182,
    5.513002119877));
#5160 = CARTESIAN_POINT('',(20.518932780093,-29.94497281797,
    3.316737577402));
#5161 = CARTESIAN_POINT('',(18.939000714755,-30.91292846778,
    1.120485998311));
#5162 = PCURVE('',#1840,#5163);
#5163 = DEFINITIONAL_REPRESENTATION('',(#5164),#5207);
#5164 = B_SPLINE_CURVE_WITH_KNOTS('',5,(#5165,#5166,#5167,#5168,#5169,
    #5170,#5171,#5172,#5173,#5174,#5175,#5176,#5177,#5178,#5179,#5180,
    #5181,#5182,#5183,#5184,#5185,#5186,#5187,#5188,#5189,#5190,#5191,
    #5192,#5193,#5194,#5195,#5196,#5197,#5198,#5199,#5200,#5201,#5202,
    #5203,#5204,#5205,#5206),.UNSPECIFIED.,.F.,.F.,(6,4,4,4,4,4,4,4,4,4,
    6),(0.,1.36560351589E-02,1.73502026848E-02,0.138234887439,
    0.261168648906,0.384512089836,0.507445774831,0.630789237102,
    0.753722900517,0.876656659333,1.),.UNSPECIFIED.);
#5165 = CARTESIAN_POINT('',(37.327894738896,91.206798885845));
#5166 = CARTESIAN_POINT('',(37.325754689231,90.976235983651));
#5167 = CARTESIAN_POINT('',(37.322266490801,90.745512013929));
#5168 = CARTESIAN_POINT('',(37.317420884225,90.51463344986));
#5169 = CARTESIAN_POINT('',(37.31121028689,90.283606108586));
#5170 = CARTESIAN_POINT('',(37.30157788225,89.989899852075));
#5171 = CARTESIAN_POINT('',(37.300902232406,89.924501142235));
#5172 = CARTESIAN_POINT('',(37.302559234679,89.856946027478));
#5173 = CARTESIAN_POINT('',(37.301881875645,89.792277597221));
#5174 = CARTESIAN_POINT('',(37.301890399741,87.574013349648));
#5175 = CARTESIAN_POINT('',(37.301888318683,85.421528527509));
#5176 = CARTESIAN_POINT('',(37.30188492749,83.26905748133));
#5177 = CARTESIAN_POINT('',(37.30188192761,81.116578634799));
#5178 = CARTESIAN_POINT('',(37.301877760538,76.775145521548));
#5179 = CARTESIAN_POINT('',(37.301876622753,74.586180801252));
#5180 = CARTESIAN_POINT('',(37.301876802427,72.397225424831));
#5181 = CARTESIAN_POINT('',(37.301877341161,70.208258286574));
#5182 = CARTESIAN_POINT('',(37.301878640639,65.823038353719));
#5183 = CARTESIAN_POINT('',(37.301879392102,63.626774400307));
#5184 = CARTESIAN_POINT('',(37.301879873841,61.430520472695));
#5185 = CARTESIAN_POINT('',(37.30188019233,59.234255865793));
#5186 = CARTESIAN_POINT('',(37.3018808414,54.849034500944));
#5187 = CARTESIAN_POINT('',(37.301881165678,52.660066610636));
#5188 = CARTESIAN_POINT('',(37.301881662487,50.471109577588));
#5189 = CARTESIAN_POINT('',(37.301882417538,48.282142499222));
#5190 = CARTESIAN_POINT('',(37.301883995581,43.896923229359));
#5191 = CARTESIAN_POINT('',(37.30188482072,41.700659949093));
#5192 = CARTESIAN_POINT('',(37.301885489078,39.504407279571));
#5193 = CARTESIAN_POINT('',(37.301885540357,37.308143977231));
#5194 = CARTESIAN_POINT('',(37.301884210745,32.922925514251));
#5195 = CARTESIAN_POINT('',(37.301882841891,30.733959219034));
#5196 = CARTESIAN_POINT('',(37.30188063489,28.545003556418));
#5197 = CARTESIAN_POINT('',(37.301877986521,26.356037789328));
#5198 = CARTESIAN_POINT('',(37.301873543765,21.978116094243));
#5199 = CARTESIAN_POINT('',(37.301871753532,19.789149101925));
#5200 = CARTESIAN_POINT('',(37.301871141337,17.600192729625));
#5201 = CARTESIAN_POINT('',(37.301873026268,15.411225243207));
#5202 = CARTESIAN_POINT('',(37.301880244751,11.026006262006));
#5203 = CARTESIAN_POINT('',(37.301885580953,8.829743777981));
#5204 = CARTESIAN_POINT('',(37.301891758866,6.633490477589));
#5205 = CARTESIAN_POINT('',(37.301895562861,4.437225453942));
#5206 = CARTESIAN_POINT('',(37.301886578048,2.240972712593));
#5207 = ( GEOMETRIC_REPRESENTATION_CONTEXT(2) 
PARAMETRIC_REPRESENTATION_CONTEXT() REPRESENTATION_CONTEXT('2D SPACE',''
  ) );
#5208 = PCURVE('',#1270,#5209);
#5209 = DEFINITIONAL_REPRESENTATION('',(#5210),#5253);
#5210 = B_SPLINE_CURVE_WITH_KNOTS('',5,(#5211,#5212,#5213,#5214,#5215,
    #5216,#5217,#5218,#5219,#5220,#5221,#5222,#5223,#5224,#5225,#5226,
    #5227,#5228,#5229,#5230,#5231,#5232,#5233,#5234,#5235,#5236,#5237,
    #5238,#5239,#5240,#5241,#5242,#5243,#5244,#5245,#5246,#5247,#5248,
    #5249,#5250,#5251,#5252),.UNSPECIFIED.,.F.,.F.,(6,4,4,4,4,4,4,4,4,4,
    6),(0.,1.36560351589E-02,1.73502026848E-02,0.138234887439,
    0.261168648906,0.384512089836,0.507445774831,0.630789237102,
    0.753722900517,0.876656659333,1.),.UNSPECIFIED.);
#5211 = CARTESIAN_POINT('',(2.680474325472,89.027626284025));
#5212 = CARTESIAN_POINT('',(2.687277527084,88.783983588242));
#5213 = CARTESIAN_POINT('',(2.692415959164,88.540778011115));
#5214 = CARTESIAN_POINT('',(2.695913169522,88.298018488616));
#5215 = CARTESIAN_POINT('',(2.697793267455,88.055713385605));
#5216 = CARTESIAN_POINT('',(2.698158739207,87.74844827485));
#5217 = CARTESIAN_POINT('',(2.69807660389,87.682264491799));
#5218 = CARTESIAN_POINT('',(2.698126222911,87.616867521186));
#5219 = CARTESIAN_POINT('',(2.698112612894,87.551306031319));
#5220 = CARTESIAN_POINT('',(2.698104786232,85.333053100703));
#5221 = CARTESIAN_POINT('',(2.698108740877,83.180567664906));
#5222 = CARTESIAN_POINT('',(2.698114775608,81.028092911687));
#5223 = CARTESIAN_POINT('',(2.698119950393,78.875609927697));
#5224 = CARTESIAN_POINT('',(2.698127029,74.534169855946));
#5225 = CARTESIAN_POINT('',(2.698128867174,72.345202337668));
#5226 = CARTESIAN_POINT('',(2.698128219714,70.156245921358));
#5227 = CARTESIAN_POINT('',(2.69812640897,67.967278878778));
#5228 = CARTESIAN_POINT('',(2.698121942276,63.582060617999));
#5229 = CARTESIAN_POINT('',(2.698119287666,61.3857982409));
#5230 = CARTESIAN_POINT('',(2.698117090203,59.189546142543));
#5231 = CARTESIAN_POINT('',(2.698115740618,56.993283239391));
#5232 = CARTESIAN_POINT('',(2.698114458374,52.608064769567));
#5233 = CARTESIAN_POINT('',(2.698114528361,50.41909806818));
#5234 = CARTESIAN_POINT('',(2.698115202923,48.230141824006));
#5235 = CARTESIAN_POINT('',(2.698116027441,46.041175141333));
#5236 = CARTESIAN_POINT('',(2.698117603971,41.6559558635));
#5237 = CARTESIAN_POINT('',(2.698118357681,39.459692176905));
#5238 = CARTESIAN_POINT('',(2.698118849583,37.263438705428));
#5239 = CARTESIAN_POINT('',(2.698119171059,35.067174198833));
#5240 = CARTESIAN_POINT('',(2.698119820012,30.681952823911));
#5241 = CARTESIAN_POINT('',(2.698120141153,28.492984826714));
#5242 = CARTESIAN_POINT('',(2.698120627874,26.304027343417));
#5243 = CARTESIAN_POINT('',(2.698121379642,24.115060015554));
#5244 = CARTESIAN_POINT('',(2.698122673035,19.737136680442));
#5245 = CARTESIAN_POINT('',(2.698123204672,17.548169613898));
#5246 = CARTESIAN_POINT('',(2.698123369177,15.359214309357));
#5247 = CARTESIAN_POINT('',(2.698122205663,13.170249651478));
#5248 = CARTESIAN_POINT('',(2.698117958811,8.785037726634));
#5249 = CARTESIAN_POINT('',(2.698114865139,6.588779476291));
#5250 = CARTESIAN_POINT('',(2.698111406064,4.392529898088));
#5251 = CARTESIAN_POINT('',(2.698109439314,2.196265194507));
#5252 = CARTESIAN_POINT('',(2.69811899105,1.059151888752E-08));
#5253 = ( GEOMETRIC_REPRESENTATION_CONTEXT(2) 
PARAMETRIC_REPRESENTATION_CONTEXT() REPRESENTATION_CONTEXT('2D SPACE',''
  ) );
#5254 = ADVANCED_FACE('',(#5255),#1270,.F.);
#5255 = FACE_BOUND('',#5256,.F.);
#5256 = EDGE_LOOP('',(#5257,#5258,#5259,#5337));
#5257 = ORIENTED_EDGE('',*,*,#1148,.T.);
#5258 = ORIENTED_EDGE('',*,*,#5117,.T.);
#5259 = ORIENTED_EDGE('',*,*,#5260,.F.);
#5260 = EDGE_CURVE('',#4001,#5038,#5261,.T.);
#5261 = SURFACE_CURVE('',#5262,(#5285,#5311),.PCURVE_S1.);
#5262 = B_SPLINE_CURVE_WITH_KNOTS('',6,(#5263,#5264,#5265,#5266,#5267,
    #5268,#5269,#5270,#5271,#5272,#5273,#5274,#5275,#5276,#5277,#5278,
    #5279,#5280,#5281,#5282,#5283,#5284),.UNSPECIFIED.,.F.,.F.,(7,5,5,5,
    7),(0.,0.249544697599,0.499999406904,0.750454503998,1.),
  .UNSPECIFIED.);
#5263 = CARTESIAN_POINT('',(37.324420179842,5.084104458353,3.));
#5264 = CARTESIAN_POINT('',(36.609914549858,3.502547097657,3.));
#5265 = CARTESIAN_POINT('',(35.890952832676,1.921358587543,3.));
#5266 = CARTESIAN_POINT('',(35.167297837844,0.340706863564,3.));
#5267 = CARTESIAN_POINT('',(34.438736725585,-1.239199236636,3.));
#5268 = CARTESIAN_POINT('',(33.705107886697,-2.81810252638,3.));
#5269 = CARTESIAN_POINT('',(32.224839601749,-5.979085571347,3.));
#5270 = CARTESIAN_POINT('',(31.478162209392,-7.561156347673,3.));
#5271 = CARTESIAN_POINT('',(30.726196277964,-9.141643035571,3.));
#5272 = CARTESIAN_POINT('',(29.968919200438,-10.72023142723,3.));
#5273 = CARTESIAN_POINT('',(29.206395890806,-12.29660582549,3.));
#5274 = CARTESIAN_POINT('',(27.671127261892,-15.44437275951,3.));
#5275 = CARTESIAN_POINT('',(26.898382179357,-17.01576476969,3.));
#5276 = CARTESIAN_POINT('',(26.120662484957,-18.5843858202,3.));
#5277 = CARTESIAN_POINT('',(25.338176980695,-20.14999038617,3.));
#5278 = CARTESIAN_POINT('',(24.551187181918,-21.71240282466,3.));
#5279 = CARTESIAN_POINT('',(22.971638241763,-24.8249734318,3.));
#5280 = CARTESIAN_POINT('',(22.179109524582,-26.37515596355,3.));
#5281 = CARTESIAN_POINT('',(21.382670501043,-27.92196246525,3.));
#5282 = CARTESIAN_POINT('',(20.582623338406,-29.46536193513,3.));
#5283 = CARTESIAN_POINT('',(19.77926364659,-31.0053935109,3.));
#5284 = CARTESIAN_POINT('',(18.972869796252,-32.54214070335,3.));
#5285 = PCURVE('',#1270,#5286);
#5286 = DEFINITIONAL_REPRESENTATION('',(#5287),#5310);
#5287 = B_SPLINE_CURVE_WITH_KNOTS('',6,(#5288,#5289,#5290,#5291,#5292,
    #5293,#5294,#5295,#5296,#5297,#5298,#5299,#5300,#5301,#5302,#5303,
    #5304,#5305,#5306,#5307,#5308,#5309),.UNSPECIFIED.,.F.,.F.,(7,5,5,5,
    7),(0.,0.249544697599,0.499999406904,0.750454503998,1.),
  .UNSPECIFIED.);
#5288 = CARTESIAN_POINT('',(40.,4.265874052654));
#5289 = CARTESIAN_POINT('',(38.329105869744,4.178947312937));
#5290 = CARTESIAN_POINT('',(36.660003719873,4.087458800408));
#5291 = CARTESIAN_POINT('',(34.992668205708,3.99149060209));
#5292 = CARTESIAN_POINT('',(33.327014349622,3.891269679025));
#5293 = CARTESIAN_POINT('',(31.662875306746,3.787226513152));
#5294 = CARTESIAN_POINT('',(28.331089759781,3.572317028366));
#5295 = CARTESIAN_POINT('',(26.663452097182,3.461427202375));
#5296 = CARTESIAN_POINT('',(24.996861302995,3.34790936279));
#5297 = CARTESIAN_POINT('',(23.331003854863,3.232553683884));
#5298 = CARTESIAN_POINT('',(21.665512802227,3.116281174963));
#5299 = CARTESIAN_POINT('',(18.33452784174,2.883735544889));
#5300 = CARTESIAN_POINT('',(16.669034302728,2.767462718032));
#5301 = CARTESIAN_POINT('',(15.003174458828,2.652106587455));
#5302 = CARTESIAN_POINT('',(13.336581351983,2.538588177512));
#5303 = CARTESIAN_POINT('',(11.668941447514,2.427697686205));
#5304 = CARTESIAN_POINT('',(8.337148793898,2.21278655619));
#5305 = CARTESIAN_POINT('',(6.673004881634,2.10874242155));
#5306 = CARTESIAN_POINT('',(5.007346194546,2.008520498458));
#5307 = CARTESIAN_POINT('',(3.340005872638,1.912551297044));
#5308 = CARTESIAN_POINT('',(1.670898925855,1.821061800425));
#5309 = CARTESIAN_POINT('',(0.,1.734134111456));
#5310 = ( GEOMETRIC_REPRESENTATION_CONTEXT(2) 
PARAMETRIC_REPRESENTATION_CONTEXT() REPRESENTATION_CONTEXT('2D SPACE',''
  ) );
#5311 = PCURVE('',#4194,#5312);
#5312 = DEFINITIONAL_REPRESENTATION('',(#5313),#5336);
#5313 = B_SPLINE_CURVE_WITH_KNOTS('',6,(#5314,#5315,#5316,#5317,#5318,
    #5319,#5320,#5321,#5322,#5323,#5324,#5325,#5326,#5327,#5328,#5329,
    #5330,#5331,#5332,#5333,#5334,#5335),.UNSPECIFIED.,.F.,.F.,(7,5,5,5,
    7),(0.,0.249544697599,0.499999406904,0.750454503998,1.),
  .UNSPECIFIED.);
#5314 = CARTESIAN_POINT('',(37.324420179842,5.084104458353));
#5315 = CARTESIAN_POINT('',(36.609914549858,3.502547097657));
#5316 = CARTESIAN_POINT('',(35.890952832676,1.921358587543));
#5317 = CARTESIAN_POINT('',(35.167297837844,0.340706863564));
#5318 = CARTESIAN_POINT('',(34.438736725585,-1.239199236636));
#5319 = CARTESIAN_POINT('',(33.705107886697,-2.81810252638));
#5320 = CARTESIAN_POINT('',(32.224839601749,-5.979085571347));
#5321 = CARTESIAN_POINT('',(31.478162209392,-7.561156347673));
#5322 = CARTESIAN_POINT('',(30.726196277964,-9.141643035571));
#5323 = CARTESIAN_POINT('',(29.968919200438,-10.72023142723));
#5324 = CARTESIAN_POINT('',(29.206395890806,-12.29660582549));
#5325 = CARTESIAN_POINT('',(27.671127261892,-15.44437275951));
#5326 = CARTESIAN_POINT('',(26.898382179357,-17.01576476969));
#5327 = CARTESIAN_POINT('',(26.120662484957,-18.5843858202));
#5328 = CARTESIAN_POINT('',(25.338176980695,-20.14999038617));
#5329 = CARTESIAN_POINT('',(24.551187181918,-21.71240282466));
#5330 = CARTESIAN_POINT('',(22.971638241763,-24.8249734318));
#5331 = CARTESIAN_POINT('',(22.179109524582,-26.37515596355));
#5332 = CARTESIAN_POINT('',(21.382670501043,-27.92196246525));
#5333 = CARTESIAN_POINT('',(20.582623338406,-29.46536193513));
#5334 = CARTESIAN_POINT('',(19.77926364659,-31.0053935109));
#5335 = CARTESIAN_POINT('',(18.972869796252,-32.54214070335));
#5336 = ( GEOMETRIC_REPRESENTATION_CONTEXT(2) 
PARAMETRIC_REPRESENTATION_CONTEXT() REPRESENTATION_CONTEXT('2D SPACE',''
  ) );
#5337 = ORIENTED_EDGE('',*,*,#4000,.T.);
#5338 = ADVANCED_FACE('',(#5339),#4194,.T.);
#5339 = FACE_BOUND('',#5340,.T.);
#5340 = EDGE_LOOP('',(#5341,#5342,#5343,#5344,#5345,#5346));
#5341 = ORIENTED_EDGE('',*,*,#5260,.F.);
#5342 = ORIENTED_EDGE('',*,*,#4140,.F.);
#5343 = ORIENTED_EDGE('',*,*,#4368,.F.);
#5344 = ORIENTED_EDGE('',*,*,#4591,.F.);
#5345 = ORIENTED_EDGE('',*,*,#4814,.F.);
#5346 = ORIENTED_EDGE('',*,*,#5037,.F.);
#5347 = ( GEOMETRIC_REPRESENTATION_CONTEXT(3) 
GLOBAL_UNCERTAINTY_ASSIGNED_CONTEXT((#5351)) 
GLOBAL_UNIT_ASSIGNED_CONTEXT((#5348,#5349,#5350)) REPRESENTATION_CONTEXT
('Context #1','3D Context with UNIT and UNCERTAINTY') );
#5348 = ( LENGTH_UNIT() NAMED_UNIT(*) SI_UNIT(.MILLI.,.METRE.) );
#5349 = ( NAMED_UNIT(*) PLANE_ANGLE_UNIT() SI_UNIT($,.RADIAN.) );
#5350 = ( NAMED_UNIT(*) SI_UNIT($,.STERADIAN.) SOLID_ANGLE_UNIT() );
#5351 = UNCERTAINTY_MEASURE_WITH_UNIT(LENGTH_MEASURE(5.E-05),#5348,
  'distance_accuracy_value','confusion accuracy');
#5352 = PRODUCT_RELATED_PRODUCT_CATEGORY('part',$,(#7));
ENDSEC;
END-ISO-10303-21;
